
===========================================================================
Violator List
============================================================================
[hold in-reg] sclk -> _24800_/D : -0.053009
[setup reg-reg] _25075_/Q -> _24856_/D : -6.023637
[setup reg-reg] _25075_/Q -> _24815_/D : -5.597890
[setup reg-reg] _25087_/Q -> _24857_/D : -5.462999
[setup reg-reg] _25075_/Q -> _25356_/D : -5.398420
[setup reg-reg] _25087_/Q -> _25338_/D : -5.384205
[setup reg-reg] _25087_/Q -> _25199_/D : -5.356841
[setup reg-reg] _25087_/Q -> _25180_/D : -5.307902
[setup reg-reg] _25087_/Q -> _25183_/D : -5.277681
[setup reg-reg] _25087_/Q -> _24852_/D : -5.276988
[setup reg-reg] _25075_/Q -> _26533_/D : -5.257336
[setup reg-reg] _25075_/Q -> _26501_/D : -5.245221
[setup reg-reg] _25075_/Q -> _27461_/D : -5.243274
[setup reg-reg] _25075_/Q -> _26949_/D : -5.242834
[setup reg-reg] _25075_/Q -> _27301_/D : -5.229024
[setup reg-reg] _25075_/Q -> _27269_/D : -5.227042
[setup reg-reg] _25075_/Q -> _26341_/D : -5.223013
[setup reg-reg] _25075_/Q -> _26981_/D : -5.213522
[setup reg-reg] _25087_/Q -> _25198_/D : -5.203237
[setup reg-reg] _25075_/Q -> _26181_/D : -5.198505
[setup reg-reg] _25075_/Q -> _25765_/D : -5.186452
[setup reg-reg] _25087_/Q -> _25178_/D : -5.182061
[setup reg-reg] _25075_/Q -> _27237_/D : -5.180599
[setup reg-reg] _25075_/Q -> _26245_/D : -5.178371
[setup reg-reg] _25075_/Q -> _25829_/D : -5.177070
[setup reg-reg] _25075_/Q -> _26053_/D : -5.175535
[setup reg-reg] _25075_/Q -> _26789_/D : -5.175236
[setup reg-reg] _25075_/Q -> _26469_/D : -5.169291
[setup reg-reg] _25075_/Q -> _26437_/D : -5.167344
[setup reg-reg] _25075_/Q -> _26117_/D : -5.166671
[setup reg-reg] _25075_/Q -> _26149_/D : -5.165756
[setup reg-reg] _25075_/Q -> _26373_/D : -5.165161
[setup reg-reg] _25075_/Q -> _25573_/D : -5.161320
[setup reg-reg] _25075_/Q -> _27333_/D : -5.157746
[setup reg-reg] _25075_/Q -> _27365_/D : -5.150095
[setup reg-reg] _25087_/Q -> _25190_/D : -5.136979
[setup reg-reg] _25075_/Q -> _25989_/D : -5.130376
[setup reg-reg] _25087_/Q -> _26815_/D : -5.122173
[setup reg-reg] _25087_/Q -> _25187_/D : -5.118856
[setup reg-reg] _25087_/Q -> _25274_/D : -5.111232
[setup reg-reg] _25087_/Q -> _26655_/D : -5.108714
[setup reg-reg] _25087_/Q -> _26751_/D : -5.106902
[setup reg-reg] _25087_/Q -> _27167_/D : -5.104269
[setup reg-reg] _25087_/Q -> _27295_/D : -5.104178
[setup reg-reg] _25087_/Q -> _27567_/D : -5.101978
[setup reg-reg] _25087_/Q -> _25162_/D : -5.094940
[setup reg-reg] _25075_/Q -> _27109_/D : -5.091353
[setup reg-reg] _25087_/Q -> _26879_/D : -5.083042
[setup reg-reg] _25087_/Q -> _27103_/D : -5.082509
[setup reg-reg] _25087_/Q -> _24816_/D : -5.067419
[setup reg-reg] _25087_/Q -> _25184_/D : -5.064633
[setup reg-reg] _25087_/Q -> _25188_/D : -5.059618
[setup reg-reg] _25087_/Q -> _25342_/D : -5.057166
[setup reg-reg] _25087_/Q -> _26719_/D : -5.051577
[setup reg-reg] _25075_/Q -> _26595_/D : -5.047403
[setup reg-reg] _25087_/Q -> _25194_/D : -5.029005
[setup reg-reg] _25087_/Q -> _25951_/D : -5.019409
[setup reg-reg] _25075_/Q -> _25667_/D : -5.015491
[setup reg-reg] _25075_/Q -> _26851_/D : -5.004386
[setup reg-reg] _25075_/Q -> _26243_/D : -4.998784
[setup reg-reg] _25075_/Q -> _26947_/D : -4.992705
[setup reg-reg] _25087_/Q -> _25203_/D : -4.992204
[setup reg-reg] _25075_/Q -> _25891_/D : -4.977254
[setup reg-reg] _25087_/Q -> _24811_/D : -4.958183
[setup reg-reg] _25075_/Q -> _25343_/D : -4.952009
[setup reg-reg] _25075_/Q -> _27331_/D : -4.945724
[setup reg-reg] _25087_/Q -> _25227_/D : -4.941988
[setup reg-reg] _25075_/Q -> _27075_/D : -4.919130
[setup reg-reg] _25075_/Q -> _25603_/D : -4.911934
[setup reg-reg] _25087_/Q -> _25355_/D : -4.901416
[setup reg-reg] _25087_/Q -> _25182_/D : -4.870214
[setup reg-reg] _25075_/Q -> _25347_/D : -4.864182
[setup reg-reg] _25087_/Q -> _25163_/D : -4.861676
[setup reg-reg] _25087_/Q -> _25210_/D : -4.859002
[setup reg-reg] _25087_/Q -> _25173_/D : -4.850172
[setup reg-reg] _25087_/Q -> _25195_/D : -4.827594
[setup reg-reg] _25075_/Q -> _26531_/D : -4.814121
[setup reg-reg] _25087_/Q -> _25168_/D : -4.811399
[setup reg-reg] _25087_/Q -> _25146_/D : -4.800293
[setup reg-reg] _25087_/Q -> _25193_/D : -4.796547
[setup reg-reg] _25087_/Q -> _25143_/D : -4.768749
[setup reg-reg] _25087_/Q -> _25179_/D : -4.767562
[setup reg-reg] _25075_/Q -> _25344_/D : -4.764127
[setup reg-reg] _25075_/Q -> _25063_/D : -4.758954
[setup reg-reg] _25087_/Q -> _25200_/D : -4.752952
[setup reg-reg] _25087_/Q -> _25156_/D : -4.750501
[setup reg-reg] _25087_/Q -> _25045_/D : -4.740324
[setup reg-reg] _25087_/Q -> _25196_/D : -4.737366
[setup reg-reg] _25087_/Q -> _25159_/D : -4.714354
[setup reg-reg] _25087_/Q -> _25160_/D : -4.713684
[setup reg-reg] _25087_/Q -> _25192_/D : -4.710593
[setup reg-reg] _25087_/Q -> _25142_/D : -4.706820
[setup reg-reg] _25087_/Q -> _25166_/D : -4.698405
[setup reg-reg] _25087_/Q -> _25151_/D : -4.691186
[setup reg-reg] _25087_/Q -> _25172_/D : -4.688547
[setup reg-reg] _25087_/Q -> _25161_/D : -4.683440
[setup reg-reg] _25087_/Q -> _25170_/D : -4.682074
[setup reg-reg] _25087_/Q -> _25158_/D : -4.680569
[setup reg-reg] _25087_/Q -> _25157_/D : -4.678832
[setup reg-reg] _25087_/Q -> _25062_/D : -4.665530
[setup reg-reg] _25087_/Q -> _25235_/D : -4.654043
[setup reg-reg] _25087_/Q -> _25155_/D : -4.625971
[setup reg-reg] _25087_/Q -> _25204_/D : -4.608961
[setup reg-reg] _25075_/Q -> _26592_/D : -4.607690
[setup reg-reg] _25087_/Q -> _25232_/D : -4.605425
[setup reg-reg] _25087_/Q -> _27327_/D : -4.605214
[setup reg-reg] _25087_/Q -> _25191_/D : -4.600997
[setup reg-reg] _25075_/Q -> _26688_/D : -4.595499
[setup reg-reg] _25087_/Q -> _25174_/D : -4.595052
[setup reg-reg] _25087_/Q -> _25186_/D : -4.594934
[setup reg-reg] _25087_/Q -> _25291_/D : -4.593750
[setup reg-reg] _25087_/Q -> _25049_/D : -4.583827
[setup reg-reg] _25087_/Q -> _25152_/D : -4.582067
[setup reg-reg] _25087_/Q -> _26036_/D : -4.575613
[setup reg-reg] _25075_/Q -> _25279_/D : -4.574719
[setup reg-reg] _25075_/Q -> _26432_/D : -4.568937
[setup reg-reg] _25075_/Q -> _25760_/D : -4.544962
[setup reg-reg] _25087_/Q -> _25983_/D : -4.542997
[setup reg-reg] _25087_/Q -> _25214_/D : -4.539658
[setup reg-reg] _25087_/Q -> _25759_/D : -4.537728
[setup reg-reg] _25075_/Q -> _26752_/D : -4.537558
[setup reg-reg] _25087_/Q -> _25154_/D : -4.536878
[setup reg-reg] _25087_/Q -> _25171_/D : -4.533165
[setup reg-reg] _25087_/Q -> _25147_/D : -4.530764
[setup reg-reg] _25075_/Q -> _27200_/D : -4.528820
[setup reg-reg] _25087_/Q -> _27380_/D : -4.527777
[setup reg-reg] _25075_/Q -> _26624_/D : -4.525012
[setup reg-reg] _25075_/Q -> _26880_/D : -4.521857
[setup reg-reg] _25087_/Q -> _25351_/D : -4.520029
[setup reg-reg] _25087_/Q -> _27412_/D : -4.519959
[setup reg-reg] _25087_/Q -> _25175_/D : -4.517700
[setup reg-reg] _25075_/Q -> _26048_/D : -4.510714
[setup reg-reg] _25087_/Q -> _25070_/D : -4.505960
[setup reg-reg] _25075_/Q -> _27264_/D : -4.502979
[setup reg-reg] _25087_/Q -> _26591_/D : -4.499278
[setup reg-reg] _25075_/Q -> _25350_/D : -4.492838
[setup reg-reg] _25087_/Q -> _25035_/D : -4.489854
[setup reg-reg] _25075_/Q -> _27072_/D : -4.489197
[setup reg-reg] _25087_/Q -> _25588_/D : -4.488804
[setup reg-reg] _25087_/Q -> _25684_/D : -4.486444
[setup reg-reg] _25087_/Q -> _26047_/D : -4.484660
[setup reg-reg] _25087_/Q -> _27039_/D : -4.484257
[setup reg-reg] _25087_/Q -> _25363_/D : -4.483894
[setup reg-reg] _25075_/Q -> _25664_/D : -4.483605
[setup reg-reg] _25087_/Q -> _26367_/D : -4.483187
[setup reg-reg] _25087_/Q -> _25058_/D : -4.477544
[setup reg-reg] _25075_/Q -> _26656_/D : -4.476599
[setup reg-reg] _25075_/Q -> _26304_/D : -4.475700
[setup reg-reg] _25087_/Q -> _25716_/D : -4.474707
[setup reg-reg] _25075_/Q -> _26816_/D : -4.474595
[setup reg-reg] _25087_/Q -> _25695_/D : -4.472634
[setup reg-reg] _25087_/Q -> _25887_/D : -4.469637
[setup reg-reg] _25075_/Q -> _26112_/D : -4.468996
[setup reg-reg] _25087_/Q -> _26772_/D : -4.468786
[setup reg-reg] _25075_/Q -> _26176_/D : -4.468703
[setup reg-reg] _25075_/Q -> _25728_/D : -4.465866
[setup reg-reg] _25075_/Q -> _26496_/D : -4.465269
[setup reg-reg] _25087_/Q -> _27487_/D : -4.463685
[setup reg-reg] _25087_/Q -> _25176_/D : -4.462887
[setup reg-reg] _25075_/Q -> _25568_/D : -4.460365
[setup reg-reg] _25087_/Q -> _25631_/D : -4.460167
[setup reg-reg] _25075_/Q -> _25658_/D : -4.457631
[setup reg-reg] _25075_/Q -> _27104_/D : -4.455647
[setup reg-reg] _25075_/Q -> _26784_/D : -4.453952
[setup reg-reg] _25087_/Q -> _25299_/D : -4.452702
[setup reg-reg] _25087_/Q -> _25197_/D : -4.449349
[setup reg-reg] _25087_/Q -> _26239_/D : -4.446051
[setup reg-reg] _25075_/Q -> _26976_/D : -4.445098
[setup reg-reg] _25087_/Q -> _27391_/D : -4.444983
[setup reg-reg] _25075_/Q -> _26714_/D : -4.443239
[setup reg-reg] _25075_/Q -> _27136_/D : -4.441519
[setup reg-reg] _25087_/Q -> _25181_/D : -4.441342
[setup reg-reg] _25075_/Q -> _26733_/D : -4.439288
[setup reg-reg] _25087_/Q -> _26964_/D : -4.437441
[setup reg-reg] _25087_/Q -> _26399_/D : -4.437114
[setup reg-reg] _25075_/Q -> _26829_/D : -4.435716
[setup reg-reg] _25075_/Q -> _25824_/D : -4.435535
[setup reg-reg] _25075_/Q -> _27568_/D : -4.430731
[setup reg-reg] _25087_/Q -> _26164_/D : -4.429349
[setup reg-reg] _25075_/Q -> _26016_/D : -4.428497
[setup reg-reg] _25075_/Q -> _27450_/D : -4.426296
[setup reg-reg] _25075_/Q -> _27581_/D : -4.424729
[setup reg-reg] _25087_/Q -> _26111_/D : -4.423337
[setup reg-reg] _25087_/Q -> _25780_/D : -4.420835
[setup reg-reg] _25075_/Q -> _27328_/D : -4.417760
[setup reg-reg] _25075_/Q -> _27456_/D : -4.416302
[setup reg-reg] _25087_/Q -> _26559_/D : -4.415451
[setup reg-reg] _25075_/Q -> _25709_/D : -4.414950
[setup reg-reg] _25075_/Q -> _26240_/D : -4.414091
[setup reg-reg] _25075_/Q -> _26778_/D : -4.411169
[setup reg-reg] _25087_/Q -> _26687_/D : -4.410614
[setup reg-reg] _25087_/Q -> _26847_/D : -4.407980
[setup reg-reg] _25075_/Q -> _25773_/D : -4.406312
[setup reg-reg] _25075_/Q -> _25856_/D : -4.405694
[setup reg-reg] _25075_/Q -> _26650_/D : -4.405534
[setup reg-reg] _25075_/Q -> _26144_/D : -4.400809
[setup reg-reg] _25087_/Q -> _25246_/D : -4.399958
[setup reg-reg] _25075_/Q -> _25984_/D : -4.396034
[setup reg-reg] _25075_/Q -> _27290_/D : -4.395815
[setup reg-reg] _25075_/Q -> _26029_/D : -4.393606
[setup reg-reg] _25075_/Q -> _26893_/D : -4.387530
[setup reg-reg] _25075_/Q -> _25222_/D : -4.381443
[setup reg-reg] _25075_/Q -> _25632_/D : -4.380501
[setup reg-reg] _25075_/Q -> _25818_/D : -4.377604
[setup reg-reg] _25075_/Q -> _26298_/D : -4.377060
[setup reg-reg] _25075_/Q -> _25888_/D : -4.376064
[setup reg-reg] _25075_/Q -> _27130_/D : -4.374467
[setup reg-reg] _25087_/Q -> _26175_/D : -4.373055
[setup reg-reg] _25087_/Q -> _24861_/D : -4.372217
[setup reg-reg] _25087_/Q -> _25202_/D : -4.372092
[setup reg-reg] _25087_/Q -> _25177_/D : -4.371105
[setup reg-reg] _25075_/Q -> _26458_/D : -4.368916
[setup reg-reg] _25075_/Q -> _26477_/D : -4.359110
[setup reg-reg] _25087_/Q -> _25286_/D : -4.357819
[setup reg-reg] _25075_/Q -> _26989_/D : -4.353998
[setup reg-reg] _25075_/Q -> _27514_/D : -4.351618
[setup reg-reg] _25087_/Q -> _25823_/D : -4.345944
[setup reg-reg] _25087_/Q -> _26476_/D : -4.345026
[setup reg-reg] _25075_/Q -> _26106_/D : -4.344452
[setup reg-reg] _25075_/Q -> _27053_/D : -4.342942
[setup reg-reg] _25087_/Q -> _25242_/D : -4.341674
[setup reg-reg] _25075_/Q -> _27194_/D : -4.329195
[setup reg-reg] _25087_/Q -> _26220_/D : -4.328744
[setup reg-reg] _25075_/Q -> _25057_/D : -4.319016
[setup reg-reg] _25075_/Q -> _26853_/D : -4.313303
[setup reg-reg] _25087_/Q -> _25900_/D : -4.309593
[setup reg-reg] _25087_/Q -> _25189_/D : -4.301770
[setup reg-reg] _25087_/Q -> _25360_/D : -4.298219
[setup reg-reg] _25087_/Q -> _26444_/D : -4.291121
[setup reg-reg] _25087_/Q -> _25223_/D : -4.289147
[setup reg-reg] _25087_/Q -> _27212_/D : -4.288241
[setup reg-reg] _25075_/Q -> _26554_/D : -4.286609
[setup reg-reg] _25075_/Q -> _25690_/D : -4.283500
[setup reg-reg] _25075_/Q -> _25850_/D : -4.281033
[setup reg-reg] _25075_/Q -> _26234_/D : -4.280246
[setup reg-reg] _25075_/Q -> _27322_/D : -4.277176
[setup reg-reg] _25087_/Q -> _25772_/D : -4.276093
[setup reg-reg] _25075_/Q -> _25797_/D : -4.274783
[setup reg-reg] _25075_/Q -> _26309_/D : -4.274078
[setup reg-reg] _25087_/Q -> _26956_/D : -4.268287
[setup reg-reg] _25075_/Q -> _25605_/D : -4.267907
[setup reg-reg] _25075_/Q -> _25914_/D : -4.267383
[setup reg-reg] _25075_/Q -> _26426_/D : -4.262710
[setup reg-reg] _25075_/Q -> _26693_/D : -4.258036
[setup reg-reg] _25075_/Q -> _26597_/D : -4.257039
[setup reg-reg] _25087_/Q -> _26828_/D : -4.255693
[setup reg-reg] _25087_/Q -> _25055_/D : -4.255368
[setup reg-reg] _25075_/Q -> _27397_/D : -4.255217
[setup reg-reg] _25087_/Q -> _25267_/D : -4.253938
[setup reg-reg] _25075_/Q -> _25524_/D : -4.253213
[setup reg-reg] _25075_/Q -> _27002_/D : -4.252442
[setup reg-reg] _25075_/Q -> _27226_/D : -4.252098
[setup reg-reg] _25087_/Q -> _25836_/D : -4.250710
[setup reg-reg] _25075_/Q -> _27429_/D : -4.246355
[setup reg-reg] _25075_/Q -> _27493_/D : -4.242541
[setup reg-reg] _25075_/Q -> _27034_/D : -4.241843
[setup reg-reg] _25075_/Q -> _25946_/D : -4.241336
[setup reg-reg] _25075_/Q -> _26021_/D : -4.240805
[setup reg-reg] _25075_/Q -> _27045_/D : -4.239706
[setup reg-reg] _25075_/Q -> _26725_/D : -4.239270
[setup reg-reg] _25075_/Q -> _25925_/D : -4.238824
[setup reg-reg] _25075_/Q -> _25978_/D : -4.238554
[setup reg-reg] _25075_/Q -> _25594_/D : -4.234547
[setup reg-reg] _25075_/Q -> _26085_/D : -4.230412
[setup reg-reg] _25075_/Q -> _27173_/D : -4.228545
[setup reg-reg] _25075_/Q -> _27141_/D : -4.228259
[setup reg-reg] _25075_/Q -> _25957_/D : -4.225896
[setup reg-reg] _25075_/Q -> _26970_/D : -4.223795
[setup reg-reg] _25075_/Q -> _26213_/D : -4.222818
[setup reg-reg] _25075_/Q -> _25893_/D : -4.218873
[setup reg-reg] _25075_/Q -> _25050_/D : -4.218267
[setup reg-reg] _25087_/Q -> _25804_/D : -4.217746
[setup reg-reg] _25075_/Q -> _26405_/D : -4.216611
[setup reg-reg] _25075_/Q -> _26938_/D : -4.208230
[setup reg-reg] _25075_/Q -> _25283_/D : -4.207841
[setup reg-reg] _25087_/Q -> _25284_/D : -4.201466
[setup reg-reg] _25087_/Q -> _25612_/D : -4.199894
[setup reg-reg] _25087_/Q -> _25868_/D : -4.188582
[setup reg-reg] _25087_/Q -> _25278_/D : -4.188211
[setup reg-reg] _25075_/Q -> _27482_/D : -4.184741
[setup reg-reg] _25075_/Q -> _26917_/D : -4.180663
[setup reg-reg] _25087_/Q -> _26316_/D : -4.179821
[setup reg-reg] _25075_/Q -> _26202_/D : -4.176011
[setup reg-reg] _25087_/Q -> _25120_/D : -4.175689
[setup reg-reg] _25075_/Q -> _25245_/D : -4.175623
[setup reg-reg] _25087_/Q -> _27500_/D : -4.175073
[setup reg-reg] _25087_/Q -> _25932_/D : -4.174028
[setup reg-reg] _25075_/Q -> _24867_/D : -4.171328
[setup reg-reg] _25087_/Q -> _25346_/D : -4.169536
[setup reg-reg] _25087_/Q -> _27468_/D : -4.168302
[setup reg-reg] _25087_/Q -> _26156_/D : -4.164825
[setup reg-reg] _25075_/Q -> _25701_/D : -4.162560
[setup reg-reg] _25087_/Q -> _27308_/D : -4.160899
[setup reg-reg] _25087_/Q -> _25996_/D : -4.157945
[setup reg-reg] _25075_/Q -> _27013_/D : -4.155281
[setup reg-reg] _25075_/Q -> _25626_/D : -4.154822
[setup reg-reg] _25087_/Q -> _26124_/D : -4.154428
[setup reg-reg] _25075_/Q -> _26821_/D : -4.149834
[setup reg-reg] _25075_/Q -> _25669_/D : -4.149824
[setup reg-reg] _25075_/Q -> _26266_/D : -4.145415
[setup reg-reg] _25075_/Q -> _24869_/D : -4.145305
[setup reg-reg] _25075_/Q -> _26586_/D : -4.136084
[setup reg-reg] _25087_/Q -> _27135_/D : -4.131442
[setup reg-reg] _25087_/Q -> _26097_/D : -4.131033
[setup reg-reg] _25087_/Q -> _25259_/D : -4.125987
[setup reg-reg] _25075_/Q -> _26757_/D : -4.121800
[setup reg-reg] _25087_/Q -> _25111_/D : -4.120386
[setup reg-reg] _25075_/Q -> _25054_/D : -4.120146
[setup reg-reg] _25075_/Q -> _27098_/D : -4.119606
[setup reg-reg] _25087_/Q -> _25109_/D : -4.117022
[setup reg-reg] _25087_/Q -> _26575_/D : -4.111122
[setup reg-reg] _25087_/Q -> _24820_/D : -4.110712
[setup reg-reg] _25075_/Q -> _25733_/D : -4.109015
[setup reg-reg] _25087_/Q -> _25114_/D : -4.106104
[setup reg-reg] _25087_/Q -> _27455_/D : -4.100059
[setup reg-reg] _25087_/Q -> _25567_/D : -4.094121
[setup reg-reg] _25087_/Q -> _24878_/D : -4.093870
[setup reg-reg] _25087_/Q -> _25150_/D : -4.089918
[setup reg-reg] _25087_/Q -> _25038_/D : -4.086564
[setup reg-reg] _25075_/Q -> _25105_/D : -4.086148
[setup reg-reg] _25087_/Q -> _26959_/D : -4.085505
[setup reg-reg] _25087_/Q -> _27215_/D : -4.084935
[setup reg-reg] _25087_/Q -> _25134_/D : -4.083548
[setup reg-reg] _25075_/Q -> _25535_/D : -4.076837
[setup reg-reg] _25087_/Q -> _25935_/D : -4.071730
[setup reg-reg] _25087_/Q -> _27087_/D : -4.068715
[setup reg-reg] _25087_/Q -> _27151_/D : -4.067072
[setup reg-reg] _25087_/Q -> _25135_/D : -4.065999
[setup reg-reg] _25087_/Q -> _27119_/D : -4.063221
[setup reg-reg] _25087_/Q -> _25580_/D : -4.057508
[setup reg-reg] _25075_/Q -> _25348_/D : -4.051897
[setup reg-reg] _25087_/Q -> _26801_/D : -4.049909
[setup reg-reg] _25087_/Q -> _26927_/D : -4.048325
[setup reg-reg] _25075_/Q -> _26661_/D : -4.047427
[setup reg-reg] _25087_/Q -> _26351_/D : -4.045141
[setup reg-reg] _25075_/Q -> _26755_/D : -4.042050
[setup reg-reg] _25075_/Q -> _25273_/D : -4.041676
[setup reg-reg] _25087_/Q -> _25839_/D : -4.040730
[setup reg-reg] _25087_/Q -> _25117_/D : -4.038311
[setup reg-reg] _25087_/Q -> _27343_/D : -4.035231
[setup reg-reg] _25087_/Q -> _25711_/D : -4.029637
[setup reg-reg] _25087_/Q -> _25743_/D : -4.029397
[setup reg-reg] _25075_/Q -> _25164_/D : -4.029184
[setup reg-reg] _25087_/Q -> _27052_/D : -4.025060
[setup reg-reg] _25087_/Q -> _26735_/D : -4.022509
[setup reg-reg] _25087_/Q -> _25067_/D : -4.021972
[setup reg-reg] _25087_/Q -> _25967_/D : -4.021235
[setup reg-reg] _25087_/Q -> _26319_/D : -4.016881
[setup reg-reg] _25087_/Q -> _27505_/D : -4.015707
[setup reg-reg] _25087_/Q -> _27263_/D : -4.015528
[setup reg-reg] _25087_/Q -> _26092_/D : -4.015467
[setup reg-reg] _25087_/Q -> _25122_/D : -4.015272
[setup reg-reg] _25075_/Q -> _27077_/D : -4.015163
[setup reg-reg] _25075_/Q -> _26629_/D : -4.013494
[setup reg-reg] _25075_/Q -> _27205_/D : -4.010324
[setup reg-reg] _25075_/Q -> _26565_/D : -4.009266
[setup reg-reg] _25087_/Q -> _25139_/D : -4.007804
[setup reg-reg] _25087_/Q -> _25583_/D : -4.006898
[setup reg-reg] _25075_/Q -> _25215_/D : -4.006312
[setup reg-reg] _25075_/Q -> _27573_/D : -4.005424
[setup reg-reg] _25087_/Q -> _27404_/D : -4.004226
[setup reg-reg] _25087_/Q -> _27244_/D : -4.001590
[setup reg-reg] _25087_/Q -> _26991_/D : -4.001498
[setup reg-reg] _25087_/Q -> _25125_/D : -4.000963
[setup reg-reg] _25087_/Q -> _26668_/D : -3.999784
[setup reg-reg] _25087_/Q -> _25127_/D : -3.999507
[setup reg-reg] _25075_/Q -> _25861_/D : -3.996752
[setup reg-reg] _25087_/Q -> _25296_/D : -3.993376
[setup reg-reg] _25087_/Q -> _24879_/D : -3.992819
[setup reg-reg] _25087_/Q -> _27345_/D : -3.992414
[setup reg-reg] _25087_/Q -> _25124_/D : -3.986704
[setup reg-reg] _25087_/Q -> _25126_/D : -3.983306
[setup reg-reg] _25087_/Q -> _26860_/D : -3.982576
[setup reg-reg] _25075_/Q -> _26277_/D : -3.980775
[setup reg-reg] _25075_/Q -> _26275_/D : -3.980036
[setup reg-reg] _25087_/Q -> _27409_/D : -3.975256
[setup reg-reg] _25087_/Q -> _26895_/D : -3.974639
[setup reg-reg] _25087_/Q -> _25149_/D : -3.973829
[setup reg-reg] _25075_/Q -> _25051_/D : -3.971982
[setup reg-reg] _25087_/Q -> _27055_/D : -3.971241
[setup reg-reg] _25075_/Q -> _26403_/D : -3.970648
[setup reg-reg] _25087_/Q -> _25013_/D : -3.959997
[setup reg-reg] _25075_/Q -> _25292_/D : -3.959352
[setup reg-reg] _25087_/Q -> _25123_/D : -3.947555
[setup reg-reg] _25087_/Q -> _25167_/D : -3.941958
[setup reg-reg] _25087_/Q -> _27099_/D : -3.940931
[setup reg-reg] _25087_/Q -> _25915_/D : -3.939461
[setup reg-reg] _25087_/Q -> _26289_/D : -3.936233
[setup reg-reg] _25075_/Q -> _25219_/D : -3.934577
[setup reg-reg] _25075_/Q -> _26339_/D : -3.920850
[setup reg-reg] _25075_/Q -> _25260_/D : -3.920381
[setup reg-reg] _25087_/Q -> _27515_/D : -3.913389
[setup reg-reg] _25075_/Q -> _24826_/D : -3.913282
[setup reg-reg] _25087_/Q -> _26609_/D : -3.911245
[setup reg-reg] _25087_/Q -> _25691_/D : -3.902562
[setup reg-reg] _25087_/Q -> _26257_/D : -3.896792
[setup reg-reg] _25087_/Q -> _26875_/D : -3.892918
[setup reg-reg] _25087_/Q -> _25851_/D : -3.890255
[setup reg-reg] _25087_/Q -> _24837_/D : -3.882738
[setup reg-reg] _25075_/Q -> _24862_/D : -3.880947
[setup reg-reg] _25087_/Q -> _26811_/D : -3.880620
[setup reg-reg] _25087_/Q -> _27153_/D : -3.879288
[setup reg-reg] _25075_/Q -> _27427_/D : -3.876330
[setup reg-reg] _25087_/Q -> _25649_/D : -3.875522
[setup reg-reg] _25087_/Q -> _26107_/D : -3.874393
[setup reg-reg] _25087_/Q -> _26683_/D : -3.872952
[setup reg-reg] _25087_/Q -> _25019_/D : -3.868003
[setup reg-reg] _25075_/Q -> _26883_/D : -3.866870
[setup reg-reg] _25075_/Q -> _25228_/D : -3.860626
[setup reg-reg] _25075_/Q -> _25254_/D : -3.848056
[setup reg-reg] _25087_/Q -> _25133_/D : -3.846369
[setup reg-reg] _25087_/Q -> _25169_/D : -3.841292
[setup reg-reg] _25075_/Q -> _26371_/D : -3.832849
[setup reg-reg] _25087_/Q -> _25144_/D : -3.822761
[setup reg-reg] _25075_/Q -> _26147_/D : -3.820340
[setup reg-reg] _25075_/Q -> _26115_/D : -3.819007
[setup reg-reg] _25087_/Q -> _25128_/D : -3.818451
[setup reg-reg] _25087_/Q -> _25141_/D : -3.799826
[setup reg-reg] _25075_/Q -> _25699_/D : -3.798297
[setup reg-reg] _25075_/Q -> _25216_/D : -3.797290
[setup reg-reg] _25075_/Q -> _25337_/D : -3.796329
[setup reg-reg] _25087_/Q -> _25116_/D : -3.793437
[setup reg-reg] _25087_/Q -> _25287_/D : -3.791772
[setup reg-reg] _25075_/Q -> _26211_/D : -3.790001
[setup reg-reg] _25087_/Q -> _25110_/D : -3.789641
[setup reg-reg] _25087_/Q -> _25053_/D : -3.758737
[setup reg-reg] _25087_/Q -> _25132_/D : -3.755817
[setup reg-reg] _25075_/Q -> _25247_/D : -3.751545
[setup reg-reg] _25075_/Q -> _27203_/D : -3.751120
[setup reg-reg] _25075_/Q -> _26372_/D : -3.746910
[setup reg-reg] _25087_/Q -> _25140_/D : -3.743040
[setup reg-reg] _25087_/Q -> _24838_/D : -3.741540
[setup reg-reg] _25075_/Q -> _26563_/D : -3.737156
[setup reg-reg] _25075_/Q -> _27139_/D : -3.737149
[setup reg-reg] _25075_/Q -> _26467_/D : -3.731341
[setup reg-reg] _25075_/Q -> _24875_/D : -3.727065
[setup reg-reg] _25075_/Q -> _25763_/D : -3.725338
[setup reg-reg] _25087_/Q -> _25153_/D : -3.724296
[setup reg-reg] _25087_/Q -> _25333_/D : -3.721866
[setup reg-reg] _25075_/Q -> _26659_/D : -3.717650
[setup reg-reg] _25075_/Q -> _26051_/D : -3.716389
[setup reg-reg] _25075_/Q -> _25280_/D : -3.716283
[setup reg-reg] _25075_/Q -> _25923_/D : -3.713186
[setup reg-reg] _25075_/Q -> _25987_/D : -3.710916
[setup reg-reg] _25075_/Q -> _26723_/D : -3.708296
[setup reg-reg] _25087_/Q -> _25269_/D : -3.708204
[setup reg-reg] _25075_/Q -> _25731_/D : -3.704251
[setup reg-reg] _25075_/Q -> _27395_/D : -3.701201
[setup reg-reg] _25075_/Q -> _26858_/D : -3.699461
[setup reg-reg] _25075_/Q -> _26019_/D : -3.698434
[setup reg-reg] _25087_/Q -> _25264_/D : -3.697304
[setup reg-reg] _25075_/Q -> _25668_/D : -3.692547
[setup reg-reg] _25075_/Q -> _26116_/D : -3.690026
[setup reg-reg] _25075_/Q -> _26915_/D : -3.687722
[setup reg-reg] _25075_/Q -> _24821_/D : -3.686774
[setup reg-reg] _25075_/Q -> _25859_/D : -3.684596
[setup reg-reg] _25075_/Q -> _26794_/D : -3.683004
[setup reg-reg] _25075_/Q -> _27107_/D : -3.677961
[setup reg-reg] _25075_/Q -> _26948_/D : -3.676974
[setup reg-reg] _25075_/Q -> _27299_/D : -3.675199
[setup reg-reg] _25075_/Q -> _25828_/D : -3.674750
[setup reg-reg] _25075_/Q -> _24834_/D : -3.670738
[setup reg-reg] _25075_/Q -> _25738_/D : -3.669713
[setup reg-reg] _25087_/Q -> _25129_/D : -3.668564
[setup reg-reg] _25075_/Q -> _26307_/D : -3.666813
[setup reg-reg] _25087_/Q -> _25908_/D : -3.661075
[setup reg-reg] _25075_/Q -> _24828_/D : -3.660469
[setup reg-reg] _25075_/Q -> _26179_/D : -3.659221
[setup reg-reg] _25075_/Q -> _26154_/D : -3.653449
[setup reg-reg] _25075_/Q -> _26954_/D : -3.653167
[setup reg-reg] _25075_/Q -> _26020_/D : -3.647809
[setup reg-reg] _25075_/Q -> _25764_/D : -3.646761
[setup reg-reg] _25075_/Q -> _27171_/D : -3.646635
[setup reg-reg] _25087_/Q -> _27156_/D : -3.645500
[setup reg-reg] _25075_/Q -> _26532_/D : -3.645216
[setup reg-reg] _25075_/Q -> _26916_/D : -3.645125
[setup reg-reg] _25075_/Q -> _26724_/D : -3.642544
[setup reg-reg] _25087_/Q -> _25130_/D : -3.641933
[setup reg-reg] _25087_/Q -> _27486_/D : -3.639517
[setup reg-reg] _25087_/Q -> _25066_/D : -3.637938
[setup reg-reg] _25075_/Q -> _27267_/D : -3.637785
[setup reg-reg] _25075_/Q -> _26628_/D : -3.637245
[setup reg-reg] _25075_/Q -> _27239_/D : -3.632088
[setup reg-reg] _25075_/Q -> _25636_/D : -3.630428
[setup reg-reg] _25087_/Q -> _25165_/D : -3.630033
[setup reg-reg] _25087_/Q -> _25218_/D : -3.628973
[setup reg-reg] _25087_/Q -> _25854_/D : -3.627290
[setup reg-reg] _25075_/Q -> _26819_/D : -3.626820
[setup reg-reg] _25075_/Q -> _26787_/D : -3.626715
[setup reg-reg] _25075_/Q -> _27396_/D : -3.623216
[setup reg-reg] _25075_/Q -> _27140_/D : -3.622205
[setup reg-reg] _25087_/Q -> _25812_/D : -3.620599
[setup reg-reg] _25087_/Q -> _26804_/D : -3.619814
[setup reg-reg] _25075_/Q -> _25671_/D : -3.616805
[setup reg-reg] _25075_/Q -> _27108_/D : -3.615313
[setup reg-reg] _25075_/Q -> _27571_/D : -3.614048
[setup reg-reg] _25075_/Q -> _26852_/D : -3.611596
[setup reg-reg] _25075_/Q -> _26919_/D : -3.610117
[setup reg-reg] _25075_/Q -> _26826_/D : -3.609699
[setup reg-reg] _25075_/Q -> _26442_/D : -3.607696
[setup reg-reg] _25087_/Q -> _25620_/D : -3.606715
[setup reg-reg] _25087_/Q -> _26836_/D : -3.606189
[setup reg-reg] _25075_/Q -> _25534_/D : -3.605710
[setup reg-reg] _25087_/Q -> _27566_/D : -3.604722
[setup reg-reg] _25087_/Q -> _26814_/D : -3.604436
[setup reg-reg] _25075_/Q -> _27175_/D : -3.603821
[setup reg-reg] _25087_/Q -> _26302_/D : -3.601668
[setup reg-reg] _25087_/Q -> _26132_/D : -3.598579
[setup reg-reg] _25087_/Q -> _26452_/D : -3.596853
[setup reg-reg] _25087_/Q -> _27348_/D : -3.595582
[setup reg-reg] _25075_/Q -> _27242_/D : -3.594307
[setup reg-reg] _25087_/Q -> _25037_/D : -3.593744
[setup reg-reg] _25075_/Q -> _26788_/D : -3.591245
[setup reg-reg] _25075_/Q -> _25962_/D : -3.590364
[setup reg-reg] _25075_/Q -> _26436_/D : -3.590291
[setup reg-reg] _25075_/Q -> _25674_/D : -3.588729
[setup reg-reg] _25087_/Q -> _26494_/D : -3.587097
[setup reg-reg] _25087_/Q -> _26740_/D : -3.586814
[setup reg-reg] _25075_/Q -> _26564_/D : -3.585324
[setup reg-reg] _25087_/Q -> _25112_/D : -3.584308
[setup reg-reg] _25075_/Q -> _27143_/D : -3.584104
[setup reg-reg] _25087_/Q -> _26580_/D : -3.582303
[setup reg-reg] _25087_/Q -> _25148_/D : -3.581223
[setup reg-reg] _25075_/Q -> _27303_/D : -3.581226
[setup reg-reg] _25075_/Q -> _27204_/D : -3.580210
[setup reg-reg] _25087_/Q -> _25282_/D : -3.578425
[setup reg-reg] _25075_/Q -> _26791_/D : -3.577524
[setup reg-reg] _25075_/Q -> _26311_/D : -3.577394
[setup reg-reg] _25087_/Q -> _27252_/D : -3.576989
[setup reg-reg] _25087_/Q -> _24882_/D : -3.576591
[setup reg-reg] _25075_/Q -> _26052_/D : -3.573948
[setup reg-reg] _25075_/Q -> _27040_/D : -3.573350
[setup reg-reg] _25087_/Q -> _26110_/D : -3.566408
[setup reg-reg] _25075_/Q -> _26759_/D : -3.564830
[setup reg-reg] _25075_/Q -> _26276_/D : -3.563439
[setup reg-reg] _25075_/Q -> _26951_/D : -3.563226
[setup reg-reg] _25075_/Q -> _26148_/D : -3.561644
[setup reg-reg] _25075_/Q -> _26340_/D : -3.561503
[setup reg-reg] _25075_/Q -> _26087_/D : -3.559077
[setup reg-reg] _25075_/Q -> _27271_/D : -3.558883
[setup reg-reg] _25075_/Q -> _26503_/D : -3.558636
[setup reg-reg] _25075_/Q -> _26023_/D : -3.555705
[setup reg-reg] _25075_/Q -> _25799_/D : -3.554854
[setup reg-reg] _25075_/Q -> _26727_/D : -3.553337
[setup reg-reg] _25087_/Q -> _25136_/D : -3.550742
[setup reg-reg] _25087_/Q -> _26900_/D : -3.550591
[setup reg-reg] _25087_/Q -> _26548_/D : -3.550479
[setup reg-reg] _25087_/Q -> _25918_/D : -3.550449
[setup reg-reg] _25075_/Q -> _26979_/D : -3.547720
[setup reg-reg] _25075_/Q -> _26343_/D : -3.547404
[setup reg-reg] _25075_/Q -> _25607_/D : -3.547248
[setup reg-reg] _25087_/Q -> _26004_/D : -3.545235
[setup reg-reg] _25075_/Q -> _26567_/D : -3.544878
[setup reg-reg] _25087_/Q -> _26142_/D : -3.544674
[setup reg-reg] _25087_/Q -> _25652_/D : -3.542232
[setup reg-reg] _25087_/Q -> _25137_/D : -3.535561
[setup reg-reg] _25087_/Q -> _25131_/D : -3.534019
[setup reg-reg] _25087_/Q -> _27124_/D : -3.531682
[setup reg-reg] _25075_/Q -> _27459_/D : -3.526298
[setup reg-reg] _25075_/Q -> _26855_/D : -3.526171
[setup reg-reg] _25087_/Q -> _25145_/D : -3.525075
[setup reg-reg] _25087_/Q -> _26708_/D : -3.523716
[setup reg-reg] _25087_/Q -> _26228_/D : -3.523036
[setup reg-reg] _25087_/Q -> _25748_/D : -3.521949
[setup reg-reg] _25075_/Q -> _27366_/D : -3.519418
[setup reg-reg] _25087_/Q -> _25940_/D : -3.518673
[setup reg-reg] _25075_/Q -> _26180_/D : -3.513863
[setup reg-reg] _25087_/Q -> _27188_/D : -3.511852
[setup reg-reg] _25087_/Q -> _27220_/D : -3.511840
[setup reg-reg] _25075_/Q -> _25044_/D : -3.511305
[setup reg-reg] _25075_/Q -> _26151_/D : -3.510621
[setup reg-reg] _25075_/Q -> _27168_/D : -3.509584
[setup reg-reg] _25087_/Q -> _27454_/D : -3.508065
[setup reg-reg] _25087_/Q -> _25876_/D : -3.506655
[setup reg-reg] _25075_/Q -> _24866_/D : -3.502757
[setup reg-reg] _25075_/Q -> _25959_/D : -3.498300
[setup reg-reg] _25087_/Q -> _25138_/D : -3.497231
[setup reg-reg] _25075_/Q -> _26470_/D : -3.496370
[setup reg-reg] _25075_/Q -> _26336_/D : -3.496123
[setup reg-reg] _25087_/Q -> _26420_/D : -3.496060
[setup reg-reg] _25087_/Q -> _27284_/D : -3.495911
[setup reg-reg] _25075_/Q -> _26375_/D : -3.495380
[setup reg-reg] _25075_/Q -> _25677_/D : -3.494645
[setup reg-reg] _25087_/Q -> _26676_/D : -3.494284
[setup reg-reg] _25075_/Q -> _25293_/D : -3.492335
[setup reg-reg] _25087_/Q -> _26356_/D : -3.491252
[setup reg-reg] _25075_/Q -> _27463_/D : -3.491158
[setup reg-reg] _25075_/Q -> _26848_/D : -3.490355
[setup reg-reg] _25087_/Q -> _25972_/D : -3.482228
[setup reg-reg] _25075_/Q -> _27021_/D : -3.480663
[setup reg-reg] _25075_/Q -> _26464_/D : -3.477419
[setup reg-reg] _25087_/Q -> _27444_/D : -3.475901
[setup reg-reg] _25075_/Q -> _26528_/D : -3.475341
[setup reg-reg] _25075_/Q -> _27437_/D : -3.475126
[setup reg-reg] _25087_/Q -> _26516_/D : -3.474632
[setup reg-reg] _25087_/Q -> _25844_/D : -3.473334
[setup reg-reg] _25075_/Q -> _26404_/D : -3.472842
[setup reg-reg] _25075_/Q -> _25920_/D : -3.468438
[setup reg-reg] _25087_/Q -> _26431_/D : -3.467518
[setup reg-reg] _25087_/Q -> _27060_/D : -3.465258
[setup reg-reg] _25087_/Q -> _26143_/D : -3.463987
[setup reg-reg] _25075_/Q -> _25792_/D : -3.463960
[setup reg-reg] _25075_/Q -> _26692_/D : -3.462270
[setup reg-reg] _25087_/Q -> _25362_/D : -3.460270
[setup reg-reg] _25075_/Q -> _27296_/D : -3.454582
[setup reg-reg] _25075_/Q -> _25530_/D : -3.452833
[setup reg-reg] _25075_/Q -> _27232_/D : -3.452549
[setup reg-reg] _25087_/Q -> _26303_/D : -3.451961
[setup reg-reg] _25087_/Q -> _26388_/D : -3.450696
[setup reg-reg] _25075_/Q -> _26272_/D : -3.449033
[setup reg-reg] _25087_/Q -> _26868_/D : -3.448021
[setup reg-reg] _25075_/Q -> _26208_/D : -3.446001
[setup reg-reg] _25087_/Q -> _25855_/D : -3.443610
[setup reg-reg] _25087_/Q -> _26068_/D : -3.438753
[setup reg-reg] _25087_/Q -> _27476_/D : -3.437590
[setup reg-reg] _25075_/Q -> _25735_/D : -3.436943
[setup reg-reg] _25087_/Q -> _26932_/D : -3.436451
[setup reg-reg] _25075_/Q -> _25901_/D : -3.434804
[setup reg-reg] _25087_/Q -> _26484_/D : -3.432625
[setup reg-reg] _25075_/Q -> _26381_/D : -3.432231
[setup reg-reg] _25087_/Q -> _26996_/D : -3.429493
[setup reg-reg] _25087_/Q -> _25040_/D : -3.427719
[setup reg-reg] _25075_/Q -> _25956_/D : -3.424354
[setup reg-reg] _25087_/Q -> _26292_/D : -3.421608
[setup reg-reg] _25075_/Q -> _26125_/D : -3.421109
[setup reg-reg] _25087_/Q -> _27588_/D : -3.417583
[setup reg-reg] _25075_/Q -> _26746_/D : -3.417016
[setup reg-reg] _25087_/Q -> _24841_/D : -3.416309
[setup reg-reg] _25075_/Q -> _27405_/D : -3.415863
[setup reg-reg] _25075_/Q -> _26522_/D : -3.415645
[setup reg-reg] _25075_/Q -> _26906_/D : -3.414547
[setup reg-reg] _25075_/Q -> _25696_/D : -3.414341
[setup reg-reg] _25087_/Q -> _25359_/D : -3.414142
[setup reg-reg] _25075_/Q -> _27392_/D : -3.413558
[setup reg-reg] _25087_/Q -> _27316_/D : -3.412366
[setup reg-reg] _25075_/Q -> _26573_/D : -3.411852
[setup reg-reg] _25075_/Q -> _27181_/D : -3.411797
[setup reg-reg] _25075_/Q -> _27418_/D : -3.410925
[setup reg-reg] _25075_/Q -> _26490_/D : -3.407514
[setup reg-reg] _25087_/Q -> _27436_/D : -3.407136
[setup reg-reg] _25087_/Q -> _26324_/D : -3.406134
[setup reg-reg] _25075_/Q -> _26596_/D : -3.403191
[setup reg-reg] _25075_/Q -> _25543_/D : -3.402725
[setup reg-reg] _25075_/Q -> _26221_/D : -3.402358
[setup reg-reg] _25087_/Q -> _25118_/D : -3.401896
[setup reg-reg] _25075_/Q -> _27488_/D : -3.396803
[setup reg-reg] _25075_/Q -> _26861_/D : -3.394062
[setup reg-reg] _25075_/Q -> _26368_/D : -3.392097
[setup reg-reg] _25075_/Q -> _25700_/D : -3.391765
[setup reg-reg] _25075_/Q -> _26720_/D : -3.390991
[setup reg-reg] _25075_/Q -> _26797_/D : -3.390859
[setup reg-reg] _25075_/Q -> _25600_/D : -3.389680
[setup reg-reg] _25075_/Q -> _26400_/D : -3.386655
[setup reg-reg] _25075_/Q -> _25952_/D : -3.378064
[setup reg-reg] _25075_/Q -> _25645_/D : -3.377656
[setup reg-reg] _25075_/Q -> _26349_/D : -3.376019
[setup reg-reg] _25087_/Q -> _25255_/D : -3.375098
[setup reg-reg] _25087_/Q -> _27020_/D : -3.372433
[setup reg-reg] _25087_/Q -> _26988_/D : -3.370005
[setup reg-reg] _25075_/Q -> _27008_/D : -3.369392
[setup reg-reg] _25075_/Q -> _27334_/D : -3.368655
[setup reg-reg] _25075_/Q -> _25209_/D : -3.368639
[setup reg-reg] _25075_/Q -> _26308_/D : -3.366982
[setup reg-reg] _25075_/Q -> _26560_/D : -3.366822
[setup reg-reg] _25087_/Q -> _25034_/D : -3.365715
[setup reg-reg] _25075_/Q -> _26944_/D : -3.365386
[setup reg-reg] _25075_/Q -> _27076_/D : -3.363122
[setup reg-reg] _25075_/Q -> _26438_/D : -3.361798
[setup reg-reg] _25075_/Q -> _26093_/D : -3.359471
[setup reg-reg] _25075_/Q -> _25860_/D : -3.359274
[setup reg-reg] _25087_/Q -> _26636_/D : -3.358180
[setup reg-reg] _25075_/Q -> _26912_/D : -3.358021
[setup reg-reg] _25075_/Q -> _26084_/D : -3.357261
[setup reg-reg] _25075_/Q -> _26884_/D : -3.356812
[setup reg-reg] _25075_/Q -> _26669_/D : -3.351623
[setup reg-reg] _25075_/Q -> _26317_/D : -3.350417
[setup reg-reg] _25075_/Q -> _25754_/D : -3.350151
[setup reg-reg] _25075_/Q -> _27424_/D : -3.349207
[setup reg-reg] _25075_/Q -> _26080_/D : -3.349166
[setup reg-reg] _25075_/Q -> _26637_/D : -3.348863
[setup reg-reg] _25087_/Q -> _26412_/D : -3.346161
[setup reg-reg] _25075_/Q -> _26682_/D : -3.345241
[setup reg-reg] _25075_/Q -> _27277_/D : -3.344590
[setup reg-reg] _25075_/Q -> _25572_/D : -3.342010
[setup reg-reg] _25075_/Q -> _25805_/D : -3.340450
[setup reg-reg] _25075_/Q -> _27309_/D : -3.340194
[setup reg-reg] _25075_/Q -> _27149_/D : -3.337672
[setup reg-reg] _25087_/Q -> _26732_/D : -3.334300
[setup reg-reg] _25075_/Q -> _26253_/D : -3.333270
[setup reg-reg] _25075_/Q -> _26189_/D : -3.332486
[setup reg-reg] _25075_/Q -> _27360_/D : -3.324097
[setup reg-reg] _25075_/Q -> _25604_/D : -3.323251
[setup reg-reg] _25075_/Q -> _26674_/D : -3.316414
[setup reg-reg] _25087_/Q -> _27148_/D : -3.316295
[setup reg-reg] _25087_/Q -> _25297_/D : -3.315703
[setup reg-reg] _25075_/Q -> _25252_/D : -3.315185
[setup reg-reg] _25075_/Q -> _27172_/D : -3.313483
[setup reg-reg] _25075_/Q -> _27174_/D : -3.309159
[setup reg-reg] _25075_/Q -> _25924_/D : -3.307408
[setup reg-reg] _25087_/Q -> _26188_/D : -3.307036
[setup reg-reg] _25075_/Q -> _27378_/D : -3.305386
[setup reg-reg] _25075_/Q -> _26866_/D : -3.302782
[setup reg-reg] _25075_/Q -> _26898_/D : -3.300773
[setup reg-reg] _25075_/Q -> _27460_/D : -3.299389
[setup reg-reg] _25075_/Q -> _26170_/D : -3.299036
[setup reg-reg] _25075_/Q -> _25270_/D : -3.297622
[setup reg-reg] _25075_/Q -> _25637_/D : -3.295122
[setup reg-reg] _25087_/Q -> _26604_/D : -3.295032
[setup reg-reg] _25075_/Q -> _27364_/D : -3.293868
[setup reg-reg] _25087_/Q -> _27116_/D : -3.292948
[setup reg-reg] _25075_/Q -> _27186_/D : -3.292142
[setup reg-reg] _25075_/Q -> _25638_/D : -3.291378
[setup reg-reg] _25087_/Q -> _26060_/D : -3.289877
[setup reg-reg] _25087_/Q -> _26088_/D : -3.289664
[setup reg-reg] _25075_/Q -> _27236_/D : -3.289049
[setup reg-reg] _25075_/Q -> _27268_/D : -3.285711
[setup reg-reg] _25087_/Q -> _27276_/D : -3.285329
[setup reg-reg] _25075_/Q -> _25016_/D : -3.283908
[setup reg-reg] _25075_/Q -> _27162_/D : -3.283262
[setup reg-reg] _25087_/Q -> _26028_/D : -3.282549
[setup reg-reg] _25087_/Q -> _26892_/D : -3.280082
[setup reg-reg] _25087_/Q -> _25542_/D : -3.280025
[setup reg-reg] _25075_/Q -> _26561_/D : -3.279970
[setup reg-reg] _25075_/Q -> _25119_/D : -3.277617
[setup reg-reg] _25087_/Q -> _25676_/D : -3.277000
[setup reg-reg] _25075_/Q -> _25224_/D : -3.276293
[setup reg-reg] _25087_/Q -> _27340_/D : -3.276259
[setup reg-reg] _25075_/Q -> _25906_/D : -3.275359
[setup reg-reg] _25087_/Q -> _26792_/D : -3.273939
[setup reg-reg] _25075_/Q -> _26374_/D : -3.273502
[setup reg-reg] _25075_/Q -> _27332_/D : -3.272955
[setup reg-reg] _25075_/Q -> _26706_/D : -3.272250
[setup reg-reg] _25075_/Q -> _25714_/D : -3.271806
[setup reg-reg] _25075_/Q -> _26885_/D : -3.271666
[setup reg-reg] _25087_/Q -> _26252_/D : -3.270591
[setup reg-reg] _25087_/Q -> _26924_/D : -3.265400
[setup reg-reg] _25087_/Q -> _27240_/D : -3.265333
[setup reg-reg] _25087_/Q -> _27580_/D : -3.264201
[setup reg-reg] _25087_/Q -> _25576_/D : -3.258910
[setup reg-reg] _25075_/Q -> _25032_/D : -3.258213
[setup reg-reg] _25087_/Q -> _25740_/D : -3.256835
[setup reg-reg] _25075_/Q -> _26022_/D : -3.255973
[setup reg-reg] _25075_/Q -> _27282_/D : -3.254073
[setup reg-reg] _25087_/Q -> _25357_/D : -3.252305
[setup reg-reg] _25075_/Q -> _26081_/D : -3.250136
[setup reg-reg] _25087_/Q -> _25708_/D : -3.246567
[setup reg-reg] _25075_/Q -> _26433_/D : -3.244214
[setup reg-reg] _25087_/Q -> _27180_/D : -3.242750
[setup reg-reg] _25087_/Q -> _26472_/D : -3.240484
[setup reg-reg] _25087_/Q -> _27372_/D : -3.238847
[setup reg-reg] _25075_/Q -> _25830_/D : -3.238469
[setup reg-reg] _25087_/Q -> _27272_/D : -3.234435
[setup reg-reg] _25075_/Q -> _26514_/D : -3.233412
[setup reg-reg] _25075_/Q -> _26758_/D : -3.230804
[setup reg-reg] _25087_/Q -> _26348_/D : -3.227575
[setup reg-reg] _25087_/Q -> _26700_/D : -3.225693
[setup reg-reg] _25075_/Q -> _26209_/D : -3.223358
[setup reg-reg] _25075_/Q -> _26305_/D : -3.219370
[setup reg-reg] _25087_/Q -> _25358_/D : -3.217586
[setup reg-reg] _25087_/Q -> _27496_/D : -3.213659
[setup reg-reg] _25087_/Q -> _26024_/D : -3.207953
[setup reg-reg] _25087_/Q -> _25250_/D : -3.204676
[setup reg-reg] _25087_/Q -> _26184_/D : -3.202931
[setup reg-reg] _25075_/Q -> _27041_/D : -3.202244
[setup reg-reg] _25087_/Q -> _26952_/D : -3.200222
[setup reg-reg] _25075_/Q -> _27425_/D : -3.199517
[setup reg-reg] _25075_/Q -> _26657_/D : -3.198791
[setup reg-reg] _25075_/Q -> _26074_/D : -3.198556
[setup reg-reg] _25087_/Q -> _27112_/D : -3.196290
[setup reg-reg] _25075_/Q -> _26401_/D : -3.194494
[setup reg-reg] _25087_/Q -> _27176_/D : -3.190724
[setup reg-reg] _25075_/Q -> _25213_/D : -3.185988
[setup reg-reg] _25075_/Q -> _26842_/D : -3.185720
[setup reg-reg] _25087_/Q -> _25341_/D : -3.184685
[setup reg-reg] _25075_/Q -> _26145_/D : -3.183521
[setup reg-reg] _25075_/Q -> _26241_/D : -3.181244
[setup reg-reg] _25075_/Q -> _26618_/D : -3.179807
[setup reg-reg] _25075_/Q -> _27354_/D : -3.179414
[setup reg-reg] _25087_/Q -> _25231_/D : -3.175512
[setup reg-reg] _25087_/Q -> _27304_/D : -3.174746
[setup reg-reg] _25087_/Q -> _25345_/D : -3.173163
[setup reg-reg] _25087_/Q -> _25896_/D : -3.172096
[setup reg-reg] _25087_/Q -> _27387_/D : -3.171731
[setup reg-reg] _25075_/Q -> _27169_/D : -3.169042
[setup reg-reg] _25087_/Q -> _27432_/D : -3.168673
[setup reg-reg] _25087_/Q -> _25800_/D : -3.166497
[setup reg-reg] _25075_/Q -> _25024_/D : -3.163448
[setup reg-reg] _25075_/Q -> _26273_/D : -3.155909
[setup reg-reg] _25075_/Q -> _25729_/D : -3.155485
[setup reg-reg] _25087_/Q -> _26203_/D : -3.153081
[setup reg-reg] _25075_/Q -> _25353_/D : -3.147095
[setup reg-reg] _25087_/Q -> _27131_/D : -3.146143
[setup reg-reg] _25075_/Q -> _26881_/D : -3.145734
[setup reg-reg] _25087_/Q -> _26284_/D : -3.145541
[setup reg-reg] _25087_/Q -> _25538_/D : -3.145375
[setup reg-reg] _25087_/Q -> _25672_/D : -3.139508
[setup reg-reg] _25087_/Q -> _25960_/D : -3.137572
[setup reg-reg] _25087_/Q -> _26696_/D : -3.137244
[setup reg-reg] _25087_/Q -> _25644_/D : -3.130168
[setup reg-reg] _25075_/Q -> _25048_/D : -3.129962
[setup reg-reg] _25075_/Q -> _26817_/D : -3.129545
[setup reg-reg] _25075_/Q -> _26945_/D : -3.128078
[setup reg-reg] _25087_/Q -> _26764_/D : -3.122127
[setup reg-reg] _25087_/Q -> _26540_/D : -3.121700
[setup reg-reg] _25075_/Q -> _25025_/D : -3.121555
[setup reg-reg] _25087_/Q -> _27084_/D : -3.121432
[setup reg-reg] _25075_/Q -> _27201_/D : -3.120343
[setup reg-reg] _25075_/Q -> _25251_/D : -3.115829
[setup reg-reg] _25075_/Q -> _25241_/D : -3.115266
[setup reg-reg] _25075_/Q -> _25103_/D : -3.111184
[setup reg-reg] _25075_/Q -> _27457_/D : -3.104271
[setup reg-reg] _25075_/Q -> _27361_/D : -3.102068
[setup reg-reg] _25075_/Q -> _25064_/D : -3.093023
[setup reg-reg] _25087_/Q -> _27035_/D : -3.092669
[setup reg-reg] _25087_/Q -> _26508_/D : -3.089731
[setup reg-reg] _25087_/Q -> _25205_/D : -3.082778
[setup reg-reg] _25075_/Q -> _27501_/D : -3.067328
[setup reg-reg] _25087_/Q -> _26971_/D : -3.066628
[setup reg-reg] _25087_/Q -> _24877_/D : -3.066344
[setup reg-reg] _25087_/Q -> _27227_/D : -3.062969
[setup reg-reg] _25075_/Q -> _25581_/D : -3.058647
[setup reg-reg] _25075_/Q -> _27213_/D : -3.058188
[setup reg-reg] _25075_/Q -> _24825_/D : -3.057650
[setup reg-reg] _25087_/Q -> _25249_/D : -3.055243
[setup reg-reg] _25087_/Q -> _25819_/D : -3.051502
[setup reg-reg] _25087_/Q -> _26796_/D : -3.049022
[setup reg-reg] _25087_/Q -> _26427_/D : -3.048481
[setup reg-reg] _25087_/Q -> _24874_/D : -3.045960
[setup reg-reg] _25087_/Q -> _26380_/D : -3.044122
[setup reg-reg] _25075_/Q -> _25272_/D : -3.043510
[setup reg-reg] _25087_/Q -> _26043_/D : -3.034760
[setup reg-reg] _25087_/Q -> _27183_/D : -3.027305
[setup reg-reg] _25087_/Q -> _27503_/D : -3.025450
[setup reg-reg] _25075_/Q -> _25741_/D : -3.024214
[setup reg-reg] _25087_/Q -> _26639_/D : -3.018874
[setup reg-reg] _25087_/Q -> _26287_/D : -3.014879
[setup reg-reg] _25087_/Q -> _25220_/D : -3.008005
[setup reg-reg] _25087_/Q -> _24836_/D : -3.006166
[setup reg-reg] _25087_/Q -> _26767_/D : -3.004264
[setup reg-reg] _25075_/Q -> _25256_/D : -3.004015
[setup reg-reg] _25087_/Q -> _24864_/D : -3.002699
[setup reg-reg] _25087_/Q -> _25017_/D : -2.995378
[setup reg-reg] _25087_/Q -> _26511_/D : -2.994966
[setup reg-reg] _25075_/Q -> _25354_/D : -2.993586
[setup reg-reg] _25075_/Q -> _25056_/D : -2.992348
[setup reg-reg] _25087_/Q -> _26063_/D : -2.991344
[setup reg-reg] _25087_/Q -> _25871_/D : -2.989719
[setup reg-reg] _25087_/Q -> _26479_/D : -2.989335
[setup reg-reg] _25087_/Q -> _25679_/D : -2.985836
[setup reg-reg] _25087_/Q -> _26863_/D : -2.985303
[setup reg-reg] _25087_/Q -> _27089_/D : -2.981253
[setup reg-reg] _25087_/Q -> _27439_/D : -2.979885
[setup reg-reg] _25087_/Q -> _26095_/D : -2.979162
[setup reg-reg] _25087_/Q -> _27279_/D : -2.973035
[setup reg-reg] _25087_/Q -> _27199_/D : -2.969953
[setup reg-reg] _25087_/Q -> _26447_/D : -2.968427
[setup reg-reg] _25087_/Q -> _25999_/D : -2.967726
[setup reg-reg] _25087_/Q -> _25903_/D : -2.967290
[setup reg-reg] _25087_/Q -> _26127_/D : -2.966866
[setup reg-reg] _25075_/Q -> _25022_/D : -2.965152
[setup reg-reg] _25087_/Q -> _26255_/D : -2.961924
[setup reg-reg] _25087_/Q -> _26415_/D : -2.961226
[setup reg-reg] _25087_/Q -> _26223_/D : -2.960759
[setup reg-reg] _25075_/Q -> _25206_/D : -2.956375
[setup reg-reg] _25087_/Q -> _26671_/D : -2.956250
[setup reg-reg] _25087_/Q -> _25647_/D : -2.954021
[setup reg-reg] _25075_/Q -> _25349_/D : -2.951396
[setup reg-reg] _25087_/Q -> _26833_/D : -2.951332
[setup reg-reg] _25087_/Q -> _26831_/D : -2.948159
[setup reg-reg] _25087_/Q -> _26607_/D : -2.946296
[setup reg-reg] _25087_/Q -> _26543_/D : -2.941946
[setup reg-reg] _25087_/Q -> _27121_/D : -2.941452
[setup reg-reg] _25087_/Q -> _26079_/D : -2.940592
[setup reg-reg] _25087_/Q -> _25663_/D : -2.933101
[setup reg-reg] _25075_/Q -> _25301_/D : -2.927857
[setup reg-reg] _25075_/Q -> _25571_/D : -2.924089
[setup reg-reg] _25087_/Q -> _25277_/D : -2.923306
[setup reg-reg] _25087_/Q -> _27471_/D : -2.915998
[setup reg-reg] _25087_/Q -> _25791_/D : -2.912056
[setup reg-reg] _25087_/Q -> _26799_/D : -2.911021
[setup reg-reg] _25075_/Q -> _25361_/D : -2.900100
[setup reg-reg] _25075_/Q -> _26071_/D : -2.896027
[setup reg-reg] _25087_/Q -> _26623_/D : -2.892630
[setup reg-reg] _25087_/Q -> _25263_/D : -2.889051
[setup reg-reg] _25075_/Q -> _25276_/D : -2.888244
[setup reg-reg] _25087_/Q -> _24870_/D : -2.887806
[setup reg-reg] _25087_/Q -> _25294_/D : -2.886852
[setup reg-reg] _25087_/Q -> _25030_/D : -2.882507
[setup reg-reg] _25087_/Q -> _26335_/D : -2.881663
[setup reg-reg] _25075_/Q -> _25036_/D : -2.880228
[setup reg-reg] _25087_/Q -> _26513_/D : -2.878371
[setup reg-reg] _25087_/Q -> _26271_/D : -2.875433
[setup reg-reg] _25087_/Q -> _25043_/D : -2.874360
[setup reg-reg] _25087_/Q -> _26943_/D : -2.872879
[setup reg-reg] _25087_/Q -> _25262_/D : -2.870383
[setup reg-reg] _25087_/Q -> _26385_/D : -2.869809
[setup reg-reg] _25087_/Q -> _26001_/D : -2.868678
[setup reg-reg] _25087_/Q -> _25052_/D : -2.864075
[setup reg-reg] _25087_/Q -> _25285_/D : -2.859446
[setup reg-reg] _25087_/Q -> _25617_/D : -2.855002
[setup reg-reg] _25087_/Q -> _25185_/D : -2.847422
[setup reg-reg] _25075_/Q -> _25226_/D : -2.841338
[setup reg-reg] _25087_/Q -> _27217_/D : -2.836366
[setup reg-reg] _25087_/Q -> _25727_/D : -2.835133
[setup reg-reg] _25075_/Q -> _24871_/D : -2.834124
[setup reg-reg] _25087_/Q -> _25919_/D : -2.833234
[setup reg-reg] _25087_/Q -> _26225_/D : -2.831687
[setup reg-reg] _25075_/Q -> _25060_/D : -2.830387
[setup reg-reg] _24936_/Q -> _25552_/D : -2.827582
[setup reg-reg] _25075_/Q -> _25201_/D : -2.825301
[setup reg-reg] _25075_/Q -> _25248_/D : -2.823127
[setup reg-reg] _25075_/Q -> _27043_/D : -2.817009
[setup reg-reg] _25087_/Q -> _25775_/D : -2.816766
[setup reg-reg] _25087_/Q -> _25239_/D : -2.810566
[setup reg-reg] _25075_/Q -> _26435_/D : -2.808786
[setup reg-reg] _25087_/Q -> _25113_/D : -2.804296
[setup reg-reg] _25087_/Q -> _27007_/D : -2.803423
[setup reg-reg] _24936_/Q -> _25554_/D : -2.800457
[setup reg-reg] _25087_/Q -> _25237_/D : -2.797400
[setup reg-reg] _25087_/Q -> _25969_/D : -2.794046
[setup reg-reg] _25075_/Q -> _25827_/D : -2.792675
[setup reg-reg] _25075_/Q -> _25233_/D : -2.791074
[setup reg-reg] _25075_/Q -> _26499_/D : -2.788573
[setup reg-reg] _25087_/Q -> _27311_/D : -2.783890
[setup reg-reg] _25075_/Q -> _25795_/D : -2.778169
[setup reg-reg] _25087_/Q -> _25545_/D : -2.777471
[setup reg-reg] _25087_/Q -> _25288_/D : -2.775966
[setup reg-reg] _25075_/Q -> _26627_/D : -2.775073
[setup reg-reg] _25075_/Q -> _25253_/D : -2.772083
[setup reg-reg] _25075_/Q -> _27523_/D : -2.770909
[setup reg-reg] _25087_/Q -> _26191_/D : -2.767999
[setup reg-reg] _25087_/Q -> _24859_/D : -2.765360
[setup reg-reg] _25087_/Q -> _25615_/D : -2.762267
[setup reg-reg] _25075_/Q -> _24868_/D : -2.760297
[setup reg-reg] _25087_/Q -> _27023_/D : -2.756901
[setup reg-reg] _25075_/Q -> _26691_/D : -2.755355
[setup reg-reg] _25087_/Q -> _27423_/D : -2.749213
[setup reg-reg] _25075_/Q -> _25225_/D : -2.748419
[setup reg-reg] _25087_/Q -> _26703_/D : -2.747939
[setup reg-reg] _25087_/Q -> _25298_/D : -2.739290
[setup reg-reg] _25087_/Q -> _25065_/D : -2.735016
[setup reg-reg] _25087_/Q -> _25681_/D : -2.734977
[setup reg-reg] _25087_/Q -> _25047_/D : -2.733526
[setup reg-reg] _25087_/Q -> _26033_/D : -2.727329
[setup reg-reg] _25075_/Q -> _25061_/D : -2.727154
[setup reg-reg] _25087_/Q -> _26910_/D : -2.726480
[setup reg-reg] _25087_/Q -> _25694_/D : -2.723796
[setup reg-reg] _25087_/Q -> _26911_/D : -2.721533
[setup reg-reg] _25087_/Q -> _25982_/D : -2.720892
[setup reg-reg] _25087_/Q -> _27071_/D : -2.715018
[setup reg-reg] _24936_/Q -> _25553_/D : -2.714781
[setup reg-reg] _25087_/Q -> _25295_/D : -2.714662
[setup reg-reg] _25087_/Q -> _25529_/D : -2.701748
[setup reg-reg] _25087_/Q -> _26174_/D : -2.701729
[setup reg-reg] _25087_/Q -> _25745_/D : -2.690451
[setup reg-reg] _25087_/Q -> _25659_/D : -2.687788
[setup reg-reg] _25087_/Q -> _26449_/D : -2.686576
[setup reg-reg] _25075_/Q -> _25266_/D : -2.685329
[setup reg-reg] _25087_/Q -> _27473_/D : -2.681945
[setup reg-reg] _25087_/Q -> _26207_/D : -2.680654
[setup reg-reg] _25087_/Q -> _26737_/D : -2.679769
[setup reg-reg] _25087_/Q -> _25026_/D : -2.679460
[setup reg-reg] _25087_/Q -> _26673_/D : -2.679187
[setup reg-reg] _25075_/Q -> _24873_/D : -2.672119
[setup reg-reg] _25075_/Q -> _26599_/D : -2.672055
[setup reg-reg] _25087_/Q -> _27519_/D : -2.671367
[setup reg-reg] _25087_/Q -> _26654_/D : -2.670451
[setup reg-reg] _25087_/Q -> _26641_/D : -2.670406
[setup reg-reg] _25075_/Q -> _26695_/D : -2.669529
[setup reg-reg] _25087_/Q -> _25726_/D : -2.669516
[setup reg-reg] _25075_/Q -> _25521_/D : -2.665757
[setup reg-reg] _25087_/Q -> _26975_/D : -2.665290
[setup reg-reg] _25075_/Q -> _27011_/D : -2.663493
[setup reg-reg] _25087_/Q -> _26961_/D : -2.661805
[setup reg-reg] _25075_/Q -> _26247_/D : -2.661062
[setup reg-reg] _25075_/Q -> _26231_/D : -2.660277
[setup reg-reg] _25087_/Q -> _27422_/D : -2.659329
[setup reg-reg] _25087_/Q -> _27057_/D : -2.656908
[setup reg-reg] _25075_/Q -> _25767_/D : -2.656785
[setup reg-reg] _25075_/Q -> _26083_/D : -2.656393
[setup reg-reg] _25075_/Q -> _25927_/D : -2.655066
[setup reg-reg] _25087_/Q -> _27377_/D : -2.653471
[setup reg-reg] _25087_/Q -> _25331_/D : -2.652923
[setup reg-reg] _25075_/Q -> _27575_/D : -2.652262
[setup reg-reg] _25087_/Q -> _26718_/D : -2.651923
[setup reg-reg] _25087_/Q -> _26267_/D : -2.650925
[setup reg-reg] _25087_/Q -> _25020_/D : -2.650749
[setup reg-reg] _25087_/Q -> _25585_/D : -2.650516
[setup reg-reg] _25087_/Q -> _26238_/D : -2.650516
[setup reg-reg] _25075_/Q -> _25229_/D : -2.650383
[setup reg-reg] _25087_/Q -> _27230_/D : -2.649465
[setup reg-reg] _25075_/Q -> _26026_/D : -2.648070
[setup reg-reg] _25087_/Q -> _26065_/D : -2.647703
[setup reg-reg] _25087_/Q -> _26865_/D : -2.646722
[setup reg-reg] _25087_/Q -> _26481_/D : -2.646015
[setup reg-reg] _25087_/Q -> _26193_/D : -2.643723
[setup reg-reg] _25087_/Q -> _26897_/D : -2.641881
[setup reg-reg] _25087_/Q -> _24833_/D : -2.641691
[setup reg-reg] _25075_/Q -> _25635_/D : -2.641246
[setup reg-reg] _25075_/Q -> _26663_/D : -2.641082
[setup reg-reg] _25087_/Q -> _25289_/D : -2.640912
[setup reg-reg] _25075_/Q -> _26279_/D : -2.640382
[setup reg-reg] _25087_/Q -> _25841_/D : -2.640217
[setup reg-reg] _25087_/Q -> _25777_/D : -2.640002
[setup reg-reg] _25075_/Q -> _25815_/D : -2.637860
[setup reg-reg] _25075_/Q -> _25031_/D : -2.637780
[setup reg-reg] _25087_/Q -> _25905_/D : -2.637128
[setup reg-reg] _25075_/Q -> _27207_/D : -2.634813
[setup reg-reg] _25075_/Q -> _27235_/D : -2.633925
[setup reg-reg] _25087_/Q -> _26353_/D : -2.632397
[setup reg-reg] _25087_/Q -> _26558_/D : -2.631332
[setup reg-reg] _25087_/Q -> _26000_/D : -2.630593
[setup reg-reg] _25075_/Q -> _25703_/D : -2.630211
[setup reg-reg] _25087_/Q -> _27006_/D : -2.629175
[setup reg-reg] _25087_/Q -> _26321_/D : -2.626081
[setup reg-reg] _25075_/Q -> _25018_/D : -2.624875
[setup reg-reg] _25075_/Q -> _25575_/D : -2.624118
[setup reg-reg] _25087_/Q -> _26545_/D : -2.623375
[setup reg-reg] _25087_/Q -> _26878_/D : -2.623301
[setup reg-reg] _25075_/Q -> _27018_/D : -2.621006
[setup reg-reg] _25087_/Q -> _27441_/D : -2.620327
[setup reg-reg] _25075_/Q -> _27367_/D : -2.620085
[setup reg-reg] _25075_/Q -> _26519_/D : -2.619510
[setup reg-reg] _25075_/Q -> _26631_/D : -2.618769
[setup reg-reg] _25075_/Q -> _26810_/D : -2.618597
[setup reg-reg] _25075_/Q -> _26922_/D : -2.618114
[setup reg-reg] _25087_/Q -> _25550_/D : -2.617885
[setup reg-reg] _25087_/Q -> _26196_/D : -2.617430
[setup reg-reg] _25075_/Q -> _25642_/D : -2.614749
[setup reg-reg] _25075_/Q -> _26999_/D : -2.611850
[setup reg-reg] _25087_/Q -> _26974_/D : -2.611532
[setup reg-reg] _25075_/Q -> _27431_/D : -2.609779
[setup reg-reg] _25075_/Q -> _26730_/D : -2.609271
[setup reg-reg] _25087_/Q -> _27038_/D : -2.608241
[setup reg-reg] _25087_/Q -> _25937_/D : -2.606949
[setup reg-reg] _25087_/Q -> _25234_/D : -2.606594
[setup reg-reg] _25075_/Q -> _26378_/D : -2.606557
[setup reg-reg] _25087_/Q -> _26419_/D : -2.605633
[setup reg-reg] _25075_/Q -> _27434_/D : -2.605095
[setup reg-reg] _25075_/Q -> _26263_/D : -2.603018
[setup reg-reg] _25075_/Q -> _26583_/D : -2.602425
[setup reg-reg] _25087_/Q -> _26417_/D : -2.602240
[setup reg-reg] _25087_/Q -> _26577_/D : -2.602064
[setup reg-reg] _25087_/Q -> _27062_/D : -2.600972
[setup reg-reg] _25087_/Q -> _26166_/D : -2.600906
[setup reg-reg] _25075_/Q -> _26887_/D : -2.600272
[setup reg-reg] _25087_/Q -> _26622_/D : -2.600114
[setup reg-reg] _25087_/Q -> _25878_/D : -2.599910
[setup reg-reg] _25087_/Q -> _25713_/D : -2.599462
[setup reg-reg] _25087_/Q -> _26782_/D : -2.598631
[setup reg-reg] _25087_/Q -> _27390_/D : -2.598016
[setup reg-reg] _25075_/Q -> _27154_/D : -2.597005
[setup reg-reg] _25075_/Q -> _25221_/D : -2.596929
[setup reg-reg] _25087_/Q -> _25971_/D : -2.594950
[setup reg-reg] _25075_/Q -> _26122_/D : -2.593248
[setup reg-reg] _25075_/Q -> _25786_/D : -2.593064
[setup reg-reg] _25075_/Q -> _27386_/D : -2.592659
[setup reg-reg] _25087_/Q -> _26161_/D : -2.592413
[setup reg-reg] _25087_/Q -> _27446_/D : -2.592278
[setup reg-reg] _25087_/Q -> _26320_/D : -2.591307
[setup reg-reg] _25087_/Q -> _25790_/D : -2.591179
[setup reg-reg] _25087_/Q -> _25843_/D : -2.589523
[setup reg-reg] _25087_/Q -> _26992_/D : -2.589502
[setup reg-reg] _25087_/Q -> _25069_/D : -2.587342
[setup reg-reg] _25087_/Q -> _27510_/D : -2.587338
[setup reg-reg] _25075_/Q -> _25965_/D : -2.584770
[setup reg-reg] _25087_/Q -> _26260_/D : -2.583276
[setup reg-reg] _25075_/Q -> _25610_/D : -2.583171
[setup reg-reg] _25075_/Q -> _26346_/D : -2.582912
[setup reg-reg] _25087_/Q -> _27587_/D : -2.582674
[setup reg-reg] _25087_/Q -> _25950_/D : -2.581057
[setup reg-reg] _25087_/Q -> _27184_/D : -2.580249
[setup reg-reg] _25087_/Q -> _27584_/D : -2.580119
[setup reg-reg] _24936_/Q -> _25555_/D : -2.578826
[setup reg-reg] _25075_/Q -> _25866_/D : -2.577575
[setup reg-reg] _25087_/Q -> _27091_/D : -2.575959
[setup reg-reg] _25075_/Q -> _26130_/D : -2.575923
[setup reg-reg] _25087_/Q -> _26544_/D : -2.575923
[setup reg-reg] _25075_/Q -> _27146_/D : -2.575661
[setup reg-reg] _25075_/Q -> _27218_/D : -2.575554
[setup reg-reg] _25087_/Q -> _26100_/D : -2.575220
[setup reg-reg] _25075_/Q -> _27402_/D : -2.574245
[setup reg-reg] _25087_/Q -> _25779_/D : -2.571991
[setup reg-reg] _25087_/Q -> _26480_/D : -2.569587
[setup reg-reg] _25087_/Q -> _25558_/D : -2.569486
[setup reg-reg] _25087_/Q -> _25300_/D : -2.568966
[setup reg-reg] _25075_/Q -> _25562_/D : -2.568923
[setup reg-reg] _25087_/Q -> _26993_/D : -2.568751
[setup reg-reg] _25075_/Q -> _25842_/D : -2.568568
[setup reg-reg] _25087_/Q -> _27508_/D : -2.568054
[setup reg-reg] _25087_/Q -> _26096_/D : -2.567921
[setup reg-reg] _25087_/Q -> _26230_/D : -2.566432
[setup reg-reg] _25075_/Q -> _25548_/D : -2.565342
[setup reg-reg] _25087_/Q -> _26576_/D : -2.565226
[setup reg-reg] _25075_/Q -> _27117_/D : -2.564930
[setup reg-reg] _25087_/Q -> _27152_/D : -2.563949
[setup reg-reg] _25087_/Q -> _25776_/D : -2.563818
[setup reg-reg] _25087_/Q -> _26323_/D : -2.563692
[setup reg-reg] _25087_/Q -> _27219_/D : -2.563622
[setup reg-reg] _25087_/Q -> _25840_/D : -2.562837
[setup reg-reg] _25087_/Q -> _27472_/D : -2.562423
[setup reg-reg] _25087_/Q -> _26929_/D : -2.561722
[setup reg-reg] _25087_/Q -> _25718_/D : -2.561507
[setup reg-reg] _25087_/Q -> _27313_/D : -2.561285
[setup reg-reg] _25075_/Q -> _25271_/D : -2.560301
[setup reg-reg] _25075_/Q -> _26445_/D : -2.559752
[setup reg-reg] _25087_/Q -> _26710_/D : -2.559737
[setup reg-reg] _25087_/Q -> _27280_/D : -2.559647
[setup reg-reg] _25087_/Q -> _25939_/D : -2.559428
[setup reg-reg] _25075_/Q -> _26980_/D : -2.559203
[setup reg-reg] _25087_/Q -> _25910_/D : -2.558336
[setup reg-reg] _25075_/Q -> _25997_/D : -2.558224
[setup reg-reg] _25087_/Q -> _27094_/D : -2.557796
[setup reg-reg] _25087_/Q -> _27092_/D : -2.557662
[setup reg-reg] _25087_/Q -> _26078_/D : -2.557055
[setup reg-reg] _25075_/Q -> _26986_/D : -2.555900
[setup reg-reg] _25087_/Q -> _25872_/D : -2.554566
[setup reg-reg] _25087_/Q -> _26705_/D : -2.554133
[setup reg-reg] _25087_/Q -> _25230_/D : -2.551669
[setup reg-reg] _25087_/Q -> _27440_/D : -2.551570
[setup reg-reg] _25087_/Q -> _27102_/D : -2.550712
[setup reg-reg] _25075_/Q -> _24853_/D : -2.548134
[setup reg-reg] _25075_/Q -> _27586_/D : -2.547244
[setup reg-reg] _25087_/Q -> _27376_/D : -2.546077
[setup reg-reg] _25087_/Q -> _27347_/D : -2.545885
[setup reg-reg] _25087_/Q -> _24823_/D : -2.545836
[setup reg-reg] _25075_/Q -> _25041_/D : -2.544041
[setup reg-reg] _25087_/Q -> _26800_/D : -2.543748
[setup reg-reg] _25075_/Q -> _26215_/D : -2.543732
[setup reg-reg] _25087_/Q -> _27216_/D : -2.543452
[setup reg-reg] _25087_/Q -> _27056_/D : -2.543319
[setup reg-reg] _25087_/Q -> _26704_/D : -2.540167
[setup reg-reg] _25075_/Q -> _27469_/D : -2.539210
[setup reg-reg] _25087_/Q -> _25340_/D : -2.538755
[setup reg-reg] _25075_/Q -> _27015_/D : -2.537769
[setup reg-reg] _25087_/Q -> _26064_/D : -2.536597
[setup reg-reg] _25087_/Q -> _26129_/D : -2.536169
[setup reg-reg] _25087_/Q -> _27248_/D : -2.536011
[setup reg-reg] _25075_/Q -> _26957_/D : -2.535845
[setup reg-reg] _25075_/Q -> _26042_/D : -2.533104
[setup reg-reg] _25087_/Q -> _26390_/D : -2.532897
[setup reg-reg] _25087_/Q -> _26612_/D : -2.531962
[setup reg-reg] _25075_/Q -> _27533_/D : -2.531323
[setup reg-reg] _25087_/Q -> _25968_/D : -2.529566
[setup reg-reg] _25087_/Q -> _24858_/D : -2.527985
[setup reg-reg] _25075_/Q -> _25837_/D : -2.526228
[setup reg-reg] _25075_/Q -> _26802_/D : -2.525830
[setup reg-reg] _25087_/Q -> _26032_/D : -2.525376
[setup reg-reg] _25075_/Q -> _27341_/D : -2.523741
[setup reg-reg] _25087_/Q -> _26928_/D : -2.523176
[setup reg-reg] _25075_/Q -> _27474_/D : -2.522949
[setup reg-reg] _25087_/Q -> _26006_/D : -2.520135
[setup reg-reg] _25075_/Q -> _26330_/D : -2.518021
[setup reg-reg] _25075_/Q -> _26738_/D : -2.518005
[setup reg-reg] _25075_/Q -> _26701_/D : -2.517378
[setup reg-reg] _25075_/Q -> _26359_/D : -2.516094
[setup reg-reg] _25075_/Q -> _25796_/D : -2.512895
[setup reg-reg] _25075_/Q -> _27085_/D : -2.512721
[setup reg-reg] _25087_/Q -> _25599_/D : -2.510731
[setup reg-reg] _25087_/Q -> _27030_/D : -2.508951
[setup reg-reg] _25087_/Q -> _26832_/D : -2.507727
[setup reg-reg] _25075_/Q -> _26157_/D : -2.507505
[setup reg-reg] _25087_/Q -> _25334_/D : -2.506532
[setup reg-reg] _25075_/Q -> _25869_/D : -2.506312
[setup reg-reg] _25087_/Q -> _26783_/D : -2.506235
[setup reg-reg] _25087_/Q -> _25033_/D : -2.506187
[setup reg-reg] _25087_/Q -> _27222_/D : -2.505830
[setup reg-reg] _25075_/Q -> _26807_/D : -2.505576
[setup reg-reg] _25087_/Q -> _26046_/D : -2.505303
[setup reg-reg] _25087_/Q -> _26736_/D : -2.504144
[setup reg-reg] _25087_/Q -> _27003_/D : -2.503553
[setup reg-reg] _25087_/Q -> _27190_/D : -2.502453
[setup reg-reg] _25087_/Q -> _27166_/D : -2.498915
[setup reg-reg] _25087_/Q -> _26015_/D : -2.498719
[setup reg-reg] _25087_/Q -> _26644_/D : -2.497455
[setup reg-reg] _25087_/Q -> _26587_/D : -2.495089
[setup reg-reg] _25075_/Q -> _27206_/D : -2.493318
[setup reg-reg] _25075_/Q -> _26962_/D : -2.490665
[setup reg-reg] _25087_/Q -> _27478_/D : -2.489387
[setup reg-reg] _25087_/Q -> _25306_/D : -2.485214
[setup reg-reg] _25075_/Q -> _26413_/D : -2.484924
[setup reg-reg] _25087_/Q -> _26686_/D : -2.484860
[setup reg-reg] _25075_/Q -> _26212_/D : -2.481802
[setup reg-reg] _25075_/Q -> _26061_/D : -2.481789
[setup reg-reg] _25087_/Q -> _26128_/D : -2.481020
[setup reg-reg] _25087_/Q -> _27158_/D : -2.480812
[setup reg-reg] _25075_/Q -> _26541_/D : -2.480435
[setup reg-reg] _25075_/Q -> _27245_/D : -2.478997
[setup reg-reg] _25087_/Q -> _27024_/D : -2.476439
[setup reg-reg] _25087_/Q -> _25974_/D : -2.474719
[setup reg-reg] _25087_/Q -> _27028_/D : -2.474426
[setup reg-reg] _25087_/Q -> _26463_/D : -2.470960
[setup reg-reg] _25087_/Q -> _25217_/D : -2.469738
[setup reg-reg] _25087_/Q -> _25244_/D : -2.469520
[setup reg-reg] _25087_/Q -> _27359_/D : -2.469275
[setup reg-reg] _25075_/Q -> _26925_/D : -2.467445
[setup reg-reg] _25087_/Q -> _27198_/D : -2.463430
[setup reg-reg] _25075_/Q -> _26285_/D : -2.463269
[setup reg-reg] _25087_/Q -> _26366_/D : -2.462006
[setup reg-reg] _25087_/Q -> _26430_/D : -2.460995
[setup reg-reg] _25087_/Q -> _25290_/D : -2.460228
[setup reg-reg] _25075_/Q -> _27095_/D : -2.460128
[setup reg-reg] _25075_/Q -> _26509_/D : -2.455821
[setup reg-reg] _25087_/Q -> _26846_/D : -2.455300
[setup reg-reg] _25087_/Q -> _26527_/D : -2.454920
[setup reg-reg] _25075_/Q -> _26605_/D : -2.453271
[setup reg-reg] _25087_/Q -> _26619_/D : -2.451595
[setup reg-reg] _25087_/Q -> _25566_/D : -2.451184
[setup reg-reg] _25087_/Q -> _25281_/D : -2.449035
[setup reg-reg] _25087_/Q -> _25662_/D : -2.448678
[setup reg-reg] _25087_/Q -> _26235_/D : -2.448598
[setup reg-reg] _24936_/Q -> _25374_/D : -2.441835
[setup reg-reg] _25087_/Q -> _26939_/D : -2.441759
[setup reg-reg] _25087_/Q -> _26942_/D : -2.441128
[setup reg-reg] _25075_/Q -> _25722_/D : -2.440807
[setup reg-reg] _25087_/Q -> _27323_/D : -2.438926
[setup reg-reg] _25087_/Q -> _25627_/D : -2.436179
[setup reg-reg] _25087_/Q -> _26398_/D : -2.435105
[setup reg-reg] _25087_/Q -> _26462_/D : -2.433817
[setup reg-reg] _25087_/Q -> _27563_/D : -2.433261
[setup reg-reg] _25075_/Q -> _26167_/D : -2.432991
[setup reg-reg] _25075_/Q -> _26534_/D : -2.432929
[setup reg-reg] _25087_/Q -> _25630_/D : -2.431559
[setup reg-reg] _25087_/Q -> _27195_/D : -2.430120
[setup reg-reg] _25087_/Q -> _26334_/D : -2.428301
[setup reg-reg] _25075_/Q -> _27078_/D : -2.428163
[setup reg-reg] _25087_/Q -> _27134_/D : -2.427330
[setup reg-reg] _25075_/Q -> _25238_/D : -2.427143
[setup reg-reg] _25075_/Q -> _25613_/D : -2.422967
[setup reg-reg] _25075_/Q -> _25990_/D : -2.422526
[setup reg-reg] _25087_/Q -> _26491_/D : -2.421214
[setup reg-reg] _25087_/Q -> _26750_/D : -2.414540
[setup reg-reg] _25075_/Q -> _25862_/D : -2.413707
[setup reg-reg] _25075_/Q -> _26871_/D : -2.407773
[setup reg-reg] _25087_/Q -> _25598_/D : -2.404301
[setup reg-reg] _25087_/Q -> _26395_/D : -2.403695
[setup reg-reg] _25087_/Q -> _25947_/D : -2.403351
[setup reg-reg] _25075_/Q -> _25261_/D : -2.403134
[setup reg-reg] _25087_/Q -> _25528_/D : -2.401931
[setup reg-reg] _25075_/Q -> _26918_/D : -2.400915
[setup reg-reg] _25075_/Q -> _27494_/D : -2.400242
[setup reg-reg] _25075_/Q -> _26362_/D : -2.398206
[setup reg-reg] _25075_/Q -> _27572_/D : -2.398050
[setup reg-reg] _25087_/Q -> _25822_/D : -2.397751
[setup reg-reg] _25075_/Q -> _26775_/D : -2.391554
[setup reg-reg] _25075_/Q -> _27574_/D : -2.391220
[setup reg-reg] _25087_/Q -> _27358_/D : -2.390786
[setup reg-reg] _25087_/Q -> _25021_/D : -2.390278
[setup reg-reg] _25075_/Q -> _25882_/D : -2.388049
[setup reg-reg] _25087_/Q -> _26590_/D : -2.386834
[setup reg-reg] _25075_/Q -> _27258_/D : -2.386134
[setup reg-reg] _25087_/Q -> _26526_/D : -2.386017
[setup reg-reg] _25087_/Q -> _25121_/D : -2.383906
[setup reg-reg] _25075_/Q -> _27110_/D : -2.383656
[setup reg-reg] _25075_/Q -> _26500_/D : -2.382031
[setup reg-reg] _25075_/Q -> _27562_/D : -2.381533
[setup reg-reg] _25075_/Q -> _26756_/D : -2.373964
[setup reg-reg] _25087_/Q -> _25008_/D : -2.373067
[setup reg-reg] _25087_/Q -> _25243_/D : -2.372451
[setup reg-reg] _25087_/Q -> _25115_/D : -2.371964
[setup reg-reg] _25075_/Q -> _26874_/D : -2.366807
[setup reg-reg] _25075_/Q -> _26982_/D : -2.366230
[setup reg-reg] _25075_/Q -> _25926_/D : -2.364793
[setup reg-reg] _25087_/Q -> _26632_/D : -2.364717
[setup reg-reg] _25075_/Q -> _26694_/D : -2.362681
[setup reg-reg] _25087_/Q -> _25755_/D : -2.360443
[setup reg-reg] _25087_/Q -> _26536_/D : -2.360357
[setup reg-reg] _25075_/Q -> _26726_/D : -2.360089
[setup reg-reg] _25075_/Q -> _25023_/D : -2.359528
[setup reg-reg] _25087_/Q -> _25328_/D : -2.359108
[setup reg-reg] _25087_/Q -> _26152_/D : -2.358755
[setup reg-reg] _25075_/Q -> _25265_/D : -2.358290
[setup reg-reg] _25087_/Q -> _26344_/D : -2.355638
[setup reg-reg] _25087_/Q -> _25736_/D : -2.354925
[setup reg-reg] _25075_/Q -> _26054_/D : -2.351278
[setup reg-reg] _25075_/Q -> _25798_/D : -2.351131
[setup reg-reg] _25075_/Q -> _25894_/D : -2.351014
[setup reg-reg] _25075_/Q -> _27012_/D : -2.349253
[setup reg-reg] _25087_/Q -> _24829_/D : -2.346376
[setup reg-reg] _25087_/Q -> _27048_/D : -2.345656
[setup reg-reg] _25075_/Q -> _25702_/D : -2.345558
[setup reg-reg] _25075_/Q -> _27428_/D : -2.344239
[setup reg-reg] _25087_/Q -> _26270_/D : -2.340009
[setup reg-reg] _25087_/Q -> _26715_/D : -2.339602
[setup reg-reg] _25075_/Q -> _25670_/D : -2.335851
[setup reg-reg] _25087_/Q -> _25525_/D : -2.335588
[setup reg-reg] _25075_/Q -> _25988_/D : -2.334908
[setup reg-reg] _25075_/Q -> _26194_/D : -2.334870
[setup reg-reg] _25087_/Q -> _27144_/D : -2.334465
[setup reg-reg] _25075_/Q -> _27462_/D : -2.334430
[setup reg-reg] _25075_/Q -> _26886_/D : -2.334303
[setup reg-reg] _25075_/Q -> _26244_/D : -2.334296
[setup reg-reg] _25087_/Q -> _27400_/D : -2.333318
[setup reg-reg] _25087_/Q -> _25964_/D : -2.330561
[setup reg-reg] _25075_/Q -> _25784_/D : -2.330530
[setup reg-reg] _25087_/Q -> _26572_/D : -2.329159
[setup reg-reg] _25075_/Q -> _25958_/D : -2.327070
[setup reg-reg] _25087_/Q -> _26664_/D : -2.324816
[setup reg-reg] _25087_/Q -> _26120_/D : -2.324253
[setup reg-reg] _25087_/Q -> _25339_/D : -2.323946
[setup reg-reg] _25075_/Q -> _25734_/D : -2.322910
[setup reg-reg] _25087_/Q -> _26312_/D : -2.321741
[setup reg-reg] _25075_/Q -> _27430_/D : -2.320620
[setup reg-reg] _25075_/Q -> _27238_/D : -2.319242
[setup reg-reg] _25075_/Q -> _25618_/D : -2.317433
[setup reg-reg] _25075_/Q -> _26049_/D : -2.315790
[setup reg-reg] _25075_/Q -> _25766_/D : -2.315567
[setup reg-reg] _25075_/Q -> _26662_/D : -2.315551
[setup reg-reg] _25075_/Q -> _25943_/D : -2.315359
[setup reg-reg] _25087_/Q -> _27576_/D : -2.314254
[setup reg-reg] _25075_/Q -> _26010_/D : -2.314160
[setup reg-reg] _25075_/Q -> _27410_/D : -2.313739
[setup reg-reg] _25075_/Q -> _26660_/D : -2.312959
[setup reg-reg] _25075_/Q -> _27300_/D : -2.311863
[setup reg-reg] _25075_/Q -> _26790_/D : -2.311017
[setup reg-reg] _25075_/Q -> _27044_/D : -2.310156
[setup reg-reg] _25075_/Q -> _26118_/D : -2.310106
[setup reg-reg] _25075_/Q -> _27319_/D : -2.307793
[setup reg-reg] _25075_/Q -> _25536_/D : -2.307178
[setup reg-reg] _25087_/Q -> _26888_/D : -2.306903
[setup reg-reg] _25075_/Q -> _25847_/D : -2.306768
[setup reg-reg] _25075_/Q -> _25810_/D : -2.304852
[setup reg-reg] _25075_/Q -> _26502_/D : -2.304484
[setup reg-reg] _25075_/Q -> _26820_/D : -2.303651
[setup reg-reg] _25075_/Q -> _26854_/D : -2.302674
[setup reg-reg] _25075_/Q -> _25892_/D : -2.299526
[setup reg-reg] _25075_/Q -> _27398_/D : -2.298149
[setup reg-reg] _25075_/Q -> _26066_/D : -2.298126
[setup reg-reg] _25075_/Q -> _27026_/D : -2.296954
[setup reg-reg] _25075_/Q -> _25586_/D : -2.295494
[setup reg-reg] _25075_/Q -> _25606_/D : -2.295215
[setup reg-reg] _25075_/Q -> _25732_/D : -2.294740
[setup reg-reg] _25075_/Q -> _27492_/D : -2.288791
[setup reg-reg] _25075_/Q -> _26630_/D : -2.288610
[setup reg-reg] _25075_/Q -> _25938_/D : -2.287974
[setup reg-reg] _25087_/Q -> _26856_/D : -2.287964
[setup reg-reg] _25087_/Q -> _25608_/D : -2.284521
[setup reg-reg] _25075_/Q -> _27250_/D : -2.284454
[setup reg-reg] _25075_/Q -> _25522_/D : -2.279084
[setup reg-reg] _25087_/Q -> _26376_/D : -2.276188
[setup reg-reg] _25075_/Q -> _26904_/D : -2.274142
[setup reg-reg] _25087_/Q -> _25015_/D : -2.273188
[setup reg-reg] _25075_/Q -> _26456_/D : -2.271319
[setup reg-reg] _25087_/Q -> _26568_/D : -2.270888
[setup reg-reg] _25075_/Q -> _26776_/D : -2.269919
[setup reg-reg] _25075_/Q -> _26354_/D : -2.269749
[setup reg-reg] _25075_/Q -> _24830_/D : -2.269127
[setup reg-reg] _25075_/Q -> _25848_/D : -2.268218
[setup reg-reg] _25075_/Q -> _26744_/D : -2.267511
[setup reg-reg] _25075_/Q -> _26290_/D : -2.266580
[setup reg-reg] _25087_/Q -> _26984_/D : -2.265669
[setup reg-reg] _25087_/Q -> _24818_/D : -2.265054
[setup reg-reg] _25087_/Q -> _25832_/D : -2.263560
[setup reg-reg] _25075_/Q -> _26968_/D : -2.262476
[setup reg-reg] _25075_/Q -> _26615_/D : -2.260851
[setup reg-reg] _25075_/Q -> _26135_/D : -2.260613
[setup reg-reg] _25087_/Q -> _25046_/D : -2.259400
[setup reg-reg] _25075_/Q -> _27442_/D : -2.257322
[setup reg-reg] _25087_/Q -> _26555_/D : -2.252625
[setup reg-reg] _25087_/Q -> _25787_/D : -2.251920
[setup reg-reg] _25075_/Q -> _26712_/D : -2.249792
[setup reg-reg] _25075_/Q -> _25944_/D : -2.246999
[setup reg-reg] _25075_/Q -> _26214_/D : -2.246054
[setup reg-reg] _25087_/Q -> _26728_/D : -2.240828
[setup reg-reg] _25075_/Q -> _27046_/D : -2.233575
[setup reg-reg] _25075_/Q -> _25783_/D : -2.230866
[setup reg-reg] _25075_/Q -> _27351_/D : -2.227090
[setup reg-reg] _25087_/Q -> _25335_/D : -2.227033
[setup reg-reg] _25075_/Q -> _26342_/D : -2.224180
[setup reg-reg] _25075_/Q -> _26610_/D : -2.222702
[setup reg-reg] _25075_/Q -> _27191_/D : -2.219196
[setup reg-reg] _25075_/Q -> _26482_/D : -2.218609
[setup reg-reg] _25075_/Q -> _26546_/D : -2.216661
[setup reg-reg] _25075_/Q -> _25068_/D : -2.215724
[setup reg-reg] _25075_/Q -> _26994_/D : -2.215503
[setup reg-reg] _25075_/Q -> _24812_/D : -2.214456
[setup reg-reg] _25075_/Q -> _25012_/D : -2.212659
[setup reg-reg] _25075_/Q -> _26642_/D : -2.212648
[setup reg-reg] _25087_/Q -> _25042_/D : -2.210911
[setup reg-reg] _25087_/Q -> _25595_/D : -2.210044
[setup reg-reg] _25075_/Q -> _25889_/D : -2.207722
[setup reg-reg] _25075_/Q -> _26418_/D : -2.197964
[setup reg-reg] _25075_/Q -> _24832_/D : -2.196551
[setup reg-reg] _25087_/Q -> _27355_/D : -2.193279
[setup reg-reg] _25075_/Q -> _27073_/D : -2.186606
[setup reg-reg] _25075_/Q -> _26785_/D : -2.185049
[setup reg-reg] _25075_/Q -> _25665_/D : -2.184294
[setup reg-reg] _25087_/Q -> _26459_/D : -2.183842
[setup reg-reg] _25087_/Q -> _27336_/D : -2.182654
[setup reg-reg] _25075_/Q -> _25761_/D : -2.180657
[setup reg-reg] _25075_/Q -> _24827_/D : -2.179414
[setup reg-reg] _25087_/Q -> _26408_/D : -2.177121
[setup reg-reg] _25075_/Q -> _26765_/D : -2.173095
[setup reg-reg] _25087_/Q -> _26171_/D : -2.172458
[setup reg-reg] _25075_/Q -> _27159_/D : -2.166814
[setup reg-reg] _25075_/Q -> _25793_/D : -2.166500
[setup reg-reg] _25075_/Q -> _26913_/D : -2.164850
[setup reg-reg] _25075_/Q -> _27489_/D : -2.164827
[setup reg-reg] _25087_/Q -> _25979_/D : -2.162699
[setup reg-reg] _25087_/Q -> _26941_/D : -2.160462
[setup reg-reg] _25087_/Q -> _26331_/D : -2.159855
[setup reg-reg] _25087_/Q -> _27419_/D : -2.159830
[setup reg-reg] _25075_/Q -> _27302_/D : -2.158588
[setup reg-reg] _25087_/Q -> _26781_/D : -2.156241
[setup reg-reg] _25075_/Q -> _25985_/D : -2.155758
[setup reg-reg] _25087_/Q -> _27080_/D : -2.154016
[setup reg-reg] _25075_/Q -> _26711_/D : -2.152067
[setup reg-reg] _25075_/Q -> _27137_/D : -2.150722
[setup reg-reg] _25075_/Q -> _26391_/D : -2.148585
[setup reg-reg] _25075_/Q -> _27265_/D : -2.147889
[setup reg-reg] _24936_/Q -> _25375_/D : -2.146313
[setup reg-reg] _25075_/Q -> _26593_/D : -2.146269
[setup reg-reg] _25075_/Q -> _25697_/D : -2.145869
[setup reg-reg] _25075_/Q -> _25601_/D : -2.145267
[setup reg-reg] _25075_/Q -> _26977_/D : -2.144784
[setup reg-reg] _25087_/Q -> _25364_/D : -2.143938
[setup reg-reg] _25087_/Q -> _26621_/D : -2.142704
[setup reg-reg] _25075_/Q -> _26903_/D : -2.141796
[setup reg-reg] _25087_/Q -> _27016_/D : -2.141334
[setup reg-reg] _25075_/Q -> _27105_/D : -2.140878
[setup reg-reg] _25087_/Q -> _26075_/D : -2.138782
[setup reg-reg] _25087_/Q -> _26363_/D : -2.136810
[setup reg-reg] _25075_/Q -> _27520_/D : -2.134492
[setup reg-reg] _25075_/Q -> _27014_/D : -2.134094
[setup reg-reg] _25087_/Q -> _26600_/D : -2.132362
[setup reg-reg] _25075_/Q -> _27233_/D : -2.131888
[setup reg-reg] _25087_/Q -> _24817_/D : -2.131790
[setup reg-reg] _25087_/Q -> _26011_/D : -2.131177
[setup reg-reg] _25087_/Q -> _26523_/D : -2.129742
[setup reg-reg] _25075_/Q -> _27009_/D : -2.128335
[setup reg-reg] _25075_/Q -> _27569_/D : -2.127454
[setup reg-reg] _25087_/Q -> _27163_/D : -2.125777
[setup reg-reg] _25087_/Q -> _24881_/D : -2.125610
[setup reg-reg] _25087_/Q -> _25563_/D : -2.125342
[setup reg-reg] _25075_/Q -> _27297_/D : -2.123636
[setup reg-reg] _25087_/Q -> _26843_/D : -2.120272
[setup reg-reg] _25075_/Q -> _27287_/D : -2.120261
[setup reg-reg] _25075_/Q -> _24883_/D : -2.115877
[setup reg-reg] _25087_/Q -> _27451_/D : -2.112710
[setup reg-reg] _25075_/Q -> _26753_/D : -2.109829
[setup reg-reg] _25075_/Q -> _26625_/D : -2.108338
[setup reg-reg] _25087_/Q -> _26747_/D : -2.107378
[setup reg-reg] _25087_/Q -> _27259_/D : -2.106569
[setup reg-reg] _25075_/Q -> _25531_/D : -2.106472
[setup reg-reg] _25075_/Q -> _25857_/D : -2.102766
[setup reg-reg] _25075_/Q -> _27393_/D : -2.102612
[setup reg-reg] _25075_/Q -> _26529_/D : -2.101516
[setup reg-reg] _25075_/Q -> _27479_/D : -2.098425
[setup reg-reg] _25075_/Q -> _26849_/D : -2.088321
[setup reg-reg] _25075_/Q -> _27559_/D : -2.087960
[setup reg-reg] _25075_/Q -> _27525_/D : -2.087905
[setup reg-reg] _25087_/Q -> _25629_/D : -2.086066
[setup reg-reg] _25087_/Q -> _25704_/D : -2.079760
[setup reg-reg] _25075_/Q -> _24863_/D : -2.079284
[setup reg-reg] _25087_/Q -> _26013_/D : -2.078499
[setup reg-reg] _25087_/Q -> _25883_/D : -2.077154
[setup reg-reg] _25087_/Q -> _26504_/D : -2.076238
[setup reg-reg] _25087_/Q -> _26907_/D : -2.074886
[setup reg-reg] _25087_/Q -> _25981_/D : -2.074469
[setup reg-reg] _25087_/Q -> _26056_/D : -2.066013
[setup reg-reg] _25087_/Q -> _26216_/D : -2.064626
[setup reg-reg] _25087_/Q -> _27069_/D : -2.062361
[setup reg-reg] _25075_/Q -> _26039_/D : -2.058735
[setup reg-reg] _25087_/Q -> _25928_/D : -2.055980
[setup reg-reg] _25087_/Q -> _26301_/D : -2.038815
[setup reg-reg] _25087_/Q -> _26428_/D : -2.038147
[setup reg-reg] _25087_/Q -> _26139_/D : -2.037545
[setup reg-reg] _25075_/Q -> _26007_/D : -2.037099
[setup reg-reg] _25075_/Q -> _25311_/D : -2.033383
[setup reg-reg] _25087_/Q -> _25211_/D : -2.028694
[setup reg-reg] _25075_/Q -> _25655_/D : -2.027068
[setup reg-reg] _25087_/Q -> _27368_/D : -2.019528
[setup reg-reg] _25075_/Q -> _25009_/D : -2.017853
[setup reg-reg] _25087_/Q -> _26109_/D : -2.017162
[setup reg-reg] _25087_/Q -> _26769_/D : -2.014056
[setup reg-reg] _25075_/Q -> _26551_/D : -2.011467
[setup reg-reg] _25087_/Q -> _25917_/D : -2.010621
[setup reg-reg] _25087_/Q -> _26383_/D : -2.010299
[setup reg-reg] _25075_/Q -> _25559_/D : -2.006265
[setup reg-reg] _25087_/Q -> _26812_/D : -2.003107
[setup reg-reg] _25087_/Q -> _26653_/D : -2.002080
[setup reg-reg] _25075_/Q -> _25236_/D : -1.999101
[setup reg-reg] _25087_/Q -> _25853_/D : -1.996654
[setup reg-reg] _25087_/Q -> _25323_/D : -1.995296
[setup reg-reg] _25075_/Q -> _24872_/D : -1.994241
[setup reg-reg] _25087_/Q -> _27585_/D : -1.990374
[setup reg-reg] _24936_/Q -> _25372_/D : -1.983572
[setup reg-reg] _25087_/Q -> _26557_/D : -1.983057
[setup reg-reg] _25087_/Q -> _25885_/D : -1.978087
[setup reg-reg] _25087_/Q -> _27298_/D : -1.977371
[setup reg-reg] _25087_/Q -> _25762_/D : -1.977346
[setup reg-reg] _25087_/Q -> _27100_/D : -1.976430
[setup reg-reg] _25087_/Q -> _26306_/D : -1.974991
[setup reg-reg] _25087_/Q -> _26274_/D : -1.973765
[setup reg-reg] _25087_/Q -> _25756_/D : -1.969370
[setup reg-reg] _25087_/Q -> _26684_/D : -1.969100
[setup reg-reg] _25087_/Q -> _25980_/D : -1.968989
[setup reg-reg] _25075_/Q -> _24842_/D : -1.965706
[setup reg-reg] _25087_/Q -> _27249_/D : -1.964494
[setup reg-reg] _25087_/Q -> _25820_/D : -1.961482
[setup reg-reg] _25087_/Q -> _27490_/D : -1.960483
[setup reg-reg] _25075_/Q -> _25751_/D : -1.958904
[setup reg-reg] _25087_/Q -> _25692_/D : -1.956689
[setup reg-reg] _25087_/Q -> _25948_/D : -1.956426
[setup reg-reg] _25087_/Q -> _26204_/D : -1.954453
[setup reg-reg] _25087_/Q -> _27324_/D : -1.954179
[setup reg-reg] _25087_/Q -> _26779_/D : -1.950594
[setup reg-reg] _25087_/Q -> _26658_/D : -1.949960
[setup reg-reg] _25087_/Q -> _26690_/D : -1.947610
[setup reg-reg] _25087_/Q -> _25794_/D : -1.947026
[setup reg-reg] _25087_/Q -> _27133_/D : -1.944736
[setup reg-reg] _25087_/Q -> _26594_/D : -1.943624
[setup reg-reg] _25087_/Q -> _27228_/D : -1.941389
[setup reg-reg] _25087_/Q -> _27025_/D : -1.939373
[setup reg-reg] _25075_/Q -> _25318_/D : -1.937851
[setup reg-reg] _25087_/Q -> _26498_/D : -1.937547
[setup reg-reg] _25087_/Q -> _25570_/D : -1.933197
[setup reg-reg] _25087_/Q -> _27101_/D : -1.932222
[setup reg-reg] _25087_/Q -> _27394_/D : -1.929307
[setup reg-reg] _25075_/Q -> _26965_/D : -1.927148
[setup reg-reg] _25075_/Q -> _24865_/D : -1.924738
[setup reg-reg] _25087_/Q -> _26299_/D : -1.924020
[setup reg-reg] _25075_/Q -> _25749_/D : -1.923631
[setup reg-reg] _25087_/Q -> _27291_/D : -1.923407
[setup reg-reg] _25087_/Q -> _27010_/D : -1.920704
[setup reg-reg] _25087_/Q -> _26210_/D : -1.918346
[setup reg-reg] _25087_/Q -> _25212_/D : -1.917941
[setup reg-reg] _25087_/Q -> _25352_/D : -1.915154
[setup reg-reg] _25075_/Q -> _26837_/D : -1.914792
[setup reg-reg] _25087_/Q -> _27067_/D : -1.914531
[setup reg-reg] _25087_/Q -> _26877_/D : -1.911692
[setup reg-reg] _25087_/Q -> _25826_/D : -1.911340
[setup reg-reg] _25087_/Q -> _27570_/D : -1.911039
[setup reg-reg] _25087_/Q -> _26141_/D : -1.909744
[setup reg-reg] _25087_/Q -> _25723_/D : -1.909701
[setup reg-reg] _25087_/Q -> _26626_/D : -1.908697
[setup reg-reg] _25087_/Q -> _26786_/D : -1.908671
[setup reg-reg] _25087_/Q -> _25602_/D : -1.908420
[setup reg-reg] _25087_/Q -> _26242_/D : -1.907480
[setup reg-reg] _25087_/Q -> _25809_/D : -1.906841
[setup reg-reg] _25087_/Q -> _27483_/D : -1.904409
[setup reg-reg] _25087_/Q -> _26178_/D : -1.903546
[setup reg-reg] _25075_/Q -> _26517_/D : -1.903139
[setup reg-reg] _25075_/Q -> _27093_/D : -1.900350
[setup reg-reg] _25087_/Q -> _25873_/D : -1.899632
[setup reg-reg] _25087_/Q -> _27266_/D : -1.899165
[setup reg-reg] _25087_/Q -> _25532_/D : -1.898915
[setup reg-reg] _25075_/Q -> _27317_/D : -1.898686
[setup reg-reg] _25087_/Q -> _26402_/D : -1.894643
[setup reg-reg] _25075_/Q -> _27509_/D : -1.891895
[setup reg-reg] _25087_/Q -> _26050_/D : -1.890831
[setup reg-reg] _25087_/Q -> _27202_/D : -1.889999
[setup reg-reg] _25087_/Q -> _26333_/D : -1.888544
[setup reg-reg] _25075_/Q -> _25717_/D : -1.887564
[setup reg-reg] _25075_/Q -> _27349_/D : -1.887067
[setup reg-reg] _25087_/Q -> _26269_/D : -1.886669
[setup reg-reg] _25075_/Q -> _27029_/D : -1.886084
[setup reg-reg] _25087_/Q -> _25698_/D : -1.883239
[setup reg-reg] _25087_/Q -> _25890_/D : -1.882500
[setup reg-reg] _25087_/Q -> _27229_/D : -1.881333
[setup reg-reg] _25087_/Q -> _26946_/D : -1.879558
[setup reg-reg] _25087_/Q -> _27362_/D : -1.879540
[setup reg-reg] _25075_/Q -> _25551_/D : -1.879263
[setup reg-reg] _25087_/Q -> _26850_/D : -1.879201
[setup reg-reg] _25087_/Q -> _27074_/D : -1.878981
[setup reg-reg] _25087_/Q -> _27234_/D : -1.874643
[setup reg-reg] _25087_/Q -> _26365_/D : -1.873300
[setup reg-reg] _25087_/Q -> _27042_/D : -1.870831
[setup reg-reg] _25087_/Q -> _27170_/D : -1.870633
[setup reg-reg] _25087_/Q -> _26495_/D : -1.863830
[setup reg-reg] _25075_/Q -> _26773_/D : -1.860512
[setup reg-reg] _25087_/Q -> _27185_/D : -1.858092
[setup reg-reg] _25087_/Q -> _26525_/D : -1.857464
[setup reg-reg] _25087_/Q -> _27458_/D : -1.847621
[setup reg-reg] _25075_/Q -> _26261_/D : -1.845955
[setup reg-reg] _25087_/Q -> _26845_/D : -1.837231
[setup reg-reg] _25075_/Q -> _25039_/D : -1.836952
[setup reg-reg] _25087_/Q -> _27197_/D : -1.831692
[setup reg-reg] _25075_/Q -> _26133_/D : -1.825905
[setup reg-reg] _25087_/Q -> _27325_/D : -1.824594
[setup reg-reg] _25075_/Q -> _25877_/D : -1.822821
[setup reg-reg] _25087_/Q -> _26749_/D : -1.818998
[setup reg-reg] _25087_/Q -> _25725_/D : -1.818235
[setup reg-reg] _25087_/Q -> _24840_/D : -1.803173
[setup reg-reg] _25075_/Q -> _26325_/D : -1.794589
[setup reg-reg] _25087_/Q -> _26651_/D : -1.786186
[setup reg-reg] _25087_/Q -> _26608_/D : -1.772063
[setup reg-reg] _25087_/Q -> _25319_/D : -1.759604
[setup reg-reg] _25087_/Q -> _25329_/D : -1.753751
[setup reg-reg] _25075_/Q -> _24831_/D : -1.737387
[setup reg-reg] _25075_/Q -> _25258_/D : -1.726956
[setup reg-reg] _25075_/Q -> _27491_/D : -1.720291
[setup reg-reg] _25087_/Q -> _25680_/D : -1.717551
[setup reg-reg] _25087_/Q -> _25789_/D : -1.710049
[setup reg-reg] _25087_/Q -> _25326_/D : -1.709696
[setup reg-reg] _25075_/Q -> _26823_/D : -1.706235
[setup reg-reg] _25087_/Q -> _27208_/D : -1.705546
[setup reg-reg] _25075_/Q -> _25208_/D : -1.701606
[setup reg-reg] _25087_/Q -> _25268_/D : -1.701350
[setup reg-reg] _25087_/Q -> _26173_/D : -1.700999
[setup reg-reg] _25087_/Q -> _26205_/D : -1.690241
[setup reg-reg] _25087_/Q -> _27281_/D : -1.686416
[setup reg-reg] _25075_/Q -> _26983_/D : -1.686336
[setup reg-reg] _25087_/Q -> _25584_/D : -1.684695
[setup reg-reg] _25087_/Q -> _25547_/D : -1.683418
[setup reg-reg] _25075_/Q -> _24822_/D : -1.682038
[setup reg-reg] _25075_/Q -> _25207_/D : -1.681473
[setup reg-reg] _25087_/Q -> _25310_/D : -1.680379
[setup reg-reg] _25087_/Q -> _26429_/D : -1.679894
[setup reg-reg] _25087_/Q -> _26300_/D : -1.679625
[setup reg-reg] _25087_/Q -> _24860_/D : -1.677696
[setup reg-reg] _25087_/Q -> _26397_/D : -1.676895
[setup reg-reg] _25075_/Q -> _26119_/D : -1.673325
[setup reg-reg] _25087_/Q -> _27027_/D : -1.671975
[setup reg-reg] _25075_/Q -> _25991_/D : -1.669291
[setup reg-reg] _25087_/Q -> _25875_/D : -1.664411
[setup reg-reg] _25075_/Q -> _26055_/D : -1.661739
[setup reg-reg] _25075_/Q -> _26407_/D : -1.661293
[setup reg-reg] _25087_/Q -> _27485_/D : -1.659036
[setup reg-reg] _25075_/Q -> _27335_/D : -1.657648
[setup reg-reg] _25075_/Q -> _25639_/D : -1.657083
[setup reg-reg] _25087_/Q -> _26236_/D : -1.655163
[setup reg-reg] _25075_/Q -> _27363_/D : -1.654028
[setup reg-reg] _25087_/Q -> _27165_/D : -1.652317
[setup reg-reg] _25075_/Q -> _26183_/D : -1.652165
[setup reg-reg] _25087_/Q -> _27357_/D : -1.649383
[setup reg-reg] _25075_/Q -> _27047_/D : -1.648798
[setup reg-reg] _25087_/Q -> _26352_/D : -1.647797
[setup reg-reg] _25087_/Q -> _26268_/D : -1.647726
[setup reg-reg] _25075_/Q -> _27079_/D : -1.644130
[setup reg-reg] _25087_/Q -> _25597_/D : -1.643018
[setup reg-reg] _25087_/Q -> _26803_/D : -1.642583
[setup reg-reg] _25075_/Q -> _25682_/D : -1.642574
[setup reg-reg] _25075_/Q -> _25955_/D : -1.641185
[setup reg-reg] _25087_/Q -> _26864_/D : -1.639501
[setup reg-reg] _25075_/Q -> _25533_/D : -1.638439
[setup reg-reg] _25087_/Q -> _25661_/D : -1.637211
[setup reg-reg] _25087_/Q -> _27408_/D : -1.636753
[setup reg-reg] _25087_/Q -> _25724_/D : -1.635089
[setup reg-reg] _25087_/Q -> _25108_/D : -1.635010
[setup reg-reg] _25075_/Q -> _27495_/D : -1.633227
[setup reg-reg] _25075_/Q -> _27111_/D : -1.632044
[setup reg-reg] _25087_/Q -> _26768_/D : -1.631712
[setup reg-reg] _25087_/Q -> _26909_/D : -1.631328
[setup reg-reg] _25087_/Q -> _25546_/D : -1.628621
[setup reg-reg] _25075_/Q -> _26535_/D : -1.628191
[setup reg-reg] _25087_/Q -> _26448_/D : -1.627555
[setup reg-reg] _25075_/Q -> _25933_/D : -1.625644
[setup reg-reg] _25087_/Q -> _26326_/D : -1.625544
[setup reg-reg] _25087_/Q -> _25744_/D : -1.623228
[setup reg-reg] _25075_/Q -> _25941_/D : -1.622318
[setup reg-reg] _25075_/Q -> _26439_/D : -1.621876
[setup reg-reg] _25087_/Q -> _26492_/D : -1.621222
[setup reg-reg] _25075_/Q -> _26677_/D : -1.620849
[setup reg-reg] _25087_/Q -> _26160_/D : -1.619503
[setup reg-reg] _25087_/Q -> _27504_/D : -1.619027
[setup reg-reg] _25087_/Q -> _27187_/D : -1.616511
[setup reg-reg] _25075_/Q -> _25257_/D : -1.615238
[setup reg-reg] _25087_/Q -> _26672_/D : -1.615137
[setup reg-reg] _25087_/Q -> _26960_/D : -1.613026
[setup reg-reg] _25087_/Q -> _26995_/D : -1.611587
[setup reg-reg] _25087_/Q -> _27164_/D : -1.610124
[setup reg-reg] _25087_/Q -> _26288_/D : -1.609244
[setup reg-reg] _25087_/Q -> _26512_/D : -1.608679
[setup reg-reg] _25075_/Q -> _27314_/D : -1.605773
[setup reg-reg] _25075_/Q -> _25781_/D : -1.605327
[setup reg-reg] _25087_/Q -> _26014_/D : -1.604557
[setup reg-reg] _25087_/Q -> _27344_/D : -1.601860
[setup reg-reg] _25087_/Q -> _27356_/D : -1.601745
[setup reg-reg] _25087_/Q -> _26224_/D : -1.599876
[setup reg-reg] _25087_/Q -> _26358_/D : -1.599210
[setup reg-reg] _25075_/Q -> _25537_/D : -1.598664
[setup reg-reg] _25075_/Q -> _25895_/D : -1.598369
[setup reg-reg] _25087_/Q -> _27231_/D : -1.597851
[setup reg-reg] _25075_/Q -> _26005_/D : -1.597613
[setup reg-reg] _25087_/Q -> _26640_/D : -1.593206
[setup reg-reg] _25087_/Q -> _25565_/D : -1.592644
[setup reg-reg] _25087_/Q -> _25275_/D : -1.592079
[setup reg-reg] _25087_/Q -> _25852_/D : -1.591729
[setup reg-reg] _25087_/Q -> _26902_/D : -1.589392
[setup reg-reg] _25087_/Q -> _27350_/D : -1.588058
[setup reg-reg] _25075_/Q -> _27527_/D : -1.586738
[setup reg-reg] _25075_/Q -> _26421_/D : -1.586074
[setup reg-reg] _25075_/Q -> _26226_/D : -1.582322
[setup reg-reg] _25087_/Q -> _27120_/D : -1.580757
[setup reg-reg] _25075_/Q -> _27122_/D : -1.578934
[setup reg-reg] _25087_/Q -> _26077_/D : -1.578911
[setup reg-reg] _25075_/Q -> _27399_/D : -1.578773
[setup reg-reg] _25075_/Q -> _27285_/D : -1.578435
[setup reg-reg] _25087_/Q -> _27421_/D : -1.577998
[setup reg-reg] _25075_/Q -> _27413_/D : -1.575996
[setup reg-reg] _25075_/Q -> _26069_/D : -1.575355
[setup reg-reg] _25087_/Q -> _27261_/D : -1.573714
[setup reg-reg] _25075_/Q -> _26613_/D : -1.571308
[setup reg-reg] _25087_/Q -> _27536_/D : -1.571054
[setup reg-reg] _25075_/Q -> _25589_/D : -1.570681
[setup reg-reg] _25087_/Q -> _26237_/D : -1.570653
[setup reg-reg] _25075_/Q -> _26101_/D : -1.569731
[setup reg-reg] _25087_/Q -> _26384_/D : -1.566116
[setup reg-reg] _25075_/Q -> _26997_/D : -1.565597
[setup reg-reg] _25087_/Q -> _26131_/D : -1.564388
[setup reg-reg] _25087_/Q -> _26589_/D : -1.562844
[setup reg-reg] _25075_/Q -> _26709_/D : -1.562558
[setup reg-reg] _25075_/Q -> _26581_/D : -1.561325
[setup reg-reg] _25087_/Q -> _25059_/D : -1.560780
[setup reg-reg] _25087_/Q -> _26835_/D : -1.560494
[setup reg-reg] _25075_/Q -> _26389_/D : -1.558991
[setup reg-reg] _25075_/Q -> _26258_/D : -1.558842
[setup reg-reg] _25087_/Q -> _26259_/D : -1.558648
[setup reg-reg] _25075_/Q -> _26126_/D : -1.558226
[setup reg-reg] _25075_/Q -> _27506_/D : -1.557840
[setup reg-reg] _25075_/Q -> _26990_/D : -1.556950
[setup reg-reg] _25075_/Q -> _26386_/D : -1.555256
[setup reg-reg] _25075_/Q -> _25746_/D : -1.553643
[setup reg-reg] _25075_/Q -> _26638_/D : -1.552927
[setup reg-reg] _25075_/Q -> _25874_/D : -1.550413
[setup reg-reg] _25075_/Q -> _26037_/D : -1.550376
[setup reg-reg] _25087_/Q -> _27315_/D : -1.549736
[setup reg-reg] _25075_/Q -> _26933_/D : -1.548713
[setup reg-reg] _25075_/Q -> _26357_/D : -1.548058
[setup reg-reg] _25087_/Q -> _26998_/D : -1.544525
[setup reg-reg] _25075_/Q -> _24855_/D : -1.543647
[setup reg-reg] _25087_/Q -> _27312_/D : -1.543604
[setup reg-reg] _25087_/Q -> _27294_/D : -1.542137
[setup reg-reg] _25075_/Q -> _25336_/D : -1.540407
[setup reg-reg] _25087_/Q -> _26416_/D : -1.540261
[setup reg-reg] _25075_/Q -> _26741_/D : -1.540194
[setup reg-reg] _25075_/Q -> _26901_/D : -1.540160
[setup reg-reg] _25075_/Q -> _25027_/D : -1.538337
[setup reg-reg] _25075_/Q -> _26197_/D : -1.537050
[setup reg-reg] _25087_/Q -> _25616_/D : -1.535497
[setup reg-reg] _25087_/Q -> _26931_/D : -1.534708
[setup reg-reg] _25075_/Q -> _27221_/D : -1.534184
[setup reg-reg] _25087_/Q -> _26611_/D : -1.533644
[setup reg-reg] _25087_/Q -> _27070_/D : -1.532214
[setup reg-reg] _25087_/Q -> _27088_/D : -1.528488
[setup reg-reg] _25087_/Q -> _25808_/D : -1.528029
[setup reg-reg] _25087_/Q -> _26256_/D : -1.528029
[setup reg-reg] _25087_/Q -> _25886_/D : -1.527797
[setup reg-reg] _25075_/Q -> _26645_/D : -1.527525
[setup reg-reg] _25087_/Q -> _26896_/D : -1.527450
[setup reg-reg] _25087_/Q -> _25712_/D : -1.527193
[setup reg-reg] _25075_/Q -> _26229_/D : -1.525733
[setup reg-reg] _25075_/Q -> _26186_/D : -1.523818
[setup reg-reg] _25075_/Q -> _27342_/D : -1.521556
[setup reg-reg] _25075_/Q -> _25973_/D : -1.521466
[setup reg-reg] _25075_/Q -> _26474_/D : -1.521249
[setup reg-reg] _25075_/Q -> _26162_/D : -1.520881
[setup reg-reg] _25075_/Q -> _25646_/D : -1.520334
[setup reg-reg] _25087_/Q -> _27262_/D : -1.519812
[setup reg-reg] _25087_/Q -> _26192_/D : -1.518895
[setup reg-reg] _25075_/Q -> _26450_/D : -1.515762
[setup reg-reg] _25087_/Q -> _27123_/D : -1.515646
[setup reg-reg] _25075_/Q -> _24824_/D : -1.515224
[setup reg-reg] _25075_/Q -> _25802_/D : -1.513280
[setup reg-reg] _25087_/Q -> _25314_/D : -1.511204
[setup reg-reg] _25087_/Q -> _26867_/D : -1.509971
[setup reg-reg] _25075_/Q -> _27373_/D : -1.509678
[setup reg-reg] _25075_/Q -> _25650_/D : -1.509372
[setup reg-reg] _25075_/Q -> _26098_/D : -1.496057
[setup reg-reg] _25087_/Q -> _26067_/D : -1.495966
[setup reg-reg] _25087_/Q -> _26206_/D : -1.493845
[setup reg-reg] _25075_/Q -> _26958_/D : -1.491898
[setup reg-reg] _25075_/Q -> _27118_/D : -1.490543
[setup reg-reg] _25087_/Q -> _26387_/D : -1.489727
[setup reg-reg] _25075_/Q -> _26310_/D : -1.489704
[setup reg-reg] _25075_/Q -> _26254_/D : -1.488750
[setup reg-reg] _25087_/Q -> _26035_/D : -1.487296
[setup reg-reg] _25075_/Q -> _27466_/D : -1.485901
[setup reg-reg] _25075_/Q -> _26322_/D : -1.485706
[setup reg-reg] _25075_/Q -> _25621_/D : -1.483100
[setup reg-reg] _25087_/Q -> _27518_/D : -1.482286
[setup reg-reg] _25075_/Q -> _26471_/D : -1.481281
[setup reg-reg] _25075_/Q -> _27114_/D : -1.480128
[setup reg-reg] _25087_/Q -> _26291_/D : -1.478959
[setup reg-reg] _25075_/Q -> _25324_/D : -1.476792
[setup reg-reg] _25087_/Q -> _27379_/D : -1.474913
[setup reg-reg] _25075_/Q -> _26062_/D : -1.473639
[setup reg-reg] _25075_/Q -> _27090_/D : -1.469712
[setup reg-reg] _25075_/Q -> _25863_/D : -1.469330
[setup reg-reg] _25087_/Q -> _25758_/D : -1.467496
[setup reg-reg] _25075_/Q -> _25970_/D : -1.466997
[setup reg-reg] _25075_/Q -> _25831_/D : -1.465359
[setup reg-reg] _25075_/Q -> _27246_/D : -1.464416
[setup reg-reg] _25087_/Q -> _26646_/D : -1.463992
[setup reg-reg] _25087_/Q -> _26771_/D : -1.463173
[setup reg-reg] _25075_/Q -> _27050_/D : -1.463151
[setup reg-reg] _25075_/Q -> _25582_/D : -1.459275
[setup reg-reg] _25075_/Q -> _26086_/D : -1.456307
[setup reg-reg] _25075_/Q -> _26138_/D : -1.455883
[setup reg-reg] _25075_/Q -> _27470_/D : -1.455790
[setup reg-reg] _25075_/Q -> _26770_/D : -1.455781
[setup reg-reg] _25075_/Q -> _27582_/D : -1.454945
[setup reg-reg] _25075_/Q -> _27142_/D : -1.454161
[setup reg-reg] _25075_/Q -> _26734_/D : -1.451056
[setup reg-reg] _25087_/Q -> _27318_/D : -1.450456
[setup reg-reg] _25087_/Q -> _27540_/D : -1.448552
[setup reg-reg] _25087_/Q -> _27251_/D : -1.447694
[setup reg-reg] _25087_/Q -> _25811_/D : -1.447404
[setup reg-reg] _25087_/Q -> _26579_/D : -1.444953
[setup reg-reg] _25075_/Q -> _25934_/D : -1.444255
[setup reg-reg] _25075_/Q -> _26566_/D : -1.444052
[setup reg-reg] _25075_/Q -> _26406_/D : -1.443150
[setup reg-reg] _25087_/Q -> _26547_/D : -1.442190
[setup reg-reg] _25087_/Q -> _26739_/D : -1.440231
[setup reg-reg] _25075_/Q -> _27182_/D : -1.440215
[setup reg-reg] _25075_/Q -> _27534_/D : -1.436476
[setup reg-reg] _25075_/Q -> _25998_/D : -1.436305
[setup reg-reg] _25075_/Q -> _27338_/D : -1.434762
[setup reg-reg] _25075_/Q -> _25930_/D : -1.434708
[setup reg-reg] _25075_/Q -> _26578_/D : -1.434705
[setup reg-reg] _25075_/Q -> _26648_/D : -1.433417
[setup reg-reg] _25075_/Q -> _26830_/D : -1.433168
[setup reg-reg] _25087_/Q -> _27443_/D : -1.432095
[setup reg-reg] _25087_/Q -> _27059_/D : -1.432040
[setup reg-reg] _25075_/Q -> _25774_/D : -1.430768
[setup reg-reg] _25087_/Q -> _26227_/D : -1.429781
[setup reg-reg] _25075_/Q -> _27310_/D : -1.428900
[setup reg-reg] _25087_/Q -> _26742_/D : -1.427475
[setup reg-reg] _25087_/Q -> _27382_/D : -1.427283
[setup reg-reg] _25075_/Q -> _26414_/D : -1.422864
[setup reg-reg] _25087_/Q -> _25715_/D : -1.421846
[setup reg-reg] _25075_/Q -> _26350_/D : -1.421544
[setup reg-reg] _25075_/Q -> _26034_/D : -1.420251
[setup reg-reg] _25075_/Q -> _26246_/D : -1.418332
[setup reg-reg] _25087_/Q -> _27507_/D : -1.416559
[setup reg-reg] _25087_/Q -> _26294_/D : -1.415831
[setup reg-reg] _25087_/Q -> _26899_/D : -1.415582
[setup reg-reg] _25075_/Q -> _27032_/D : -1.411982
[setup reg-reg] _25075_/Q -> _24814_/D : -1.411332
[setup reg-reg] _25075_/Q -> _26190_/D : -1.411062
[setup reg-reg] _25075_/Q -> _26478_/D : -1.410426
[setup reg-reg] _25087_/Q -> _26806_/D : -1.408028
[setup reg-reg] _25087_/Q -> _26454_/D : -1.407919
[setup reg-reg] _25075_/Q -> _26318_/D : -1.407885
[setup reg-reg] _25087_/Q -> _26483_/D : -1.407624
[setup reg-reg] _25075_/Q -> _27270_/D : -1.401729
[setup reg-reg] _25087_/Q -> _25622_/D : -1.398918
[setup reg-reg] _25075_/Q -> _26872_/D : -1.398124
[setup reg-reg] _25075_/Q -> _25742_/D : -1.397158
[setup reg-reg] _25075_/Q -> _26926_/D : -1.393312
[setup reg-reg] _25075_/Q -> _26278_/D : -1.393206
[setup reg-reg] _25087_/Q -> _26643_/D : -1.390202
[setup reg-reg] _25075_/Q -> _27150_/D : -1.389486
[setup reg-reg] _25075_/Q -> _27054_/D : -1.387063
[setup reg-reg] _25087_/Q -> _27411_/D : -1.385613
[setup reg-reg] _25075_/Q -> _26967_/D : -1.383640
[setup reg-reg] _25075_/Q -> _27066_/D : -1.382970
[setup reg-reg] _25075_/Q -> _25302_/D : -1.381949
[setup reg-reg] _25075_/Q -> _26808_/D : -1.381222
[setup reg-reg] _25087_/Q -> _25322_/D : -1.380753
[setup reg-reg] _25087_/Q -> _24819_/D : -1.378464
[setup reg-reg] _25075_/Q -> _26094_/D : -1.376209
[setup reg-reg] _25075_/Q -> _26286_/D : -1.374527
[setup reg-reg] _25075_/Q -> _27160_/D : -1.373039
[setup reg-reg] _25087_/Q -> _26422_/D : -1.372420
[setup reg-reg] _25075_/Q -> _27406_/D : -1.370369
[setup reg-reg] _25075_/Q -> _25966_/D : -1.370239
[setup reg-reg] _25075_/Q -> _27502_/D : -1.370239
[setup reg-reg] _25075_/Q -> _26104_/D : -1.369811
[setup reg-reg] _25075_/Q -> _27288_/D : -1.367541
[setup reg-reg] _25075_/Q -> _26182_/D : -1.365221
[setup reg-reg] _25075_/Q -> _26950_/D : -1.364178
[setup reg-reg] _25075_/Q -> _27086_/D : -1.363175
[setup reg-reg] _25087_/Q -> _26515_/D : -1.360121
[setup reg-reg] _25075_/Q -> _25688_/D : -1.358849
[setup reg-reg] _25075_/Q -> _27058_/D : -1.357202
[setup reg-reg] _25075_/Q -> _27560_/D : -1.356595
[setup reg-reg] _25087_/Q -> _25907_/D : -1.354604
[setup reg-reg] _25075_/Q -> _25778_/D : -1.345969
[setup reg-reg] _25087_/Q -> _26760_/D : -1.344860
[setup reg-reg] _25075_/Q -> _24876_/D : -1.343389
[setup reg-reg] _25075_/Q -> _27374_/D : -1.336346
[setup reg-reg] _25075_/Q -> _26468_/D : -1.330767
[setup reg-reg] _25075_/Q -> _26598_/D : -1.328152
[setup reg-reg] _25087_/Q -> _26824_/D : -1.327376
[setup reg-reg] _25075_/Q -> _26822_/D : -1.326880
[setup reg-reg] _25087_/Q -> _25640_/D : -1.326612
[setup reg-reg] _25087_/Q -> _27464_/D : -1.326210
[setup reg-reg] _25075_/Q -> _26394_/D : -1.323212
[setup reg-reg] _25075_/Q -> _25316_/D : -1.322325
[setup reg-reg] _25087_/Q -> _27326_/D : -1.322164
[setup reg-reg] _25087_/Q -> _25308_/D : -1.321382
[setup reg-reg] _25087_/Q -> _26248_/D : -1.310729
[setup reg-reg] _25075_/Q -> _25010_/D : -1.307193
[setup reg-reg] _25075_/Q -> _26297_/D : -1.303180
[setup reg-reg] _25087_/Q -> _25864_/D : -1.303157
[setup reg-reg] _25075_/Q -> _26200_/D : -1.298362
[setup reg-reg] _25087_/Q -> _26440_/D : -1.298320
[setup reg-reg] _25075_/Q -> _27449_/D : -1.287434
[setup reg-reg] _25075_/Q -> _25315_/D : -1.284985
[setup reg-reg] _25087_/Q -> _26280_/D : -1.281602
[setup reg-reg] _25075_/Q -> _27524_/D : -1.274822
[setup reg-reg] _25087_/Q -> _25029_/D : -1.264983
[setup reg-reg] _25075_/Q -> _26647_/D : -1.261975
[setup reg-reg] _25087_/Q -> _26920_/D : -1.257984
[setup reg-reg] _25075_/Q -> _26295_/D : -1.251532
[setup reg-reg] _25075_/Q -> _26617_/D : -1.250165
[setup reg-reg] _25087_/Q -> _25992_/D : -1.239712
[setup reg-reg] _25075_/Q -> _26585_/D : -1.238913
[setup reg-reg] _25075_/Q -> _26002_/D : -1.237607
[setup reg-reg] _25075_/Q -> _26930_/D : -1.237080
[setup reg-reg] _25075_/Q -> _25625_/D : -1.231959
[setup reg-reg] _25087_/Q -> _25014_/D : -1.230909
[setup reg-reg] _25075_/Q -> _26073_/D : -1.229301
[setup reg-reg] _25087_/Q -> _25768_/D : -1.227674
[setup reg-reg] _25075_/Q -> _25912_/D : -1.227441
[setup reg-reg] _25075_/Q -> _26265_/D : -1.222793
[setup reg-reg] _25075_/Q -> _27526_/D : -1.219251
[setup reg-reg] _25075_/Q -> _26766_/D : -1.217666
[setup reg-reg] _25075_/Q -> _25657_/D : -1.215041
[setup reg-reg] _25075_/Q -> _25977_/D : -1.213397
[setup reg-reg] _25075_/Q -> _26446_/D : -1.207315
[setup reg-reg] _25075_/Q -> _27481_/D : -1.206885
[setup reg-reg] _25075_/Q -> _26935_/D : -1.202357
[setup reg-reg] _25087_/Q -> _26108_/D : -1.199131
[setup reg-reg] _25075_/Q -> _25560_/D : -1.195232
[setup reg-reg] _25075_/Q -> _27022_/D : -1.193122
[setup reg-reg] _25075_/Q -> _26702_/D : -1.185397
[setup reg-reg] _25075_/Q -> _24839_/D : -1.184521
[setup reg-reg] _25075_/Q -> _25544_/D : -1.184162
[setup reg-reg] _25087_/Q -> _26685_/D : -1.182123
[setup reg-reg] _25087_/Q -> _25028_/D : -1.181409
[setup reg-reg] _25087_/Q -> _27389_/D : -1.179931
[setup reg-reg] _25075_/Q -> _24835_/D : -1.173071
[setup reg-reg] _25087_/Q -> _25949_/D : -1.170653
[setup reg-reg] _25075_/Q -> _26839_/D : -1.165295
[setup reg-reg] _25087_/Q -> _26524_/D : -1.164830
[setup reg-reg] _25075_/Q -> _25678_/D : -1.163670
[setup reg-reg] _25075_/Q -> _25838_/D : -1.162510
[setup reg-reg] _25087_/Q -> _26844_/D : -1.158085
[setup reg-reg] _25075_/Q -> _25752_/D : -1.154680
[setup reg-reg] _25087_/Q -> _26876_/D : -1.147349
[setup reg-reg] _25087_/Q -> _27583_/D : -1.141936
[setup reg-reg] _25075_/Q -> _27096_/D : -1.141098
[setup reg-reg] _25075_/Q -> _26602_/D : -1.140123
[setup reg-reg] _25087_/Q -> _26748_/D : -1.138808
[setup reg-reg] _25075_/Q -> _26670_/D : -1.137115
[setup reg-reg] _25075_/Q -> _26222_/D : -1.133882
[setup reg-reg] _25075_/Q -> _25312_/D : -1.133866
[setup reg-reg] _25075_/Q -> _24880_/D : -1.133690
[setup reg-reg] _25087_/Q -> _25821_/D : -1.131371
[setup reg-reg] _25075_/Q -> _25305_/D : -1.130735
[setup reg-reg] _25087_/Q -> _27565_/D : -1.130706
[setup reg-reg] _25087_/Q -> _27068_/D : -1.128541
[setup reg-reg] _25075_/Q -> _26542_/D : -1.126882
[setup reg-reg] _25087_/Q -> _25693_/D : -1.125807
[setup reg-reg] _25075_/Q -> _25710_/D : -1.125589
[setup reg-reg] _25075_/Q -> _26465_/D : -1.125432
[setup reg-reg] _25087_/Q -> _25327_/D : -1.125420
[setup reg-reg] _25087_/Q -> _26045_/D : -1.124565
[setup reg-reg] _25075_/Q -> _27438_/D : -1.124146
[setup reg-reg] _25075_/Q -> _27329_/D : -1.124052
[setup reg-reg] _25087_/Q -> _27247_/D : -1.123622
[setup reg-reg] _25075_/Q -> _27511_/D : -1.122430
[setup reg-reg] _25087_/Q -> _25884_/D : -1.118949
[setup reg-reg] _25087_/Q -> _27407_/D : -1.117874
[setup reg-reg] _25075_/Q -> _27352_/D : -1.117666
[setup reg-reg] _25087_/Q -> _27453_/D : -1.116382
[setup reg-reg] _25075_/Q -> _25976_/D : -1.116231
[setup reg-reg] _25087_/Q -> _26813_/D : -1.113655
[setup reg-reg] _25087_/Q -> _27292_/D : -1.113184
[setup reg-reg] _25087_/Q -> _26908_/D : -1.111831
[setup reg-reg] _25087_/Q -> _26159_/D : -1.111745
[setup reg-reg] _25075_/Q -> _26497_/D : -1.111653
[setup reg-reg] _25087_/Q -> _26364_/D : -1.110891
[setup reg-reg] _25075_/Q -> _25975_/D : -1.109902
[setup reg-reg] _25075_/Q -> _26199_/D : -1.109736
[setup reg-reg] _24936_/Q -> _25373_/D : -1.109401
[setup reg-reg] _25075_/Q -> _26698_/D : -1.108502
[setup reg-reg] _25087_/Q -> _26031_/D : -1.108194
[setup reg-reg] _25075_/Q -> _25880_/D : -1.108163
[setup reg-reg] _25075_/Q -> _25011_/D : -1.105631
[setup reg-reg] _25087_/Q -> _26972_/D : -1.104922
[setup reg-reg] _25075_/Q -> _27578_/D : -1.104235
[setup reg-reg] _25075_/Q -> _27370_/D : -1.103658
[setup reg-reg] _25087_/Q -> _25564_/D : -1.100355
[setup reg-reg] _25087_/Q -> _27517_/D : -1.099521
[setup reg-reg] _25087_/Q -> _26978_/D : -1.098169
[setup reg-reg] _25087_/Q -> _25634_/D : -1.098002
[setup reg-reg] _25075_/Q -> _26666_/D : -1.097707
[setup reg-reg] _25087_/Q -> _26780_/D : -1.097371
[setup reg-reg] _25087_/Q -> _25807_/D : -1.096923
[setup reg-reg] _25075_/Q -> _26410_/D : -1.095904
[setup reg-reg] _25075_/Q -> _25825_/D : -1.095236
[setup reg-reg] _25075_/Q -> _25633_/D : -1.094579
[setup reg-reg] _25075_/Q -> _25994_/D : -1.091690
[setup reg-reg] _25075_/Q -> _26369_/D : -1.091596
[setup reg-reg] _25075_/Q -> _26158_/D : -1.091085
[setup reg-reg] _25087_/Q -> _26076_/D : -1.090335
[setup reg-reg] _25075_/Q -> _26634_/D : -1.089978
[setup reg-reg] _25075_/Q -> _27306_/D : -1.089965
[setup reg-reg] _25087_/Q -> _25757_/D : -1.089068
[setup reg-reg] _25087_/Q -> _26716_/D : -1.088575
[setup reg-reg] _25075_/Q -> _26017_/D : -1.087216
[setup reg-reg] _25087_/Q -> _26082_/D : -1.087130
[setup reg-reg] _25087_/Q -> _26620_/D : -1.085647
[setup reg-reg] _25087_/Q -> _25788_/D : -1.084917
[setup reg-reg] _25075_/Q -> _26177_/D : -1.084805
[setup reg-reg] _25075_/Q -> _27178_/D : -1.083592
[setup reg-reg] _25075_/Q -> _26936_/D : -1.083011
[setup reg-reg] _25075_/Q -> _25569_/D : -1.082759
[setup reg-reg] _25087_/Q -> _26332_/D : -1.081261
[setup reg-reg] _25087_/Q -> _27420_/D : -1.080338
[setup reg-reg] _25075_/Q -> _26337_/D : -1.077865
[setup reg-reg] _25075_/Q -> _26487_/D : -1.076876
[setup reg-reg] _25087_/Q -> _25526_/D : -1.076838
[setup reg-reg] _25087_/Q -> _27375_/D : -1.076772
[setup reg-reg] _25087_/Q -> _26460_/D : -1.073282
[setup reg-reg] _25087_/Q -> _25527_/D : -1.072790
[setup reg-reg] _25087_/Q -> _26140_/D : -1.072690
[setup reg-reg] _25075_/Q -> _25911_/D : -1.072317
[setup reg-reg] _25087_/Q -> _26172_/D : -1.071935
[setup reg-reg] _25075_/Q -> _25898_/D : -1.071292
[setup reg-reg] _25087_/Q -> _27535_/D : -1.070291
[setup reg-reg] _25075_/Q -> _26721_/D : -1.068816
[setup reg-reg] _25075_/Q -> _27128_/D : -1.068351
[setup reg-reg] _25075_/Q -> _25770_/D : -1.068088
[setup reg-reg] _25075_/Q -> _26113_/D : -1.067795
[setup reg-reg] _25087_/Q -> _27004_/D : -1.066828
[setup reg-reg] _25075_/Q -> _27498_/D : -1.066606
[setup reg-reg] _25087_/Q -> _27516_/D : -1.066525
[setup reg-reg] _25075_/Q -> _25879_/D : -1.064770
[setup reg-reg] _25087_/Q -> _27132_/D : -1.063606
[setup reg-reg] _25075_/Q -> _26840_/D : -1.062801
[setup reg-reg] _25075_/Q -> _27255_/D : -1.061110
[setup reg-reg] _25087_/Q -> _25660_/D : -1.060975
[setup reg-reg] _25087_/Q -> _26722_/D : -1.060142
[setup reg-reg] _25075_/Q -> _26282_/D : -1.059586
[setup reg-reg] _25087_/Q -> _27452_/D : -1.058721
[setup reg-reg] _25087_/Q -> _27036_/D : -1.058511
[setup reg-reg] _25075_/Q -> _26743_/D : -1.056790
[setup reg-reg] _25075_/Q -> _26488_/D : -1.056188
[setup reg-reg] _25075_/Q -> _25719_/D : -1.055236
[setup reg-reg] _25075_/Q -> _25540_/D : -1.054513
[setup reg-reg] _25075_/Q -> _25921_/D : -1.052264
[setup reg-reg] _25075_/Q -> _26455_/D : -1.050241
[setup reg-reg] _25075_/Q -> _26679_/D : -1.049958
[setup reg-reg] _25087_/Q -> _26556_/D : -1.047999
[setup reg-reg] _25087_/Q -> _27388_/D : -1.046271
[setup reg-reg] _25087_/Q -> _25916_/D : -1.045082
[setup reg-reg] _25087_/Q -> _26818_/D : -1.044830
[setup reg-reg] _25087_/Q -> _27260_/D : -1.043905
[setup reg-reg] _25075_/Q -> _25673_/D : -1.040787
[setup reg-reg] _25075_/Q -> _26689_/D : -1.039187
[setup reg-reg] _25075_/Q -> _27064_/D : -1.037314
[setup reg-reg] _25087_/Q -> _27106_/D : -1.036570
[setup reg-reg] _25087_/Q -> _26012_/D : -1.035589
[setup reg-reg] _25075_/Q -> _27127_/D : -1.034582
[setup reg-reg] _25087_/Q -> _26914_/D : -1.029370
[setup reg-reg] _25075_/Q -> _26072_/D : -1.027406
[setup reg-reg] _25087_/Q -> _27330_/D : -1.026866
[setup reg-reg] _25087_/Q -> _26882_/D : -1.025667
[setup reg-reg] _25075_/Q -> _25953_/D : -1.021427
[setup reg-reg] _25075_/Q -> _25592_/D : -1.017998
[setup reg-reg] _25087_/Q -> _27564_/D : -1.015936
[setup reg-reg] _25087_/Q -> _26370_/D : -1.015051
[setup reg-reg] _25075_/Q -> _25623_/D : -1.013001
[setup reg-reg] _25075_/Q -> _25816_/D : -1.012953
[setup reg-reg] _25087_/Q -> _26114_/D : -1.012781
[setup reg-reg] _25087_/Q -> _27522_/D : -1.009710
[setup reg-reg] _25087_/Q -> _26466_/D : -1.002579
[setup reg-reg] _25087_/Q -> _27005_/D : -1.002059
[setup reg-reg] _25087_/Q -> _26338_/D : -1.001052
[setup reg-reg] _25087_/Q -> _25730_/D : -1.000329
[setup reg-reg] _25087_/Q -> _26562_/D : -0.999913
[setup reg-reg] _25075_/Q -> _25641_/D : -0.996481
[setup reg-reg] _25075_/Q -> _26729_/D : -0.995282
[setup reg-reg] _25075_/Q -> _27017_/D : -0.990438
[setup reg-reg] _25087_/Q -> _25986_/D : -0.987200
[setup reg-reg] _25075_/Q -> _26281_/D : -0.981368
[setup reg-reg] _25087_/Q -> _25922_/D : -0.981283
[setup reg-reg] _25087_/Q -> _25858_/D : -0.975810
[setup reg-reg] _25075_/Q -> _27223_/D : -0.973170
[setup reg-reg] _25087_/Q -> _25954_/D : -0.972074
[setup reg-reg] _25075_/Q -> _25833_/D : -0.971342
[setup reg-reg] _25075_/Q -> _26185_/D : -0.968466
[setup reg-reg] _25087_/Q -> _26018_/D : -0.961128
[setup reg-reg] _25075_/Q -> _25687_/D : -0.960251
[setup reg-reg] _25075_/Q -> _27447_/D : -0.957876
[setup reg-reg] _25075_/Q -> _27031_/D : -0.955298
[setup reg-reg] _25087_/Q -> _25666_/D : -0.949360
[setup reg-reg] _25087_/Q -> _27532_/D : -0.947658
[setup reg-reg] _25087_/Q -> _26434_/D : -0.947081
[setup reg-reg] _25075_/Q -> _25653_/D : -0.943466
[setup reg-reg] _25075_/Q -> _26103_/D : -0.936975
[setup reg-reg] _25075_/Q -> _27445_/D : -0.935758
[setup reg-reg] _25087_/Q -> _27537_/D : -0.934628
[setup reg-reg] _25075_/Q -> _27577_/D : -0.932561
[setup reg-reg] _25075_/Q -> _26569_/D : -0.930120
[setup reg-reg] _25075_/Q -> _25705_/D : -0.929381
[setup reg-reg] _25075_/Q -> _25769_/D : -0.924363
[setup reg-reg] _25075_/Q -> _26665_/D : -0.922874
[setup reg-reg] _25075_/Q -> _26633_/D : -0.915202
[setup reg-reg] _25075_/Q -> _26025_/D : -0.914993
[setup reg-reg] _25075_/Q -> _27401_/D : -0.911555
[setup reg-reg] _25075_/Q -> _27529_/D : -0.911212
[setup reg-reg] _25087_/Q -> _25240_/D : -0.901478
[setup reg-reg] _25075_/Q -> _26441_/D : -0.897392
[setup reg-reg] _25087_/Q -> _27293_/D : -0.887006
[setup reg-reg] _25075_/Q -> _26953_/D : -0.881089
[setup reg-reg] _25087_/Q -> _27138_/D : -0.874195
[setup reg-reg] _25087_/Q -> _27037_/D : -0.872948
[setup reg-reg] _25075_/Q -> _26249_/D : -0.872847
[setup reg-reg] _25075_/Q -> _27177_/D : -0.869827
[setup reg-reg] _25075_/Q -> _26549_/D : -0.864727
[setup reg-reg] _25075_/Q -> _26453_/D : -0.858332
[setup reg-reg] _25075_/Q -> _25591_/D : -0.855208
[setup reg-reg] _25075_/Q -> _26293_/D : -0.852797
[setup reg-reg] _25075_/Q -> _26857_/D : -0.851570
[setup reg-reg] _25075_/Q -> _27477_/D : -0.846544
[setup reg-reg] _25087_/Q -> _25654_/D : -0.845262
[setup reg-reg] _25075_/Q -> _25865_/D : -0.840199
[setup reg-reg] _25075_/Q -> _25909_/D : -0.838472
[setup reg-reg] _25075_/Q -> _26327_/D : -0.837293
[setup reg-reg] _25075_/Q -> _26121_/D : -0.835829
[setup reg-reg] _25075_/Q -> _27465_/D : -0.832070
[setup reg-reg] _25087_/Q -> _26754_/D : -0.828949
[setup reg-reg] _25087_/Q -> _26493_/D : -0.828596
[setup reg-reg] _25075_/Q -> _25845_/D : -0.828141
[setup reg-reg] _25087_/Q -> _27426_/D : -0.825752
[setup reg-reg] _25075_/Q -> _27415_/D : -0.820835
[setup reg-reg] _25087_/Q -> _26838_/D : -0.816929
[setup reg-reg] _25075_/Q -> _25685_/D : -0.814666
[setup reg-reg] _25075_/Q -> _25577_/D : -0.812092
[setup reg-reg] _25075_/Q -> _27381_/D : -0.807049
[setup reg-reg] _25087_/Q -> _26530_/D : -0.806921
[setup reg-reg] _25087_/Q -> _26518_/D : -0.803725
[setup reg-reg] _25075_/Q -> _27157_/D : -0.803166
[setup reg-reg] _25087_/Q -> _25846_/D : -0.800904
[setup reg-reg] _25075_/Q -> _25813_/D : -0.800428
[setup reg-reg] _25087_/Q -> _25750_/D : -0.796474
[setup reg-reg] _25087_/Q -> _26582_/D : -0.795424
[setup reg-reg] _25075_/Q -> _26165_/D : -0.785931
[setup reg-reg] _25087_/Q -> _25942_/D : -0.785441
[setup reg-reg] _25087_/Q -> _26550_/D : -0.785407
[setup reg-reg] _25075_/Q -> _27125_/D : -0.785287
[setup reg-reg] _25087_/Q -> _25520_/D : -0.785249
[setup reg-reg] _25075_/Q -> _27383_/D : -0.784045
[setup reg-reg] _25075_/Q -> _26805_/D : -0.780883
[setup reg-reg] _25075_/Q -> _27589_/D : -0.777920
[setup reg-reg] _25075_/Q -> _27433_/D : -0.776396
[setup reg-reg] _25075_/Q -> _27369_/D : -0.773959
[setup reg-reg] _25087_/Q -> _27126_/D : -0.773767
[setup reg-reg] _25087_/Q -> _25590_/D : -0.761741
[setup reg-reg] _25075_/Q -> _27063_/D : -0.760192
[setup reg-reg] _25075_/Q -> _26859_/D : -0.755318
[setup reg-reg] _25075_/Q -> _26423_/D : -0.754703
[setup reg-reg] _25075_/Q -> _27189_/D : -0.747134
[setup reg-reg] _25087_/Q -> _26774_/D : -0.745677
[setup reg-reg] _25087_/Q -> _26966_/D : -0.740604
[setup reg-reg] _25087_/Q -> _26486_/D : -0.737865
[setup reg-reg] _25087_/Q -> _26262_/D : -0.737348
[setup reg-reg] _25075_/Q -> _26473_/D : -0.735373
[setup reg-reg] _25087_/Q -> _26070_/D : -0.734810
[setup reg-reg] _25075_/Q -> _26057_/D : -0.734431
[setup reg-reg] _25075_/Q -> _26091_/D : -0.733216
[setup reg-reg] _25087_/Q -> _27283_/D : -0.732793
[setup reg-reg] _25075_/Q -> _26347_/D : -0.731871
[setup reg-reg] _25075_/Q -> _25801_/D : -0.730745
[setup reg-reg] _25075_/Q -> _25609_/D : -0.730623
[setup reg-reg] _25087_/Q -> _27196_/D : -0.726640
[setup reg-reg] _25087_/Q -> _26102_/D : -0.721069
[setup reg-reg] _25087_/Q -> _25683_/D : -0.718179
[setup reg-reg] _25075_/Q -> _26059_/D : -0.717044
[setup reg-reg] _25087_/Q -> _27286_/D : -0.715707
[setup reg-reg] _25075_/Q -> _26891_/D : -0.715227
[setup reg-reg] _25075_/Q -> _26731_/D : -0.714637
[setup reg-reg] _25087_/Q -> _26099_/D : -0.712367
[setup reg-reg] _25075_/Q -> _27253_/D : -0.711939
[setup reg-reg] _25075_/Q -> _26955_/D : -0.711680
[setup reg-reg] _25075_/Q -> _26635_/D : -0.708280
[setup reg-reg] _25075_/Q -> _26123_/D : -0.707015
[setup reg-reg] _25075_/Q -> _25803_/D : -0.705395
[setup reg-reg] _25087_/Q -> _26678_/D : -0.704988
[setup reg-reg] _25087_/Q -> _25814_/D : -0.704693
[setup reg-reg] _25087_/Q -> _26038_/D : -0.703713
[setup reg-reg] _25075_/Q -> _26505_/D : -0.701403
[setup reg-reg] _25087_/Q -> _27475_/D : -0.700625
[setup reg-reg] _25075_/Q -> _26889_/D : -0.700132
[setup reg-reg] _25075_/Q -> _25739_/D : -0.699956
[setup reg-reg] _25075_/Q -> _27051_/D : -0.699226
[setup reg-reg] _25087_/Q -> _27558_/D : -0.697778
[setup reg-reg] _25075_/Q -> _26923_/D : -0.696035
[setup reg-reg] _25087_/Q -> _26003_/D : -0.694609
[setup reg-reg] _25075_/Q -> _26603_/D : -0.691459
[setup reg-reg] _25087_/Q -> _25628_/D : -0.690777
[setup reg-reg] _25087_/Q -> _26198_/D : -0.690653
[setup reg-reg] _25087_/Q -> _25686_/D : -0.690349
[setup reg-reg] _25075_/Q -> _26443_/D : -0.689180
[setup reg-reg] _25075_/Q -> _27273_/D : -0.686818
[setup reg-reg] _25075_/Q -> _26411_/D : -0.685944
[setup reg-reg] _25087_/Q -> _26355_/D : -0.683560
[setup reg-reg] _25075_/Q -> _26251_/D : -0.683546
[setup reg-reg] _25075_/Q -> _26283_/D : -0.683238
[setup reg-reg] _25087_/Q -> _26934_/D : -0.680604
[setup reg-reg] _25075_/Q -> _26187_/D : -0.679218
[setup reg-reg] _25087_/Q -> _27155_/D : -0.672506
[setup reg-reg] _25087_/Q -> _26717_/D : -0.669221
[setup reg-reg] _25087_/Q -> _25747_/D : -0.667864
[setup reg-reg] _25075_/Q -> _27531_/D : -0.666311
[setup reg-reg] _25075_/Q -> _27499_/D : -0.664009
[setup reg-reg] _25087_/Q -> _26707_/D : -0.661792
[setup reg-reg] _25075_/Q -> _27243_/D : -0.660894
[setup reg-reg] _25075_/Q -> _27115_/D : -0.659421
[setup reg-reg] _25075_/Q -> _27403_/D : -0.652079
[setup reg-reg] _25075_/Q -> _25867_/D : -0.651619
[setup reg-reg] _25075_/Q -> _27275_/D : -0.650591
[setup reg-reg] _25075_/Q -> _25835_/D : -0.650054
[setup reg-reg] _25075_/Q -> _27061_/D : -0.645295
[setup reg-reg] _25075_/Q -> _25899_/D : -0.640565
[setup reg-reg] _25075_/Q -> _26155_/D : -0.638975
[setup reg-reg] _25075_/Q -> _27147_/D : -0.638719
[setup reg-reg] _25075_/Q -> _25611_/D : -0.636078
[setup reg-reg] _25087_/Q -> _26461_/D : -0.635181
[setup reg-reg] _25075_/Q -> _27435_/D : -0.630729
[setup reg-reg] _25075_/Q -> _27083_/D : -0.629829
[setup reg-reg] _25075_/Q -> _26571_/D : -0.624810
[setup reg-reg] _25087_/Q -> _25648_/D : -0.624095
[setup reg-reg] _25075_/Q -> _25771_/D : -0.622078
[setup reg-reg] _25075_/Q -> _26699_/D : -0.621952
[setup reg-reg] _25075_/Q -> _25931_/D : -0.621677
[setup reg-reg] _25075_/Q -> _26485_/D : -0.616524
[setup reg-reg] _25075_/Q -> _26763_/D : -0.615911
[setup reg-reg] _25075_/Q -> _26795_/D : -0.615346
[setup reg-reg] _25075_/Q -> _26869_/D : -0.613902
[setup reg-reg] _25075_/Q -> _26219_/D : -0.612378
[setup reg-reg] _25087_/Q -> _25325_/D : -0.610307
[setup reg-reg] _25075_/Q -> _25675_/D : -0.607203
[setup reg-reg] _25075_/Q -> _27179_/D : -0.606358
[setup reg-reg] _25075_/Q -> _27371_/D : -0.603135
[setup reg-reg] _25075_/Q -> _26027_/D : -0.602929
[setup reg-reg] _25087_/Q -> _26973_/D : -0.599695
[setup reg-reg] _25087_/Q -> _25936_/D : -0.599201
[setup reg-reg] _25075_/Q -> _27019_/D : -0.592646
[setup reg-reg] _25075_/Q -> _25541_/D : -0.591243
[setup reg-reg] _25075_/Q -> _25643_/D : -0.590040
[setup reg-reg] _25075_/Q -> _26475_/D : -0.582128
[setup reg-reg] _25087_/Q -> _25904_/D : -0.578407
[setup reg-reg] _25075_/Q -> _25707_/D : -0.566741
[setup reg-reg] _25075_/Q -> _27467_/D : -0.564738
[setup reg-reg] _25087_/Q -> _26195_/D : -0.563478
[setup reg-reg] _25087_/Q -> _26870_/D : -0.555833
[setup reg-reg] _25075_/Q -> _26030_/D : -0.554278
[setup reg-reg] _25075_/Q -> _26574_/D : -0.543738
[setup reg-reg] _25087_/Q -> _25619_/D : -0.534268
[setup reg-reg] _25087_/Q -> _26134_/D : -0.528617
[setup reg-reg] _25087_/Q -> _25782_/D : -0.528553
[setup reg-reg] _25087_/Q -> _25651_/D : -0.524237
[setup reg-reg] _25087_/Q -> _26163_/D : -0.521316
[setup reg-reg] _25075_/Q -> _26315_/D : -0.513655
[setup reg-reg] _25075_/Q -> _26539_/D : -0.511577
[setup reg-reg] _25087_/Q -> _25549_/D : -0.506848
[setup reg-reg] _25087_/Q -> _26614_/D : -0.506418
[setup reg-reg] _25087_/Q -> _25313_/D : -0.502517
[setup reg-reg] _25087_/Q -> _27254_/D : -0.498121
[setup reg-reg] _25075_/Q -> _25579_/D : -0.494513
[setup reg-reg] _25087_/Q -> _26451_/D : -0.491887
[setup reg-reg] _25075_/Q -> _25995_/D : -0.484794
[setup reg-reg] _25075_/Q -> _26667_/D : -0.481668
[setup reg-reg] _25075_/Q -> _27339_/D : -0.479391
[setup reg-reg] _25087_/Q -> _27414_/D : -0.478247
[setup reg-reg] _25075_/Q -> _26379_/D : -0.466217
[setup reg-reg] _25075_/Q -> _27214_/D : -0.465626
[setup reg-reg] _25075_/Q -> _26827_/D : -0.463961
[setup reg-reg] _25075_/Q -> _27211_/D : -0.461851
[setup reg-reg] _25087_/Q -> _26675_/D : -0.461815
[setup reg-reg] _25075_/Q -> _27579_/D : -0.457462
[setup reg-reg] _25075_/Q -> _26507_/D : -0.457359
[setup reg-reg] _25075_/Q -> _25963_/D : -0.456433
[setup reg-reg] _25075_/Q -> _26987_/D : -0.449807
[setup reg-reg] _25075_/Q -> _27278_/D : -0.444258
[setup reg-reg] _25087_/Q -> _25587_/D : -0.440746
[setup reg-reg] _25075_/Q -> _26894_/D : -0.440286
[setup reg-reg] _25087_/Q -> _26963_/D : -0.420076
[setup reg-reg] _25075_/Q -> _27307_/D : -0.417623
[setup reg-reg] _25075_/Q -> _26570_/D : -0.411815
[setup reg-reg] _25075_/Q -> _25902_/D : -0.410944
[setup reg-reg] _25075_/Q -> _27346_/D : -0.409431
[setup reg-reg] _25075_/Q -> _25870_/D : -0.388136
[setup reg-reg] _25075_/Q -> _26834_/D : -0.381649
[setup reg-reg] _25075_/Q -> _26510_/D : -0.376584
[setup reg-reg] _25087_/Q -> _25304_/D : -0.370846
[setup reg-reg] _25075_/Q -> _26150_/D : -0.365125
[setup reg-reg] _25075_/Q -> _27521_/D : -0.360805
[setup reg-reg] _25075_/Q -> _26798_/D : -0.352669
[setup reg-reg] _25075_/Q -> _25574_/D : -0.351887
[setup reg-reg] _25075_/Q -> _26424_/D : -0.351388
[setup reg-reg] _25075_/Q -> _25706_/D : -0.343952
[setup reg-reg] _25075_/Q -> _27416_/D : -0.343372
[setup reg-reg] _25075_/Q -> _26328_/D : -0.336497
[setup reg-reg] _24936_/Q -> _26584_/D : -0.333825
[setup reg-reg] _25075_/Q -> _26616_/D : -0.332607
[setup reg-reg] _25075_/Q -> _27000_/D : -0.327860
[setup reg-reg] _25075_/Q -> _25624_/D : -0.317844
[setup reg-reg] _25075_/Q -> _26969_/D : -0.316469
[setup reg-reg] _25075_/Q -> _26680_/D : -0.308802
[setup reg-reg] _25075_/Q -> _27320_/D : -0.308221
[setup reg-reg] _25075_/Q -> _26713_/D : -0.307903
[setup reg-reg] _25075_/Q -> _27224_/D : -0.301004
[setup reg-reg] _25075_/Q -> _26937_/D : -0.299879
[setup reg-reg] _25075_/Q -> _27530_/D : -0.296879
[setup reg-reg] _25075_/Q -> _25817_/D : -0.292021
[setup reg-reg] _25075_/Q -> _27129_/D : -0.291003
[setup reg-reg] _25075_/Q -> _26538_/D : -0.290399
[setup reg-reg] _25075_/Q -> _27448_/D : -0.290250
[setup reg-reg] _25075_/Q -> _26008_/D : -0.288518
[setup reg-reg] _25075_/Q -> _26136_/D : -0.285716
[setup reg-reg] _25075_/Q -> _27192_/D : -0.281588
[setup reg-reg] _25075_/Q -> _27193_/D : -0.280773
[setup reg-reg] _25075_/Q -> _25656_/D : -0.278661
[setup reg-reg] _25075_/Q -> _26329_/D : -0.276627
[setup reg-reg] _25075_/Q -> _26009_/D : -0.269774
[setup reg-reg] _25075_/Q -> _27513_/D : -0.269264
[setup reg-reg] _25075_/Q -> _25720_/D : -0.261009
[setup reg-reg] _25075_/Q -> _27097_/D : -0.249665
[setup reg-reg] _25075_/Q -> _26105_/D : -0.249173
[setup reg-reg] _25075_/Q -> _25689_/D : -0.247990
[setup reg-reg] _25075_/Q -> _25593_/D : -0.247821
[setup reg-reg] _25075_/Q -> _27480_/D : -0.246374
[setup reg-reg] _25075_/Q -> _26873_/D : -0.244937
[setup reg-reg] _25075_/Q -> _26168_/D : -0.244469
[setup reg-reg] _25075_/Q -> _27257_/D : -0.244059
[setup reg-reg] _25087_/Q -> _26652_/D : -0.243420
[setup reg-reg] _25087_/Q -> _25307_/D : -0.240606
[setup reg-reg] _25075_/Q -> _26393_/D : -0.239341
[setup reg-reg] _25075_/Q -> _26809_/D : -0.237163
[setup reg-reg] _25075_/Q -> _25881_/D : -0.235488
[setup reg-reg] _25075_/Q -> _26457_/D : -0.234014
[setup reg-reg] _25075_/Q -> _27561_/D : -0.232978
[setup reg-reg] _25075_/Q -> _27033_/D : -0.232772
[setup reg-reg] _25075_/Q -> _26137_/D : -0.232435
[setup reg-reg] _25075_/Q -> _27256_/D : -0.223551
[setup reg-reg] _25075_/Q -> _26296_/D : -0.220560
[setup reg-reg] _25075_/Q -> _26425_/D : -0.216607
[setup reg-reg] _25075_/Q -> _27225_/D : -0.213300
[setup reg-reg] _25075_/Q -> _27065_/D : -0.207400
[setup reg-reg] _25075_/Q -> _26361_/D : -0.206251
[setup reg-reg] _25075_/Q -> _26233_/D : -0.202796
[setup reg-reg] _25087_/Q -> _27528_/D : -0.188260
[setup reg-reg] _25075_/Q -> _26777_/D : -0.186619
[setup reg-reg] _25075_/Q -> _27417_/D : -0.186528
[setup reg-reg] _25087_/Q -> _25321_/D : -0.183826
[setup reg-reg] _25075_/Q -> _25317_/D : -0.183141
[setup reg-reg] _25075_/Q -> _25614_/D : -0.182533
[setup reg-reg] _25075_/Q -> _26681_/D : -0.181650
[setup reg-reg] _25087_/Q -> _26396_/D : -0.179861
[setup reg-reg] _25075_/Q -> _27385_/D : -0.179275
[setup reg-reg] _25075_/Q -> _26169_/D : -0.176497
[setup reg-reg] _25075_/Q -> _26041_/D : -0.175911
[setup reg-reg] _25075_/Q -> _27321_/D : -0.170095
[setup reg-reg] _25075_/Q -> _25945_/D : -0.168269
[setup reg-reg] _25075_/Q -> _26489_/D : -0.165230
[setup reg-reg] _25075_/Q -> _27001_/D : -0.157236
[setup reg-reg] _25087_/Q -> _26940_/D : -0.147306
[setup reg-reg] _25075_/Q -> _26862_/D : -0.142059
[setup reg-reg] _25075_/Q -> _26606_/D : -0.140359
[setup reg-reg] _25087_/Q -> _26044_/D : -0.138822
[setup reg-reg] _25075_/Q -> _25806_/D : -0.137977
[setup reg-reg] _25087_/Q -> _26588_/D : -0.130685
[setup reg-reg] _25075_/Q -> _26382_/D : -0.109257
[setup reg-reg] _25075_/Q -> _26232_/D : -0.088946
[setup reg-reg] _25087_/Q -> _27484_/D : -0.088486
[setup reg-reg] _25075_/Q -> _26360_/D : -0.082316
[setup reg-reg] _25075_/Q -> _26264_/D : -0.079959
[setup reg-reg] _25087_/Q -> _26146_/D : -0.076799
[setup reg-reg] _25075_/Q -> _25309_/D : -0.070299
[setup reg-reg] _25075_/Q -> _26890_/D : -0.060474
[setup reg-reg] _25075_/Q -> _26218_/D : -0.055225
[setup reg-reg] _25075_/Q -> _26314_/D : -0.054335
[setup reg-reg] _25075_/Q -> _26250_/D : -0.049791
[setup reg-reg] _25075_/Q -> _27082_/D : -0.045894
[setup reg-reg] _25075_/Q -> _25578_/D : -0.045777
[setup reg-reg] _25075_/Q -> _27210_/D : -0.041656
[setup reg-reg] _25075_/Q -> _26090_/D : -0.034463
[setup reg-reg] _25075_/Q -> _26762_/D : -0.031202
[setup reg-reg] _25075_/Q -> _26506_/D : -0.027855
[setup reg-reg] _25075_/Q -> _27274_/D : -0.023595
[setup reg-reg] _25075_/Q -> _24854_/D : -0.016970
