
Cell gf180mcu_fd_sc_mcu7t5v0__fillcap_4 (0) disconnected node: VDD
Cell gf180mcu_fd_sc_mcu7t5v0__fillcap_4 (0) disconnected node: VNW
Cell gf180mcu_fd_sc_mcu7t5v0__fillcap_4 (0) disconnected node: VPW
Cell gf180mcu_fd_sc_mcu7t5v0__fillcap_4 (0) disconnected node: VSS

Subcircuit pins:
Circuit 1: gf180mcu_fd_sc_mcu7t5v0__fillca |Circuit 2: gf180mcu_fd_sc_mcu7t5v0__fillca 
-------------------------------------------|-------------------------------------------
VDD                                        |VDD                                        
VNW                                        |VNW                                        
VPW                                        |VPW                                        
VSS                                        |VSS                                        
---------------------------------------------------------------------------------------
Cell pin lists are equivalent.
Device classes gf180mcu_fd_sc_mcu7t5v0__fillcap_4 and gf180mcu_fd_sc_mcu7t5v0__fillcap_4 are equivalent.

Cell gf180mcu_fd_sc_mcu7t5v0__fillcap_8 (0) disconnected node: VDD
Cell gf180mcu_fd_sc_mcu7t5v0__fillcap_8 (0) disconnected node: VNW
Cell gf180mcu_fd_sc_mcu7t5v0__fillcap_8 (0) disconnected node: VPW
Cell gf180mcu_fd_sc_mcu7t5v0__fillcap_8 (0) disconnected node: VSS

Subcircuit pins:
Circuit 1: gf180mcu_fd_sc_mcu7t5v0__fillca |Circuit 2: gf180mcu_fd_sc_mcu7t5v0__fillca 
-------------------------------------------|-------------------------------------------
VDD                                        |VDD                                        
VNW                                        |VNW                                        
VPW                                        |VPW                                        
VSS                                        |VSS                                        
---------------------------------------------------------------------------------------
Cell pin lists are equivalent.
Device classes gf180mcu_fd_sc_mcu7t5v0__fillcap_8 and gf180mcu_fd_sc_mcu7t5v0__fillcap_8 are equivalent.

Cell gf180mcu_fd_sc_mcu7t5v0__fillcap_32 (0) disconnected node: VDD
Cell gf180mcu_fd_sc_mcu7t5v0__fillcap_32 (0) disconnected node: VNW
Cell gf180mcu_fd_sc_mcu7t5v0__fillcap_32 (0) disconnected node: VPW
Cell gf180mcu_fd_sc_mcu7t5v0__fillcap_32 (0) disconnected node: VSS

Subcircuit pins:
Circuit 1: gf180mcu_fd_sc_mcu7t5v0__fillca |Circuit 2: gf180mcu_fd_sc_mcu7t5v0__fillca 
-------------------------------------------|-------------------------------------------
VDD                                        |VDD                                        
VNW                                        |VNW                                        
VPW                                        |VPW                                        
VSS                                        |VSS                                        
---------------------------------------------------------------------------------------
Cell pin lists are equivalent.
Device classes gf180mcu_fd_sc_mcu7t5v0__fillcap_32 and gf180mcu_fd_sc_mcu7t5v0__fillcap_32 are equivalent.

Cell gf180mcu_fd_sc_mcu7t5v0__oai221_1 (0) disconnected node: A1
Cell gf180mcu_fd_sc_mcu7t5v0__oai221_1 (0) disconnected node: A2
Cell gf180mcu_fd_sc_mcu7t5v0__oai221_1 (0) disconnected node: B1
Cell gf180mcu_fd_sc_mcu7t5v0__oai221_1 (0) disconnected node: B2
Cell gf180mcu_fd_sc_mcu7t5v0__oai221_1 (0) disconnected node: C
Cell gf180mcu_fd_sc_mcu7t5v0__oai221_1 (0) disconnected node: ZN
Cell gf180mcu_fd_sc_mcu7t5v0__oai221_1 (0) disconnected node: VDD
Cell gf180mcu_fd_sc_mcu7t5v0__oai221_1 (0) disconnected node: VNW
Cell gf180mcu_fd_sc_mcu7t5v0__oai221_1 (0) disconnected node: VPW
Cell gf180mcu_fd_sc_mcu7t5v0__oai221_1 (0) disconnected node: VSS

Subcircuit pins:
Circuit 1: gf180mcu_fd_sc_mcu7t5v0__oai221 |Circuit 2: gf180mcu_fd_sc_mcu7t5v0__oai221 
-------------------------------------------|-------------------------------------------
A1                                         |A1                                         
A2                                         |A2                                         
B1                                         |B1                                         
B2                                         |B2                                         
C                                          |C                                          
ZN                                         |ZN                                         
VDD                                        |VDD                                        
VNW                                        |VNW                                        
VPW                                        |VPW                                        
VSS                                        |VSS                                        
---------------------------------------------------------------------------------------
Cell pin lists are equivalent.
Device classes gf180mcu_fd_sc_mcu7t5v0__oai221_1 and gf180mcu_fd_sc_mcu7t5v0__oai221_1 are equivalent.

Cell gf180mcu_fd_sc_mcu7t5v0__oai21_1 (0) disconnected node: A1
Cell gf180mcu_fd_sc_mcu7t5v0__oai21_1 (0) disconnected node: A2
Cell gf180mcu_fd_sc_mcu7t5v0__oai21_1 (0) disconnected node: B
Cell gf180mcu_fd_sc_mcu7t5v0__oai21_1 (0) disconnected node: ZN
Cell gf180mcu_fd_sc_mcu7t5v0__oai21_1 (0) disconnected node: VDD
Cell gf180mcu_fd_sc_mcu7t5v0__oai21_1 (0) disconnected node: VNW
Cell gf180mcu_fd_sc_mcu7t5v0__oai21_1 (0) disconnected node: VPW
Cell gf180mcu_fd_sc_mcu7t5v0__oai21_1 (0) disconnected node: VSS

Subcircuit pins:
Circuit 1: gf180mcu_fd_sc_mcu7t5v0__oai21_ |Circuit 2: gf180mcu_fd_sc_mcu7t5v0__oai21_ 
-------------------------------------------|-------------------------------------------
A1                                         |A1                                         
A2                                         |A2                                         
B                                          |B                                          
ZN                                         |ZN                                         
VDD                                        |VDD                                        
VNW                                        |VNW                                        
VPW                                        |VPW                                        
VSS                                        |VSS                                        
---------------------------------------------------------------------------------------
Cell pin lists are equivalent.
Device classes gf180mcu_fd_sc_mcu7t5v0__oai21_1 and gf180mcu_fd_sc_mcu7t5v0__oai21_1 are equivalent.

Cell gf180mcu_fd_sc_mcu7t5v0__tiel (0) disconnected node: ZN
Cell gf180mcu_fd_sc_mcu7t5v0__tiel (0) disconnected node: VDD
Cell gf180mcu_fd_sc_mcu7t5v0__tiel (0) disconnected node: VNW
Cell gf180mcu_fd_sc_mcu7t5v0__tiel (0) disconnected node: VPW
Cell gf180mcu_fd_sc_mcu7t5v0__tiel (0) disconnected node: VSS

Subcircuit pins:
Circuit 1: gf180mcu_fd_sc_mcu7t5v0__tiel   |Circuit 2: gf180mcu_fd_sc_mcu7t5v0__tiel   
-------------------------------------------|-------------------------------------------
ZN                                         |ZN                                         
VDD                                        |VDD                                        
VNW                                        |VNW                                        
VPW                                        |VPW                                        
VSS                                        |VSS                                        
---------------------------------------------------------------------------------------
Cell pin lists are equivalent.
Device classes gf180mcu_fd_sc_mcu7t5v0__tiel and gf180mcu_fd_sc_mcu7t5v0__tiel are equivalent.

Cell gf180mcu_fd_sc_mcu7t5v0__tieh (0) disconnected node: Z
Cell gf180mcu_fd_sc_mcu7t5v0__tieh (0) disconnected node: VDD
Cell gf180mcu_fd_sc_mcu7t5v0__tieh (0) disconnected node: VNW
Cell gf180mcu_fd_sc_mcu7t5v0__tieh (0) disconnected node: VPW
Cell gf180mcu_fd_sc_mcu7t5v0__tieh (0) disconnected node: VSS

Subcircuit pins:
Circuit 1: gf180mcu_fd_sc_mcu7t5v0__tieh   |Circuit 2: gf180mcu_fd_sc_mcu7t5v0__tieh   
-------------------------------------------|-------------------------------------------
Z                                          |Z                                          
VDD                                        |VDD                                        
VNW                                        |VNW                                        
VPW                                        |VPW                                        
VSS                                        |VSS                                        
---------------------------------------------------------------------------------------
Cell pin lists are equivalent.
Device classes gf180mcu_fd_sc_mcu7t5v0__tieh and gf180mcu_fd_sc_mcu7t5v0__tieh are equivalent.

Cell gf180mcu_fd_sc_mcu7t5v0__nand2_1 (0) disconnected node: A1
Cell gf180mcu_fd_sc_mcu7t5v0__nand2_1 (0) disconnected node: A2
Cell gf180mcu_fd_sc_mcu7t5v0__nand2_1 (0) disconnected node: ZN
Cell gf180mcu_fd_sc_mcu7t5v0__nand2_1 (0) disconnected node: VDD
Cell gf180mcu_fd_sc_mcu7t5v0__nand2_1 (0) disconnected node: VNW
Cell gf180mcu_fd_sc_mcu7t5v0__nand2_1 (0) disconnected node: VPW
Cell gf180mcu_fd_sc_mcu7t5v0__nand2_1 (0) disconnected node: VSS

Subcircuit pins:
Circuit 1: gf180mcu_fd_sc_mcu7t5v0__nand2_ |Circuit 2: gf180mcu_fd_sc_mcu7t5v0__nand2_ 
-------------------------------------------|-------------------------------------------
A1                                         |A1                                         
A2                                         |A2                                         
ZN                                         |ZN                                         
VDD                                        |VDD                                        
VNW                                        |VNW                                        
VPW                                        |VPW                                        
VSS                                        |VSS                                        
---------------------------------------------------------------------------------------
Cell pin lists are equivalent.
Device classes gf180mcu_fd_sc_mcu7t5v0__nand2_1 and gf180mcu_fd_sc_mcu7t5v0__nand2_1 are equivalent.

Cell gf180mcu_fd_sc_mcu7t5v0__fillcap_16 (0) disconnected node: VDD
Cell gf180mcu_fd_sc_mcu7t5v0__fillcap_16 (0) disconnected node: VNW
Cell gf180mcu_fd_sc_mcu7t5v0__fillcap_16 (0) disconnected node: VPW
Cell gf180mcu_fd_sc_mcu7t5v0__fillcap_16 (0) disconnected node: VSS

Subcircuit pins:
Circuit 1: gf180mcu_fd_sc_mcu7t5v0__fillca |Circuit 2: gf180mcu_fd_sc_mcu7t5v0__fillca 
-------------------------------------------|-------------------------------------------
VDD                                        |VDD                                        
VNW                                        |VNW                                        
VPW                                        |VPW                                        
VSS                                        |VSS                                        
---------------------------------------------------------------------------------------
Cell pin lists are equivalent.
Device classes gf180mcu_fd_sc_mcu7t5v0__fillcap_16 and gf180mcu_fd_sc_mcu7t5v0__fillcap_16 are equivalent.

Cell gf180mcu_fd_sc_mcu7t5v0__dffrnq_2 (0) disconnected node: D
Cell gf180mcu_fd_sc_mcu7t5v0__dffrnq_2 (0) disconnected node: RN
Cell gf180mcu_fd_sc_mcu7t5v0__dffrnq_2 (0) disconnected node: CLK
Cell gf180mcu_fd_sc_mcu7t5v0__dffrnq_2 (0) disconnected node: Q
Cell gf180mcu_fd_sc_mcu7t5v0__dffrnq_2 (0) disconnected node: VDD
Cell gf180mcu_fd_sc_mcu7t5v0__dffrnq_2 (0) disconnected node: VNW
Cell gf180mcu_fd_sc_mcu7t5v0__dffrnq_2 (0) disconnected node: VPW
Cell gf180mcu_fd_sc_mcu7t5v0__dffrnq_2 (0) disconnected node: VSS

Subcircuit pins:
Circuit 1: gf180mcu_fd_sc_mcu7t5v0__dffrnq |Circuit 2: gf180mcu_fd_sc_mcu7t5v0__dffrnq 
-------------------------------------------|-------------------------------------------
D                                          |D                                          
RN                                         |RN                                         
CLK                                        |CLK                                        
Q                                          |Q                                          
VDD                                        |VDD                                        
VNW                                        |VNW                                        
VPW                                        |VPW                                        
VSS                                        |VSS                                        
---------------------------------------------------------------------------------------
Cell pin lists are equivalent.
Device classes gf180mcu_fd_sc_mcu7t5v0__dffrnq_2 and gf180mcu_fd_sc_mcu7t5v0__dffrnq_2 are equivalent.

Cell gf180mcu_fd_sc_mcu7t5v0__clkbuf_8 (0) disconnected node: I
Cell gf180mcu_fd_sc_mcu7t5v0__clkbuf_8 (0) disconnected node: Z
Cell gf180mcu_fd_sc_mcu7t5v0__clkbuf_8 (0) disconnected node: VDD
Cell gf180mcu_fd_sc_mcu7t5v0__clkbuf_8 (0) disconnected node: VNW
Cell gf180mcu_fd_sc_mcu7t5v0__clkbuf_8 (0) disconnected node: VPW
Cell gf180mcu_fd_sc_mcu7t5v0__clkbuf_8 (0) disconnected node: VSS

Subcircuit pins:
Circuit 1: gf180mcu_fd_sc_mcu7t5v0__clkbuf |Circuit 2: gf180mcu_fd_sc_mcu7t5v0__clkbuf 
-------------------------------------------|-------------------------------------------
I                                          |I                                          
Z                                          |Z                                          
VDD                                        |VDD                                        
VNW                                        |VNW                                        
VPW                                        |VPW                                        
VSS                                        |VSS                                        
---------------------------------------------------------------------------------------
Cell pin lists are equivalent.
Device classes gf180mcu_fd_sc_mcu7t5v0__clkbuf_8 and gf180mcu_fd_sc_mcu7t5v0__clkbuf_8 are equivalent.

Cell gf180mcu_fd_sc_mcu7t5v0__clkinv_1 (0) disconnected node: I
Cell gf180mcu_fd_sc_mcu7t5v0__clkinv_1 (0) disconnected node: ZN
Cell gf180mcu_fd_sc_mcu7t5v0__clkinv_1 (0) disconnected node: VDD
Cell gf180mcu_fd_sc_mcu7t5v0__clkinv_1 (0) disconnected node: VNW
Cell gf180mcu_fd_sc_mcu7t5v0__clkinv_1 (0) disconnected node: VPW
Cell gf180mcu_fd_sc_mcu7t5v0__clkinv_1 (0) disconnected node: VSS

Subcircuit pins:
Circuit 1: gf180mcu_fd_sc_mcu7t5v0__clkinv |Circuit 2: gf180mcu_fd_sc_mcu7t5v0__clkinv 
-------------------------------------------|-------------------------------------------
I                                          |I                                          
ZN                                         |ZN                                         
VDD                                        |VDD                                        
VNW                                        |VNW                                        
VPW                                        |VPW                                        
VSS                                        |VSS                                        
---------------------------------------------------------------------------------------
Cell pin lists are equivalent.
Device classes gf180mcu_fd_sc_mcu7t5v0__clkinv_1 and gf180mcu_fd_sc_mcu7t5v0__clkinv_1 are equivalent.

Cell gf180mcu_fd_sc_mcu7t5v0__dffrnq_1 (0) disconnected node: D
Cell gf180mcu_fd_sc_mcu7t5v0__dffrnq_1 (0) disconnected node: RN
Cell gf180mcu_fd_sc_mcu7t5v0__dffrnq_1 (0) disconnected node: CLK
Cell gf180mcu_fd_sc_mcu7t5v0__dffrnq_1 (0) disconnected node: Q
Cell gf180mcu_fd_sc_mcu7t5v0__dffrnq_1 (0) disconnected node: VDD
Cell gf180mcu_fd_sc_mcu7t5v0__dffrnq_1 (0) disconnected node: VNW
Cell gf180mcu_fd_sc_mcu7t5v0__dffrnq_1 (0) disconnected node: VPW
Cell gf180mcu_fd_sc_mcu7t5v0__dffrnq_1 (0) disconnected node: VSS

Subcircuit pins:
Circuit 1: gf180mcu_fd_sc_mcu7t5v0__dffrnq |Circuit 2: gf180mcu_fd_sc_mcu7t5v0__dffrnq 
-------------------------------------------|-------------------------------------------
D                                          |D                                          
RN                                         |RN                                         
CLK                                        |CLK                                        
Q                                          |Q                                          
VDD                                        |VDD                                        
VNW                                        |VNW                                        
VPW                                        |VPW                                        
VSS                                        |VSS                                        
---------------------------------------------------------------------------------------
Cell pin lists are equivalent.
Device classes gf180mcu_fd_sc_mcu7t5v0__dffrnq_1 and gf180mcu_fd_sc_mcu7t5v0__dffrnq_1 are equivalent.

Cell gf180mcu_fd_sc_mcu7t5v0__buf_2 (0) disconnected node: I
Cell gf180mcu_fd_sc_mcu7t5v0__buf_2 (0) disconnected node: Z
Cell gf180mcu_fd_sc_mcu7t5v0__buf_2 (0) disconnected node: VDD
Cell gf180mcu_fd_sc_mcu7t5v0__buf_2 (0) disconnected node: VNW
Cell gf180mcu_fd_sc_mcu7t5v0__buf_2 (0) disconnected node: VPW
Cell gf180mcu_fd_sc_mcu7t5v0__buf_2 (0) disconnected node: VSS

Subcircuit pins:
Circuit 1: gf180mcu_fd_sc_mcu7t5v0__buf_2  |Circuit 2: gf180mcu_fd_sc_mcu7t5v0__buf_2  
-------------------------------------------|-------------------------------------------
I                                          |I                                          
Z                                          |Z                                          
VDD                                        |VDD                                        
VNW                                        |VNW                                        
VPW                                        |VPW                                        
VSS                                        |VSS                                        
---------------------------------------------------------------------------------------
Cell pin lists are equivalent.
Device classes gf180mcu_fd_sc_mcu7t5v0__buf_2 and gf180mcu_fd_sc_mcu7t5v0__buf_2 are equivalent.

Cell gf180mcu_fd_sc_mcu7t5v0__clkbuf_4 (0) disconnected node: I
Cell gf180mcu_fd_sc_mcu7t5v0__clkbuf_4 (0) disconnected node: Z
Cell gf180mcu_fd_sc_mcu7t5v0__clkbuf_4 (0) disconnected node: VDD
Cell gf180mcu_fd_sc_mcu7t5v0__clkbuf_4 (0) disconnected node: VNW
Cell gf180mcu_fd_sc_mcu7t5v0__clkbuf_4 (0) disconnected node: VPW
Cell gf180mcu_fd_sc_mcu7t5v0__clkbuf_4 (0) disconnected node: VSS

Subcircuit pins:
Circuit 1: gf180mcu_fd_sc_mcu7t5v0__clkbuf |Circuit 2: gf180mcu_fd_sc_mcu7t5v0__clkbuf 
-------------------------------------------|-------------------------------------------
I                                          |I                                          
Z                                          |Z                                          
VDD                                        |VDD                                        
VNW                                        |VNW                                        
VPW                                        |VPW                                        
VSS                                        |VSS                                        
---------------------------------------------------------------------------------------
Cell pin lists are equivalent.
Device classes gf180mcu_fd_sc_mcu7t5v0__clkbuf_4 and gf180mcu_fd_sc_mcu7t5v0__clkbuf_4 are equivalent.

Cell gf180mcu_fd_sc_mcu7t5v0__clkbuf_3 (0) disconnected node: I
Cell gf180mcu_fd_sc_mcu7t5v0__clkbuf_3 (0) disconnected node: Z
Cell gf180mcu_fd_sc_mcu7t5v0__clkbuf_3 (0) disconnected node: VDD
Cell gf180mcu_fd_sc_mcu7t5v0__clkbuf_3 (0) disconnected node: VNW
Cell gf180mcu_fd_sc_mcu7t5v0__clkbuf_3 (0) disconnected node: VPW
Cell gf180mcu_fd_sc_mcu7t5v0__clkbuf_3 (0) disconnected node: VSS

Subcircuit pins:
Circuit 1: gf180mcu_fd_sc_mcu7t5v0__clkbuf |Circuit 2: gf180mcu_fd_sc_mcu7t5v0__clkbuf 
-------------------------------------------|-------------------------------------------
I                                          |I                                          
Z                                          |Z                                          
VDD                                        |VDD                                        
VNW                                        |VNW                                        
VPW                                        |VPW                                        
VSS                                        |VSS                                        
---------------------------------------------------------------------------------------
Cell pin lists are equivalent.
Device classes gf180mcu_fd_sc_mcu7t5v0__clkbuf_3 and gf180mcu_fd_sc_mcu7t5v0__clkbuf_3 are equivalent.

Cell gf180mcu_fd_sc_mcu7t5v0__clkbuf_2 (0) disconnected node: I
Cell gf180mcu_fd_sc_mcu7t5v0__clkbuf_2 (0) disconnected node: Z
Cell gf180mcu_fd_sc_mcu7t5v0__clkbuf_2 (0) disconnected node: VDD
Cell gf180mcu_fd_sc_mcu7t5v0__clkbuf_2 (0) disconnected node: VNW
Cell gf180mcu_fd_sc_mcu7t5v0__clkbuf_2 (0) disconnected node: VPW
Cell gf180mcu_fd_sc_mcu7t5v0__clkbuf_2 (0) disconnected node: VSS

Subcircuit pins:
Circuit 1: gf180mcu_fd_sc_mcu7t5v0__clkbuf |Circuit 2: gf180mcu_fd_sc_mcu7t5v0__clkbuf 
-------------------------------------------|-------------------------------------------
I                                          |I                                          
Z                                          |Z                                          
VDD                                        |VDD                                        
VNW                                        |VNW                                        
VPW                                        |VPW                                        
VSS                                        |VSS                                        
---------------------------------------------------------------------------------------
Cell pin lists are equivalent.
Device classes gf180mcu_fd_sc_mcu7t5v0__clkbuf_2 and gf180mcu_fd_sc_mcu7t5v0__clkbuf_2 are equivalent.

Cell gf180mcu_fd_sc_mcu7t5v0__buf_4 (0) disconnected node: I
Cell gf180mcu_fd_sc_mcu7t5v0__buf_4 (0) disconnected node: Z
Cell gf180mcu_fd_sc_mcu7t5v0__buf_4 (0) disconnected node: VDD
Cell gf180mcu_fd_sc_mcu7t5v0__buf_4 (0) disconnected node: VNW
Cell gf180mcu_fd_sc_mcu7t5v0__buf_4 (0) disconnected node: VPW
Cell gf180mcu_fd_sc_mcu7t5v0__buf_4 (0) disconnected node: VSS

Subcircuit pins:
Circuit 1: gf180mcu_fd_sc_mcu7t5v0__buf_4  |Circuit 2: gf180mcu_fd_sc_mcu7t5v0__buf_4  
-------------------------------------------|-------------------------------------------
I                                          |I                                          
Z                                          |Z                                          
VDD                                        |VDD                                        
VNW                                        |VNW                                        
VPW                                        |VPW                                        
VSS                                        |VSS                                        
---------------------------------------------------------------------------------------
Cell pin lists are equivalent.
Device classes gf180mcu_fd_sc_mcu7t5v0__buf_4 and gf180mcu_fd_sc_mcu7t5v0__buf_4 are equivalent.

Cell gf180mcu_fd_sc_mcu7t5v0__dffq_1 (0) disconnected node: D
Cell gf180mcu_fd_sc_mcu7t5v0__dffq_1 (0) disconnected node: CLK
Cell gf180mcu_fd_sc_mcu7t5v0__dffq_1 (0) disconnected node: Q
Cell gf180mcu_fd_sc_mcu7t5v0__dffq_1 (0) disconnected node: VDD
Cell gf180mcu_fd_sc_mcu7t5v0__dffq_1 (0) disconnected node: VNW
Cell gf180mcu_fd_sc_mcu7t5v0__dffq_1 (0) disconnected node: VPW
Cell gf180mcu_fd_sc_mcu7t5v0__dffq_1 (0) disconnected node: VSS

Subcircuit pins:
Circuit 1: gf180mcu_fd_sc_mcu7t5v0__dffq_1 |Circuit 2: gf180mcu_fd_sc_mcu7t5v0__dffq_1 
-------------------------------------------|-------------------------------------------
D                                          |D                                          
CLK                                        |CLK                                        
Q                                          |Q                                          
VDD                                        |VDD                                        
VNW                                        |VNW                                        
VPW                                        |VPW                                        
VSS                                        |VSS                                        
---------------------------------------------------------------------------------------
Cell pin lists are equivalent.
Device classes gf180mcu_fd_sc_mcu7t5v0__dffq_1 and gf180mcu_fd_sc_mcu7t5v0__dffq_1 are equivalent.

Cell gf180mcu_fd_sc_mcu7t5v0__fillcap_64 (0) disconnected node: VDD
Cell gf180mcu_fd_sc_mcu7t5v0__fillcap_64 (0) disconnected node: VNW
Cell gf180mcu_fd_sc_mcu7t5v0__fillcap_64 (0) disconnected node: VPW
Cell gf180mcu_fd_sc_mcu7t5v0__fillcap_64 (0) disconnected node: VSS

Subcircuit pins:
Circuit 1: gf180mcu_fd_sc_mcu7t5v0__fillca |Circuit 2: gf180mcu_fd_sc_mcu7t5v0__fillca 
-------------------------------------------|-------------------------------------------
VDD                                        |VDD                                        
VNW                                        |VNW                                        
VPW                                        |VPW                                        
VSS                                        |VSS                                        
---------------------------------------------------------------------------------------
Cell pin lists are equivalent.
Device classes gf180mcu_fd_sc_mcu7t5v0__fillcap_64 and gf180mcu_fd_sc_mcu7t5v0__fillcap_64 are equivalent.

Cell gf180mcu_fd_sc_mcu7t5v0__nand4_4 (0) disconnected node: A1
Cell gf180mcu_fd_sc_mcu7t5v0__nand4_4 (0) disconnected node: A2
Cell gf180mcu_fd_sc_mcu7t5v0__nand4_4 (0) disconnected node: A3
Cell gf180mcu_fd_sc_mcu7t5v0__nand4_4 (0) disconnected node: A4
Cell gf180mcu_fd_sc_mcu7t5v0__nand4_4 (0) disconnected node: ZN
Cell gf180mcu_fd_sc_mcu7t5v0__nand4_4 (0) disconnected node: VDD
Cell gf180mcu_fd_sc_mcu7t5v0__nand4_4 (0) disconnected node: VNW
Cell gf180mcu_fd_sc_mcu7t5v0__nand4_4 (0) disconnected node: VPW
Cell gf180mcu_fd_sc_mcu7t5v0__nand4_4 (0) disconnected node: VSS

Subcircuit pins:
Circuit 1: gf180mcu_fd_sc_mcu7t5v0__nand4_ |Circuit 2: gf180mcu_fd_sc_mcu7t5v0__nand4_ 
-------------------------------------------|-------------------------------------------
A1                                         |A1                                         
A2                                         |A2                                         
A3                                         |A3                                         
A4                                         |A4                                         
ZN                                         |ZN                                         
VDD                                        |VDD                                        
VNW                                        |VNW                                        
VPW                                        |VPW                                        
VSS                                        |VSS                                        
---------------------------------------------------------------------------------------
Cell pin lists are equivalent.
Device classes gf180mcu_fd_sc_mcu7t5v0__nand4_4 and gf180mcu_fd_sc_mcu7t5v0__nand4_4 are equivalent.

Cell gf180mcu_fd_sc_mcu7t5v0__xnor2_1 (0) disconnected node: A1
Cell gf180mcu_fd_sc_mcu7t5v0__xnor2_1 (0) disconnected node: A2
Cell gf180mcu_fd_sc_mcu7t5v0__xnor2_1 (0) disconnected node: ZN
Cell gf180mcu_fd_sc_mcu7t5v0__xnor2_1 (0) disconnected node: VDD
Cell gf180mcu_fd_sc_mcu7t5v0__xnor2_1 (0) disconnected node: VNW
Cell gf180mcu_fd_sc_mcu7t5v0__xnor2_1 (0) disconnected node: VPW
Cell gf180mcu_fd_sc_mcu7t5v0__xnor2_1 (0) disconnected node: VSS

Subcircuit pins:
Circuit 1: gf180mcu_fd_sc_mcu7t5v0__xnor2_ |Circuit 2: gf180mcu_fd_sc_mcu7t5v0__xnor2_ 
-------------------------------------------|-------------------------------------------
A1                                         |A1                                         
A2                                         |A2                                         
ZN                                         |ZN                                         
VDD                                        |VDD                                        
VNW                                        |VNW                                        
VPW                                        |VPW                                        
VSS                                        |VSS                                        
---------------------------------------------------------------------------------------
Cell pin lists are equivalent.
Device classes gf180mcu_fd_sc_mcu7t5v0__xnor2_1 and gf180mcu_fd_sc_mcu7t5v0__xnor2_1 are equivalent.

Cell gf180mcu_fd_sc_mcu7t5v0__aoi22_4 (0) disconnected node: A1
Cell gf180mcu_fd_sc_mcu7t5v0__aoi22_4 (0) disconnected node: A2
Cell gf180mcu_fd_sc_mcu7t5v0__aoi22_4 (0) disconnected node: B1
Cell gf180mcu_fd_sc_mcu7t5v0__aoi22_4 (0) disconnected node: B2
Cell gf180mcu_fd_sc_mcu7t5v0__aoi22_4 (0) disconnected node: ZN
Cell gf180mcu_fd_sc_mcu7t5v0__aoi22_4 (0) disconnected node: VDD
Cell gf180mcu_fd_sc_mcu7t5v0__aoi22_4 (0) disconnected node: VNW
Cell gf180mcu_fd_sc_mcu7t5v0__aoi22_4 (0) disconnected node: VPW
Cell gf180mcu_fd_sc_mcu7t5v0__aoi22_4 (0) disconnected node: VSS

Subcircuit pins:
Circuit 1: gf180mcu_fd_sc_mcu7t5v0__aoi22_ |Circuit 2: gf180mcu_fd_sc_mcu7t5v0__aoi22_ 
-------------------------------------------|-------------------------------------------
A1                                         |A1                                         
A2                                         |A2                                         
B1                                         |B1                                         
B2                                         |B2                                         
ZN                                         |ZN                                         
VDD                                        |VDD                                        
VNW                                        |VNW                                        
VPW                                        |VPW                                        
VSS                                        |VSS                                        
---------------------------------------------------------------------------------------
Cell pin lists are equivalent.
Device classes gf180mcu_fd_sc_mcu7t5v0__aoi22_4 and gf180mcu_fd_sc_mcu7t5v0__aoi22_4 are equivalent.

Cell gf180mcu_fd_sc_mcu7t5v0__nor2_1 (0) disconnected node: A1
Cell gf180mcu_fd_sc_mcu7t5v0__nor2_1 (0) disconnected node: A2
Cell gf180mcu_fd_sc_mcu7t5v0__nor2_1 (0) disconnected node: ZN
Cell gf180mcu_fd_sc_mcu7t5v0__nor2_1 (0) disconnected node: VDD
Cell gf180mcu_fd_sc_mcu7t5v0__nor2_1 (0) disconnected node: VNW
Cell gf180mcu_fd_sc_mcu7t5v0__nor2_1 (0) disconnected node: VPW
Cell gf180mcu_fd_sc_mcu7t5v0__nor2_1 (0) disconnected node: VSS

Subcircuit pins:
Circuit 1: gf180mcu_fd_sc_mcu7t5v0__nor2_1 |Circuit 2: gf180mcu_fd_sc_mcu7t5v0__nor2_1 
-------------------------------------------|-------------------------------------------
A1                                         |A1                                         
A2                                         |A2                                         
ZN                                         |ZN                                         
VDD                                        |VDD                                        
VNW                                        |VNW                                        
VPW                                        |VPW                                        
VSS                                        |VSS                                        
---------------------------------------------------------------------------------------
Cell pin lists are equivalent.
Device classes gf180mcu_fd_sc_mcu7t5v0__nor2_1 and gf180mcu_fd_sc_mcu7t5v0__nor2_1 are equivalent.

Cell gf180mcu_fd_sc_mcu7t5v0__aoi222_2 (0) disconnected node: A1
Cell gf180mcu_fd_sc_mcu7t5v0__aoi222_2 (0) disconnected node: A2
Cell gf180mcu_fd_sc_mcu7t5v0__aoi222_2 (0) disconnected node: B1
Cell gf180mcu_fd_sc_mcu7t5v0__aoi222_2 (0) disconnected node: B2
Cell gf180mcu_fd_sc_mcu7t5v0__aoi222_2 (0) disconnected node: C1
Cell gf180mcu_fd_sc_mcu7t5v0__aoi222_2 (0) disconnected node: C2
Cell gf180mcu_fd_sc_mcu7t5v0__aoi222_2 (0) disconnected node: ZN
Cell gf180mcu_fd_sc_mcu7t5v0__aoi222_2 (0) disconnected node: VDD
Cell gf180mcu_fd_sc_mcu7t5v0__aoi222_2 (0) disconnected node: VNW
Cell gf180mcu_fd_sc_mcu7t5v0__aoi222_2 (0) disconnected node: VPW
Cell gf180mcu_fd_sc_mcu7t5v0__aoi222_2 (0) disconnected node: VSS

Subcircuit pins:
Circuit 1: gf180mcu_fd_sc_mcu7t5v0__aoi222 |Circuit 2: gf180mcu_fd_sc_mcu7t5v0__aoi222 
-------------------------------------------|-------------------------------------------
A1                                         |A1                                         
A2                                         |A2                                         
B1                                         |B1                                         
B2                                         |B2                                         
C1                                         |C1                                         
C2                                         |C2                                         
ZN                                         |ZN                                         
VDD                                        |VDD                                        
VNW                                        |VNW                                        
VPW                                        |VPW                                        
VSS                                        |VSS                                        
---------------------------------------------------------------------------------------
Cell pin lists are equivalent.
Device classes gf180mcu_fd_sc_mcu7t5v0__aoi222_2 and gf180mcu_fd_sc_mcu7t5v0__aoi222_2 are equivalent.

Cell gf180mcu_fd_sc_mcu7t5v0__xnor2_2 (0) disconnected node: A1
Cell gf180mcu_fd_sc_mcu7t5v0__xnor2_2 (0) disconnected node: A2
Cell gf180mcu_fd_sc_mcu7t5v0__xnor2_2 (0) disconnected node: ZN
Cell gf180mcu_fd_sc_mcu7t5v0__xnor2_2 (0) disconnected node: VDD
Cell gf180mcu_fd_sc_mcu7t5v0__xnor2_2 (0) disconnected node: VNW
Cell gf180mcu_fd_sc_mcu7t5v0__xnor2_2 (0) disconnected node: VPW
Cell gf180mcu_fd_sc_mcu7t5v0__xnor2_2 (0) disconnected node: VSS

Subcircuit pins:
Circuit 1: gf180mcu_fd_sc_mcu7t5v0__xnor2_ |Circuit 2: gf180mcu_fd_sc_mcu7t5v0__xnor2_ 
-------------------------------------------|-------------------------------------------
A1                                         |A1                                         
A2                                         |A2                                         
ZN                                         |ZN                                         
VDD                                        |VDD                                        
VNW                                        |VNW                                        
VPW                                        |VPW                                        
VSS                                        |VSS                                        
---------------------------------------------------------------------------------------
Cell pin lists are equivalent.
Device classes gf180mcu_fd_sc_mcu7t5v0__xnor2_2 and gf180mcu_fd_sc_mcu7t5v0__xnor2_2 are equivalent.

Cell gf180mcu_fd_sc_mcu7t5v0__oai211_1 (0) disconnected node: A1
Cell gf180mcu_fd_sc_mcu7t5v0__oai211_1 (0) disconnected node: A2
Cell gf180mcu_fd_sc_mcu7t5v0__oai211_1 (0) disconnected node: B
Cell gf180mcu_fd_sc_mcu7t5v0__oai211_1 (0) disconnected node: C
Cell gf180mcu_fd_sc_mcu7t5v0__oai211_1 (0) disconnected node: ZN
Cell gf180mcu_fd_sc_mcu7t5v0__oai211_1 (0) disconnected node: VDD
Cell gf180mcu_fd_sc_mcu7t5v0__oai211_1 (0) disconnected node: VNW
Cell gf180mcu_fd_sc_mcu7t5v0__oai211_1 (0) disconnected node: VPW
Cell gf180mcu_fd_sc_mcu7t5v0__oai211_1 (0) disconnected node: VSS

Subcircuit pins:
Circuit 1: gf180mcu_fd_sc_mcu7t5v0__oai211 |Circuit 2: gf180mcu_fd_sc_mcu7t5v0__oai211 
-------------------------------------------|-------------------------------------------
A1                                         |A1                                         
A2                                         |A2                                         
B                                          |B                                          
C                                          |C                                          
ZN                                         |ZN                                         
VDD                                        |VDD                                        
VNW                                        |VNW                                        
VPW                                        |VPW                                        
VSS                                        |VSS                                        
---------------------------------------------------------------------------------------
Cell pin lists are equivalent.
Device classes gf180mcu_fd_sc_mcu7t5v0__oai211_1 and gf180mcu_fd_sc_mcu7t5v0__oai211_1 are equivalent.

Cell gf180mcu_fd_sc_mcu7t5v0__nor3_4 (0) disconnected node: A1
Cell gf180mcu_fd_sc_mcu7t5v0__nor3_4 (0) disconnected node: A2
Cell gf180mcu_fd_sc_mcu7t5v0__nor3_4 (0) disconnected node: A3
Cell gf180mcu_fd_sc_mcu7t5v0__nor3_4 (0) disconnected node: ZN
Cell gf180mcu_fd_sc_mcu7t5v0__nor3_4 (0) disconnected node: VDD
Cell gf180mcu_fd_sc_mcu7t5v0__nor3_4 (0) disconnected node: VNW
Cell gf180mcu_fd_sc_mcu7t5v0__nor3_4 (0) disconnected node: VPW
Cell gf180mcu_fd_sc_mcu7t5v0__nor3_4 (0) disconnected node: VSS

Subcircuit pins:
Circuit 1: gf180mcu_fd_sc_mcu7t5v0__nor3_4 |Circuit 2: gf180mcu_fd_sc_mcu7t5v0__nor3_4 
-------------------------------------------|-------------------------------------------
A1                                         |A1                                         
A2                                         |A2                                         
A3                                         |A3                                         
ZN                                         |ZN                                         
VDD                                        |VDD                                        
VNW                                        |VNW                                        
VPW                                        |VPW                                        
VSS                                        |VSS                                        
---------------------------------------------------------------------------------------
Cell pin lists are equivalent.
Device classes gf180mcu_fd_sc_mcu7t5v0__nor3_4 and gf180mcu_fd_sc_mcu7t5v0__nor3_4 are equivalent.

Cell gf180mcu_fd_sc_mcu7t5v0__nor2_4 (0) disconnected node: A1
Cell gf180mcu_fd_sc_mcu7t5v0__nor2_4 (0) disconnected node: A2
Cell gf180mcu_fd_sc_mcu7t5v0__nor2_4 (0) disconnected node: ZN
Cell gf180mcu_fd_sc_mcu7t5v0__nor2_4 (0) disconnected node: VDD
Cell gf180mcu_fd_sc_mcu7t5v0__nor2_4 (0) disconnected node: VNW
Cell gf180mcu_fd_sc_mcu7t5v0__nor2_4 (0) disconnected node: VPW
Cell gf180mcu_fd_sc_mcu7t5v0__nor2_4 (0) disconnected node: VSS

Subcircuit pins:
Circuit 1: gf180mcu_fd_sc_mcu7t5v0__nor2_4 |Circuit 2: gf180mcu_fd_sc_mcu7t5v0__nor2_4 
-------------------------------------------|-------------------------------------------
A1                                         |A1                                         
A2                                         |A2                                         
ZN                                         |ZN                                         
VDD                                        |VDD                                        
VNW                                        |VNW                                        
VPW                                        |VPW                                        
VSS                                        |VSS                                        
---------------------------------------------------------------------------------------
Cell pin lists are equivalent.
Device classes gf180mcu_fd_sc_mcu7t5v0__nor2_4 and gf180mcu_fd_sc_mcu7t5v0__nor2_4 are equivalent.

Cell gf180mcu_fd_sc_mcu7t5v0__oai32_1 (0) disconnected node: A1
Cell gf180mcu_fd_sc_mcu7t5v0__oai32_1 (0) disconnected node: A2
Cell gf180mcu_fd_sc_mcu7t5v0__oai32_1 (0) disconnected node: A3
Cell gf180mcu_fd_sc_mcu7t5v0__oai32_1 (0) disconnected node: B1
Cell gf180mcu_fd_sc_mcu7t5v0__oai32_1 (0) disconnected node: B2
Cell gf180mcu_fd_sc_mcu7t5v0__oai32_1 (0) disconnected node: ZN
Cell gf180mcu_fd_sc_mcu7t5v0__oai32_1 (0) disconnected node: VDD
Cell gf180mcu_fd_sc_mcu7t5v0__oai32_1 (0) disconnected node: VNW
Cell gf180mcu_fd_sc_mcu7t5v0__oai32_1 (0) disconnected node: VPW
Cell gf180mcu_fd_sc_mcu7t5v0__oai32_1 (0) disconnected node: VSS

Subcircuit pins:
Circuit 1: gf180mcu_fd_sc_mcu7t5v0__oai32_ |Circuit 2: gf180mcu_fd_sc_mcu7t5v0__oai32_ 
-------------------------------------------|-------------------------------------------
A1                                         |A1                                         
A2                                         |A2                                         
A3                                         |A3                                         
B1                                         |B1                                         
B2                                         |B2                                         
ZN                                         |ZN                                         
VDD                                        |VDD                                        
VNW                                        |VNW                                        
VPW                                        |VPW                                        
VSS                                        |VSS                                        
---------------------------------------------------------------------------------------
Cell pin lists are equivalent.
Device classes gf180mcu_fd_sc_mcu7t5v0__oai32_1 and gf180mcu_fd_sc_mcu7t5v0__oai32_1 are equivalent.

Cell gf180mcu_fd_sc_mcu7t5v0__xor3_1 (0) disconnected node: A1
Cell gf180mcu_fd_sc_mcu7t5v0__xor3_1 (0) disconnected node: A2
Cell gf180mcu_fd_sc_mcu7t5v0__xor3_1 (0) disconnected node: A3
Cell gf180mcu_fd_sc_mcu7t5v0__xor3_1 (0) disconnected node: Z
Cell gf180mcu_fd_sc_mcu7t5v0__xor3_1 (0) disconnected node: VDD
Cell gf180mcu_fd_sc_mcu7t5v0__xor3_1 (0) disconnected node: VNW
Cell gf180mcu_fd_sc_mcu7t5v0__xor3_1 (0) disconnected node: VPW
Cell gf180mcu_fd_sc_mcu7t5v0__xor3_1 (0) disconnected node: VSS

Subcircuit pins:
Circuit 1: gf180mcu_fd_sc_mcu7t5v0__xor3_1 |Circuit 2: gf180mcu_fd_sc_mcu7t5v0__xor3_1 
-------------------------------------------|-------------------------------------------
A1                                         |A1                                         
A2                                         |A2                                         
A3                                         |A3                                         
Z                                          |Z                                          
VDD                                        |VDD                                        
VNW                                        |VNW                                        
VPW                                        |VPW                                        
VSS                                        |VSS                                        
---------------------------------------------------------------------------------------
Cell pin lists are equivalent.
Device classes gf180mcu_fd_sc_mcu7t5v0__xor3_1 and gf180mcu_fd_sc_mcu7t5v0__xor3_1 are equivalent.

Cell gf180mcu_fd_sc_mcu7t5v0__aoi22_1 (0) disconnected node: A1
Cell gf180mcu_fd_sc_mcu7t5v0__aoi22_1 (0) disconnected node: A2
Cell gf180mcu_fd_sc_mcu7t5v0__aoi22_1 (0) disconnected node: B1
Cell gf180mcu_fd_sc_mcu7t5v0__aoi22_1 (0) disconnected node: B2
Cell gf180mcu_fd_sc_mcu7t5v0__aoi22_1 (0) disconnected node: ZN
Cell gf180mcu_fd_sc_mcu7t5v0__aoi22_1 (0) disconnected node: VDD
Cell gf180mcu_fd_sc_mcu7t5v0__aoi22_1 (0) disconnected node: VNW
Cell gf180mcu_fd_sc_mcu7t5v0__aoi22_1 (0) disconnected node: VPW
Cell gf180mcu_fd_sc_mcu7t5v0__aoi22_1 (0) disconnected node: VSS

Subcircuit pins:
Circuit 1: gf180mcu_fd_sc_mcu7t5v0__aoi22_ |Circuit 2: gf180mcu_fd_sc_mcu7t5v0__aoi22_ 
-------------------------------------------|-------------------------------------------
A1                                         |A1                                         
A2                                         |A2                                         
B1                                         |B1                                         
B2                                         |B2                                         
ZN                                         |ZN                                         
VDD                                        |VDD                                        
VNW                                        |VNW                                        
VPW                                        |VPW                                        
VSS                                        |VSS                                        
---------------------------------------------------------------------------------------
Cell pin lists are equivalent.
Device classes gf180mcu_fd_sc_mcu7t5v0__aoi22_1 and gf180mcu_fd_sc_mcu7t5v0__aoi22_1 are equivalent.

Cell gf180mcu_fd_sc_mcu7t5v0__oai22_2 (0) disconnected node: A1
Cell gf180mcu_fd_sc_mcu7t5v0__oai22_2 (0) disconnected node: A2
Cell gf180mcu_fd_sc_mcu7t5v0__oai22_2 (0) disconnected node: B1
Cell gf180mcu_fd_sc_mcu7t5v0__oai22_2 (0) disconnected node: B2
Cell gf180mcu_fd_sc_mcu7t5v0__oai22_2 (0) disconnected node: ZN
Cell gf180mcu_fd_sc_mcu7t5v0__oai22_2 (0) disconnected node: VDD
Cell gf180mcu_fd_sc_mcu7t5v0__oai22_2 (0) disconnected node: VNW
Cell gf180mcu_fd_sc_mcu7t5v0__oai22_2 (0) disconnected node: VPW
Cell gf180mcu_fd_sc_mcu7t5v0__oai22_2 (0) disconnected node: VSS

Subcircuit pins:
Circuit 1: gf180mcu_fd_sc_mcu7t5v0__oai22_ |Circuit 2: gf180mcu_fd_sc_mcu7t5v0__oai22_ 
-------------------------------------------|-------------------------------------------
A1                                         |A1                                         
A2                                         |A2                                         
B1                                         |B1                                         
B2                                         |B2                                         
ZN                                         |ZN                                         
VDD                                        |VDD                                        
VNW                                        |VNW                                        
VPW                                        |VPW                                        
VSS                                        |VSS                                        
---------------------------------------------------------------------------------------
Cell pin lists are equivalent.
Device classes gf180mcu_fd_sc_mcu7t5v0__oai22_2 and gf180mcu_fd_sc_mcu7t5v0__oai22_2 are equivalent.

Cell gf180mcu_fd_sc_mcu7t5v0__aoi21_1 (0) disconnected node: A1
Cell gf180mcu_fd_sc_mcu7t5v0__aoi21_1 (0) disconnected node: A2
Cell gf180mcu_fd_sc_mcu7t5v0__aoi21_1 (0) disconnected node: B
Cell gf180mcu_fd_sc_mcu7t5v0__aoi21_1 (0) disconnected node: ZN
Cell gf180mcu_fd_sc_mcu7t5v0__aoi21_1 (0) disconnected node: VDD
Cell gf180mcu_fd_sc_mcu7t5v0__aoi21_1 (0) disconnected node: VNW
Cell gf180mcu_fd_sc_mcu7t5v0__aoi21_1 (0) disconnected node: VPW
Cell gf180mcu_fd_sc_mcu7t5v0__aoi21_1 (0) disconnected node: VSS

Subcircuit pins:
Circuit 1: gf180mcu_fd_sc_mcu7t5v0__aoi21_ |Circuit 2: gf180mcu_fd_sc_mcu7t5v0__aoi21_ 
-------------------------------------------|-------------------------------------------
A1                                         |A1                                         
A2                                         |A2                                         
B                                          |B                                          
ZN                                         |ZN                                         
VDD                                        |VDD                                        
VNW                                        |VNW                                        
VPW                                        |VPW                                        
VSS                                        |VSS                                        
---------------------------------------------------------------------------------------
Cell pin lists are equivalent.
Device classes gf180mcu_fd_sc_mcu7t5v0__aoi21_1 and gf180mcu_fd_sc_mcu7t5v0__aoi21_1 are equivalent.

Cell gf180mcu_fd_sc_mcu7t5v0__oai22_4 (0) disconnected node: A1
Cell gf180mcu_fd_sc_mcu7t5v0__oai22_4 (0) disconnected node: A2
Cell gf180mcu_fd_sc_mcu7t5v0__oai22_4 (0) disconnected node: B1
Cell gf180mcu_fd_sc_mcu7t5v0__oai22_4 (0) disconnected node: B2
Cell gf180mcu_fd_sc_mcu7t5v0__oai22_4 (0) disconnected node: ZN
Cell gf180mcu_fd_sc_mcu7t5v0__oai22_4 (0) disconnected node: VDD
Cell gf180mcu_fd_sc_mcu7t5v0__oai22_4 (0) disconnected node: VNW
Cell gf180mcu_fd_sc_mcu7t5v0__oai22_4 (0) disconnected node: VPW
Cell gf180mcu_fd_sc_mcu7t5v0__oai22_4 (0) disconnected node: VSS

Subcircuit pins:
Circuit 1: gf180mcu_fd_sc_mcu7t5v0__oai22_ |Circuit 2: gf180mcu_fd_sc_mcu7t5v0__oai22_ 
-------------------------------------------|-------------------------------------------
A1                                         |A1                                         
A2                                         |A2                                         
B1                                         |B1                                         
B2                                         |B2                                         
ZN                                         |ZN                                         
VDD                                        |VDD                                        
VNW                                        |VNW                                        
VPW                                        |VPW                                        
VSS                                        |VSS                                        
---------------------------------------------------------------------------------------
Cell pin lists are equivalent.
Device classes gf180mcu_fd_sc_mcu7t5v0__oai22_4 and gf180mcu_fd_sc_mcu7t5v0__oai22_4 are equivalent.

Cell gf180mcu_fd_sc_mcu7t5v0__oai21_2 (0) disconnected node: A1
Cell gf180mcu_fd_sc_mcu7t5v0__oai21_2 (0) disconnected node: A2
Cell gf180mcu_fd_sc_mcu7t5v0__oai21_2 (0) disconnected node: B
Cell gf180mcu_fd_sc_mcu7t5v0__oai21_2 (0) disconnected node: ZN
Cell gf180mcu_fd_sc_mcu7t5v0__oai21_2 (0) disconnected node: VDD
Cell gf180mcu_fd_sc_mcu7t5v0__oai21_2 (0) disconnected node: VNW
Cell gf180mcu_fd_sc_mcu7t5v0__oai21_2 (0) disconnected node: VPW
Cell gf180mcu_fd_sc_mcu7t5v0__oai21_2 (0) disconnected node: VSS

Subcircuit pins:
Circuit 1: gf180mcu_fd_sc_mcu7t5v0__oai21_ |Circuit 2: gf180mcu_fd_sc_mcu7t5v0__oai21_ 
-------------------------------------------|-------------------------------------------
A1                                         |A1                                         
A2                                         |A2                                         
B                                          |B                                          
ZN                                         |ZN                                         
VDD                                        |VDD                                        
VNW                                        |VNW                                        
VPW                                        |VPW                                        
VSS                                        |VSS                                        
---------------------------------------------------------------------------------------
Cell pin lists are equivalent.
Device classes gf180mcu_fd_sc_mcu7t5v0__oai21_2 and gf180mcu_fd_sc_mcu7t5v0__oai21_2 are equivalent.

Cell gf180mcu_fd_sc_mcu7t5v0__xor2_1 (0) disconnected node: A1
Cell gf180mcu_fd_sc_mcu7t5v0__xor2_1 (0) disconnected node: A2
Cell gf180mcu_fd_sc_mcu7t5v0__xor2_1 (0) disconnected node: Z
Cell gf180mcu_fd_sc_mcu7t5v0__xor2_1 (0) disconnected node: VDD
Cell gf180mcu_fd_sc_mcu7t5v0__xor2_1 (0) disconnected node: VNW
Cell gf180mcu_fd_sc_mcu7t5v0__xor2_1 (0) disconnected node: VPW
Cell gf180mcu_fd_sc_mcu7t5v0__xor2_1 (0) disconnected node: VSS

Subcircuit pins:
Circuit 1: gf180mcu_fd_sc_mcu7t5v0__xor2_1 |Circuit 2: gf180mcu_fd_sc_mcu7t5v0__xor2_1 
-------------------------------------------|-------------------------------------------
A1                                         |A1                                         
A2                                         |A2                                         
Z                                          |Z                                          
VDD                                        |VDD                                        
VNW                                        |VNW                                        
VPW                                        |VPW                                        
VSS                                        |VSS                                        
---------------------------------------------------------------------------------------
Cell pin lists are equivalent.
Device classes gf180mcu_fd_sc_mcu7t5v0__xor2_1 and gf180mcu_fd_sc_mcu7t5v0__xor2_1 are equivalent.

Cell gf180mcu_fd_sc_mcu7t5v0__xor3_2 (0) disconnected node: A1
Cell gf180mcu_fd_sc_mcu7t5v0__xor3_2 (0) disconnected node: A2
Cell gf180mcu_fd_sc_mcu7t5v0__xor3_2 (0) disconnected node: A3
Cell gf180mcu_fd_sc_mcu7t5v0__xor3_2 (0) disconnected node: Z
Cell gf180mcu_fd_sc_mcu7t5v0__xor3_2 (0) disconnected node: VDD
Cell gf180mcu_fd_sc_mcu7t5v0__xor3_2 (0) disconnected node: VNW
Cell gf180mcu_fd_sc_mcu7t5v0__xor3_2 (0) disconnected node: VPW
Cell gf180mcu_fd_sc_mcu7t5v0__xor3_2 (0) disconnected node: VSS

Subcircuit pins:
Circuit 1: gf180mcu_fd_sc_mcu7t5v0__xor3_2 |Circuit 2: gf180mcu_fd_sc_mcu7t5v0__xor3_2 
-------------------------------------------|-------------------------------------------
A1                                         |A1                                         
A2                                         |A2                                         
A3                                         |A3                                         
Z                                          |Z                                          
VDD                                        |VDD                                        
VNW                                        |VNW                                        
VPW                                        |VPW                                        
VSS                                        |VSS                                        
---------------------------------------------------------------------------------------
Cell pin lists are equivalent.
Device classes gf180mcu_fd_sc_mcu7t5v0__xor3_2 and gf180mcu_fd_sc_mcu7t5v0__xor3_2 are equivalent.

Cell gf180mcu_fd_sc_mcu7t5v0__aoi221_2 (0) disconnected node: A1
Cell gf180mcu_fd_sc_mcu7t5v0__aoi221_2 (0) disconnected node: A2
Cell gf180mcu_fd_sc_mcu7t5v0__aoi221_2 (0) disconnected node: B1
Cell gf180mcu_fd_sc_mcu7t5v0__aoi221_2 (0) disconnected node: B2
Cell gf180mcu_fd_sc_mcu7t5v0__aoi221_2 (0) disconnected node: C
Cell gf180mcu_fd_sc_mcu7t5v0__aoi221_2 (0) disconnected node: ZN
Cell gf180mcu_fd_sc_mcu7t5v0__aoi221_2 (0) disconnected node: VDD
Cell gf180mcu_fd_sc_mcu7t5v0__aoi221_2 (0) disconnected node: VNW
Cell gf180mcu_fd_sc_mcu7t5v0__aoi221_2 (0) disconnected node: VPW
Cell gf180mcu_fd_sc_mcu7t5v0__aoi221_2 (0) disconnected node: VSS

Subcircuit pins:
Circuit 1: gf180mcu_fd_sc_mcu7t5v0__aoi221 |Circuit 2: gf180mcu_fd_sc_mcu7t5v0__aoi221 
-------------------------------------------|-------------------------------------------
A1                                         |A1                                         
A2                                         |A2                                         
B1                                         |B1                                         
B2                                         |B2                                         
C                                          |C                                          
ZN                                         |ZN                                         
VDD                                        |VDD                                        
VNW                                        |VNW                                        
VPW                                        |VPW                                        
VSS                                        |VSS                                        
---------------------------------------------------------------------------------------
Cell pin lists are equivalent.
Device classes gf180mcu_fd_sc_mcu7t5v0__aoi221_2 and gf180mcu_fd_sc_mcu7t5v0__aoi221_2 are equivalent.

Cell gf180mcu_fd_sc_mcu7t5v0__nand2_4 (0) disconnected node: A1
Cell gf180mcu_fd_sc_mcu7t5v0__nand2_4 (0) disconnected node: A2
Cell gf180mcu_fd_sc_mcu7t5v0__nand2_4 (0) disconnected node: ZN
Cell gf180mcu_fd_sc_mcu7t5v0__nand2_4 (0) disconnected node: VDD
Cell gf180mcu_fd_sc_mcu7t5v0__nand2_4 (0) disconnected node: VNW
Cell gf180mcu_fd_sc_mcu7t5v0__nand2_4 (0) disconnected node: VPW
Cell gf180mcu_fd_sc_mcu7t5v0__nand2_4 (0) disconnected node: VSS

Subcircuit pins:
Circuit 1: gf180mcu_fd_sc_mcu7t5v0__nand2_ |Circuit 2: gf180mcu_fd_sc_mcu7t5v0__nand2_ 
-------------------------------------------|-------------------------------------------
A1                                         |A1                                         
A2                                         |A2                                         
ZN                                         |ZN                                         
VDD                                        |VDD                                        
VNW                                        |VNW                                        
VPW                                        |VPW                                        
VSS                                        |VSS                                        
---------------------------------------------------------------------------------------
Cell pin lists are equivalent.
Device classes gf180mcu_fd_sc_mcu7t5v0__nand2_4 and gf180mcu_fd_sc_mcu7t5v0__nand2_4 are equivalent.

Cell gf180mcu_fd_sc_mcu7t5v0__nand2_2 (0) disconnected node: A1
Cell gf180mcu_fd_sc_mcu7t5v0__nand2_2 (0) disconnected node: A2
Cell gf180mcu_fd_sc_mcu7t5v0__nand2_2 (0) disconnected node: ZN
Cell gf180mcu_fd_sc_mcu7t5v0__nand2_2 (0) disconnected node: VDD
Cell gf180mcu_fd_sc_mcu7t5v0__nand2_2 (0) disconnected node: VNW
Cell gf180mcu_fd_sc_mcu7t5v0__nand2_2 (0) disconnected node: VPW
Cell gf180mcu_fd_sc_mcu7t5v0__nand2_2 (0) disconnected node: VSS

Subcircuit pins:
Circuit 1: gf180mcu_fd_sc_mcu7t5v0__nand2_ |Circuit 2: gf180mcu_fd_sc_mcu7t5v0__nand2_ 
-------------------------------------------|-------------------------------------------
A1                                         |A1                                         
A2                                         |A2                                         
ZN                                         |ZN                                         
VDD                                        |VDD                                        
VNW                                        |VNW                                        
VPW                                        |VPW                                        
VSS                                        |VSS                                        
---------------------------------------------------------------------------------------
Cell pin lists are equivalent.
Device classes gf180mcu_fd_sc_mcu7t5v0__nand2_2 and gf180mcu_fd_sc_mcu7t5v0__nand2_2 are equivalent.

Cell gf180mcu_fd_sc_mcu7t5v0__nor3_2 (0) disconnected node: A1
Cell gf180mcu_fd_sc_mcu7t5v0__nor3_2 (0) disconnected node: A2
Cell gf180mcu_fd_sc_mcu7t5v0__nor3_2 (0) disconnected node: A3
Cell gf180mcu_fd_sc_mcu7t5v0__nor3_2 (0) disconnected node: ZN
Cell gf180mcu_fd_sc_mcu7t5v0__nor3_2 (0) disconnected node: VDD
Cell gf180mcu_fd_sc_mcu7t5v0__nor3_2 (0) disconnected node: VNW
Cell gf180mcu_fd_sc_mcu7t5v0__nor3_2 (0) disconnected node: VPW
Cell gf180mcu_fd_sc_mcu7t5v0__nor3_2 (0) disconnected node: VSS

Subcircuit pins:
Circuit 1: gf180mcu_fd_sc_mcu7t5v0__nor3_2 |Circuit 2: gf180mcu_fd_sc_mcu7t5v0__nor3_2 
-------------------------------------------|-------------------------------------------
A1                                         |A1                                         
A2                                         |A2                                         
A3                                         |A3                                         
ZN                                         |ZN                                         
VDD                                        |VDD                                        
VNW                                        |VNW                                        
VPW                                        |VPW                                        
VSS                                        |VSS                                        
---------------------------------------------------------------------------------------
Cell pin lists are equivalent.
Device classes gf180mcu_fd_sc_mcu7t5v0__nor3_2 and gf180mcu_fd_sc_mcu7t5v0__nor3_2 are equivalent.

Cell gf180mcu_fd_sc_mcu7t5v0__nor4_1 (0) disconnected node: A1
Cell gf180mcu_fd_sc_mcu7t5v0__nor4_1 (0) disconnected node: A2
Cell gf180mcu_fd_sc_mcu7t5v0__nor4_1 (0) disconnected node: A3
Cell gf180mcu_fd_sc_mcu7t5v0__nor4_1 (0) disconnected node: A4
Cell gf180mcu_fd_sc_mcu7t5v0__nor4_1 (0) disconnected node: ZN
Cell gf180mcu_fd_sc_mcu7t5v0__nor4_1 (0) disconnected node: VDD
Cell gf180mcu_fd_sc_mcu7t5v0__nor4_1 (0) disconnected node: VNW
Cell gf180mcu_fd_sc_mcu7t5v0__nor4_1 (0) disconnected node: VPW
Cell gf180mcu_fd_sc_mcu7t5v0__nor4_1 (0) disconnected node: VSS

Subcircuit pins:
Circuit 1: gf180mcu_fd_sc_mcu7t5v0__nor4_1 |Circuit 2: gf180mcu_fd_sc_mcu7t5v0__nor4_1 
-------------------------------------------|-------------------------------------------
A1                                         |A1                                         
A2                                         |A2                                         
A3                                         |A3                                         
A4                                         |A4                                         
ZN                                         |ZN                                         
VDD                                        |VDD                                        
VNW                                        |VNW                                        
VPW                                        |VPW                                        
VSS                                        |VSS                                        
---------------------------------------------------------------------------------------
Cell pin lists are equivalent.
Device classes gf180mcu_fd_sc_mcu7t5v0__nor4_1 and gf180mcu_fd_sc_mcu7t5v0__nor4_1 are equivalent.

Cell gf180mcu_fd_sc_mcu7t5v0__nand3_2 (0) disconnected node: A1
Cell gf180mcu_fd_sc_mcu7t5v0__nand3_2 (0) disconnected node: A2
Cell gf180mcu_fd_sc_mcu7t5v0__nand3_2 (0) disconnected node: A3
Cell gf180mcu_fd_sc_mcu7t5v0__nand3_2 (0) disconnected node: ZN
Cell gf180mcu_fd_sc_mcu7t5v0__nand3_2 (0) disconnected node: VDD
Cell gf180mcu_fd_sc_mcu7t5v0__nand3_2 (0) disconnected node: VNW
Cell gf180mcu_fd_sc_mcu7t5v0__nand3_2 (0) disconnected node: VPW
Cell gf180mcu_fd_sc_mcu7t5v0__nand3_2 (0) disconnected node: VSS

Subcircuit pins:
Circuit 1: gf180mcu_fd_sc_mcu7t5v0__nand3_ |Circuit 2: gf180mcu_fd_sc_mcu7t5v0__nand3_ 
-------------------------------------------|-------------------------------------------
A1                                         |A1                                         
A2                                         |A2                                         
A3                                         |A3                                         
ZN                                         |ZN                                         
VDD                                        |VDD                                        
VNW                                        |VNW                                        
VPW                                        |VPW                                        
VSS                                        |VSS                                        
---------------------------------------------------------------------------------------
Cell pin lists are equivalent.
Device classes gf180mcu_fd_sc_mcu7t5v0__nand3_2 and gf180mcu_fd_sc_mcu7t5v0__nand3_2 are equivalent.

Cell gf180mcu_fd_sc_mcu7t5v0__aoi211_1 (0) disconnected node: A1
Cell gf180mcu_fd_sc_mcu7t5v0__aoi211_1 (0) disconnected node: A2
Cell gf180mcu_fd_sc_mcu7t5v0__aoi211_1 (0) disconnected node: B
Cell gf180mcu_fd_sc_mcu7t5v0__aoi211_1 (0) disconnected node: C
Cell gf180mcu_fd_sc_mcu7t5v0__aoi211_1 (0) disconnected node: ZN
Cell gf180mcu_fd_sc_mcu7t5v0__aoi211_1 (0) disconnected node: VDD
Cell gf180mcu_fd_sc_mcu7t5v0__aoi211_1 (0) disconnected node: VNW
Cell gf180mcu_fd_sc_mcu7t5v0__aoi211_1 (0) disconnected node: VPW
Cell gf180mcu_fd_sc_mcu7t5v0__aoi211_1 (0) disconnected node: VSS

Subcircuit pins:
Circuit 1: gf180mcu_fd_sc_mcu7t5v0__aoi211 |Circuit 2: gf180mcu_fd_sc_mcu7t5v0__aoi211 
-------------------------------------------|-------------------------------------------
A1                                         |A1                                         
A2                                         |A2                                         
B                                          |B                                          
C                                          |C                                          
ZN                                         |ZN                                         
VDD                                        |VDD                                        
VNW                                        |VNW                                        
VPW                                        |VPW                                        
VSS                                        |VSS                                        
---------------------------------------------------------------------------------------
Cell pin lists are equivalent.
Device classes gf180mcu_fd_sc_mcu7t5v0__aoi211_1 and gf180mcu_fd_sc_mcu7t5v0__aoi211_1 are equivalent.

Cell gf180mcu_fd_sc_mcu7t5v0__nand3_1 (0) disconnected node: A1
Cell gf180mcu_fd_sc_mcu7t5v0__nand3_1 (0) disconnected node: A2
Cell gf180mcu_fd_sc_mcu7t5v0__nand3_1 (0) disconnected node: A3
Cell gf180mcu_fd_sc_mcu7t5v0__nand3_1 (0) disconnected node: ZN
Cell gf180mcu_fd_sc_mcu7t5v0__nand3_1 (0) disconnected node: VDD
Cell gf180mcu_fd_sc_mcu7t5v0__nand3_1 (0) disconnected node: VNW
Cell gf180mcu_fd_sc_mcu7t5v0__nand3_1 (0) disconnected node: VPW
Cell gf180mcu_fd_sc_mcu7t5v0__nand3_1 (0) disconnected node: VSS

Subcircuit pins:
Circuit 1: gf180mcu_fd_sc_mcu7t5v0__nand3_ |Circuit 2: gf180mcu_fd_sc_mcu7t5v0__nand3_ 
-------------------------------------------|-------------------------------------------
A1                                         |A1                                         
A2                                         |A2                                         
A3                                         |A3                                         
ZN                                         |ZN                                         
VDD                                        |VDD                                        
VNW                                        |VNW                                        
VPW                                        |VPW                                        
VSS                                        |VSS                                        
---------------------------------------------------------------------------------------
Cell pin lists are equivalent.
Device classes gf180mcu_fd_sc_mcu7t5v0__nand3_1 and gf180mcu_fd_sc_mcu7t5v0__nand3_1 are equivalent.

Cell gf180mcu_fd_sc_mcu7t5v0__aoi222_1 (0) disconnected node: A1
Cell gf180mcu_fd_sc_mcu7t5v0__aoi222_1 (0) disconnected node: A2
Cell gf180mcu_fd_sc_mcu7t5v0__aoi222_1 (0) disconnected node: B1
Cell gf180mcu_fd_sc_mcu7t5v0__aoi222_1 (0) disconnected node: B2
Cell gf180mcu_fd_sc_mcu7t5v0__aoi222_1 (0) disconnected node: C1
Cell gf180mcu_fd_sc_mcu7t5v0__aoi222_1 (0) disconnected node: C2
Cell gf180mcu_fd_sc_mcu7t5v0__aoi222_1 (0) disconnected node: ZN
Cell gf180mcu_fd_sc_mcu7t5v0__aoi222_1 (0) disconnected node: VDD
Cell gf180mcu_fd_sc_mcu7t5v0__aoi222_1 (0) disconnected node: VNW
Cell gf180mcu_fd_sc_mcu7t5v0__aoi222_1 (0) disconnected node: VPW
Cell gf180mcu_fd_sc_mcu7t5v0__aoi222_1 (0) disconnected node: VSS

Subcircuit pins:
Circuit 1: gf180mcu_fd_sc_mcu7t5v0__aoi222 |Circuit 2: gf180mcu_fd_sc_mcu7t5v0__aoi222 
-------------------------------------------|-------------------------------------------
A1                                         |A1                                         
A2                                         |A2                                         
B1                                         |B1                                         
B2                                         |B2                                         
C1                                         |C1                                         
C2                                         |C2                                         
ZN                                         |ZN                                         
VDD                                        |VDD                                        
VNW                                        |VNW                                        
VPW                                        |VPW                                        
VSS                                        |VSS                                        
---------------------------------------------------------------------------------------
Cell pin lists are equivalent.
Device classes gf180mcu_fd_sc_mcu7t5v0__aoi222_1 and gf180mcu_fd_sc_mcu7t5v0__aoi222_1 are equivalent.

Cell gf180mcu_fd_sc_mcu7t5v0__xnor3_1 (0) disconnected node: A1
Cell gf180mcu_fd_sc_mcu7t5v0__xnor3_1 (0) disconnected node: A2
Cell gf180mcu_fd_sc_mcu7t5v0__xnor3_1 (0) disconnected node: A3
Cell gf180mcu_fd_sc_mcu7t5v0__xnor3_1 (0) disconnected node: ZN
Cell gf180mcu_fd_sc_mcu7t5v0__xnor3_1 (0) disconnected node: VDD
Cell gf180mcu_fd_sc_mcu7t5v0__xnor3_1 (0) disconnected node: VNW
Cell gf180mcu_fd_sc_mcu7t5v0__xnor3_1 (0) disconnected node: VPW
Cell gf180mcu_fd_sc_mcu7t5v0__xnor3_1 (0) disconnected node: VSS

Subcircuit pins:
Circuit 1: gf180mcu_fd_sc_mcu7t5v0__xnor3_ |Circuit 2: gf180mcu_fd_sc_mcu7t5v0__xnor3_ 
-------------------------------------------|-------------------------------------------
A1                                         |A1                                         
A2                                         |A2                                         
A3                                         |A3                                         
ZN                                         |ZN                                         
VDD                                        |VDD                                        
VNW                                        |VNW                                        
VPW                                        |VPW                                        
VSS                                        |VSS                                        
---------------------------------------------------------------------------------------
Cell pin lists are equivalent.
Device classes gf180mcu_fd_sc_mcu7t5v0__xnor3_1 and gf180mcu_fd_sc_mcu7t5v0__xnor3_1 are equivalent.

Cell gf180mcu_fd_sc_mcu7t5v0__aoi221_4 (0) disconnected node: A1
Cell gf180mcu_fd_sc_mcu7t5v0__aoi221_4 (0) disconnected node: A2
Cell gf180mcu_fd_sc_mcu7t5v0__aoi221_4 (0) disconnected node: B1
Cell gf180mcu_fd_sc_mcu7t5v0__aoi221_4 (0) disconnected node: B2
Cell gf180mcu_fd_sc_mcu7t5v0__aoi221_4 (0) disconnected node: C
Cell gf180mcu_fd_sc_mcu7t5v0__aoi221_4 (0) disconnected node: ZN
Cell gf180mcu_fd_sc_mcu7t5v0__aoi221_4 (0) disconnected node: VDD
Cell gf180mcu_fd_sc_mcu7t5v0__aoi221_4 (0) disconnected node: VNW
Cell gf180mcu_fd_sc_mcu7t5v0__aoi221_4 (0) disconnected node: VPW
Cell gf180mcu_fd_sc_mcu7t5v0__aoi221_4 (0) disconnected node: VSS

Subcircuit pins:
Circuit 1: gf180mcu_fd_sc_mcu7t5v0__aoi221 |Circuit 2: gf180mcu_fd_sc_mcu7t5v0__aoi221 
-------------------------------------------|-------------------------------------------
A1                                         |A1                                         
A2                                         |A2                                         
B1                                         |B1                                         
B2                                         |B2                                         
C                                          |C                                          
ZN                                         |ZN                                         
VDD                                        |VDD                                        
VNW                                        |VNW                                        
VPW                                        |VPW                                        
VSS                                        |VSS                                        
---------------------------------------------------------------------------------------
Cell pin lists are equivalent.
Device classes gf180mcu_fd_sc_mcu7t5v0__aoi221_4 and gf180mcu_fd_sc_mcu7t5v0__aoi221_4 are equivalent.

Cell gf180mcu_fd_sc_mcu7t5v0__xor2_2 (0) disconnected node: A1
Cell gf180mcu_fd_sc_mcu7t5v0__xor2_2 (0) disconnected node: A2
Cell gf180mcu_fd_sc_mcu7t5v0__xor2_2 (0) disconnected node: Z
Cell gf180mcu_fd_sc_mcu7t5v0__xor2_2 (0) disconnected node: VDD
Cell gf180mcu_fd_sc_mcu7t5v0__xor2_2 (0) disconnected node: VNW
Cell gf180mcu_fd_sc_mcu7t5v0__xor2_2 (0) disconnected node: VPW
Cell gf180mcu_fd_sc_mcu7t5v0__xor2_2 (0) disconnected node: VSS

Subcircuit pins:
Circuit 1: gf180mcu_fd_sc_mcu7t5v0__xor2_2 |Circuit 2: gf180mcu_fd_sc_mcu7t5v0__xor2_2 
-------------------------------------------|-------------------------------------------
A1                                         |A1                                         
A2                                         |A2                                         
Z                                          |Z                                          
VDD                                        |VDD                                        
VNW                                        |VNW                                        
VPW                                        |VPW                                        
VSS                                        |VSS                                        
---------------------------------------------------------------------------------------
Cell pin lists are equivalent.
Device classes gf180mcu_fd_sc_mcu7t5v0__xor2_2 and gf180mcu_fd_sc_mcu7t5v0__xor2_2 are equivalent.

Cell gf180mcu_fd_sc_mcu7t5v0__clkinv_4 (0) disconnected node: I
Cell gf180mcu_fd_sc_mcu7t5v0__clkinv_4 (0) disconnected node: ZN
Cell gf180mcu_fd_sc_mcu7t5v0__clkinv_4 (0) disconnected node: VDD
Cell gf180mcu_fd_sc_mcu7t5v0__clkinv_4 (0) disconnected node: VNW
Cell gf180mcu_fd_sc_mcu7t5v0__clkinv_4 (0) disconnected node: VPW
Cell gf180mcu_fd_sc_mcu7t5v0__clkinv_4 (0) disconnected node: VSS

Subcircuit pins:
Circuit 1: gf180mcu_fd_sc_mcu7t5v0__clkinv |Circuit 2: gf180mcu_fd_sc_mcu7t5v0__clkinv 
-------------------------------------------|-------------------------------------------
I                                          |I                                          
ZN                                         |ZN                                         
VDD                                        |VDD                                        
VNW                                        |VNW                                        
VPW                                        |VPW                                        
VSS                                        |VSS                                        
---------------------------------------------------------------------------------------
Cell pin lists are equivalent.
Device classes gf180mcu_fd_sc_mcu7t5v0__clkinv_4 and gf180mcu_fd_sc_mcu7t5v0__clkinv_4 are equivalent.

Cell gf180mcu_fd_sc_mcu7t5v0__inv_3 (0) disconnected node: I
Cell gf180mcu_fd_sc_mcu7t5v0__inv_3 (0) disconnected node: ZN
Cell gf180mcu_fd_sc_mcu7t5v0__inv_3 (0) disconnected node: VDD
Cell gf180mcu_fd_sc_mcu7t5v0__inv_3 (0) disconnected node: VNW
Cell gf180mcu_fd_sc_mcu7t5v0__inv_3 (0) disconnected node: VPW
Cell gf180mcu_fd_sc_mcu7t5v0__inv_3 (0) disconnected node: VSS

Subcircuit pins:
Circuit 1: gf180mcu_fd_sc_mcu7t5v0__inv_3  |Circuit 2: gf180mcu_fd_sc_mcu7t5v0__inv_3  
-------------------------------------------|-------------------------------------------
I                                          |I                                          
ZN                                         |ZN                                         
VDD                                        |VDD                                        
VNW                                        |VNW                                        
VPW                                        |VPW                                        
VSS                                        |VSS                                        
---------------------------------------------------------------------------------------
Cell pin lists are equivalent.
Device classes gf180mcu_fd_sc_mcu7t5v0__inv_3 and gf180mcu_fd_sc_mcu7t5v0__inv_3 are equivalent.

Cell gf180mcu_fd_sc_mcu7t5v0__inv_2 (0) disconnected node: I
Cell gf180mcu_fd_sc_mcu7t5v0__inv_2 (0) disconnected node: ZN
Cell gf180mcu_fd_sc_mcu7t5v0__inv_2 (0) disconnected node: VDD
Cell gf180mcu_fd_sc_mcu7t5v0__inv_2 (0) disconnected node: VNW
Cell gf180mcu_fd_sc_mcu7t5v0__inv_2 (0) disconnected node: VPW
Cell gf180mcu_fd_sc_mcu7t5v0__inv_2 (0) disconnected node: VSS

Subcircuit pins:
Circuit 1: gf180mcu_fd_sc_mcu7t5v0__inv_2  |Circuit 2: gf180mcu_fd_sc_mcu7t5v0__inv_2  
-------------------------------------------|-------------------------------------------
I                                          |I                                          
ZN                                         |ZN                                         
VDD                                        |VDD                                        
VNW                                        |VNW                                        
VPW                                        |VPW                                        
VSS                                        |VSS                                        
---------------------------------------------------------------------------------------
Cell pin lists are equivalent.
Device classes gf180mcu_fd_sc_mcu7t5v0__inv_2 and gf180mcu_fd_sc_mcu7t5v0__inv_2 are equivalent.

Cell gf180mcu_fd_sc_mcu7t5v0__mux2_2 (0) disconnected node: I0
Cell gf180mcu_fd_sc_mcu7t5v0__mux2_2 (0) disconnected node: I1
Cell gf180mcu_fd_sc_mcu7t5v0__mux2_2 (0) disconnected node: S
Cell gf180mcu_fd_sc_mcu7t5v0__mux2_2 (0) disconnected node: Z
Cell gf180mcu_fd_sc_mcu7t5v0__mux2_2 (0) disconnected node: VDD
Cell gf180mcu_fd_sc_mcu7t5v0__mux2_2 (0) disconnected node: VNW
Cell gf180mcu_fd_sc_mcu7t5v0__mux2_2 (0) disconnected node: VPW
Cell gf180mcu_fd_sc_mcu7t5v0__mux2_2 (0) disconnected node: VSS

Subcircuit pins:
Circuit 1: gf180mcu_fd_sc_mcu7t5v0__mux2_2 |Circuit 2: gf180mcu_fd_sc_mcu7t5v0__mux2_2 
-------------------------------------------|-------------------------------------------
I0                                         |I0                                         
I1                                         |I1                                         
S                                          |S                                          
Z                                          |Z                                          
VDD                                        |VDD                                        
VNW                                        |VNW                                        
VPW                                        |VPW                                        
VSS                                        |VSS                                        
---------------------------------------------------------------------------------------
Cell pin lists are equivalent.
Device classes gf180mcu_fd_sc_mcu7t5v0__mux2_2 and gf180mcu_fd_sc_mcu7t5v0__mux2_2 are equivalent.

Cell gf180mcu_fd_sc_mcu7t5v0__buf_8 (0) disconnected node: I
Cell gf180mcu_fd_sc_mcu7t5v0__buf_8 (0) disconnected node: Z
Cell gf180mcu_fd_sc_mcu7t5v0__buf_8 (0) disconnected node: VDD
Cell gf180mcu_fd_sc_mcu7t5v0__buf_8 (0) disconnected node: VNW
Cell gf180mcu_fd_sc_mcu7t5v0__buf_8 (0) disconnected node: VPW
Cell gf180mcu_fd_sc_mcu7t5v0__buf_8 (0) disconnected node: VSS

Subcircuit pins:
Circuit 1: gf180mcu_fd_sc_mcu7t5v0__buf_8  |Circuit 2: gf180mcu_fd_sc_mcu7t5v0__buf_8  
-------------------------------------------|-------------------------------------------
I                                          |I                                          
Z                                          |Z                                          
VDD                                        |VDD                                        
VNW                                        |VNW                                        
VPW                                        |VPW                                        
VSS                                        |VSS                                        
---------------------------------------------------------------------------------------
Cell pin lists are equivalent.
Device classes gf180mcu_fd_sc_mcu7t5v0__buf_8 and gf180mcu_fd_sc_mcu7t5v0__buf_8 are equivalent.

Cell gf180mcu_fd_sc_mcu7t5v0__oai22_1 (0) disconnected node: A1
Cell gf180mcu_fd_sc_mcu7t5v0__oai22_1 (0) disconnected node: A2
Cell gf180mcu_fd_sc_mcu7t5v0__oai22_1 (0) disconnected node: B1
Cell gf180mcu_fd_sc_mcu7t5v0__oai22_1 (0) disconnected node: B2
Cell gf180mcu_fd_sc_mcu7t5v0__oai22_1 (0) disconnected node: ZN
Cell gf180mcu_fd_sc_mcu7t5v0__oai22_1 (0) disconnected node: VDD
Cell gf180mcu_fd_sc_mcu7t5v0__oai22_1 (0) disconnected node: VNW
Cell gf180mcu_fd_sc_mcu7t5v0__oai22_1 (0) disconnected node: VPW
Cell gf180mcu_fd_sc_mcu7t5v0__oai22_1 (0) disconnected node: VSS

Subcircuit pins:
Circuit 1: gf180mcu_fd_sc_mcu7t5v0__oai22_ |Circuit 2: gf180mcu_fd_sc_mcu7t5v0__oai22_ 
-------------------------------------------|-------------------------------------------
A1                                         |A1                                         
A2                                         |A2                                         
B1                                         |B1                                         
B2                                         |B2                                         
ZN                                         |ZN                                         
VDD                                        |VDD                                        
VNW                                        |VNW                                        
VPW                                        |VPW                                        
VSS                                        |VSS                                        
---------------------------------------------------------------------------------------
Cell pin lists are equivalent.
Device classes gf180mcu_fd_sc_mcu7t5v0__oai22_1 and gf180mcu_fd_sc_mcu7t5v0__oai22_1 are equivalent.

Cell gf180mcu_fd_sc_mcu7t5v0__oai21_4 (0) disconnected node: A1
Cell gf180mcu_fd_sc_mcu7t5v0__oai21_4 (0) disconnected node: A2
Cell gf180mcu_fd_sc_mcu7t5v0__oai21_4 (0) disconnected node: B
Cell gf180mcu_fd_sc_mcu7t5v0__oai21_4 (0) disconnected node: ZN
Cell gf180mcu_fd_sc_mcu7t5v0__oai21_4 (0) disconnected node: VDD
Cell gf180mcu_fd_sc_mcu7t5v0__oai21_4 (0) disconnected node: VNW
Cell gf180mcu_fd_sc_mcu7t5v0__oai21_4 (0) disconnected node: VPW
Cell gf180mcu_fd_sc_mcu7t5v0__oai21_4 (0) disconnected node: VSS

Subcircuit pins:
Circuit 1: gf180mcu_fd_sc_mcu7t5v0__oai21_ |Circuit 2: gf180mcu_fd_sc_mcu7t5v0__oai21_ 
-------------------------------------------|-------------------------------------------
A1                                         |A1                                         
A2                                         |A2                                         
B                                          |B                                          
ZN                                         |ZN                                         
VDD                                        |VDD                                        
VNW                                        |VNW                                        
VPW                                        |VPW                                        
VSS                                        |VSS                                        
---------------------------------------------------------------------------------------
Cell pin lists are equivalent.
Device classes gf180mcu_fd_sc_mcu7t5v0__oai21_4 and gf180mcu_fd_sc_mcu7t5v0__oai21_4 are equivalent.

Cell gf180mcu_fd_sc_mcu7t5v0__nand4_1 (0) disconnected node: A1
Cell gf180mcu_fd_sc_mcu7t5v0__nand4_1 (0) disconnected node: A2
Cell gf180mcu_fd_sc_mcu7t5v0__nand4_1 (0) disconnected node: A3
Cell gf180mcu_fd_sc_mcu7t5v0__nand4_1 (0) disconnected node: A4
Cell gf180mcu_fd_sc_mcu7t5v0__nand4_1 (0) disconnected node: ZN
Cell gf180mcu_fd_sc_mcu7t5v0__nand4_1 (0) disconnected node: VDD
Cell gf180mcu_fd_sc_mcu7t5v0__nand4_1 (0) disconnected node: VNW
Cell gf180mcu_fd_sc_mcu7t5v0__nand4_1 (0) disconnected node: VPW
Cell gf180mcu_fd_sc_mcu7t5v0__nand4_1 (0) disconnected node: VSS

Subcircuit pins:
Circuit 1: gf180mcu_fd_sc_mcu7t5v0__nand4_ |Circuit 2: gf180mcu_fd_sc_mcu7t5v0__nand4_ 
-------------------------------------------|-------------------------------------------
A1                                         |A1                                         
A2                                         |A2                                         
A3                                         |A3                                         
A4                                         |A4                                         
ZN                                         |ZN                                         
VDD                                        |VDD                                        
VNW                                        |VNW                                        
VPW                                        |VPW                                        
VSS                                        |VSS                                        
---------------------------------------------------------------------------------------
Cell pin lists are equivalent.
Device classes gf180mcu_fd_sc_mcu7t5v0__nand4_1 and gf180mcu_fd_sc_mcu7t5v0__nand4_1 are equivalent.

Cell gf180mcu_fd_sc_mcu7t5v0__oai31_4 (0) disconnected node: A1
Cell gf180mcu_fd_sc_mcu7t5v0__oai31_4 (0) disconnected node: A2
Cell gf180mcu_fd_sc_mcu7t5v0__oai31_4 (0) disconnected node: A3
Cell gf180mcu_fd_sc_mcu7t5v0__oai31_4 (0) disconnected node: B
Cell gf180mcu_fd_sc_mcu7t5v0__oai31_4 (0) disconnected node: ZN
Cell gf180mcu_fd_sc_mcu7t5v0__oai31_4 (0) disconnected node: VDD
Cell gf180mcu_fd_sc_mcu7t5v0__oai31_4 (0) disconnected node: VNW
Cell gf180mcu_fd_sc_mcu7t5v0__oai31_4 (0) disconnected node: VPW
Cell gf180mcu_fd_sc_mcu7t5v0__oai31_4 (0) disconnected node: VSS

Subcircuit pins:
Circuit 1: gf180mcu_fd_sc_mcu7t5v0__oai31_ |Circuit 2: gf180mcu_fd_sc_mcu7t5v0__oai31_ 
-------------------------------------------|-------------------------------------------
A1                                         |A1                                         
A2                                         |A2                                         
A3                                         |A3                                         
B                                          |B                                          
ZN                                         |ZN                                         
VDD                                        |VDD                                        
VNW                                        |VNW                                        
VPW                                        |VPW                                        
VSS                                        |VSS                                        
---------------------------------------------------------------------------------------
Cell pin lists are equivalent.
Device classes gf180mcu_fd_sc_mcu7t5v0__oai31_4 and gf180mcu_fd_sc_mcu7t5v0__oai31_4 are equivalent.

Cell gf180mcu_fd_sc_mcu7t5v0__aoi221_1 (0) disconnected node: A1
Cell gf180mcu_fd_sc_mcu7t5v0__aoi221_1 (0) disconnected node: A2
Cell gf180mcu_fd_sc_mcu7t5v0__aoi221_1 (0) disconnected node: B1
Cell gf180mcu_fd_sc_mcu7t5v0__aoi221_1 (0) disconnected node: B2
Cell gf180mcu_fd_sc_mcu7t5v0__aoi221_1 (0) disconnected node: C
Cell gf180mcu_fd_sc_mcu7t5v0__aoi221_1 (0) disconnected node: ZN
Cell gf180mcu_fd_sc_mcu7t5v0__aoi221_1 (0) disconnected node: VDD
Cell gf180mcu_fd_sc_mcu7t5v0__aoi221_1 (0) disconnected node: VNW
Cell gf180mcu_fd_sc_mcu7t5v0__aoi221_1 (0) disconnected node: VPW
Cell gf180mcu_fd_sc_mcu7t5v0__aoi221_1 (0) disconnected node: VSS

Subcircuit pins:
Circuit 1: gf180mcu_fd_sc_mcu7t5v0__aoi221 |Circuit 2: gf180mcu_fd_sc_mcu7t5v0__aoi221 
-------------------------------------------|-------------------------------------------
A1                                         |A1                                         
A2                                         |A2                                         
B1                                         |B1                                         
B2                                         |B2                                         
C                                          |C                                          
ZN                                         |ZN                                         
VDD                                        |VDD                                        
VNW                                        |VNW                                        
VPW                                        |VPW                                        
VSS                                        |VSS                                        
---------------------------------------------------------------------------------------
Cell pin lists are equivalent.
Device classes gf180mcu_fd_sc_mcu7t5v0__aoi221_1 and gf180mcu_fd_sc_mcu7t5v0__aoi221_1 are equivalent.

Cell gf180mcu_fd_sc_mcu7t5v0__or2_1 (0) disconnected node: A1
Cell gf180mcu_fd_sc_mcu7t5v0__or2_1 (0) disconnected node: A2
Cell gf180mcu_fd_sc_mcu7t5v0__or2_1 (0) disconnected node: Z
Cell gf180mcu_fd_sc_mcu7t5v0__or2_1 (0) disconnected node: VDD
Cell gf180mcu_fd_sc_mcu7t5v0__or2_1 (0) disconnected node: VNW
Cell gf180mcu_fd_sc_mcu7t5v0__or2_1 (0) disconnected node: VPW
Cell gf180mcu_fd_sc_mcu7t5v0__or2_1 (0) disconnected node: VSS

Subcircuit pins:
Circuit 1: gf180mcu_fd_sc_mcu7t5v0__or2_1  |Circuit 2: gf180mcu_fd_sc_mcu7t5v0__or2_1  
-------------------------------------------|-------------------------------------------
A1                                         |A1                                         
A2                                         |A2                                         
Z                                          |Z                                          
VDD                                        |VDD                                        
VNW                                        |VNW                                        
VPW                                        |VPW                                        
VSS                                        |VSS                                        
---------------------------------------------------------------------------------------
Cell pin lists are equivalent.
Device classes gf180mcu_fd_sc_mcu7t5v0__or2_1 and gf180mcu_fd_sc_mcu7t5v0__or2_1 are equivalent.

Cell gf180mcu_fd_sc_mcu7t5v0__nor2_2 (0) disconnected node: A1
Cell gf180mcu_fd_sc_mcu7t5v0__nor2_2 (0) disconnected node: A2
Cell gf180mcu_fd_sc_mcu7t5v0__nor2_2 (0) disconnected node: ZN
Cell gf180mcu_fd_sc_mcu7t5v0__nor2_2 (0) disconnected node: VDD
Cell gf180mcu_fd_sc_mcu7t5v0__nor2_2 (0) disconnected node: VNW
Cell gf180mcu_fd_sc_mcu7t5v0__nor2_2 (0) disconnected node: VPW
Cell gf180mcu_fd_sc_mcu7t5v0__nor2_2 (0) disconnected node: VSS

Subcircuit pins:
Circuit 1: gf180mcu_fd_sc_mcu7t5v0__nor2_2 |Circuit 2: gf180mcu_fd_sc_mcu7t5v0__nor2_2 
-------------------------------------------|-------------------------------------------
A1                                         |A1                                         
A2                                         |A2                                         
ZN                                         |ZN                                         
VDD                                        |VDD                                        
VNW                                        |VNW                                        
VPW                                        |VPW                                        
VSS                                        |VSS                                        
---------------------------------------------------------------------------------------
Cell pin lists are equivalent.
Device classes gf180mcu_fd_sc_mcu7t5v0__nor2_2 and gf180mcu_fd_sc_mcu7t5v0__nor2_2 are equivalent.

Cell gf180mcu_fd_sc_mcu7t5v0__inv_4 (0) disconnected node: I
Cell gf180mcu_fd_sc_mcu7t5v0__inv_4 (0) disconnected node: ZN
Cell gf180mcu_fd_sc_mcu7t5v0__inv_4 (0) disconnected node: VDD
Cell gf180mcu_fd_sc_mcu7t5v0__inv_4 (0) disconnected node: VNW
Cell gf180mcu_fd_sc_mcu7t5v0__inv_4 (0) disconnected node: VPW
Cell gf180mcu_fd_sc_mcu7t5v0__inv_4 (0) disconnected node: VSS

Subcircuit pins:
Circuit 1: gf180mcu_fd_sc_mcu7t5v0__inv_4  |Circuit 2: gf180mcu_fd_sc_mcu7t5v0__inv_4  
-------------------------------------------|-------------------------------------------
I                                          |I                                          
ZN                                         |ZN                                         
VDD                                        |VDD                                        
VNW                                        |VNW                                        
VPW                                        |VPW                                        
VSS                                        |VSS                                        
---------------------------------------------------------------------------------------
Cell pin lists are equivalent.
Device classes gf180mcu_fd_sc_mcu7t5v0__inv_4 and gf180mcu_fd_sc_mcu7t5v0__inv_4 are equivalent.

Cell gf180mcu_fd_sc_mcu7t5v0__inv_1 (0) disconnected node: I
Cell gf180mcu_fd_sc_mcu7t5v0__inv_1 (0) disconnected node: ZN
Cell gf180mcu_fd_sc_mcu7t5v0__inv_1 (0) disconnected node: VDD
Cell gf180mcu_fd_sc_mcu7t5v0__inv_1 (0) disconnected node: VNW
Cell gf180mcu_fd_sc_mcu7t5v0__inv_1 (0) disconnected node: VPW
Cell gf180mcu_fd_sc_mcu7t5v0__inv_1 (0) disconnected node: VSS

Subcircuit pins:
Circuit 1: gf180mcu_fd_sc_mcu7t5v0__inv_1  |Circuit 2: gf180mcu_fd_sc_mcu7t5v0__inv_1  
-------------------------------------------|-------------------------------------------
I                                          |I                                          
ZN                                         |ZN                                         
VDD                                        |VDD                                        
VNW                                        |VNW                                        
VPW                                        |VPW                                        
VSS                                        |VSS                                        
---------------------------------------------------------------------------------------
Cell pin lists are equivalent.
Device classes gf180mcu_fd_sc_mcu7t5v0__inv_1 and gf180mcu_fd_sc_mcu7t5v0__inv_1 are equivalent.

Cell gf180mcu_fd_sc_mcu7t5v0__aoi211_4 (0) disconnected node: A1
Cell gf180mcu_fd_sc_mcu7t5v0__aoi211_4 (0) disconnected node: A2
Cell gf180mcu_fd_sc_mcu7t5v0__aoi211_4 (0) disconnected node: B
Cell gf180mcu_fd_sc_mcu7t5v0__aoi211_4 (0) disconnected node: C
Cell gf180mcu_fd_sc_mcu7t5v0__aoi211_4 (0) disconnected node: ZN
Cell gf180mcu_fd_sc_mcu7t5v0__aoi211_4 (0) disconnected node: VDD
Cell gf180mcu_fd_sc_mcu7t5v0__aoi211_4 (0) disconnected node: VNW
Cell gf180mcu_fd_sc_mcu7t5v0__aoi211_4 (0) disconnected node: VPW
Cell gf180mcu_fd_sc_mcu7t5v0__aoi211_4 (0) disconnected node: VSS

Subcircuit pins:
Circuit 1: gf180mcu_fd_sc_mcu7t5v0__aoi211 |Circuit 2: gf180mcu_fd_sc_mcu7t5v0__aoi211 
-------------------------------------------|-------------------------------------------
A1                                         |A1                                         
A2                                         |A2                                         
B                                          |B                                          
C                                          |C                                          
ZN                                         |ZN                                         
VDD                                        |VDD                                        
VNW                                        |VNW                                        
VPW                                        |VPW                                        
VSS                                        |VSS                                        
---------------------------------------------------------------------------------------
Cell pin lists are equivalent.
Device classes gf180mcu_fd_sc_mcu7t5v0__aoi211_4 and gf180mcu_fd_sc_mcu7t5v0__aoi211_4 are equivalent.

Cell gf180mcu_fd_sc_mcu7t5v0__aoi21_2 (0) disconnected node: A1
Cell gf180mcu_fd_sc_mcu7t5v0__aoi21_2 (0) disconnected node: A2
Cell gf180mcu_fd_sc_mcu7t5v0__aoi21_2 (0) disconnected node: B
Cell gf180mcu_fd_sc_mcu7t5v0__aoi21_2 (0) disconnected node: ZN
Cell gf180mcu_fd_sc_mcu7t5v0__aoi21_2 (0) disconnected node: VDD
Cell gf180mcu_fd_sc_mcu7t5v0__aoi21_2 (0) disconnected node: VNW
Cell gf180mcu_fd_sc_mcu7t5v0__aoi21_2 (0) disconnected node: VPW
Cell gf180mcu_fd_sc_mcu7t5v0__aoi21_2 (0) disconnected node: VSS

Subcircuit pins:
Circuit 1: gf180mcu_fd_sc_mcu7t5v0__aoi21_ |Circuit 2: gf180mcu_fd_sc_mcu7t5v0__aoi21_ 
-------------------------------------------|-------------------------------------------
A1                                         |A1                                         
A2                                         |A2                                         
B                                          |B                                          
ZN                                         |ZN                                         
VDD                                        |VDD                                        
VNW                                        |VNW                                        
VPW                                        |VPW                                        
VSS                                        |VSS                                        
---------------------------------------------------------------------------------------
Cell pin lists are equivalent.
Device classes gf180mcu_fd_sc_mcu7t5v0__aoi21_2 and gf180mcu_fd_sc_mcu7t5v0__aoi21_2 are equivalent.

Cell gf180mcu_fd_sc_mcu7t5v0__or3_2 (0) disconnected node: A1
Cell gf180mcu_fd_sc_mcu7t5v0__or3_2 (0) disconnected node: A2
Cell gf180mcu_fd_sc_mcu7t5v0__or3_2 (0) disconnected node: A3
Cell gf180mcu_fd_sc_mcu7t5v0__or3_2 (0) disconnected node: Z
Cell gf180mcu_fd_sc_mcu7t5v0__or3_2 (0) disconnected node: VDD
Cell gf180mcu_fd_sc_mcu7t5v0__or3_2 (0) disconnected node: VNW
Cell gf180mcu_fd_sc_mcu7t5v0__or3_2 (0) disconnected node: VPW
Cell gf180mcu_fd_sc_mcu7t5v0__or3_2 (0) disconnected node: VSS

Subcircuit pins:
Circuit 1: gf180mcu_fd_sc_mcu7t5v0__or3_2  |Circuit 2: gf180mcu_fd_sc_mcu7t5v0__or3_2  
-------------------------------------------|-------------------------------------------
A1                                         |A1                                         
A2                                         |A2                                         
A3                                         |A3                                         
Z                                          |Z                                          
VDD                                        |VDD                                        
VNW                                        |VNW                                        
VPW                                        |VPW                                        
VSS                                        |VSS                                        
---------------------------------------------------------------------------------------
Cell pin lists are equivalent.
Device classes gf180mcu_fd_sc_mcu7t5v0__or3_2 and gf180mcu_fd_sc_mcu7t5v0__or3_2 are equivalent.

Cell gf180mcu_fd_sc_mcu7t5v0__nand3_4 (0) disconnected node: A1
Cell gf180mcu_fd_sc_mcu7t5v0__nand3_4 (0) disconnected node: A2
Cell gf180mcu_fd_sc_mcu7t5v0__nand3_4 (0) disconnected node: A3
Cell gf180mcu_fd_sc_mcu7t5v0__nand3_4 (0) disconnected node: ZN
Cell gf180mcu_fd_sc_mcu7t5v0__nand3_4 (0) disconnected node: VDD
Cell gf180mcu_fd_sc_mcu7t5v0__nand3_4 (0) disconnected node: VNW
Cell gf180mcu_fd_sc_mcu7t5v0__nand3_4 (0) disconnected node: VPW
Cell gf180mcu_fd_sc_mcu7t5v0__nand3_4 (0) disconnected node: VSS

Subcircuit pins:
Circuit 1: gf180mcu_fd_sc_mcu7t5v0__nand3_ |Circuit 2: gf180mcu_fd_sc_mcu7t5v0__nand3_ 
-------------------------------------------|-------------------------------------------
A1                                         |A1                                         
A2                                         |A2                                         
A3                                         |A3                                         
ZN                                         |ZN                                         
VDD                                        |VDD                                        
VNW                                        |VNW                                        
VPW                                        |VPW                                        
VSS                                        |VSS                                        
---------------------------------------------------------------------------------------
Cell pin lists are equivalent.
Device classes gf180mcu_fd_sc_mcu7t5v0__nand3_4 and gf180mcu_fd_sc_mcu7t5v0__nand3_4 are equivalent.

Cell gf180mcu_fd_sc_mcu7t5v0__and2_1 (0) disconnected node: A1
Cell gf180mcu_fd_sc_mcu7t5v0__and2_1 (0) disconnected node: A2
Cell gf180mcu_fd_sc_mcu7t5v0__and2_1 (0) disconnected node: Z
Cell gf180mcu_fd_sc_mcu7t5v0__and2_1 (0) disconnected node: VDD
Cell gf180mcu_fd_sc_mcu7t5v0__and2_1 (0) disconnected node: VNW
Cell gf180mcu_fd_sc_mcu7t5v0__and2_1 (0) disconnected node: VPW
Cell gf180mcu_fd_sc_mcu7t5v0__and2_1 (0) disconnected node: VSS

Subcircuit pins:
Circuit 1: gf180mcu_fd_sc_mcu7t5v0__and2_1 |Circuit 2: gf180mcu_fd_sc_mcu7t5v0__and2_1 
-------------------------------------------|-------------------------------------------
A1                                         |A1                                         
A2                                         |A2                                         
Z                                          |Z                                          
VDD                                        |VDD                                        
VNW                                        |VNW                                        
VPW                                        |VPW                                        
VSS                                        |VSS                                        
---------------------------------------------------------------------------------------
Cell pin lists are equivalent.
Device classes gf180mcu_fd_sc_mcu7t5v0__and2_1 and gf180mcu_fd_sc_mcu7t5v0__and2_1 are equivalent.

Cell gf180mcu_fd_sc_mcu7t5v0__antenna (0) disconnected node: I
Cell gf180mcu_fd_sc_mcu7t5v0__antenna (0) disconnected node: VDD
Cell gf180mcu_fd_sc_mcu7t5v0__antenna (0) disconnected node: VNW
Cell gf180mcu_fd_sc_mcu7t5v0__antenna (0) disconnected node: VPW
Cell gf180mcu_fd_sc_mcu7t5v0__antenna (0) disconnected node: VSS
Cell gf180mcu_fd_sc_mcu7t5v0__antenna (1) disconnected node: VDD
Cell gf180mcu_fd_sc_mcu7t5v0__antenna (1) disconnected node: VSS

Subcircuit pins:
Circuit 1: gf180mcu_fd_sc_mcu7t5v0__antenn |Circuit 2: gf180mcu_fd_sc_mcu7t5v0__antenn 
-------------------------------------------|-------------------------------------------
I                                          |I                                          
VDD                                        |VDD                                        
VNW                                        |VNW                                        
VPW                                        |VPW                                        
VSS                                        |VSS                                        
---------------------------------------------------------------------------------------
Cell pin lists are equivalent.
Device classes gf180mcu_fd_sc_mcu7t5v0__antenna and gf180mcu_fd_sc_mcu7t5v0__antenna are equivalent.

Cell gf180mcu_fd_sc_mcu7t5v0__oai222_4 (0) disconnected node: A1
Cell gf180mcu_fd_sc_mcu7t5v0__oai222_4 (0) disconnected node: A2
Cell gf180mcu_fd_sc_mcu7t5v0__oai222_4 (0) disconnected node: B1
Cell gf180mcu_fd_sc_mcu7t5v0__oai222_4 (0) disconnected node: B2
Cell gf180mcu_fd_sc_mcu7t5v0__oai222_4 (0) disconnected node: C1
Cell gf180mcu_fd_sc_mcu7t5v0__oai222_4 (0) disconnected node: C2
Cell gf180mcu_fd_sc_mcu7t5v0__oai222_4 (0) disconnected node: ZN
Cell gf180mcu_fd_sc_mcu7t5v0__oai222_4 (0) disconnected node: VDD
Cell gf180mcu_fd_sc_mcu7t5v0__oai222_4 (0) disconnected node: VNW
Cell gf180mcu_fd_sc_mcu7t5v0__oai222_4 (0) disconnected node: VPW
Cell gf180mcu_fd_sc_mcu7t5v0__oai222_4 (0) disconnected node: VSS

Subcircuit pins:
Circuit 1: gf180mcu_fd_sc_mcu7t5v0__oai222 |Circuit 2: gf180mcu_fd_sc_mcu7t5v0__oai222 
-------------------------------------------|-------------------------------------------
A1                                         |A1                                         
A2                                         |A2                                         
B1                                         |B1                                         
B2                                         |B2                                         
C1                                         |C1                                         
C2                                         |C2                                         
ZN                                         |ZN                                         
VDD                                        |VDD                                        
VNW                                        |VNW                                        
VPW                                        |VPW                                        
VSS                                        |VSS                                        
---------------------------------------------------------------------------------------
Cell pin lists are equivalent.
Device classes gf180mcu_fd_sc_mcu7t5v0__oai222_4 and gf180mcu_fd_sc_mcu7t5v0__oai222_4 are equivalent.

Cell gf180mcu_fd_sc_mcu7t5v0__oai31_1 (0) disconnected node: A1
Cell gf180mcu_fd_sc_mcu7t5v0__oai31_1 (0) disconnected node: A2
Cell gf180mcu_fd_sc_mcu7t5v0__oai31_1 (0) disconnected node: A3
Cell gf180mcu_fd_sc_mcu7t5v0__oai31_1 (0) disconnected node: B
Cell gf180mcu_fd_sc_mcu7t5v0__oai31_1 (0) disconnected node: ZN
Cell gf180mcu_fd_sc_mcu7t5v0__oai31_1 (0) disconnected node: VDD
Cell gf180mcu_fd_sc_mcu7t5v0__oai31_1 (0) disconnected node: VNW
Cell gf180mcu_fd_sc_mcu7t5v0__oai31_1 (0) disconnected node: VPW
Cell gf180mcu_fd_sc_mcu7t5v0__oai31_1 (0) disconnected node: VSS

Subcircuit pins:
Circuit 1: gf180mcu_fd_sc_mcu7t5v0__oai31_ |Circuit 2: gf180mcu_fd_sc_mcu7t5v0__oai31_ 
-------------------------------------------|-------------------------------------------
A1                                         |A1                                         
A2                                         |A2                                         
A3                                         |A3                                         
B                                          |B                                          
ZN                                         |ZN                                         
VDD                                        |VDD                                        
VNW                                        |VNW                                        
VPW                                        |VPW                                        
VSS                                        |VSS                                        
---------------------------------------------------------------------------------------
Cell pin lists are equivalent.
Device classes gf180mcu_fd_sc_mcu7t5v0__oai31_1 and gf180mcu_fd_sc_mcu7t5v0__oai31_1 are equivalent.

Cell gf180mcu_fd_sc_mcu7t5v0__dffrnq_4 (0) disconnected node: D
Cell gf180mcu_fd_sc_mcu7t5v0__dffrnq_4 (0) disconnected node: RN
Cell gf180mcu_fd_sc_mcu7t5v0__dffrnq_4 (0) disconnected node: CLK
Cell gf180mcu_fd_sc_mcu7t5v0__dffrnq_4 (0) disconnected node: Q
Cell gf180mcu_fd_sc_mcu7t5v0__dffrnq_4 (0) disconnected node: VDD
Cell gf180mcu_fd_sc_mcu7t5v0__dffrnq_4 (0) disconnected node: VNW
Cell gf180mcu_fd_sc_mcu7t5v0__dffrnq_4 (0) disconnected node: VPW
Cell gf180mcu_fd_sc_mcu7t5v0__dffrnq_4 (0) disconnected node: VSS

Subcircuit pins:
Circuit 1: gf180mcu_fd_sc_mcu7t5v0__dffrnq |Circuit 2: gf180mcu_fd_sc_mcu7t5v0__dffrnq 
-------------------------------------------|-------------------------------------------
D                                          |D                                          
RN                                         |RN                                         
CLK                                        |CLK                                        
Q                                          |Q                                          
VDD                                        |VDD                                        
VNW                                        |VNW                                        
VPW                                        |VPW                                        
VSS                                        |VSS                                        
---------------------------------------------------------------------------------------
Cell pin lists are equivalent.
Device classes gf180mcu_fd_sc_mcu7t5v0__dffrnq_4 and gf180mcu_fd_sc_mcu7t5v0__dffrnq_4 are equivalent.

Cell gf180mcu_fd_sc_mcu7t5v0__and4_1 (0) disconnected node: A1
Cell gf180mcu_fd_sc_mcu7t5v0__and4_1 (0) disconnected node: A2
Cell gf180mcu_fd_sc_mcu7t5v0__and4_1 (0) disconnected node: A3
Cell gf180mcu_fd_sc_mcu7t5v0__and4_1 (0) disconnected node: A4
Cell gf180mcu_fd_sc_mcu7t5v0__and4_1 (0) disconnected node: Z
Cell gf180mcu_fd_sc_mcu7t5v0__and4_1 (0) disconnected node: VDD
Cell gf180mcu_fd_sc_mcu7t5v0__and4_1 (0) disconnected node: VNW
Cell gf180mcu_fd_sc_mcu7t5v0__and4_1 (0) disconnected node: VPW
Cell gf180mcu_fd_sc_mcu7t5v0__and4_1 (0) disconnected node: VSS

Subcircuit pins:
Circuit 1: gf180mcu_fd_sc_mcu7t5v0__and4_1 |Circuit 2: gf180mcu_fd_sc_mcu7t5v0__and4_1 
-------------------------------------------|-------------------------------------------
A1                                         |A1                                         
A2                                         |A2                                         
A3                                         |A3                                         
A4                                         |A4                                         
Z                                          |Z                                          
VDD                                        |VDD                                        
VNW                                        |VNW                                        
VPW                                        |VPW                                        
VSS                                        |VSS                                        
---------------------------------------------------------------------------------------
Cell pin lists are equivalent.
Device classes gf180mcu_fd_sc_mcu7t5v0__and4_1 and gf180mcu_fd_sc_mcu7t5v0__and4_1 are equivalent.

Cell gf180mcu_fd_sc_mcu7t5v0__buf_1 (0) disconnected node: I
Cell gf180mcu_fd_sc_mcu7t5v0__buf_1 (0) disconnected node: Z
Cell gf180mcu_fd_sc_mcu7t5v0__buf_1 (0) disconnected node: VDD
Cell gf180mcu_fd_sc_mcu7t5v0__buf_1 (0) disconnected node: VNW
Cell gf180mcu_fd_sc_mcu7t5v0__buf_1 (0) disconnected node: VPW
Cell gf180mcu_fd_sc_mcu7t5v0__buf_1 (0) disconnected node: VSS

Subcircuit pins:
Circuit 1: gf180mcu_fd_sc_mcu7t5v0__buf_1  |Circuit 2: gf180mcu_fd_sc_mcu7t5v0__buf_1  
-------------------------------------------|-------------------------------------------
I                                          |I                                          
Z                                          |Z                                          
VDD                                        |VDD                                        
VNW                                        |VNW                                        
VPW                                        |VPW                                        
VSS                                        |VSS                                        
---------------------------------------------------------------------------------------
Cell pin lists are equivalent.
Device classes gf180mcu_fd_sc_mcu7t5v0__buf_1 and gf180mcu_fd_sc_mcu7t5v0__buf_1 are equivalent.

Cell gf180mcu_fd_sc_mcu7t5v0__aoi22_2 (0) disconnected node: A1
Cell gf180mcu_fd_sc_mcu7t5v0__aoi22_2 (0) disconnected node: A2
Cell gf180mcu_fd_sc_mcu7t5v0__aoi22_2 (0) disconnected node: B1
Cell gf180mcu_fd_sc_mcu7t5v0__aoi22_2 (0) disconnected node: B2
Cell gf180mcu_fd_sc_mcu7t5v0__aoi22_2 (0) disconnected node: ZN
Cell gf180mcu_fd_sc_mcu7t5v0__aoi22_2 (0) disconnected node: VDD
Cell gf180mcu_fd_sc_mcu7t5v0__aoi22_2 (0) disconnected node: VNW
Cell gf180mcu_fd_sc_mcu7t5v0__aoi22_2 (0) disconnected node: VPW
Cell gf180mcu_fd_sc_mcu7t5v0__aoi22_2 (0) disconnected node: VSS

Subcircuit pins:
Circuit 1: gf180mcu_fd_sc_mcu7t5v0__aoi22_ |Circuit 2: gf180mcu_fd_sc_mcu7t5v0__aoi22_ 
-------------------------------------------|-------------------------------------------
A1                                         |A1                                         
A2                                         |A2                                         
B1                                         |B1                                         
B2                                         |B2                                         
ZN                                         |ZN                                         
VDD                                        |VDD                                        
VNW                                        |VNW                                        
VPW                                        |VPW                                        
VSS                                        |VSS                                        
---------------------------------------------------------------------------------------
Cell pin lists are equivalent.
Device classes gf180mcu_fd_sc_mcu7t5v0__aoi22_2 and gf180mcu_fd_sc_mcu7t5v0__aoi22_2 are equivalent.

Cell gf180mcu_fd_sc_mcu7t5v0__nor3_1 (0) disconnected node: A1
Cell gf180mcu_fd_sc_mcu7t5v0__nor3_1 (0) disconnected node: A2
Cell gf180mcu_fd_sc_mcu7t5v0__nor3_1 (0) disconnected node: A3
Cell gf180mcu_fd_sc_mcu7t5v0__nor3_1 (0) disconnected node: ZN
Cell gf180mcu_fd_sc_mcu7t5v0__nor3_1 (0) disconnected node: VDD
Cell gf180mcu_fd_sc_mcu7t5v0__nor3_1 (0) disconnected node: VNW
Cell gf180mcu_fd_sc_mcu7t5v0__nor3_1 (0) disconnected node: VPW
Cell gf180mcu_fd_sc_mcu7t5v0__nor3_1 (0) disconnected node: VSS

Subcircuit pins:
Circuit 1: gf180mcu_fd_sc_mcu7t5v0__nor3_1 |Circuit 2: gf180mcu_fd_sc_mcu7t5v0__nor3_1 
-------------------------------------------|-------------------------------------------
A1                                         |A1                                         
A2                                         |A2                                         
A3                                         |A3                                         
ZN                                         |ZN                                         
VDD                                        |VDD                                        
VNW                                        |VNW                                        
VPW                                        |VPW                                        
VSS                                        |VSS                                        
---------------------------------------------------------------------------------------
Cell pin lists are equivalent.
Device classes gf180mcu_fd_sc_mcu7t5v0__nor3_1 and gf180mcu_fd_sc_mcu7t5v0__nor3_1 are equivalent.

Cell gf180mcu_fd_sc_mcu7t5v0__or3_1 (0) disconnected node: A1
Cell gf180mcu_fd_sc_mcu7t5v0__or3_1 (0) disconnected node: A2
Cell gf180mcu_fd_sc_mcu7t5v0__or3_1 (0) disconnected node: A3
Cell gf180mcu_fd_sc_mcu7t5v0__or3_1 (0) disconnected node: Z
Cell gf180mcu_fd_sc_mcu7t5v0__or3_1 (0) disconnected node: VDD
Cell gf180mcu_fd_sc_mcu7t5v0__or3_1 (0) disconnected node: VNW
Cell gf180mcu_fd_sc_mcu7t5v0__or3_1 (0) disconnected node: VPW
Cell gf180mcu_fd_sc_mcu7t5v0__or3_1 (0) disconnected node: VSS

Subcircuit pins:
Circuit 1: gf180mcu_fd_sc_mcu7t5v0__or3_1  |Circuit 2: gf180mcu_fd_sc_mcu7t5v0__or3_1  
-------------------------------------------|-------------------------------------------
A1                                         |A1                                         
A2                                         |A2                                         
A3                                         |A3                                         
Z                                          |Z                                          
VDD                                        |VDD                                        
VNW                                        |VNW                                        
VPW                                        |VPW                                        
VSS                                        |VSS                                        
---------------------------------------------------------------------------------------
Cell pin lists are equivalent.
Device classes gf180mcu_fd_sc_mcu7t5v0__or3_1 and gf180mcu_fd_sc_mcu7t5v0__or3_1 are equivalent.

Cell gf180mcu_fd_sc_mcu7t5v0__and2_2 (0) disconnected node: A1
Cell gf180mcu_fd_sc_mcu7t5v0__and2_2 (0) disconnected node: A2
Cell gf180mcu_fd_sc_mcu7t5v0__and2_2 (0) disconnected node: Z
Cell gf180mcu_fd_sc_mcu7t5v0__and2_2 (0) disconnected node: VDD
Cell gf180mcu_fd_sc_mcu7t5v0__and2_2 (0) disconnected node: VNW
Cell gf180mcu_fd_sc_mcu7t5v0__and2_2 (0) disconnected node: VPW
Cell gf180mcu_fd_sc_mcu7t5v0__and2_2 (0) disconnected node: VSS

Subcircuit pins:
Circuit 1: gf180mcu_fd_sc_mcu7t5v0__and2_2 |Circuit 2: gf180mcu_fd_sc_mcu7t5v0__and2_2 
-------------------------------------------|-------------------------------------------
A1                                         |A1                                         
A2                                         |A2                                         
Z                                          |Z                                          
VDD                                        |VDD                                        
VNW                                        |VNW                                        
VPW                                        |VPW                                        
VSS                                        |VSS                                        
---------------------------------------------------------------------------------------
Cell pin lists are equivalent.
Device classes gf180mcu_fd_sc_mcu7t5v0__and2_2 and gf180mcu_fd_sc_mcu7t5v0__and2_2 are equivalent.

Cell gf180mcu_fd_sc_mcu7t5v0__clkinv_2 (0) disconnected node: I
Cell gf180mcu_fd_sc_mcu7t5v0__clkinv_2 (0) disconnected node: ZN
Cell gf180mcu_fd_sc_mcu7t5v0__clkinv_2 (0) disconnected node: VDD
Cell gf180mcu_fd_sc_mcu7t5v0__clkinv_2 (0) disconnected node: VNW
Cell gf180mcu_fd_sc_mcu7t5v0__clkinv_2 (0) disconnected node: VPW
Cell gf180mcu_fd_sc_mcu7t5v0__clkinv_2 (0) disconnected node: VSS

Subcircuit pins:
Circuit 1: gf180mcu_fd_sc_mcu7t5v0__clkinv |Circuit 2: gf180mcu_fd_sc_mcu7t5v0__clkinv 
-------------------------------------------|-------------------------------------------
I                                          |I                                          
ZN                                         |ZN                                         
VDD                                        |VDD                                        
VNW                                        |VNW                                        
VPW                                        |VPW                                        
VSS                                        |VSS                                        
---------------------------------------------------------------------------------------
Cell pin lists are equivalent.
Device classes gf180mcu_fd_sc_mcu7t5v0__clkinv_2 and gf180mcu_fd_sc_mcu7t5v0__clkinv_2 are equivalent.

Cell gf180mcu_fd_sc_mcu7t5v0__nor4_4 (0) disconnected node: A1
Cell gf180mcu_fd_sc_mcu7t5v0__nor4_4 (0) disconnected node: A2
Cell gf180mcu_fd_sc_mcu7t5v0__nor4_4 (0) disconnected node: A3
Cell gf180mcu_fd_sc_mcu7t5v0__nor4_4 (0) disconnected node: A4
Cell gf180mcu_fd_sc_mcu7t5v0__nor4_4 (0) disconnected node: ZN
Cell gf180mcu_fd_sc_mcu7t5v0__nor4_4 (0) disconnected node: VDD
Cell gf180mcu_fd_sc_mcu7t5v0__nor4_4 (0) disconnected node: VNW
Cell gf180mcu_fd_sc_mcu7t5v0__nor4_4 (0) disconnected node: VPW
Cell gf180mcu_fd_sc_mcu7t5v0__nor4_4 (0) disconnected node: VSS

Subcircuit pins:
Circuit 1: gf180mcu_fd_sc_mcu7t5v0__nor4_4 |Circuit 2: gf180mcu_fd_sc_mcu7t5v0__nor4_4 
-------------------------------------------|-------------------------------------------
A1                                         |A1                                         
A2                                         |A2                                         
A3                                         |A3                                         
A4                                         |A4                                         
ZN                                         |ZN                                         
VDD                                        |VDD                                        
VNW                                        |VNW                                        
VPW                                        |VPW                                        
VSS                                        |VSS                                        
---------------------------------------------------------------------------------------
Cell pin lists are equivalent.
Device classes gf180mcu_fd_sc_mcu7t5v0__nor4_4 and gf180mcu_fd_sc_mcu7t5v0__nor4_4 are equivalent.

Cell gf180mcu_fd_sc_mcu7t5v0__oai32_2 (0) disconnected node: A1
Cell gf180mcu_fd_sc_mcu7t5v0__oai32_2 (0) disconnected node: A2
Cell gf180mcu_fd_sc_mcu7t5v0__oai32_2 (0) disconnected node: A3
Cell gf180mcu_fd_sc_mcu7t5v0__oai32_2 (0) disconnected node: B1
Cell gf180mcu_fd_sc_mcu7t5v0__oai32_2 (0) disconnected node: B2
Cell gf180mcu_fd_sc_mcu7t5v0__oai32_2 (0) disconnected node: ZN
Cell gf180mcu_fd_sc_mcu7t5v0__oai32_2 (0) disconnected node: VDD
Cell gf180mcu_fd_sc_mcu7t5v0__oai32_2 (0) disconnected node: VNW
Cell gf180mcu_fd_sc_mcu7t5v0__oai32_2 (0) disconnected node: VPW
Cell gf180mcu_fd_sc_mcu7t5v0__oai32_2 (0) disconnected node: VSS

Subcircuit pins:
Circuit 1: gf180mcu_fd_sc_mcu7t5v0__oai32_ |Circuit 2: gf180mcu_fd_sc_mcu7t5v0__oai32_ 
-------------------------------------------|-------------------------------------------
A1                                         |A1                                         
A2                                         |A2                                         
A3                                         |A3                                         
B1                                         |B1                                         
B2                                         |B2                                         
ZN                                         |ZN                                         
VDD                                        |VDD                                        
VNW                                        |VNW                                        
VPW                                        |VPW                                        
VSS                                        |VSS                                        
---------------------------------------------------------------------------------------
Cell pin lists are equivalent.
Device classes gf180mcu_fd_sc_mcu7t5v0__oai32_2 and gf180mcu_fd_sc_mcu7t5v0__oai32_2 are equivalent.

Cell gf180mcu_fd_sc_mcu7t5v0__xnor2_4 (0) disconnected node: A1
Cell gf180mcu_fd_sc_mcu7t5v0__xnor2_4 (0) disconnected node: A2
Cell gf180mcu_fd_sc_mcu7t5v0__xnor2_4 (0) disconnected node: ZN
Cell gf180mcu_fd_sc_mcu7t5v0__xnor2_4 (0) disconnected node: VDD
Cell gf180mcu_fd_sc_mcu7t5v0__xnor2_4 (0) disconnected node: VNW
Cell gf180mcu_fd_sc_mcu7t5v0__xnor2_4 (0) disconnected node: VPW
Cell gf180mcu_fd_sc_mcu7t5v0__xnor2_4 (0) disconnected node: VSS

Subcircuit pins:
Circuit 1: gf180mcu_fd_sc_mcu7t5v0__xnor2_ |Circuit 2: gf180mcu_fd_sc_mcu7t5v0__xnor2_ 
-------------------------------------------|-------------------------------------------
A1                                         |A1                                         
A2                                         |A2                                         
ZN                                         |ZN                                         
VDD                                        |VDD                                        
VNW                                        |VNW                                        
VPW                                        |VPW                                        
VSS                                        |VSS                                        
---------------------------------------------------------------------------------------
Cell pin lists are equivalent.
Device classes gf180mcu_fd_sc_mcu7t5v0__xnor2_4 and gf180mcu_fd_sc_mcu7t5v0__xnor2_4 are equivalent.

Cell gf180mcu_fd_sc_mcu7t5v0__aoi211_2 (0) disconnected node: A1
Cell gf180mcu_fd_sc_mcu7t5v0__aoi211_2 (0) disconnected node: A2
Cell gf180mcu_fd_sc_mcu7t5v0__aoi211_2 (0) disconnected node: B
Cell gf180mcu_fd_sc_mcu7t5v0__aoi211_2 (0) disconnected node: C
Cell gf180mcu_fd_sc_mcu7t5v0__aoi211_2 (0) disconnected node: ZN
Cell gf180mcu_fd_sc_mcu7t5v0__aoi211_2 (0) disconnected node: VDD
Cell gf180mcu_fd_sc_mcu7t5v0__aoi211_2 (0) disconnected node: VNW
Cell gf180mcu_fd_sc_mcu7t5v0__aoi211_2 (0) disconnected node: VPW
Cell gf180mcu_fd_sc_mcu7t5v0__aoi211_2 (0) disconnected node: VSS

Subcircuit pins:
Circuit 1: gf180mcu_fd_sc_mcu7t5v0__aoi211 |Circuit 2: gf180mcu_fd_sc_mcu7t5v0__aoi211 
-------------------------------------------|-------------------------------------------
A1                                         |A1                                         
A2                                         |A2                                         
B                                          |B                                          
C                                          |C                                          
ZN                                         |ZN                                         
VDD                                        |VDD                                        
VNW                                        |VNW                                        
VPW                                        |VPW                                        
VSS                                        |VSS                                        
---------------------------------------------------------------------------------------
Cell pin lists are equivalent.
Device classes gf180mcu_fd_sc_mcu7t5v0__aoi211_2 and gf180mcu_fd_sc_mcu7t5v0__aoi211_2 are equivalent.

Cell gf180mcu_fd_sc_mcu7t5v0__nand4_2 (0) disconnected node: A1
Cell gf180mcu_fd_sc_mcu7t5v0__nand4_2 (0) disconnected node: A2
Cell gf180mcu_fd_sc_mcu7t5v0__nand4_2 (0) disconnected node: A3
Cell gf180mcu_fd_sc_mcu7t5v0__nand4_2 (0) disconnected node: A4
Cell gf180mcu_fd_sc_mcu7t5v0__nand4_2 (0) disconnected node: ZN
Cell gf180mcu_fd_sc_mcu7t5v0__nand4_2 (0) disconnected node: VDD
Cell gf180mcu_fd_sc_mcu7t5v0__nand4_2 (0) disconnected node: VNW
Cell gf180mcu_fd_sc_mcu7t5v0__nand4_2 (0) disconnected node: VPW
Cell gf180mcu_fd_sc_mcu7t5v0__nand4_2 (0) disconnected node: VSS

Subcircuit pins:
Circuit 1: gf180mcu_fd_sc_mcu7t5v0__nand4_ |Circuit 2: gf180mcu_fd_sc_mcu7t5v0__nand4_ 
-------------------------------------------|-------------------------------------------
A1                                         |A1                                         
A2                                         |A2                                         
A3                                         |A3                                         
A4                                         |A4                                         
ZN                                         |ZN                                         
VDD                                        |VDD                                        
VNW                                        |VNW                                        
VPW                                        |VPW                                        
VSS                                        |VSS                                        
---------------------------------------------------------------------------------------
Cell pin lists are equivalent.
Device classes gf180mcu_fd_sc_mcu7t5v0__nand4_2 and gf180mcu_fd_sc_mcu7t5v0__nand4_2 are equivalent.

Cell gf180mcu_fd_sc_mcu7t5v0__oai222_1 (0) disconnected node: A1
Cell gf180mcu_fd_sc_mcu7t5v0__oai222_1 (0) disconnected node: A2
Cell gf180mcu_fd_sc_mcu7t5v0__oai222_1 (0) disconnected node: B1
Cell gf180mcu_fd_sc_mcu7t5v0__oai222_1 (0) disconnected node: B2
Cell gf180mcu_fd_sc_mcu7t5v0__oai222_1 (0) disconnected node: C1
Cell gf180mcu_fd_sc_mcu7t5v0__oai222_1 (0) disconnected node: C2
Cell gf180mcu_fd_sc_mcu7t5v0__oai222_1 (0) disconnected node: ZN
Cell gf180mcu_fd_sc_mcu7t5v0__oai222_1 (0) disconnected node: VDD
Cell gf180mcu_fd_sc_mcu7t5v0__oai222_1 (0) disconnected node: VNW
Cell gf180mcu_fd_sc_mcu7t5v0__oai222_1 (0) disconnected node: VPW
Cell gf180mcu_fd_sc_mcu7t5v0__oai222_1 (0) disconnected node: VSS

Subcircuit pins:
Circuit 1: gf180mcu_fd_sc_mcu7t5v0__oai222 |Circuit 2: gf180mcu_fd_sc_mcu7t5v0__oai222 
-------------------------------------------|-------------------------------------------
A1                                         |A1                                         
A2                                         |A2                                         
B1                                         |B1                                         
B2                                         |B2                                         
C1                                         |C1                                         
C2                                         |C2                                         
ZN                                         |ZN                                         
VDD                                        |VDD                                        
VNW                                        |VNW                                        
VPW                                        |VPW                                        
VSS                                        |VSS                                        
---------------------------------------------------------------------------------------
Cell pin lists are equivalent.
Device classes gf180mcu_fd_sc_mcu7t5v0__oai222_1 and gf180mcu_fd_sc_mcu7t5v0__oai222_1 are equivalent.

Cell gf180mcu_fd_sc_mcu7t5v0__clkinv_3 (0) disconnected node: I
Cell gf180mcu_fd_sc_mcu7t5v0__clkinv_3 (0) disconnected node: ZN
Cell gf180mcu_fd_sc_mcu7t5v0__clkinv_3 (0) disconnected node: VDD
Cell gf180mcu_fd_sc_mcu7t5v0__clkinv_3 (0) disconnected node: VNW
Cell gf180mcu_fd_sc_mcu7t5v0__clkinv_3 (0) disconnected node: VPW
Cell gf180mcu_fd_sc_mcu7t5v0__clkinv_3 (0) disconnected node: VSS

Subcircuit pins:
Circuit 1: gf180mcu_fd_sc_mcu7t5v0__clkinv |Circuit 2: gf180mcu_fd_sc_mcu7t5v0__clkinv 
-------------------------------------------|-------------------------------------------
I                                          |I                                          
ZN                                         |ZN                                         
VDD                                        |VDD                                        
VNW                                        |VNW                                        
VPW                                        |VPW                                        
VSS                                        |VSS                                        
---------------------------------------------------------------------------------------
Cell pin lists are equivalent.
Device classes gf180mcu_fd_sc_mcu7t5v0__clkinv_3 and gf180mcu_fd_sc_mcu7t5v0__clkinv_3 are equivalent.

Cell gf180mcu_fd_sc_mcu7t5v0__and3_1 (0) disconnected node: A1
Cell gf180mcu_fd_sc_mcu7t5v0__and3_1 (0) disconnected node: A2
Cell gf180mcu_fd_sc_mcu7t5v0__and3_1 (0) disconnected node: A3
Cell gf180mcu_fd_sc_mcu7t5v0__and3_1 (0) disconnected node: Z
Cell gf180mcu_fd_sc_mcu7t5v0__and3_1 (0) disconnected node: VDD
Cell gf180mcu_fd_sc_mcu7t5v0__and3_1 (0) disconnected node: VNW
Cell gf180mcu_fd_sc_mcu7t5v0__and3_1 (0) disconnected node: VPW
Cell gf180mcu_fd_sc_mcu7t5v0__and3_1 (0) disconnected node: VSS

Subcircuit pins:
Circuit 1: gf180mcu_fd_sc_mcu7t5v0__and3_1 |Circuit 2: gf180mcu_fd_sc_mcu7t5v0__and3_1 
-------------------------------------------|-------------------------------------------
A1                                         |A1                                         
A2                                         |A2                                         
A3                                         |A3                                         
Z                                          |Z                                          
VDD                                        |VDD                                        
VNW                                        |VNW                                        
VPW                                        |VPW                                        
VSS                                        |VSS                                        
---------------------------------------------------------------------------------------
Cell pin lists are equivalent.
Device classes gf180mcu_fd_sc_mcu7t5v0__and3_1 and gf180mcu_fd_sc_mcu7t5v0__and3_1 are equivalent.

Cell gf180mcu_fd_sc_mcu7t5v0__or4_1 (0) disconnected node: A1
Cell gf180mcu_fd_sc_mcu7t5v0__or4_1 (0) disconnected node: A2
Cell gf180mcu_fd_sc_mcu7t5v0__or4_1 (0) disconnected node: A3
Cell gf180mcu_fd_sc_mcu7t5v0__or4_1 (0) disconnected node: A4
Cell gf180mcu_fd_sc_mcu7t5v0__or4_1 (0) disconnected node: Z
Cell gf180mcu_fd_sc_mcu7t5v0__or4_1 (0) disconnected node: VDD
Cell gf180mcu_fd_sc_mcu7t5v0__or4_1 (0) disconnected node: VNW
Cell gf180mcu_fd_sc_mcu7t5v0__or4_1 (0) disconnected node: VPW
Cell gf180mcu_fd_sc_mcu7t5v0__or4_1 (0) disconnected node: VSS

Subcircuit pins:
Circuit 1: gf180mcu_fd_sc_mcu7t5v0__or4_1  |Circuit 2: gf180mcu_fd_sc_mcu7t5v0__or4_1  
-------------------------------------------|-------------------------------------------
A1                                         |A1                                         
A2                                         |A2                                         
A3                                         |A3                                         
A4                                         |A4                                         
Z                                          |Z                                          
VDD                                        |VDD                                        
VNW                                        |VNW                                        
VPW                                        |VPW                                        
VSS                                        |VSS                                        
---------------------------------------------------------------------------------------
Cell pin lists are equivalent.
Device classes gf180mcu_fd_sc_mcu7t5v0__or4_1 and gf180mcu_fd_sc_mcu7t5v0__or4_1 are equivalent.

Cell gf180mcu_fd_sc_mcu7t5v0__aoi21_4 (0) disconnected node: A1
Cell gf180mcu_fd_sc_mcu7t5v0__aoi21_4 (0) disconnected node: A2
Cell gf180mcu_fd_sc_mcu7t5v0__aoi21_4 (0) disconnected node: B
Cell gf180mcu_fd_sc_mcu7t5v0__aoi21_4 (0) disconnected node: ZN
Cell gf180mcu_fd_sc_mcu7t5v0__aoi21_4 (0) disconnected node: VDD
Cell gf180mcu_fd_sc_mcu7t5v0__aoi21_4 (0) disconnected node: VNW
Cell gf180mcu_fd_sc_mcu7t5v0__aoi21_4 (0) disconnected node: VPW
Cell gf180mcu_fd_sc_mcu7t5v0__aoi21_4 (0) disconnected node: VSS

Subcircuit pins:
Circuit 1: gf180mcu_fd_sc_mcu7t5v0__aoi21_ |Circuit 2: gf180mcu_fd_sc_mcu7t5v0__aoi21_ 
-------------------------------------------|-------------------------------------------
A1                                         |A1                                         
A2                                         |A2                                         
B                                          |B                                          
ZN                                         |ZN                                         
VDD                                        |VDD                                        
VNW                                        |VNW                                        
VPW                                        |VPW                                        
VSS                                        |VSS                                        
---------------------------------------------------------------------------------------
Cell pin lists are equivalent.
Device classes gf180mcu_fd_sc_mcu7t5v0__aoi21_4 and gf180mcu_fd_sc_mcu7t5v0__aoi21_4 are equivalent.

Cell gf180mcu_fd_sc_mcu7t5v0__clkinv_12 (0) disconnected node: I
Cell gf180mcu_fd_sc_mcu7t5v0__clkinv_12 (0) disconnected node: ZN
Cell gf180mcu_fd_sc_mcu7t5v0__clkinv_12 (0) disconnected node: VDD
Cell gf180mcu_fd_sc_mcu7t5v0__clkinv_12 (0) disconnected node: VNW
Cell gf180mcu_fd_sc_mcu7t5v0__clkinv_12 (0) disconnected node: VPW
Cell gf180mcu_fd_sc_mcu7t5v0__clkinv_12 (0) disconnected node: VSS

Subcircuit pins:
Circuit 1: gf180mcu_fd_sc_mcu7t5v0__clkinv |Circuit 2: gf180mcu_fd_sc_mcu7t5v0__clkinv 
-------------------------------------------|-------------------------------------------
I                                          |I                                          
ZN                                         |ZN                                         
VDD                                        |VDD                                        
VNW                                        |VNW                                        
VPW                                        |VPW                                        
VSS                                        |VSS                                        
---------------------------------------------------------------------------------------
Cell pin lists are equivalent.
Device classes gf180mcu_fd_sc_mcu7t5v0__clkinv_12 and gf180mcu_fd_sc_mcu7t5v0__clkinv_12 are equivalent.

Cell gf180mcu_fd_sc_mcu7t5v0__inv_8 (0) disconnected node: I
Cell gf180mcu_fd_sc_mcu7t5v0__inv_8 (0) disconnected node: ZN
Cell gf180mcu_fd_sc_mcu7t5v0__inv_8 (0) disconnected node: VDD
Cell gf180mcu_fd_sc_mcu7t5v0__inv_8 (0) disconnected node: VNW
Cell gf180mcu_fd_sc_mcu7t5v0__inv_8 (0) disconnected node: VPW
Cell gf180mcu_fd_sc_mcu7t5v0__inv_8 (0) disconnected node: VSS

Subcircuit pins:
Circuit 1: gf180mcu_fd_sc_mcu7t5v0__inv_8  |Circuit 2: gf180mcu_fd_sc_mcu7t5v0__inv_8  
-------------------------------------------|-------------------------------------------
I                                          |I                                          
ZN                                         |ZN                                         
VDD                                        |VDD                                        
VNW                                        |VNW                                        
VPW                                        |VPW                                        
VSS                                        |VSS                                        
---------------------------------------------------------------------------------------
Cell pin lists are equivalent.
Device classes gf180mcu_fd_sc_mcu7t5v0__inv_8 and gf180mcu_fd_sc_mcu7t5v0__inv_8 are equivalent.

Cell gf180mcu_fd_sc_mcu7t5v0__xnor3_2 (0) disconnected node: A1
Cell gf180mcu_fd_sc_mcu7t5v0__xnor3_2 (0) disconnected node: A2
Cell gf180mcu_fd_sc_mcu7t5v0__xnor3_2 (0) disconnected node: A3
Cell gf180mcu_fd_sc_mcu7t5v0__xnor3_2 (0) disconnected node: ZN
Cell gf180mcu_fd_sc_mcu7t5v0__xnor3_2 (0) disconnected node: VDD
Cell gf180mcu_fd_sc_mcu7t5v0__xnor3_2 (0) disconnected node: VNW
Cell gf180mcu_fd_sc_mcu7t5v0__xnor3_2 (0) disconnected node: VPW
Cell gf180mcu_fd_sc_mcu7t5v0__xnor3_2 (0) disconnected node: VSS

Subcircuit pins:
Circuit 1: gf180mcu_fd_sc_mcu7t5v0__xnor3_ |Circuit 2: gf180mcu_fd_sc_mcu7t5v0__xnor3_ 
-------------------------------------------|-------------------------------------------
A1                                         |A1                                         
A2                                         |A2                                         
A3                                         |A3                                         
ZN                                         |ZN                                         
VDD                                        |VDD                                        
VNW                                        |VNW                                        
VPW                                        |VPW                                        
VSS                                        |VSS                                        
---------------------------------------------------------------------------------------
Cell pin lists are equivalent.
Device classes gf180mcu_fd_sc_mcu7t5v0__xnor3_2 and gf180mcu_fd_sc_mcu7t5v0__xnor3_2 are equivalent.

Cell gf180mcu_fd_sc_mcu7t5v0__clkinv_20 (0) disconnected node: I
Cell gf180mcu_fd_sc_mcu7t5v0__clkinv_20 (0) disconnected node: ZN
Cell gf180mcu_fd_sc_mcu7t5v0__clkinv_20 (0) disconnected node: VDD
Cell gf180mcu_fd_sc_mcu7t5v0__clkinv_20 (0) disconnected node: VNW
Cell gf180mcu_fd_sc_mcu7t5v0__clkinv_20 (0) disconnected node: VPW
Cell gf180mcu_fd_sc_mcu7t5v0__clkinv_20 (0) disconnected node: VSS

Subcircuit pins:
Circuit 1: gf180mcu_fd_sc_mcu7t5v0__clkinv |Circuit 2: gf180mcu_fd_sc_mcu7t5v0__clkinv 
-------------------------------------------|-------------------------------------------
I                                          |I                                          
ZN                                         |ZN                                         
VDD                                        |VDD                                        
VNW                                        |VNW                                        
VPW                                        |VPW                                        
VSS                                        |VSS                                        
---------------------------------------------------------------------------------------
Cell pin lists are equivalent.
Device classes gf180mcu_fd_sc_mcu7t5v0__clkinv_20 and gf180mcu_fd_sc_mcu7t5v0__clkinv_20 are equivalent.

Cell gf180mcu_fd_sc_mcu7t5v0__clkinv_8 (0) disconnected node: I
Cell gf180mcu_fd_sc_mcu7t5v0__clkinv_8 (0) disconnected node: ZN
Cell gf180mcu_fd_sc_mcu7t5v0__clkinv_8 (0) disconnected node: VDD
Cell gf180mcu_fd_sc_mcu7t5v0__clkinv_8 (0) disconnected node: VNW
Cell gf180mcu_fd_sc_mcu7t5v0__clkinv_8 (0) disconnected node: VPW
Cell gf180mcu_fd_sc_mcu7t5v0__clkinv_8 (0) disconnected node: VSS

Subcircuit pins:
Circuit 1: gf180mcu_fd_sc_mcu7t5v0__clkinv |Circuit 2: gf180mcu_fd_sc_mcu7t5v0__clkinv 
-------------------------------------------|-------------------------------------------
I                                          |I                                          
ZN                                         |ZN                                         
VDD                                        |VDD                                        
VNW                                        |VNW                                        
VPW                                        |VPW                                        
VSS                                        |VSS                                        
---------------------------------------------------------------------------------------
Cell pin lists are equivalent.
Device classes gf180mcu_fd_sc_mcu7t5v0__clkinv_8 and gf180mcu_fd_sc_mcu7t5v0__clkinv_8 are equivalent.

Cell gf180mcu_fd_sc_mcu7t5v0__buf_3 (0) disconnected node: I
Cell gf180mcu_fd_sc_mcu7t5v0__buf_3 (0) disconnected node: Z
Cell gf180mcu_fd_sc_mcu7t5v0__buf_3 (0) disconnected node: VDD
Cell gf180mcu_fd_sc_mcu7t5v0__buf_3 (0) disconnected node: VNW
Cell gf180mcu_fd_sc_mcu7t5v0__buf_3 (0) disconnected node: VPW
Cell gf180mcu_fd_sc_mcu7t5v0__buf_3 (0) disconnected node: VSS

Subcircuit pins:
Circuit 1: gf180mcu_fd_sc_mcu7t5v0__buf_3  |Circuit 2: gf180mcu_fd_sc_mcu7t5v0__buf_3  
-------------------------------------------|-------------------------------------------
I                                          |I                                          
Z                                          |Z                                          
VDD                                        |VDD                                        
VNW                                        |VNW                                        
VPW                                        |VPW                                        
VSS                                        |VSS                                        
---------------------------------------------------------------------------------------
Cell pin lists are equivalent.
Device classes gf180mcu_fd_sc_mcu7t5v0__buf_3 and gf180mcu_fd_sc_mcu7t5v0__buf_3 are equivalent.

Cell gf180mcu_fd_sc_mcu7t5v0__or4_4 (0) disconnected node: A1
Cell gf180mcu_fd_sc_mcu7t5v0__or4_4 (0) disconnected node: A2
Cell gf180mcu_fd_sc_mcu7t5v0__or4_4 (0) disconnected node: A3
Cell gf180mcu_fd_sc_mcu7t5v0__or4_4 (0) disconnected node: A4
Cell gf180mcu_fd_sc_mcu7t5v0__or4_4 (0) disconnected node: Z
Cell gf180mcu_fd_sc_mcu7t5v0__or4_4 (0) disconnected node: VDD
Cell gf180mcu_fd_sc_mcu7t5v0__or4_4 (0) disconnected node: VNW
Cell gf180mcu_fd_sc_mcu7t5v0__or4_4 (0) disconnected node: VPW
Cell gf180mcu_fd_sc_mcu7t5v0__or4_4 (0) disconnected node: VSS

Subcircuit pins:
Circuit 1: gf180mcu_fd_sc_mcu7t5v0__or4_4  |Circuit 2: gf180mcu_fd_sc_mcu7t5v0__or4_4  
-------------------------------------------|-------------------------------------------
A1                                         |A1                                         
A2                                         |A2                                         
A3                                         |A3                                         
A4                                         |A4                                         
Z                                          |Z                                          
VDD                                        |VDD                                        
VNW                                        |VNW                                        
VPW                                        |VPW                                        
VSS                                        |VSS                                        
---------------------------------------------------------------------------------------
Cell pin lists are equivalent.
Device classes gf180mcu_fd_sc_mcu7t5v0__or4_4 and gf180mcu_fd_sc_mcu7t5v0__or4_4 are equivalent.

Cell gf180mcu_fd_sc_mcu7t5v0__oai221_4 (0) disconnected node: A1
Cell gf180mcu_fd_sc_mcu7t5v0__oai221_4 (0) disconnected node: A2
Cell gf180mcu_fd_sc_mcu7t5v0__oai221_4 (0) disconnected node: B1
Cell gf180mcu_fd_sc_mcu7t5v0__oai221_4 (0) disconnected node: B2
Cell gf180mcu_fd_sc_mcu7t5v0__oai221_4 (0) disconnected node: C
Cell gf180mcu_fd_sc_mcu7t5v0__oai221_4 (0) disconnected node: ZN
Cell gf180mcu_fd_sc_mcu7t5v0__oai221_4 (0) disconnected node: VDD
Cell gf180mcu_fd_sc_mcu7t5v0__oai221_4 (0) disconnected node: VNW
Cell gf180mcu_fd_sc_mcu7t5v0__oai221_4 (0) disconnected node: VPW
Cell gf180mcu_fd_sc_mcu7t5v0__oai221_4 (0) disconnected node: VSS

Subcircuit pins:
Circuit 1: gf180mcu_fd_sc_mcu7t5v0__oai221 |Circuit 2: gf180mcu_fd_sc_mcu7t5v0__oai221 
-------------------------------------------|-------------------------------------------
A1                                         |A1                                         
A2                                         |A2                                         
B1                                         |B1                                         
B2                                         |B2                                         
C                                          |C                                          
ZN                                         |ZN                                         
VDD                                        |VDD                                        
VNW                                        |VNW                                        
VPW                                        |VPW                                        
VSS                                        |VSS                                        
---------------------------------------------------------------------------------------
Cell pin lists are equivalent.
Device classes gf180mcu_fd_sc_mcu7t5v0__oai221_4 and gf180mcu_fd_sc_mcu7t5v0__oai221_4 are equivalent.

Cell gf180mcu_fd_sc_mcu7t5v0__inv_20 (0) disconnected node: I
Cell gf180mcu_fd_sc_mcu7t5v0__inv_20 (0) disconnected node: ZN
Cell gf180mcu_fd_sc_mcu7t5v0__inv_20 (0) disconnected node: VDD
Cell gf180mcu_fd_sc_mcu7t5v0__inv_20 (0) disconnected node: VNW
Cell gf180mcu_fd_sc_mcu7t5v0__inv_20 (0) disconnected node: VPW
Cell gf180mcu_fd_sc_mcu7t5v0__inv_20 (0) disconnected node: VSS

Subcircuit pins:
Circuit 1: gf180mcu_fd_sc_mcu7t5v0__inv_20 |Circuit 2: gf180mcu_fd_sc_mcu7t5v0__inv_20 
-------------------------------------------|-------------------------------------------
I                                          |I                                          
ZN                                         |ZN                                         
VDD                                        |VDD                                        
VNW                                        |VNW                                        
VPW                                        |VPW                                        
VSS                                        |VSS                                        
---------------------------------------------------------------------------------------
Cell pin lists are equivalent.
Device classes gf180mcu_fd_sc_mcu7t5v0__inv_20 and gf180mcu_fd_sc_mcu7t5v0__inv_20 are equivalent.

Cell gf180mcu_fd_sc_mcu7t5v0__clkinv_16 (0) disconnected node: I
Cell gf180mcu_fd_sc_mcu7t5v0__clkinv_16 (0) disconnected node: ZN
Cell gf180mcu_fd_sc_mcu7t5v0__clkinv_16 (0) disconnected node: VDD
Cell gf180mcu_fd_sc_mcu7t5v0__clkinv_16 (0) disconnected node: VNW
Cell gf180mcu_fd_sc_mcu7t5v0__clkinv_16 (0) disconnected node: VPW
Cell gf180mcu_fd_sc_mcu7t5v0__clkinv_16 (0) disconnected node: VSS

Subcircuit pins:
Circuit 1: gf180mcu_fd_sc_mcu7t5v0__clkinv |Circuit 2: gf180mcu_fd_sc_mcu7t5v0__clkinv 
-------------------------------------------|-------------------------------------------
I                                          |I                                          
ZN                                         |ZN                                         
VDD                                        |VDD                                        
VNW                                        |VNW                                        
VPW                                        |VPW                                        
VSS                                        |VSS                                        
---------------------------------------------------------------------------------------
Cell pin lists are equivalent.
Device classes gf180mcu_fd_sc_mcu7t5v0__clkinv_16 and gf180mcu_fd_sc_mcu7t5v0__clkinv_16 are equivalent.

Cell gf180mcu_fd_sc_mcu7t5v0__oai222_2 (0) disconnected node: A1
Cell gf180mcu_fd_sc_mcu7t5v0__oai222_2 (0) disconnected node: A2
Cell gf180mcu_fd_sc_mcu7t5v0__oai222_2 (0) disconnected node: B1
Cell gf180mcu_fd_sc_mcu7t5v0__oai222_2 (0) disconnected node: B2
Cell gf180mcu_fd_sc_mcu7t5v0__oai222_2 (0) disconnected node: C1
Cell gf180mcu_fd_sc_mcu7t5v0__oai222_2 (0) disconnected node: C2
Cell gf180mcu_fd_sc_mcu7t5v0__oai222_2 (0) disconnected node: ZN
Cell gf180mcu_fd_sc_mcu7t5v0__oai222_2 (0) disconnected node: VDD
Cell gf180mcu_fd_sc_mcu7t5v0__oai222_2 (0) disconnected node: VNW
Cell gf180mcu_fd_sc_mcu7t5v0__oai222_2 (0) disconnected node: VPW
Cell gf180mcu_fd_sc_mcu7t5v0__oai222_2 (0) disconnected node: VSS

Subcircuit pins:
Circuit 1: gf180mcu_fd_sc_mcu7t5v0__oai222 |Circuit 2: gf180mcu_fd_sc_mcu7t5v0__oai222 
-------------------------------------------|-------------------------------------------
A1                                         |A1                                         
A2                                         |A2                                         
B1                                         |B1                                         
B2                                         |B2                                         
C1                                         |C1                                         
C2                                         |C2                                         
ZN                                         |ZN                                         
VDD                                        |VDD                                        
VNW                                        |VNW                                        
VPW                                        |VPW                                        
VSS                                        |VSS                                        
---------------------------------------------------------------------------------------
Cell pin lists are equivalent.
Device classes gf180mcu_fd_sc_mcu7t5v0__oai222_2 and gf180mcu_fd_sc_mcu7t5v0__oai222_2 are equivalent.

Cell gf180mcu_fd_sc_mcu7t5v0__or4_2 (0) disconnected node: A1
Cell gf180mcu_fd_sc_mcu7t5v0__or4_2 (0) disconnected node: A2
Cell gf180mcu_fd_sc_mcu7t5v0__or4_2 (0) disconnected node: A3
Cell gf180mcu_fd_sc_mcu7t5v0__or4_2 (0) disconnected node: A4
Cell gf180mcu_fd_sc_mcu7t5v0__or4_2 (0) disconnected node: Z
Cell gf180mcu_fd_sc_mcu7t5v0__or4_2 (0) disconnected node: VDD
Cell gf180mcu_fd_sc_mcu7t5v0__or4_2 (0) disconnected node: VNW
Cell gf180mcu_fd_sc_mcu7t5v0__or4_2 (0) disconnected node: VPW
Cell gf180mcu_fd_sc_mcu7t5v0__or4_2 (0) disconnected node: VSS

Subcircuit pins:
Circuit 1: gf180mcu_fd_sc_mcu7t5v0__or4_2  |Circuit 2: gf180mcu_fd_sc_mcu7t5v0__or4_2  
-------------------------------------------|-------------------------------------------
A1                                         |A1                                         
A2                                         |A2                                         
A3                                         |A3                                         
A4                                         |A4                                         
Z                                          |Z                                          
VDD                                        |VDD                                        
VNW                                        |VNW                                        
VPW                                        |VPW                                        
VSS                                        |VSS                                        
---------------------------------------------------------------------------------------
Cell pin lists are equivalent.
Device classes gf180mcu_fd_sc_mcu7t5v0__or4_2 and gf180mcu_fd_sc_mcu7t5v0__or4_2 are equivalent.

Cell gf180mcu_fd_sc_mcu7t5v0__or2_4 (0) disconnected node: A1
Cell gf180mcu_fd_sc_mcu7t5v0__or2_4 (0) disconnected node: A2
Cell gf180mcu_fd_sc_mcu7t5v0__or2_4 (0) disconnected node: Z
Cell gf180mcu_fd_sc_mcu7t5v0__or2_4 (0) disconnected node: VDD
Cell gf180mcu_fd_sc_mcu7t5v0__or2_4 (0) disconnected node: VNW
Cell gf180mcu_fd_sc_mcu7t5v0__or2_4 (0) disconnected node: VPW
Cell gf180mcu_fd_sc_mcu7t5v0__or2_4 (0) disconnected node: VSS

Subcircuit pins:
Circuit 1: gf180mcu_fd_sc_mcu7t5v0__or2_4  |Circuit 2: gf180mcu_fd_sc_mcu7t5v0__or2_4  
-------------------------------------------|-------------------------------------------
A1                                         |A1                                         
A2                                         |A2                                         
Z                                          |Z                                          
VDD                                        |VDD                                        
VNW                                        |VNW                                        
VPW                                        |VPW                                        
VSS                                        |VSS                                        
---------------------------------------------------------------------------------------
Cell pin lists are equivalent.
Device classes gf180mcu_fd_sc_mcu7t5v0__or2_4 and gf180mcu_fd_sc_mcu7t5v0__or2_4 are equivalent.

Cell gf180mcu_fd_sc_mcu7t5v0__clkbuf_16 (0) disconnected node: I
Cell gf180mcu_fd_sc_mcu7t5v0__clkbuf_16 (0) disconnected node: Z
Cell gf180mcu_fd_sc_mcu7t5v0__clkbuf_16 (0) disconnected node: VDD
Cell gf180mcu_fd_sc_mcu7t5v0__clkbuf_16 (0) disconnected node: VNW
Cell gf180mcu_fd_sc_mcu7t5v0__clkbuf_16 (0) disconnected node: VPW
Cell gf180mcu_fd_sc_mcu7t5v0__clkbuf_16 (0) disconnected node: VSS

Subcircuit pins:
Circuit 1: gf180mcu_fd_sc_mcu7t5v0__clkbuf |Circuit 2: gf180mcu_fd_sc_mcu7t5v0__clkbuf 
-------------------------------------------|-------------------------------------------
I                                          |I                                          
Z                                          |Z                                          
VDD                                        |VDD                                        
VNW                                        |VNW                                        
VPW                                        |VPW                                        
VSS                                        |VSS                                        
---------------------------------------------------------------------------------------
Cell pin lists are equivalent.
Device classes gf180mcu_fd_sc_mcu7t5v0__clkbuf_16 and gf180mcu_fd_sc_mcu7t5v0__clkbuf_16 are equivalent.

Cell gf180mcu_fd_sc_mcu7t5v0__aoi222_4 (0) disconnected node: A1
Cell gf180mcu_fd_sc_mcu7t5v0__aoi222_4 (0) disconnected node: A2
Cell gf180mcu_fd_sc_mcu7t5v0__aoi222_4 (0) disconnected node: B1
Cell gf180mcu_fd_sc_mcu7t5v0__aoi222_4 (0) disconnected node: B2
Cell gf180mcu_fd_sc_mcu7t5v0__aoi222_4 (0) disconnected node: C1
Cell gf180mcu_fd_sc_mcu7t5v0__aoi222_4 (0) disconnected node: C2
Cell gf180mcu_fd_sc_mcu7t5v0__aoi222_4 (0) disconnected node: ZN
Cell gf180mcu_fd_sc_mcu7t5v0__aoi222_4 (0) disconnected node: VDD
Cell gf180mcu_fd_sc_mcu7t5v0__aoi222_4 (0) disconnected node: VNW
Cell gf180mcu_fd_sc_mcu7t5v0__aoi222_4 (0) disconnected node: VPW
Cell gf180mcu_fd_sc_mcu7t5v0__aoi222_4 (0) disconnected node: VSS

Subcircuit pins:
Circuit 1: gf180mcu_fd_sc_mcu7t5v0__aoi222 |Circuit 2: gf180mcu_fd_sc_mcu7t5v0__aoi222 
-------------------------------------------|-------------------------------------------
A1                                         |A1                                         
A2                                         |A2                                         
B1                                         |B1                                         
B2                                         |B2                                         
C1                                         |C1                                         
C2                                         |C2                                         
ZN                                         |ZN                                         
VDD                                        |VDD                                        
VNW                                        |VNW                                        
VPW                                        |VPW                                        
VSS                                        |VSS                                        
---------------------------------------------------------------------------------------
Cell pin lists are equivalent.
Device classes gf180mcu_fd_sc_mcu7t5v0__aoi222_4 and gf180mcu_fd_sc_mcu7t5v0__aoi222_4 are equivalent.

Cell gf180mcu_fd_sc_mcu7t5v0__xor2_4 (0) disconnected node: A1
Cell gf180mcu_fd_sc_mcu7t5v0__xor2_4 (0) disconnected node: A2
Cell gf180mcu_fd_sc_mcu7t5v0__xor2_4 (0) disconnected node: Z
Cell gf180mcu_fd_sc_mcu7t5v0__xor2_4 (0) disconnected node: VDD
Cell gf180mcu_fd_sc_mcu7t5v0__xor2_4 (0) disconnected node: VNW
Cell gf180mcu_fd_sc_mcu7t5v0__xor2_4 (0) disconnected node: VPW
Cell gf180mcu_fd_sc_mcu7t5v0__xor2_4 (0) disconnected node: VSS

Subcircuit pins:
Circuit 1: gf180mcu_fd_sc_mcu7t5v0__xor2_4 |Circuit 2: gf180mcu_fd_sc_mcu7t5v0__xor2_4 
-------------------------------------------|-------------------------------------------
A1                                         |A1                                         
A2                                         |A2                                         
Z                                          |Z                                          
VDD                                        |VDD                                        
VNW                                        |VNW                                        
VPW                                        |VPW                                        
VSS                                        |VSS                                        
---------------------------------------------------------------------------------------
Cell pin lists are equivalent.
Device classes gf180mcu_fd_sc_mcu7t5v0__xor2_4 and gf180mcu_fd_sc_mcu7t5v0__xor2_4 are equivalent.

Cell gf180mcu_fd_sc_mcu7t5v0__or2_2 (0) disconnected node: A1
Cell gf180mcu_fd_sc_mcu7t5v0__or2_2 (0) disconnected node: A2
Cell gf180mcu_fd_sc_mcu7t5v0__or2_2 (0) disconnected node: Z
Cell gf180mcu_fd_sc_mcu7t5v0__or2_2 (0) disconnected node: VDD
Cell gf180mcu_fd_sc_mcu7t5v0__or2_2 (0) disconnected node: VNW
Cell gf180mcu_fd_sc_mcu7t5v0__or2_2 (0) disconnected node: VPW
Cell gf180mcu_fd_sc_mcu7t5v0__or2_2 (0) disconnected node: VSS

Subcircuit pins:
Circuit 1: gf180mcu_fd_sc_mcu7t5v0__or2_2  |Circuit 2: gf180mcu_fd_sc_mcu7t5v0__or2_2  
-------------------------------------------|-------------------------------------------
A1                                         |A1                                         
A2                                         |A2                                         
Z                                          |Z                                          
VDD                                        |VDD                                        
VNW                                        |VNW                                        
VPW                                        |VPW                                        
VSS                                        |VSS                                        
---------------------------------------------------------------------------------------
Cell pin lists are equivalent.
Device classes gf180mcu_fd_sc_mcu7t5v0__or2_2 and gf180mcu_fd_sc_mcu7t5v0__or2_2 are equivalent.

Cell gf180mcu_fd_sc_mcu7t5v0__inv_12 (0) disconnected node: I
Cell gf180mcu_fd_sc_mcu7t5v0__inv_12 (0) disconnected node: ZN
Cell gf180mcu_fd_sc_mcu7t5v0__inv_12 (0) disconnected node: VDD
Cell gf180mcu_fd_sc_mcu7t5v0__inv_12 (0) disconnected node: VNW
Cell gf180mcu_fd_sc_mcu7t5v0__inv_12 (0) disconnected node: VPW
Cell gf180mcu_fd_sc_mcu7t5v0__inv_12 (0) disconnected node: VSS

Subcircuit pins:
Circuit 1: gf180mcu_fd_sc_mcu7t5v0__inv_12 |Circuit 2: gf180mcu_fd_sc_mcu7t5v0__inv_12 
-------------------------------------------|-------------------------------------------
I                                          |I                                          
ZN                                         |ZN                                         
VDD                                        |VDD                                        
VNW                                        |VNW                                        
VPW                                        |VPW                                        
VSS                                        |VSS                                        
---------------------------------------------------------------------------------------
Cell pin lists are equivalent.
Device classes gf180mcu_fd_sc_mcu7t5v0__inv_12 and gf180mcu_fd_sc_mcu7t5v0__inv_12 are equivalent.

Cell gf180mcu_fd_sc_mcu7t5v0__oai31_2 (0) disconnected node: A1
Cell gf180mcu_fd_sc_mcu7t5v0__oai31_2 (0) disconnected node: A2
Cell gf180mcu_fd_sc_mcu7t5v0__oai31_2 (0) disconnected node: A3
Cell gf180mcu_fd_sc_mcu7t5v0__oai31_2 (0) disconnected node: B
Cell gf180mcu_fd_sc_mcu7t5v0__oai31_2 (0) disconnected node: ZN
Cell gf180mcu_fd_sc_mcu7t5v0__oai31_2 (0) disconnected node: VDD
Cell gf180mcu_fd_sc_mcu7t5v0__oai31_2 (0) disconnected node: VNW
Cell gf180mcu_fd_sc_mcu7t5v0__oai31_2 (0) disconnected node: VPW
Cell gf180mcu_fd_sc_mcu7t5v0__oai31_2 (0) disconnected node: VSS

Subcircuit pins:
Circuit 1: gf180mcu_fd_sc_mcu7t5v0__oai31_ |Circuit 2: gf180mcu_fd_sc_mcu7t5v0__oai31_ 
-------------------------------------------|-------------------------------------------
A1                                         |A1                                         
A2                                         |A2                                         
A3                                         |A3                                         
B                                          |B                                          
ZN                                         |ZN                                         
VDD                                        |VDD                                        
VNW                                        |VNW                                        
VPW                                        |VPW                                        
VSS                                        |VSS                                        
---------------------------------------------------------------------------------------
Cell pin lists are equivalent.
Device classes gf180mcu_fd_sc_mcu7t5v0__oai31_2 and gf180mcu_fd_sc_mcu7t5v0__oai31_2 are equivalent.

Cell gf180mcu_fd_sc_mcu7t5v0__oai221_2 (0) disconnected node: A1
Cell gf180mcu_fd_sc_mcu7t5v0__oai221_2 (0) disconnected node: A2
Cell gf180mcu_fd_sc_mcu7t5v0__oai221_2 (0) disconnected node: B1
Cell gf180mcu_fd_sc_mcu7t5v0__oai221_2 (0) disconnected node: B2
Cell gf180mcu_fd_sc_mcu7t5v0__oai221_2 (0) disconnected node: C
Cell gf180mcu_fd_sc_mcu7t5v0__oai221_2 (0) disconnected node: ZN
Cell gf180mcu_fd_sc_mcu7t5v0__oai221_2 (0) disconnected node: VDD
Cell gf180mcu_fd_sc_mcu7t5v0__oai221_2 (0) disconnected node: VNW
Cell gf180mcu_fd_sc_mcu7t5v0__oai221_2 (0) disconnected node: VPW
Cell gf180mcu_fd_sc_mcu7t5v0__oai221_2 (0) disconnected node: VSS

Subcircuit pins:
Circuit 1: gf180mcu_fd_sc_mcu7t5v0__oai221 |Circuit 2: gf180mcu_fd_sc_mcu7t5v0__oai221 
-------------------------------------------|-------------------------------------------
A1                                         |A1                                         
A2                                         |A2                                         
B1                                         |B1                                         
B2                                         |B2                                         
C                                          |C                                          
ZN                                         |ZN                                         
VDD                                        |VDD                                        
VNW                                        |VNW                                        
VPW                                        |VPW                                        
VSS                                        |VSS                                        
---------------------------------------------------------------------------------------
Cell pin lists are equivalent.
Device classes gf180mcu_fd_sc_mcu7t5v0__oai221_2 and gf180mcu_fd_sc_mcu7t5v0__oai221_2 are equivalent.

Cell gf180mcu_fd_sc_mcu7t5v0__oai211_2 (0) disconnected node: A1
Cell gf180mcu_fd_sc_mcu7t5v0__oai211_2 (0) disconnected node: A2
Cell gf180mcu_fd_sc_mcu7t5v0__oai211_2 (0) disconnected node: B
Cell gf180mcu_fd_sc_mcu7t5v0__oai211_2 (0) disconnected node: C
Cell gf180mcu_fd_sc_mcu7t5v0__oai211_2 (0) disconnected node: ZN
Cell gf180mcu_fd_sc_mcu7t5v0__oai211_2 (0) disconnected node: VDD
Cell gf180mcu_fd_sc_mcu7t5v0__oai211_2 (0) disconnected node: VNW
Cell gf180mcu_fd_sc_mcu7t5v0__oai211_2 (0) disconnected node: VPW
Cell gf180mcu_fd_sc_mcu7t5v0__oai211_2 (0) disconnected node: VSS

Subcircuit pins:
Circuit 1: gf180mcu_fd_sc_mcu7t5v0__oai211 |Circuit 2: gf180mcu_fd_sc_mcu7t5v0__oai211 
-------------------------------------------|-------------------------------------------
A1                                         |A1                                         
A2                                         |A2                                         
B                                          |B                                          
C                                          |C                                          
ZN                                         |ZN                                         
VDD                                        |VDD                                        
VNW                                        |VNW                                        
VPW                                        |VPW                                        
VSS                                        |VSS                                        
---------------------------------------------------------------------------------------
Cell pin lists are equivalent.
Device classes gf180mcu_fd_sc_mcu7t5v0__oai211_2 and gf180mcu_fd_sc_mcu7t5v0__oai211_2 are equivalent.

Cell gf180mcu_fd_sc_mcu7t5v0__inv_16 (0) disconnected node: I
Cell gf180mcu_fd_sc_mcu7t5v0__inv_16 (0) disconnected node: ZN
Cell gf180mcu_fd_sc_mcu7t5v0__inv_16 (0) disconnected node: VDD
Cell gf180mcu_fd_sc_mcu7t5v0__inv_16 (0) disconnected node: VNW
Cell gf180mcu_fd_sc_mcu7t5v0__inv_16 (0) disconnected node: VPW
Cell gf180mcu_fd_sc_mcu7t5v0__inv_16 (0) disconnected node: VSS

Subcircuit pins:
Circuit 1: gf180mcu_fd_sc_mcu7t5v0__inv_16 |Circuit 2: gf180mcu_fd_sc_mcu7t5v0__inv_16 
-------------------------------------------|-------------------------------------------
I                                          |I                                          
ZN                                         |ZN                                         
VDD                                        |VDD                                        
VNW                                        |VNW                                        
VPW                                        |VPW                                        
VSS                                        |VSS                                        
---------------------------------------------------------------------------------------
Cell pin lists are equivalent.
Device classes gf180mcu_fd_sc_mcu7t5v0__inv_16 and gf180mcu_fd_sc_mcu7t5v0__inv_16 are equivalent.

Cell gf180mcu_fd_sc_mcu7t5v0__nor4_2 (0) disconnected node: A1
Cell gf180mcu_fd_sc_mcu7t5v0__nor4_2 (0) disconnected node: A2
Cell gf180mcu_fd_sc_mcu7t5v0__nor4_2 (0) disconnected node: A3
Cell gf180mcu_fd_sc_mcu7t5v0__nor4_2 (0) disconnected node: A4
Cell gf180mcu_fd_sc_mcu7t5v0__nor4_2 (0) disconnected node: ZN
Cell gf180mcu_fd_sc_mcu7t5v0__nor4_2 (0) disconnected node: VDD
Cell gf180mcu_fd_sc_mcu7t5v0__nor4_2 (0) disconnected node: VNW
Cell gf180mcu_fd_sc_mcu7t5v0__nor4_2 (0) disconnected node: VPW
Cell gf180mcu_fd_sc_mcu7t5v0__nor4_2 (0) disconnected node: VSS

Subcircuit pins:
Circuit 1: gf180mcu_fd_sc_mcu7t5v0__nor4_2 |Circuit 2: gf180mcu_fd_sc_mcu7t5v0__nor4_2 
-------------------------------------------|-------------------------------------------
A1                                         |A1                                         
A2                                         |A2                                         
A3                                         |A3                                         
A4                                         |A4                                         
ZN                                         |ZN                                         
VDD                                        |VDD                                        
VNW                                        |VNW                                        
VPW                                        |VPW                                        
VSS                                        |VSS                                        
---------------------------------------------------------------------------------------
Cell pin lists are equivalent.
Device classes gf180mcu_fd_sc_mcu7t5v0__nor4_2 and gf180mcu_fd_sc_mcu7t5v0__nor4_2 are equivalent.

Cell gf180mcu_fd_sc_mcu7t5v0__clkbuf_1 (0) disconnected node: I
Cell gf180mcu_fd_sc_mcu7t5v0__clkbuf_1 (0) disconnected node: Z
Cell gf180mcu_fd_sc_mcu7t5v0__clkbuf_1 (0) disconnected node: VDD
Cell gf180mcu_fd_sc_mcu7t5v0__clkbuf_1 (0) disconnected node: VNW
Cell gf180mcu_fd_sc_mcu7t5v0__clkbuf_1 (0) disconnected node: VPW
Cell gf180mcu_fd_sc_mcu7t5v0__clkbuf_1 (0) disconnected node: VSS

Subcircuit pins:
Circuit 1: gf180mcu_fd_sc_mcu7t5v0__clkbuf |Circuit 2: gf180mcu_fd_sc_mcu7t5v0__clkbuf 
-------------------------------------------|-------------------------------------------
I                                          |I                                          
Z                                          |Z                                          
VDD                                        |VDD                                        
VNW                                        |VNW                                        
VPW                                        |VPW                                        
VSS                                        |VSS                                        
---------------------------------------------------------------------------------------
Cell pin lists are equivalent.
Device classes gf180mcu_fd_sc_mcu7t5v0__clkbuf_1 and gf180mcu_fd_sc_mcu7t5v0__clkbuf_1 are equivalent.

Cell gf180mcu_fd_sc_mcu7t5v0__and4_2 (0) disconnected node: A1
Cell gf180mcu_fd_sc_mcu7t5v0__and4_2 (0) disconnected node: A2
Cell gf180mcu_fd_sc_mcu7t5v0__and4_2 (0) disconnected node: A3
Cell gf180mcu_fd_sc_mcu7t5v0__and4_2 (0) disconnected node: A4
Cell gf180mcu_fd_sc_mcu7t5v0__and4_2 (0) disconnected node: Z
Cell gf180mcu_fd_sc_mcu7t5v0__and4_2 (0) disconnected node: VDD
Cell gf180mcu_fd_sc_mcu7t5v0__and4_2 (0) disconnected node: VNW
Cell gf180mcu_fd_sc_mcu7t5v0__and4_2 (0) disconnected node: VPW
Cell gf180mcu_fd_sc_mcu7t5v0__and4_2 (0) disconnected node: VSS

Subcircuit pins:
Circuit 1: gf180mcu_fd_sc_mcu7t5v0__and4_2 |Circuit 2: gf180mcu_fd_sc_mcu7t5v0__and4_2 
-------------------------------------------|-------------------------------------------
A1                                         |A1                                         
A2                                         |A2                                         
A3                                         |A3                                         
A4                                         |A4                                         
Z                                          |Z                                          
VDD                                        |VDD                                        
VNW                                        |VNW                                        
VPW                                        |VPW                                        
VSS                                        |VSS                                        
---------------------------------------------------------------------------------------
Cell pin lists are equivalent.
Device classes gf180mcu_fd_sc_mcu7t5v0__and4_2 and gf180mcu_fd_sc_mcu7t5v0__and4_2 are equivalent.

Cell gf180mcu_fd_sc_mcu7t5v0__oai33_4 (0) disconnected node: A1
Cell gf180mcu_fd_sc_mcu7t5v0__oai33_4 (0) disconnected node: A2
Cell gf180mcu_fd_sc_mcu7t5v0__oai33_4 (0) disconnected node: A3
Cell gf180mcu_fd_sc_mcu7t5v0__oai33_4 (0) disconnected node: B1
Cell gf180mcu_fd_sc_mcu7t5v0__oai33_4 (0) disconnected node: B2
Cell gf180mcu_fd_sc_mcu7t5v0__oai33_4 (0) disconnected node: B3
Cell gf180mcu_fd_sc_mcu7t5v0__oai33_4 (0) disconnected node: ZN
Cell gf180mcu_fd_sc_mcu7t5v0__oai33_4 (0) disconnected node: VDD
Cell gf180mcu_fd_sc_mcu7t5v0__oai33_4 (0) disconnected node: VNW
Cell gf180mcu_fd_sc_mcu7t5v0__oai33_4 (0) disconnected node: VPW
Cell gf180mcu_fd_sc_mcu7t5v0__oai33_4 (0) disconnected node: VSS

Subcircuit pins:
Circuit 1: gf180mcu_fd_sc_mcu7t5v0__oai33_ |Circuit 2: gf180mcu_fd_sc_mcu7t5v0__oai33_ 
-------------------------------------------|-------------------------------------------
A1                                         |A1                                         
A2                                         |A2                                         
A3                                         |A3                                         
B1                                         |B1                                         
B2                                         |B2                                         
B3                                         |B3                                         
ZN                                         |ZN                                         
VDD                                        |VDD                                        
VNW                                        |VNW                                        
VPW                                        |VPW                                        
VSS                                        |VSS                                        
---------------------------------------------------------------------------------------
Cell pin lists are equivalent.
Device classes gf180mcu_fd_sc_mcu7t5v0__oai33_4 and gf180mcu_fd_sc_mcu7t5v0__oai33_4 are equivalent.

Cell gf180mcu_fd_sc_mcu7t5v0__dffsnq_1 (0) disconnected node: D
Cell gf180mcu_fd_sc_mcu7t5v0__dffsnq_1 (0) disconnected node: SETN
Cell gf180mcu_fd_sc_mcu7t5v0__dffsnq_1 (0) disconnected node: CLK
Cell gf180mcu_fd_sc_mcu7t5v0__dffsnq_1 (0) disconnected node: Q
Cell gf180mcu_fd_sc_mcu7t5v0__dffsnq_1 (0) disconnected node: VDD
Cell gf180mcu_fd_sc_mcu7t5v0__dffsnq_1 (0) disconnected node: VNW
Cell gf180mcu_fd_sc_mcu7t5v0__dffsnq_1 (0) disconnected node: VPW
Cell gf180mcu_fd_sc_mcu7t5v0__dffsnq_1 (0) disconnected node: VSS

Subcircuit pins:
Circuit 1: gf180mcu_fd_sc_mcu7t5v0__dffsnq |Circuit 2: gf180mcu_fd_sc_mcu7t5v0__dffsnq 
-------------------------------------------|-------------------------------------------
D                                          |D                                          
SETN                                       |SETN                                       
CLK                                        |CLK                                        
Q                                          |Q                                          
VDD                                        |VDD                                        
VNW                                        |VNW                                        
VPW                                        |VPW                                        
VSS                                        |VSS                                        
---------------------------------------------------------------------------------------
Cell pin lists are equivalent.
Device classes gf180mcu_fd_sc_mcu7t5v0__dffsnq_1 and gf180mcu_fd_sc_mcu7t5v0__dffsnq_1 are equivalent.

Cell gf180mcu_fd_sc_mcu7t5v0__dffsnq_2 (0) disconnected node: D
Cell gf180mcu_fd_sc_mcu7t5v0__dffsnq_2 (0) disconnected node: SETN
Cell gf180mcu_fd_sc_mcu7t5v0__dffsnq_2 (0) disconnected node: CLK
Cell gf180mcu_fd_sc_mcu7t5v0__dffsnq_2 (0) disconnected node: Q
Cell gf180mcu_fd_sc_mcu7t5v0__dffsnq_2 (0) disconnected node: VDD
Cell gf180mcu_fd_sc_mcu7t5v0__dffsnq_2 (0) disconnected node: VNW
Cell gf180mcu_fd_sc_mcu7t5v0__dffsnq_2 (0) disconnected node: VPW
Cell gf180mcu_fd_sc_mcu7t5v0__dffsnq_2 (0) disconnected node: VSS

Subcircuit pins:
Circuit 1: gf180mcu_fd_sc_mcu7t5v0__dffsnq |Circuit 2: gf180mcu_fd_sc_mcu7t5v0__dffsnq 
-------------------------------------------|-------------------------------------------
D                                          |D                                          
SETN                                       |SETN                                       
CLK                                        |CLK                                        
Q                                          |Q                                          
VDD                                        |VDD                                        
VNW                                        |VNW                                        
VPW                                        |VPW                                        
VSS                                        |VSS                                        
---------------------------------------------------------------------------------------
Cell pin lists are equivalent.
Device classes gf180mcu_fd_sc_mcu7t5v0__dffsnq_2 and gf180mcu_fd_sc_mcu7t5v0__dffsnq_2 are equivalent.

Cell gf180mcu_fd_sc_mcu7t5v0__or3_4 (0) disconnected node: A1
Cell gf180mcu_fd_sc_mcu7t5v0__or3_4 (0) disconnected node: A2
Cell gf180mcu_fd_sc_mcu7t5v0__or3_4 (0) disconnected node: A3
Cell gf180mcu_fd_sc_mcu7t5v0__or3_4 (0) disconnected node: Z
Cell gf180mcu_fd_sc_mcu7t5v0__or3_4 (0) disconnected node: VDD
Cell gf180mcu_fd_sc_mcu7t5v0__or3_4 (0) disconnected node: VNW
Cell gf180mcu_fd_sc_mcu7t5v0__or3_4 (0) disconnected node: VPW
Cell gf180mcu_fd_sc_mcu7t5v0__or3_4 (0) disconnected node: VSS

Subcircuit pins:
Circuit 1: gf180mcu_fd_sc_mcu7t5v0__or3_4  |Circuit 2: gf180mcu_fd_sc_mcu7t5v0__or3_4  
-------------------------------------------|-------------------------------------------
A1                                         |A1                                         
A2                                         |A2                                         
A3                                         |A3                                         
Z                                          |Z                                          
VDD                                        |VDD                                        
VNW                                        |VNW                                        
VPW                                        |VPW                                        
VSS                                        |VSS                                        
---------------------------------------------------------------------------------------
Cell pin lists are equivalent.
Device classes gf180mcu_fd_sc_mcu7t5v0__or3_4 and gf180mcu_fd_sc_mcu7t5v0__or3_4 are equivalent.

Cell gf180mcu_fd_sc_mcu7t5v0__buf_12 (0) disconnected node: I
Cell gf180mcu_fd_sc_mcu7t5v0__buf_12 (0) disconnected node: Z
Cell gf180mcu_fd_sc_mcu7t5v0__buf_12 (0) disconnected node: VDD
Cell gf180mcu_fd_sc_mcu7t5v0__buf_12 (0) disconnected node: VNW
Cell gf180mcu_fd_sc_mcu7t5v0__buf_12 (0) disconnected node: VPW
Cell gf180mcu_fd_sc_mcu7t5v0__buf_12 (0) disconnected node: VSS

Subcircuit pins:
Circuit 1: gf180mcu_fd_sc_mcu7t5v0__buf_12 |Circuit 2: gf180mcu_fd_sc_mcu7t5v0__buf_12 
-------------------------------------------|-------------------------------------------
I                                          |I                                          
Z                                          |Z                                          
VDD                                        |VDD                                        
VNW                                        |VNW                                        
VPW                                        |VPW                                        
VSS                                        |VSS                                        
---------------------------------------------------------------------------------------
Cell pin lists are equivalent.
Device classes gf180mcu_fd_sc_mcu7t5v0__buf_12 and gf180mcu_fd_sc_mcu7t5v0__buf_12 are equivalent.

Cell gf180mcu_fd_sc_mcu7t5v0__oai33_1 (0) disconnected node: A1
Cell gf180mcu_fd_sc_mcu7t5v0__oai33_1 (0) disconnected node: A2
Cell gf180mcu_fd_sc_mcu7t5v0__oai33_1 (0) disconnected node: A3
Cell gf180mcu_fd_sc_mcu7t5v0__oai33_1 (0) disconnected node: B1
Cell gf180mcu_fd_sc_mcu7t5v0__oai33_1 (0) disconnected node: B2
Cell gf180mcu_fd_sc_mcu7t5v0__oai33_1 (0) disconnected node: B3
Cell gf180mcu_fd_sc_mcu7t5v0__oai33_1 (0) disconnected node: ZN
Cell gf180mcu_fd_sc_mcu7t5v0__oai33_1 (0) disconnected node: VDD
Cell gf180mcu_fd_sc_mcu7t5v0__oai33_1 (0) disconnected node: VNW
Cell gf180mcu_fd_sc_mcu7t5v0__oai33_1 (0) disconnected node: VPW
Cell gf180mcu_fd_sc_mcu7t5v0__oai33_1 (0) disconnected node: VSS

Subcircuit pins:
Circuit 1: gf180mcu_fd_sc_mcu7t5v0__oai33_ |Circuit 2: gf180mcu_fd_sc_mcu7t5v0__oai33_ 
-------------------------------------------|-------------------------------------------
A1                                         |A1                                         
A2                                         |A2                                         
A3                                         |A3                                         
B1                                         |B1                                         
B2                                         |B2                                         
B3                                         |B3                                         
ZN                                         |ZN                                         
VDD                                        |VDD                                        
VNW                                        |VNW                                        
VPW                                        |VPW                                        
VSS                                        |VSS                                        
---------------------------------------------------------------------------------------
Cell pin lists are equivalent.
Device classes gf180mcu_fd_sc_mcu7t5v0__oai33_1 and gf180mcu_fd_sc_mcu7t5v0__oai33_1 are equivalent.

Cell gf180mcu_fd_sc_mcu7t5v0__and3_2 (0) disconnected node: A1
Cell gf180mcu_fd_sc_mcu7t5v0__and3_2 (0) disconnected node: A2
Cell gf180mcu_fd_sc_mcu7t5v0__and3_2 (0) disconnected node: A3
Cell gf180mcu_fd_sc_mcu7t5v0__and3_2 (0) disconnected node: Z
Cell gf180mcu_fd_sc_mcu7t5v0__and3_2 (0) disconnected node: VDD
Cell gf180mcu_fd_sc_mcu7t5v0__and3_2 (0) disconnected node: VNW
Cell gf180mcu_fd_sc_mcu7t5v0__and3_2 (0) disconnected node: VPW
Cell gf180mcu_fd_sc_mcu7t5v0__and3_2 (0) disconnected node: VSS

Subcircuit pins:
Circuit 1: gf180mcu_fd_sc_mcu7t5v0__and3_2 |Circuit 2: gf180mcu_fd_sc_mcu7t5v0__and3_2 
-------------------------------------------|-------------------------------------------
A1                                         |A1                                         
A2                                         |A2                                         
A3                                         |A3                                         
Z                                          |Z                                          
VDD                                        |VDD                                        
VNW                                        |VNW                                        
VPW                                        |VPW                                        
VSS                                        |VSS                                        
---------------------------------------------------------------------------------------
Cell pin lists are equivalent.
Device classes gf180mcu_fd_sc_mcu7t5v0__and3_2 and gf180mcu_fd_sc_mcu7t5v0__and3_2 are equivalent.

Cell gf180mcu_fd_sc_mcu7t5v0__and2_4 (0) disconnected node: A1
Cell gf180mcu_fd_sc_mcu7t5v0__and2_4 (0) disconnected node: A2
Cell gf180mcu_fd_sc_mcu7t5v0__and2_4 (0) disconnected node: Z
Cell gf180mcu_fd_sc_mcu7t5v0__and2_4 (0) disconnected node: VDD
Cell gf180mcu_fd_sc_mcu7t5v0__and2_4 (0) disconnected node: VNW
Cell gf180mcu_fd_sc_mcu7t5v0__and2_4 (0) disconnected node: VPW
Cell gf180mcu_fd_sc_mcu7t5v0__and2_4 (0) disconnected node: VSS

Subcircuit pins:
Circuit 1: gf180mcu_fd_sc_mcu7t5v0__and2_4 |Circuit 2: gf180mcu_fd_sc_mcu7t5v0__and2_4 
-------------------------------------------|-------------------------------------------
A1                                         |A1                                         
A2                                         |A2                                         
Z                                          |Z                                          
VDD                                        |VDD                                        
VNW                                        |VNW                                        
VPW                                        |VPW                                        
VSS                                        |VSS                                        
---------------------------------------------------------------------------------------
Cell pin lists are equivalent.
Device classes gf180mcu_fd_sc_mcu7t5v0__and2_4 and gf180mcu_fd_sc_mcu7t5v0__and2_4 are equivalent.

Cell gf180mcu_fd_sc_mcu7t5v0__dlyc_1 (0) disconnected node: I
Cell gf180mcu_fd_sc_mcu7t5v0__dlyc_1 (0) disconnected node: Z
Cell gf180mcu_fd_sc_mcu7t5v0__dlyc_1 (0) disconnected node: VDD
Cell gf180mcu_fd_sc_mcu7t5v0__dlyc_1 (0) disconnected node: VNW
Cell gf180mcu_fd_sc_mcu7t5v0__dlyc_1 (0) disconnected node: VPW
Cell gf180mcu_fd_sc_mcu7t5v0__dlyc_1 (0) disconnected node: VSS

Subcircuit pins:
Circuit 1: gf180mcu_fd_sc_mcu7t5v0__dlyc_1 |Circuit 2: gf180mcu_fd_sc_mcu7t5v0__dlyc_1 
-------------------------------------------|-------------------------------------------
I                                          |I                                          
Z                                          |Z                                          
VDD                                        |VDD                                        
VNW                                        |VNW                                        
VPW                                        |VPW                                        
VSS                                        |VSS                                        
---------------------------------------------------------------------------------------
Cell pin lists are equivalent.
Device classes gf180mcu_fd_sc_mcu7t5v0__dlyc_1 and gf180mcu_fd_sc_mcu7t5v0__dlyc_1 are equivalent.

Cell gf180mcu_fd_sc_mcu7t5v0__dlya_2 (0) disconnected node: I
Cell gf180mcu_fd_sc_mcu7t5v0__dlya_2 (0) disconnected node: Z
Cell gf180mcu_fd_sc_mcu7t5v0__dlya_2 (0) disconnected node: VDD
Cell gf180mcu_fd_sc_mcu7t5v0__dlya_2 (0) disconnected node: VNW
Cell gf180mcu_fd_sc_mcu7t5v0__dlya_2 (0) disconnected node: VPW
Cell gf180mcu_fd_sc_mcu7t5v0__dlya_2 (0) disconnected node: VSS

Subcircuit pins:
Circuit 1: gf180mcu_fd_sc_mcu7t5v0__dlya_2 |Circuit 2: gf180mcu_fd_sc_mcu7t5v0__dlya_2 
-------------------------------------------|-------------------------------------------
I                                          |I                                          
Z                                          |Z                                          
VDD                                        |VDD                                        
VNW                                        |VNW                                        
VPW                                        |VPW                                        
VSS                                        |VSS                                        
---------------------------------------------------------------------------------------
Cell pin lists are equivalent.
Device classes gf180mcu_fd_sc_mcu7t5v0__dlya_2 and gf180mcu_fd_sc_mcu7t5v0__dlya_2 are equivalent.

Cell gf180mcu_fd_sc_mcu7t5v0__oai211_4 (0) disconnected node: A1
Cell gf180mcu_fd_sc_mcu7t5v0__oai211_4 (0) disconnected node: A2
Cell gf180mcu_fd_sc_mcu7t5v0__oai211_4 (0) disconnected node: B
Cell gf180mcu_fd_sc_mcu7t5v0__oai211_4 (0) disconnected node: C
Cell gf180mcu_fd_sc_mcu7t5v0__oai211_4 (0) disconnected node: ZN
Cell gf180mcu_fd_sc_mcu7t5v0__oai211_4 (0) disconnected node: VDD
Cell gf180mcu_fd_sc_mcu7t5v0__oai211_4 (0) disconnected node: VNW
Cell gf180mcu_fd_sc_mcu7t5v0__oai211_4 (0) disconnected node: VPW
Cell gf180mcu_fd_sc_mcu7t5v0__oai211_4 (0) disconnected node: VSS

Subcircuit pins:
Circuit 1: gf180mcu_fd_sc_mcu7t5v0__oai211 |Circuit 2: gf180mcu_fd_sc_mcu7t5v0__oai211 
-------------------------------------------|-------------------------------------------
A1                                         |A1                                         
A2                                         |A2                                         
B                                          |B                                          
C                                          |C                                          
ZN                                         |ZN                                         
VDD                                        |VDD                                        
VNW                                        |VNW                                        
VPW                                        |VPW                                        
VSS                                        |VSS                                        
---------------------------------------------------------------------------------------
Cell pin lists are equivalent.
Device classes gf180mcu_fd_sc_mcu7t5v0__oai211_4 and gf180mcu_fd_sc_mcu7t5v0__oai211_4 are equivalent.

Cell gf180mcu_fd_sc_mcu7t5v0__dlya_1 (0) disconnected node: I
Cell gf180mcu_fd_sc_mcu7t5v0__dlya_1 (0) disconnected node: Z
Cell gf180mcu_fd_sc_mcu7t5v0__dlya_1 (0) disconnected node: VDD
Cell gf180mcu_fd_sc_mcu7t5v0__dlya_1 (0) disconnected node: VNW
Cell gf180mcu_fd_sc_mcu7t5v0__dlya_1 (0) disconnected node: VPW
Cell gf180mcu_fd_sc_mcu7t5v0__dlya_1 (0) disconnected node: VSS

Subcircuit pins:
Circuit 1: gf180mcu_fd_sc_mcu7t5v0__dlya_1 |Circuit 2: gf180mcu_fd_sc_mcu7t5v0__dlya_1 
-------------------------------------------|-------------------------------------------
I                                          |I                                          
Z                                          |Z                                          
VDD                                        |VDD                                        
VNW                                        |VNW                                        
VPW                                        |VPW                                        
VSS                                        |VSS                                        
---------------------------------------------------------------------------------------
Cell pin lists are equivalent.
Device classes gf180mcu_fd_sc_mcu7t5v0__dlya_1 and gf180mcu_fd_sc_mcu7t5v0__dlya_1 are equivalent.

Cell gf180mcu_fd_sc_mcu7t5v0__dlyb_1 (0) disconnected node: I
Cell gf180mcu_fd_sc_mcu7t5v0__dlyb_1 (0) disconnected node: Z
Cell gf180mcu_fd_sc_mcu7t5v0__dlyb_1 (0) disconnected node: VDD
Cell gf180mcu_fd_sc_mcu7t5v0__dlyb_1 (0) disconnected node: VNW
Cell gf180mcu_fd_sc_mcu7t5v0__dlyb_1 (0) disconnected node: VPW
Cell gf180mcu_fd_sc_mcu7t5v0__dlyb_1 (0) disconnected node: VSS

Subcircuit pins:
Circuit 1: gf180mcu_fd_sc_mcu7t5v0__dlyb_1 |Circuit 2: gf180mcu_fd_sc_mcu7t5v0__dlyb_1 
-------------------------------------------|-------------------------------------------
I                                          |I                                          
Z                                          |Z                                          
VDD                                        |VDD                                        
VNW                                        |VNW                                        
VPW                                        |VPW                                        
VSS                                        |VSS                                        
---------------------------------------------------------------------------------------
Cell pin lists are equivalent.
Device classes gf180mcu_fd_sc_mcu7t5v0__dlyb_1 and gf180mcu_fd_sc_mcu7t5v0__dlyb_1 are equivalent.

Class ascon_top (0):  Merged 17137 parallel devices.
Class ascon_top (1):  Merged 17137 parallel devices.
Subcircuit summary:
Circuit 1: ascon_top                       |Circuit 2: ascon_top                       
-------------------------------------------|-------------------------------------------
gf180mcu_fd_sc_mcu7t5v0__fillcap_4 (7660-> |gf180mcu_fd_sc_mcu7t5v0__fillcap_4 (7660-> 
gf180mcu_fd_sc_mcu7t5v0__fillcap_8 (4270-> |gf180mcu_fd_sc_mcu7t5v0__fillcap_8 (4270-> 
gf180mcu_fd_sc_mcu7t5v0__fillcap_32 (1032- |gf180mcu_fd_sc_mcu7t5v0__fillcap_32 (1032- 
gf180mcu_fd_sc_mcu7t5v0__oai221_1 (39)     |gf180mcu_fd_sc_mcu7t5v0__oai221_1 (39)     
gf180mcu_fd_sc_mcu7t5v0__oai21_1 (2529)    |gf180mcu_fd_sc_mcu7t5v0__oai21_1 (2529)    
gf180mcu_fd_sc_mcu7t5v0__tiel (16)         |gf180mcu_fd_sc_mcu7t5v0__tiel (16)         
gf180mcu_fd_sc_mcu7t5v0__tieh (2)          |gf180mcu_fd_sc_mcu7t5v0__tieh (2)          
gf180mcu_fd_sc_mcu7t5v0__nand2_1 (2847)    |gf180mcu_fd_sc_mcu7t5v0__nand2_1 (2847)    
gf180mcu_fd_sc_mcu7t5v0__fillcap_16 (2454- |gf180mcu_fd_sc_mcu7t5v0__fillcap_16 (2454- 
gf180mcu_fd_sc_mcu7t5v0__dffrnq_2 (203)    |gf180mcu_fd_sc_mcu7t5v0__dffrnq_2 (203)    
gf180mcu_fd_sc_mcu7t5v0__clkbuf_8 (875)    |gf180mcu_fd_sc_mcu7t5v0__clkbuf_8 (875)    
gf180mcu_fd_sc_mcu7t5v0__clkinv_1 (966)    |gf180mcu_fd_sc_mcu7t5v0__clkinv_1 (966)    
gf180mcu_fd_sc_mcu7t5v0__dffrnq_1 (546)    |gf180mcu_fd_sc_mcu7t5v0__dffrnq_1 (546)    
gf180mcu_fd_sc_mcu7t5v0__buf_2 (624)       |gf180mcu_fd_sc_mcu7t5v0__buf_2 (624)       
gf180mcu_fd_sc_mcu7t5v0__clkbuf_4 (485)    |gf180mcu_fd_sc_mcu7t5v0__clkbuf_4 (485)    
gf180mcu_fd_sc_mcu7t5v0__clkbuf_3 (281)    |gf180mcu_fd_sc_mcu7t5v0__clkbuf_3 (281)    
gf180mcu_fd_sc_mcu7t5v0__clkbuf_2 (200)    |gf180mcu_fd_sc_mcu7t5v0__clkbuf_2 (200)    
gf180mcu_fd_sc_mcu7t5v0__buf_4 (296)       |gf180mcu_fd_sc_mcu7t5v0__buf_4 (296)       
gf180mcu_fd_sc_mcu7t5v0__dffq_1 (2048)     |gf180mcu_fd_sc_mcu7t5v0__dffq_1 (2048)     
gf180mcu_fd_sc_mcu7t5v0__fillcap_64 (1723- |gf180mcu_fd_sc_mcu7t5v0__fillcap_64 (1723- 
gf180mcu_fd_sc_mcu7t5v0__nand4_4 (31)      |gf180mcu_fd_sc_mcu7t5v0__nand4_4 (31)      
gf180mcu_fd_sc_mcu7t5v0__xnor2_1 (91)      |gf180mcu_fd_sc_mcu7t5v0__xnor2_1 (91)      
gf180mcu_fd_sc_mcu7t5v0__aoi22_4 (40)      |gf180mcu_fd_sc_mcu7t5v0__aoi22_4 (40)      
gf180mcu_fd_sc_mcu7t5v0__nor2_1 (476)      |gf180mcu_fd_sc_mcu7t5v0__nor2_1 (476)      
gf180mcu_fd_sc_mcu7t5v0__aoi222_2 (38)     |gf180mcu_fd_sc_mcu7t5v0__aoi222_2 (38)     
gf180mcu_fd_sc_mcu7t5v0__xnor2_2 (65)      |gf180mcu_fd_sc_mcu7t5v0__xnor2_2 (65)      
gf180mcu_fd_sc_mcu7t5v0__oai211_1 (453)    |gf180mcu_fd_sc_mcu7t5v0__oai211_1 (453)    
gf180mcu_fd_sc_mcu7t5v0__nor3_4 (29)       |gf180mcu_fd_sc_mcu7t5v0__nor3_4 (29)       
gf180mcu_fd_sc_mcu7t5v0__nor2_4 (87)       |gf180mcu_fd_sc_mcu7t5v0__nor2_4 (87)       
gf180mcu_fd_sc_mcu7t5v0__oai32_1 (104)     |gf180mcu_fd_sc_mcu7t5v0__oai32_1 (104)     
gf180mcu_fd_sc_mcu7t5v0__xor3_1 (207)      |gf180mcu_fd_sc_mcu7t5v0__xor3_1 (207)      
gf180mcu_fd_sc_mcu7t5v0__aoi22_1 (890)     |gf180mcu_fd_sc_mcu7t5v0__aoi22_1 (890)     
gf180mcu_fd_sc_mcu7t5v0__oai22_2 (18)      |gf180mcu_fd_sc_mcu7t5v0__oai22_2 (18)      
gf180mcu_fd_sc_mcu7t5v0__aoi21_1 (389)     |gf180mcu_fd_sc_mcu7t5v0__aoi21_1 (389)     
gf180mcu_fd_sc_mcu7t5v0__oai22_4 (19)      |gf180mcu_fd_sc_mcu7t5v0__oai22_4 (19)      
gf180mcu_fd_sc_mcu7t5v0__oai21_2 (84)      |gf180mcu_fd_sc_mcu7t5v0__oai21_2 (84)      
gf180mcu_fd_sc_mcu7t5v0__xor2_1 (435)      |gf180mcu_fd_sc_mcu7t5v0__xor2_1 (435)      
gf180mcu_fd_sc_mcu7t5v0__xor3_2 (9)        |gf180mcu_fd_sc_mcu7t5v0__xor3_2 (9)        
gf180mcu_fd_sc_mcu7t5v0__aoi221_2 (108)    |gf180mcu_fd_sc_mcu7t5v0__aoi221_2 (108)    
gf180mcu_fd_sc_mcu7t5v0__nand2_4 (57)      |gf180mcu_fd_sc_mcu7t5v0__nand2_4 (57)      
gf180mcu_fd_sc_mcu7t5v0__nand2_2 (69)      |gf180mcu_fd_sc_mcu7t5v0__nand2_2 (69)      
gf180mcu_fd_sc_mcu7t5v0__nor3_2 (20)       |gf180mcu_fd_sc_mcu7t5v0__nor3_2 (20)       
gf180mcu_fd_sc_mcu7t5v0__nor4_1 (9)        |gf180mcu_fd_sc_mcu7t5v0__nor4_1 (9)        
gf180mcu_fd_sc_mcu7t5v0__nand3_2 (50)      |gf180mcu_fd_sc_mcu7t5v0__nand3_2 (50)      
gf180mcu_fd_sc_mcu7t5v0__aoi211_1 (69)     |gf180mcu_fd_sc_mcu7t5v0__aoi211_1 (69)     
gf180mcu_fd_sc_mcu7t5v0__nand3_1 (291)     |gf180mcu_fd_sc_mcu7t5v0__nand3_1 (291)     
gf180mcu_fd_sc_mcu7t5v0__aoi222_1 (14)     |gf180mcu_fd_sc_mcu7t5v0__aoi222_1 (14)     
gf180mcu_fd_sc_mcu7t5v0__xnor3_1 (97)      |gf180mcu_fd_sc_mcu7t5v0__xnor3_1 (97)      
gf180mcu_fd_sc_mcu7t5v0__aoi221_4 (71)     |gf180mcu_fd_sc_mcu7t5v0__aoi221_4 (71)     
gf180mcu_fd_sc_mcu7t5v0__xor2_2 (215)      |gf180mcu_fd_sc_mcu7t5v0__xor2_2 (215)      
gf180mcu_fd_sc_mcu7t5v0__clkinv_4 (44)     |gf180mcu_fd_sc_mcu7t5v0__clkinv_4 (44)     
gf180mcu_fd_sc_mcu7t5v0__inv_3 (74)        |gf180mcu_fd_sc_mcu7t5v0__inv_3 (74)        
gf180mcu_fd_sc_mcu7t5v0__inv_2 (139)       |gf180mcu_fd_sc_mcu7t5v0__inv_2 (139)       
gf180mcu_fd_sc_mcu7t5v0__mux2_2 (258)      |gf180mcu_fd_sc_mcu7t5v0__mux2_2 (258)      
gf180mcu_fd_sc_mcu7t5v0__buf_8 (22)        |gf180mcu_fd_sc_mcu7t5v0__buf_8 (22)        
gf180mcu_fd_sc_mcu7t5v0__oai22_1 (142)     |gf180mcu_fd_sc_mcu7t5v0__oai22_1 (142)     
gf180mcu_fd_sc_mcu7t5v0__oai21_4 (47)      |gf180mcu_fd_sc_mcu7t5v0__oai21_4 (47)      
gf180mcu_fd_sc_mcu7t5v0__nand4_1 (52)      |gf180mcu_fd_sc_mcu7t5v0__nand4_1 (52)      
gf180mcu_fd_sc_mcu7t5v0__oai31_4 (7)       |gf180mcu_fd_sc_mcu7t5v0__oai31_4 (7)       
gf180mcu_fd_sc_mcu7t5v0__aoi221_1 (222)    |gf180mcu_fd_sc_mcu7t5v0__aoi221_1 (222)    
gf180mcu_fd_sc_mcu7t5v0__or2_1 (49)        |gf180mcu_fd_sc_mcu7t5v0__or2_1 (49)        
gf180mcu_fd_sc_mcu7t5v0__nor2_2 (70)       |gf180mcu_fd_sc_mcu7t5v0__nor2_2 (70)       
gf180mcu_fd_sc_mcu7t5v0__inv_4 (16)        |gf180mcu_fd_sc_mcu7t5v0__inv_4 (16)        
gf180mcu_fd_sc_mcu7t5v0__inv_1 (72)        |gf180mcu_fd_sc_mcu7t5v0__inv_1 (72)        
gf180mcu_fd_sc_mcu7t5v0__aoi211_4 (16)     |gf180mcu_fd_sc_mcu7t5v0__aoi211_4 (16)     
gf180mcu_fd_sc_mcu7t5v0__aoi21_2 (30)      |gf180mcu_fd_sc_mcu7t5v0__aoi21_2 (30)      
gf180mcu_fd_sc_mcu7t5v0__or3_2 (3)         |gf180mcu_fd_sc_mcu7t5v0__or3_2 (3)         
gf180mcu_fd_sc_mcu7t5v0__nand3_4 (13)      |gf180mcu_fd_sc_mcu7t5v0__nand3_4 (13)      
gf180mcu_fd_sc_mcu7t5v0__and2_1 (41)       |gf180mcu_fd_sc_mcu7t5v0__and2_1 (41)       
gf180mcu_fd_sc_mcu7t5v0__antenna (14->11)  |gf180mcu_fd_sc_mcu7t5v0__antenna (14->11)  
gf180mcu_fd_sc_mcu7t5v0__oai222_4 (3)      |gf180mcu_fd_sc_mcu7t5v0__oai222_4 (3)      
gf180mcu_fd_sc_mcu7t5v0__oai31_1 (56)      |gf180mcu_fd_sc_mcu7t5v0__oai31_1 (56)      
gf180mcu_fd_sc_mcu7t5v0__dffrnq_4 (4)      |gf180mcu_fd_sc_mcu7t5v0__dffrnq_4 (4)      
gf180mcu_fd_sc_mcu7t5v0__and4_1 (19)       |gf180mcu_fd_sc_mcu7t5v0__and4_1 (19)       
gf180mcu_fd_sc_mcu7t5v0__buf_1 (38)        |gf180mcu_fd_sc_mcu7t5v0__buf_1 (38)        
gf180mcu_fd_sc_mcu7t5v0__aoi22_2 (33)      |gf180mcu_fd_sc_mcu7t5v0__aoi22_2 (33)      
gf180mcu_fd_sc_mcu7t5v0__nor3_1 (39)       |gf180mcu_fd_sc_mcu7t5v0__nor3_1 (39)       
gf180mcu_fd_sc_mcu7t5v0__or3_1 (10)        |gf180mcu_fd_sc_mcu7t5v0__or3_1 (10)        
gf180mcu_fd_sc_mcu7t5v0__and2_2 (8)        |gf180mcu_fd_sc_mcu7t5v0__and2_2 (8)        
gf180mcu_fd_sc_mcu7t5v0__clkinv_2 (90)     |gf180mcu_fd_sc_mcu7t5v0__clkinv_2 (90)     
gf180mcu_fd_sc_mcu7t5v0__nor4_4 (33)       |gf180mcu_fd_sc_mcu7t5v0__nor4_4 (33)       
gf180mcu_fd_sc_mcu7t5v0__oai32_2 (5)       |gf180mcu_fd_sc_mcu7t5v0__oai32_2 (5)       
gf180mcu_fd_sc_mcu7t5v0__xnor2_4 (6)       |gf180mcu_fd_sc_mcu7t5v0__xnor2_4 (6)       
gf180mcu_fd_sc_mcu7t5v0__aoi211_2 (45)     |gf180mcu_fd_sc_mcu7t5v0__aoi211_2 (45)     
gf180mcu_fd_sc_mcu7t5v0__nand4_2 (84)      |gf180mcu_fd_sc_mcu7t5v0__nand4_2 (84)      
gf180mcu_fd_sc_mcu7t5v0__oai222_1 (7)      |gf180mcu_fd_sc_mcu7t5v0__oai222_1 (7)      
gf180mcu_fd_sc_mcu7t5v0__clkinv_3 (15)     |gf180mcu_fd_sc_mcu7t5v0__clkinv_3 (15)     
gf180mcu_fd_sc_mcu7t5v0__and3_1 (7)        |gf180mcu_fd_sc_mcu7t5v0__and3_1 (7)        
gf180mcu_fd_sc_mcu7t5v0__or4_1 (5)         |gf180mcu_fd_sc_mcu7t5v0__or4_1 (5)         
gf180mcu_fd_sc_mcu7t5v0__aoi21_4 (32)      |gf180mcu_fd_sc_mcu7t5v0__aoi21_4 (32)      
gf180mcu_fd_sc_mcu7t5v0__clkinv_12 (11)    |gf180mcu_fd_sc_mcu7t5v0__clkinv_12 (11)    
gf180mcu_fd_sc_mcu7t5v0__inv_8 (1)         |gf180mcu_fd_sc_mcu7t5v0__inv_8 (1)         
gf180mcu_fd_sc_mcu7t5v0__xnor3_2 (3)       |gf180mcu_fd_sc_mcu7t5v0__xnor3_2 (3)       
gf180mcu_fd_sc_mcu7t5v0__clkinv_20 (4)     |gf180mcu_fd_sc_mcu7t5v0__clkinv_20 (4)     
gf180mcu_fd_sc_mcu7t5v0__clkinv_8 (6)      |gf180mcu_fd_sc_mcu7t5v0__clkinv_8 (6)      
gf180mcu_fd_sc_mcu7t5v0__buf_3 (8)         |gf180mcu_fd_sc_mcu7t5v0__buf_3 (8)         
gf180mcu_fd_sc_mcu7t5v0__or4_4 (6)         |gf180mcu_fd_sc_mcu7t5v0__or4_4 (6)         
gf180mcu_fd_sc_mcu7t5v0__oai221_4 (18)     |gf180mcu_fd_sc_mcu7t5v0__oai221_4 (18)     
gf180mcu_fd_sc_mcu7t5v0__inv_20 (12)       |gf180mcu_fd_sc_mcu7t5v0__inv_20 (12)       
gf180mcu_fd_sc_mcu7t5v0__clkinv_16 (10)    |gf180mcu_fd_sc_mcu7t5v0__clkinv_16 (10)    
gf180mcu_fd_sc_mcu7t5v0__oai222_2 (3)      |gf180mcu_fd_sc_mcu7t5v0__oai222_2 (3)      
gf180mcu_fd_sc_mcu7t5v0__or4_2 (2)         |gf180mcu_fd_sc_mcu7t5v0__or4_2 (2)         
gf180mcu_fd_sc_mcu7t5v0__or2_4 (1)         |gf180mcu_fd_sc_mcu7t5v0__or2_4 (1)         
gf180mcu_fd_sc_mcu7t5v0__clkbuf_16 (1)     |gf180mcu_fd_sc_mcu7t5v0__clkbuf_16 (1)     
gf180mcu_fd_sc_mcu7t5v0__aoi222_4 (15)     |gf180mcu_fd_sc_mcu7t5v0__aoi222_4 (15)     
gf180mcu_fd_sc_mcu7t5v0__xor2_4 (2)        |gf180mcu_fd_sc_mcu7t5v0__xor2_4 (2)        
gf180mcu_fd_sc_mcu7t5v0__or2_2 (8)         |gf180mcu_fd_sc_mcu7t5v0__or2_2 (8)         
gf180mcu_fd_sc_mcu7t5v0__inv_12 (4)        |gf180mcu_fd_sc_mcu7t5v0__inv_12 (4)        
gf180mcu_fd_sc_mcu7t5v0__oai31_2 (4)       |gf180mcu_fd_sc_mcu7t5v0__oai31_2 (4)       
gf180mcu_fd_sc_mcu7t5v0__oai221_2 (5)      |gf180mcu_fd_sc_mcu7t5v0__oai221_2 (5)      
gf180mcu_fd_sc_mcu7t5v0__oai211_2 (7)      |gf180mcu_fd_sc_mcu7t5v0__oai211_2 (7)      
gf180mcu_fd_sc_mcu7t5v0__inv_16 (2)        |gf180mcu_fd_sc_mcu7t5v0__inv_16 (2)        
gf180mcu_fd_sc_mcu7t5v0__nor4_2 (2)        |gf180mcu_fd_sc_mcu7t5v0__nor4_2 (2)        
gf180mcu_fd_sc_mcu7t5v0__clkbuf_1 (3)      |gf180mcu_fd_sc_mcu7t5v0__clkbuf_1 (3)      
gf180mcu_fd_sc_mcu7t5v0__and4_2 (1)        |gf180mcu_fd_sc_mcu7t5v0__and4_2 (1)        
gf180mcu_fd_sc_mcu7t5v0__oai33_4 (1)       |gf180mcu_fd_sc_mcu7t5v0__oai33_4 (1)       
gf180mcu_fd_sc_mcu7t5v0__dffsnq_1 (3)      |gf180mcu_fd_sc_mcu7t5v0__dffsnq_1 (3)      
gf180mcu_fd_sc_mcu7t5v0__dffsnq_2 (2)      |gf180mcu_fd_sc_mcu7t5v0__dffsnq_2 (2)      
gf180mcu_fd_sc_mcu7t5v0__or3_4 (1)         |gf180mcu_fd_sc_mcu7t5v0__or3_4 (1)         
gf180mcu_fd_sc_mcu7t5v0__buf_12 (1)        |gf180mcu_fd_sc_mcu7t5v0__buf_12 (1)        
gf180mcu_fd_sc_mcu7t5v0__oai33_1 (1)       |gf180mcu_fd_sc_mcu7t5v0__oai33_1 (1)       
gf180mcu_fd_sc_mcu7t5v0__and3_2 (1)        |gf180mcu_fd_sc_mcu7t5v0__and3_2 (1)        
gf180mcu_fd_sc_mcu7t5v0__and2_4 (1)        |gf180mcu_fd_sc_mcu7t5v0__and2_4 (1)        
gf180mcu_fd_sc_mcu7t5v0__dlyc_1 (2)        |gf180mcu_fd_sc_mcu7t5v0__dlyc_1 (2)        
gf180mcu_fd_sc_mcu7t5v0__dlya_2 (4)        |gf180mcu_fd_sc_mcu7t5v0__dlya_2 (4)        
gf180mcu_fd_sc_mcu7t5v0__oai211_4 (4)      |gf180mcu_fd_sc_mcu7t5v0__oai211_4 (4)      
gf180mcu_fd_sc_mcu7t5v0__dlya_1 (1)        |gf180mcu_fd_sc_mcu7t5v0__dlya_1 (1)        
gf180mcu_fd_sc_mcu7t5v0__dlyb_1 (1)        |gf180mcu_fd_sc_mcu7t5v0__dlyb_1 (1)        
Number of devices: 18526                   |Number of devices: 18526                   
Number of nets: 18518                      |Number of nets: 18518                      
---------------------------------------------------------------------------------------
Resolving symmetries by property value.
Resolving symmetries by pin name.
Netlists match uniquely.

Subcircuit pins:
Circuit 1: ascon_top                       |Circuit 2: ascon_top                       
-------------------------------------------|-------------------------------------------
miso_OE                                    |miso_OE                                    
miso_PDRV0                                 |miso_PDRV0                                 
miso_IN                                    |miso_IN                                    
cs_n                                       |cs_n                                       
sclk                                       |sclk                                       
rst                                        |rst                                        
mosi                                       |mosi                                       
miso_OUT                                   |miso_OUT                                   
miso_IE                                    |miso_IE                                    
sclk_PU                                    |sclk_PU                                    
miso_CS                                    |miso_CS                                    
sclk_PD                                    |sclk_PD                                    
cs_n_PU                                    |cs_n_PU                                    
rst_PU                                     |rst_PU                                     
cs_n_PD                                    |cs_n_PD                                    
rst_PD                                     |rst_PD                                     
clk_PU                                     |clk_PU                                     
mosi_PU                                    |mosi_PU                                    
clk_PD                                     |clk_PD                                     
mosi_PD                                    |mosi_PD                                    
miso_SL                                    |miso_SL                                    
miso_PU                                    |miso_PU                                    
miso_PDRV1                                 |miso_PDRV1                                 
miso_PD                                    |miso_PD                                    
clk                                        |clk                                        
VDD                                        |VDD                                        
VSS                                        |VSS                                        
---------------------------------------------------------------------------------------
Cell pin lists are equivalent.
Device classes ascon_top and ascon_top are equivalent.

Final result: Circuits match uniquely.
.
