
===========================================================================
Violator List
============================================================================
[hold in-reg] sclk -> _24922_/D : -24.167353
[hold in-reg] mosi -> _24965_/D : -24.153984
[hold in-reg] cs_n -> _25193_/D : -24.010630
[hold in-reg] cs_n -> _25213_/D : -23.750751
[hold in-reg] cs_n -> _25218_/D : -23.468786
[setup reg-reg] _25204_/Q -> _25231_/D : -61.629692
[setup reg-reg] _25204_/Q -> _25425_/D : -57.873817
[setup reg-reg] _25204_/Q -> _25430_/D : -57.553131
[setup reg-reg] _25204_/Q -> _25467_/D : -56.960335
[setup reg-reg] _25204_/Q -> _25176_/D : -56.618450
[setup reg-reg] _25204_/Q -> _25185_/D : -56.515545
[setup reg-reg] _25204_/Q -> _25463_/D : -55.983936
[setup reg-reg] _25204_/Q -> _25479_/D : -55.448269
[setup reg-reg] _25204_/Q -> _25191_/D : -53.518768
[setup reg-reg] _25204_/Q -> _25365_/D : -53.202225
[setup reg-reg] _25204_/Q -> _25386_/D : -53.175373
[setup reg-reg] _25204_/Q -> _25401_/D : -53.081673
[setup reg-reg] _25204_/Q -> _25389_/D : -52.973866
[setup reg-reg] _25204_/Q -> _25370_/D : -52.865913
[setup reg-reg] _25204_/Q -> _25374_/D : -52.829918
[setup reg-reg] _25204_/Q -> _25377_/D : -52.776974
[setup reg-reg] _25204_/Q -> _25373_/D : -52.775276
[setup reg-reg] _25204_/Q -> _25368_/D : -52.765038
[setup reg-reg] _25204_/Q -> _25364_/D : -52.742527
[setup reg-reg] _25204_/Q -> _25388_/D : -52.728699
[setup reg-reg] _25204_/Q -> _25385_/D : -52.718159
[setup reg-reg] _25204_/Q -> _25367_/D : -52.700016
[setup reg-reg] _25204_/Q -> _25379_/D : -52.695419
[setup reg-reg] _25204_/Q -> _25165_/D : -52.687538
[setup reg-reg] _25204_/Q -> _25361_/D : -52.674503
[setup reg-reg] _25204_/Q -> _25172_/D : -52.653465
[setup reg-reg] _25204_/Q -> _25381_/D : -52.644299
[setup reg-reg] _25204_/Q -> _25376_/D : -52.641491
[setup reg-reg] _25204_/Q -> _25387_/D : -52.636871
[setup reg-reg] _25204_/Q -> _25378_/D : -52.626987
[setup reg-reg] _25204_/Q -> _25375_/D : -52.607666
[setup reg-reg] _25204_/Q -> _25178_/D : -52.603115
[setup reg-reg] _25204_/Q -> _25384_/D : -52.593521
[setup reg-reg] _25204_/Q -> _25382_/D : -52.591335
[setup reg-reg] _25204_/Q -> _25372_/D : -52.590996
[setup reg-reg] _25204_/Q -> _25380_/D : -52.544144
[setup reg-reg] _25204_/Q -> _25175_/D : -52.493977
[setup reg-reg] _25204_/Q -> _25151_/D : -52.472244
[setup reg-reg] _25204_/Q -> _25180_/D : -52.427422
[setup reg-reg] _25204_/Q -> _25268_/D : -52.167751
[setup reg-reg] _25204_/Q -> _25299_/D : -52.053902
[setup reg-reg] _25204_/Q -> _25306_/D : -51.982716
[setup reg-reg] _25204_/Q -> _25290_/D : -51.959545
[setup reg-reg] _25204_/Q -> _25295_/D : -51.896999
[setup reg-reg] _25204_/Q -> _25310_/D : -51.888821
[setup reg-reg] _25204_/Q -> _25302_/D : -51.883968
[setup reg-reg] _25204_/Q -> _25300_/D : -51.878250
[setup reg-reg] _25204_/Q -> _25326_/D : -51.874035
[setup reg-reg] _25204_/Q -> _25317_/D : -51.814983
[setup reg-reg] _25204_/Q -> _25324_/D : -51.801830
[setup reg-reg] _25204_/Q -> _25309_/D : -51.800777
[setup reg-reg] _25204_/Q -> _25297_/D : -51.800591
[setup reg-reg] _25204_/Q -> _25314_/D : -51.793343
[setup reg-reg] _25204_/Q -> _25296_/D : -51.791431
[setup reg-reg] _25204_/Q -> _25323_/D : -51.768257
[setup reg-reg] _25204_/Q -> _25358_/D : -51.760029
[setup reg-reg] _25204_/Q -> _25304_/D : -51.756409
[setup reg-reg] _25204_/Q -> _25329_/D : -51.753513
[setup reg-reg] _25204_/Q -> _25283_/D : -51.739567
[setup reg-reg] _25204_/Q -> _25312_/D : -51.737247
[setup reg-reg] _25204_/Q -> _25318_/D : -51.648876
[setup reg-reg] _25204_/Q -> _25325_/D : -51.637394
[setup reg-reg] _25204_/Q -> _25316_/D : -51.636326
[setup reg-reg] _25204_/Q -> _25315_/D : -51.593861
[setup reg-reg] _25204_/Q -> _25321_/D : -51.589550
[setup reg-reg] _25204_/Q -> _25276_/D : -51.583347
[setup reg-reg] _25204_/Q -> _25313_/D : -51.564800
[setup reg-reg] _25204_/Q -> _25308_/D : -51.523411
[setup reg-reg] _25204_/Q -> _25281_/D : -51.495827
[setup reg-reg] _25204_/Q -> _25285_/D : -51.231544
[setup reg-reg] _25204_/Q -> _25267_/D : -51.229599
[setup reg-reg] _25204_/Q -> _25274_/D : -51.035957
[setup reg-reg] _25204_/Q -> _25369_/D : -51.019997
[setup reg-reg] _25204_/Q -> _25292_/D : -50.967701
[setup reg-reg] _25204_/Q -> _25277_/D : -50.950947
[setup reg-reg] _25204_/Q -> _25289_/D : -50.950741
[setup reg-reg] _25204_/Q -> _25266_/D : -50.928288
[setup reg-reg] _25204_/Q -> _25298_/D : -50.897720
[setup reg-reg] _25204_/Q -> _25291_/D : -50.878334
[setup reg-reg] _25204_/Q -> _25293_/D : -50.782326
[setup reg-reg] _25204_/Q -> _25288_/D : -50.753712
[setup reg-reg] _25204_/Q -> _25275_/D : -50.751373
[setup reg-reg] _25204_/Q -> _25294_/D : -50.743073
[setup reg-reg] _25204_/Q -> _25264_/D : -50.714798
[setup reg-reg] _25204_/Q -> _25280_/D : -50.671761
[setup reg-reg] _25204_/Q -> _25265_/D : -50.668758
[setup reg-reg] _25204_/Q -> _25284_/D : -50.651386
[setup reg-reg] _25204_/Q -> _25278_/D : -50.628239
[setup reg-reg] _25204_/Q -> _25272_/D : -50.618271
[setup reg-reg] _25204_/Q -> _25263_/D : -50.607185
[setup reg-reg] _25204_/Q -> _25269_/D : -50.570381
[setup reg-reg] _25204_/Q -> _25238_/D : -50.562527
[setup reg-reg] _25204_/Q -> _25301_/D : -50.545792
[setup reg-reg] _25204_/Q -> _25286_/D : -50.514484
[setup reg-reg] _25204_/Q -> _25395_/D : -49.844002
[setup reg-reg] _25204_/Q -> _25390_/D : -48.744873
[setup reg-reg] _25204_/Q -> _25146_/D : -48.648724
[setup reg-reg] _25204_/Q -> _25155_/D : -48.167110
[setup reg-reg] _25204_/Q -> _25139_/D : -48.096344
[setup reg-reg] _25204_/Q -> _25157_/D : -48.092720
[setup reg-reg] _25204_/Q -> _25423_/D : -48.069679
[setup reg-reg] _25204_/Q -> _25136_/D : -48.060085
[setup reg-reg] _25204_/Q -> _25160_/D : -48.039558
[setup reg-reg] _25204_/Q -> _25156_/D : -48.026623
[setup reg-reg] _25204_/Q -> _25143_/D : -47.944042
[setup reg-reg] _25204_/Q -> _25398_/D : -47.698277
[setup reg-reg] _25204_/Q -> _25397_/D : -47.669006
[setup reg-reg] _25204_/Q -> _25400_/D : -47.615311
[setup reg-reg] _25204_/Q -> _25394_/D : -47.607380
[setup reg-reg] _25204_/Q -> _25405_/D : -47.597343
[setup reg-reg] _25204_/Q -> _25396_/D : -47.585629
[setup reg-reg] _25204_/Q -> _25359_/D : -47.580257
[setup reg-reg] _25204_/Q -> _25404_/D : -47.573860
[setup reg-reg] _25204_/Q -> _25399_/D : -47.570511
[setup reg-reg] _25204_/Q -> _25392_/D : -47.522644
[setup reg-reg] _25204_/Q -> _25421_/D : -47.514076
[setup reg-reg] _25204_/Q -> _25402_/D : -47.492939
[setup reg-reg] _25204_/Q -> _25391_/D : -47.468498
[setup reg-reg] _25204_/Q -> _25130_/D : -47.180782
[setup reg-reg] _25204_/Q -> _25351_/D : -47.173180
[setup reg-reg] _25204_/Q -> _25132_/D : -47.039299
[setup reg-reg] _25204_/Q -> _25150_/D : -46.897614
[setup reg-reg] _25204_/Q -> _25334_/D : -46.889690
[setup reg-reg] _25204_/Q -> _25342_/D : -46.888302
[setup reg-reg] _25204_/Q -> _25336_/D : -46.873775
[setup reg-reg] _25204_/Q -> _25307_/D : -46.857864
[setup reg-reg] _25204_/Q -> _25319_/D : -46.842743
[setup reg-reg] _25204_/Q -> _25341_/D : -46.822132
[setup reg-reg] _25204_/Q -> _25331_/D : -46.814129
[setup reg-reg] _25204_/Q -> _25339_/D : -46.805676
[setup reg-reg] _25204_/Q -> _25327_/D : -46.793476
[setup reg-reg] _25204_/Q -> _25311_/D : -46.791592
[setup reg-reg] _25204_/Q -> _25322_/D : -46.788792
[setup reg-reg] _25204_/Q -> _25303_/D : -46.785923
[setup reg-reg] _25204_/Q -> _25352_/D : -46.784340
[setup reg-reg] _25204_/Q -> _25356_/D : -46.777397
[setup reg-reg] _25204_/Q -> _25332_/D : -46.767906
[setup reg-reg] _25204_/Q -> _25353_/D : -46.758873
[setup reg-reg] _25204_/Q -> _25333_/D : -46.755219
[setup reg-reg] _25204_/Q -> _25305_/D : -46.751072
[setup reg-reg] _25204_/Q -> _25330_/D : -46.744728
[setup reg-reg] _25204_/Q -> _25357_/D : -46.732422
[setup reg-reg] _25204_/Q -> _25348_/D : -46.724533
[setup reg-reg] _25204_/Q -> _25328_/D : -46.724174
[setup reg-reg] _25204_/Q -> _25337_/D : -46.714348
[setup reg-reg] _25204_/Q -> _25343_/D : -46.704254
[setup reg-reg] _25204_/Q -> _25354_/D : -46.699123
[setup reg-reg] _25204_/Q -> _25344_/D : -46.693485
[setup reg-reg] _25204_/Q -> _25346_/D : -46.684742
[setup reg-reg] _25204_/Q -> _25320_/D : -46.678226
[setup reg-reg] _25204_/Q -> _25338_/D : -46.649853
[setup reg-reg] _25204_/Q -> _25350_/D : -46.641167
[setup reg-reg] _25204_/Q -> _25355_/D : -46.603374
[setup reg-reg] _25204_/Q -> _25345_/D : -46.594234
[setup reg-reg] _25204_/Q -> _25347_/D : -46.570377
[setup reg-reg] _25204_/Q -> _25349_/D : -46.564468
[setup reg-reg] _25204_/Q -> _25340_/D : -46.547073
[setup reg-reg] _25204_/Q -> _25142_/D : -46.255409
[setup reg-reg] _25204_/Q -> _25166_/D : -46.171848
[setup reg-reg] _25204_/Q -> _25234_/D : -46.151512
[setup reg-reg] _25204_/Q -> _25174_/D : -46.134735
[setup reg-reg] _25204_/Q -> _25183_/D : -46.033020
[setup reg-reg] _25204_/Q -> _25241_/D : -46.018299
[setup reg-reg] _25204_/Q -> _25261_/D : -45.912155
[setup reg-reg] _25204_/Q -> _25187_/D : -45.904842
[setup reg-reg] _25204_/Q -> _25239_/D : -45.885441
[setup reg-reg] _25204_/Q -> _25260_/D : -45.829132
[setup reg-reg] _25204_/Q -> _25177_/D : -45.821426
[setup reg-reg] _25204_/Q -> _25168_/D : -45.819942
[setup reg-reg] _25204_/Q -> _25240_/D : -45.819202
[setup reg-reg] _25204_/Q -> _25235_/D : -45.810963
[setup reg-reg] _25204_/Q -> _25148_/D : -45.804955
[setup reg-reg] _25204_/Q -> _25282_/D : -45.783642
[setup reg-reg] _25204_/Q -> _25273_/D : -45.770779
[setup reg-reg] _25204_/Q -> _25247_/D : -45.769745
[setup reg-reg] _25204_/Q -> _25159_/D : -45.761230
[setup reg-reg] _25204_/Q -> _25256_/D : -45.754673
[setup reg-reg] _25204_/Q -> _25258_/D : -45.734268
[setup reg-reg] _25204_/Q -> _25164_/D : -45.731663
[setup reg-reg] _25204_/Q -> _25287_/D : -45.719627
[setup reg-reg] _25204_/Q -> _25236_/D : -45.708580
[setup reg-reg] _25204_/Q -> _25233_/D : -45.706074
[setup reg-reg] _25204_/Q -> _25255_/D : -45.704792
[setup reg-reg] _25204_/Q -> _25271_/D : -45.701965
[setup reg-reg] _25204_/Q -> _25245_/D : -45.699581
[setup reg-reg] _25204_/Q -> _25243_/D : -45.697765
[setup reg-reg] _25204_/Q -> _25246_/D : -45.690067
[setup reg-reg] _25204_/Q -> _25232_/D : -45.681602
[setup reg-reg] _25204_/Q -> _25254_/D : -45.664680
[setup reg-reg] _25204_/Q -> _25144_/D : -45.662395
[setup reg-reg] _25204_/Q -> _25242_/D : -45.656651
[setup reg-reg] _25204_/Q -> _25335_/D : -45.633049
[setup reg-reg] _25204_/Q -> _25167_/D : -45.628845
[setup reg-reg] _25204_/Q -> _25252_/D : -45.617970
[setup reg-reg] _25204_/Q -> _25170_/D : -45.614441
[setup reg-reg] _25204_/Q -> _25237_/D : -45.614433
[setup reg-reg] _25204_/Q -> _25244_/D : -45.596607
[setup reg-reg] _25204_/Q -> _25251_/D : -45.588951
[setup reg-reg] _25204_/Q -> _25173_/D : -45.584747
[setup reg-reg] _25204_/Q -> _25179_/D : -45.575275
[setup reg-reg] _25204_/Q -> _25163_/D : -45.552971
[setup reg-reg] _25204_/Q -> _25248_/D : -45.551033
[setup reg-reg] _25204_/Q -> _25257_/D : -45.550034
[setup reg-reg] _25204_/Q -> _25186_/D : -45.544540
[setup reg-reg] _25204_/Q -> _25249_/D : -45.543255
[setup reg-reg] _25204_/Q -> _25259_/D : -45.537544
[setup reg-reg] _25204_/Q -> _25250_/D : -45.525211
[setup reg-reg] _25204_/Q -> _25141_/D : -45.519897
[setup reg-reg] _25204_/Q -> _25253_/D : -45.518452
[setup reg-reg] _25204_/Q -> _25161_/D : -45.487457
[setup reg-reg] _25204_/Q -> _25145_/D : -45.428661
[setup reg-reg] _25204_/Q -> _25138_/D : -45.399570
[setup reg-reg] _25204_/Q -> _25181_/D : -45.368473
[setup reg-reg] _25204_/Q -> _25162_/D : -45.354610
[setup reg-reg] _25204_/Q -> _25184_/D : -45.338089
[setup reg-reg] _25204_/Q -> _25189_/D : -45.332359
[setup reg-reg] _25204_/Q -> _25133_/D : -45.318741
[setup reg-reg] _25204_/Q -> _25149_/D : -45.310505
[setup reg-reg] _25204_/Q -> _25153_/D : -45.304955
[setup reg-reg] _25204_/Q -> _25147_/D : -45.298401
[setup reg-reg] _25204_/Q -> _25158_/D : -45.297760
[setup reg-reg] _25204_/Q -> _25152_/D : -45.258549
[setup reg-reg] _25204_/Q -> _25182_/D : -45.217541
[setup reg-reg] _25204_/Q -> _25279_/D : -45.146858
[setup reg-reg] _25204_/Q -> _25262_/D : -45.141510
[setup reg-reg] _25204_/Q -> _25270_/D : -45.138233
[setup reg-reg] _25204_/Q -> _25135_/D : -44.811375
[setup reg-reg] _25204_/Q -> _25169_/D : -44.808090
[setup reg-reg] _25204_/Q -> _25171_/D : -44.806221
[setup reg-reg] _25204_/Q -> _25131_/D : -44.737591
[setup reg-reg] _25204_/Q -> _25192_/D : -44.709900
[setup reg-reg] _25059_/Q -> _25448_/D : -44.700890
[setup reg-reg] _25059_/Q -> _25438_/D : -44.667168
[setup reg-reg] _25059_/Q -> _25429_/D : -44.662910
[setup reg-reg] _25059_/Q -> _25437_/D : -44.647556
[setup reg-reg] _25059_/Q -> _25434_/D : -44.639580
[setup reg-reg] _25059_/Q -> _25432_/D : -44.638569
[setup reg-reg] _25059_/Q -> _25428_/D : -44.614864
[setup reg-reg] _25059_/Q -> _25426_/D : -44.596851
[setup reg-reg] _25059_/Q -> _25427_/D : -44.596519
[setup reg-reg] _25059_/Q -> _25431_/D : -44.596458
[setup reg-reg] _25059_/Q -> _25433_/D : -44.594524
[setup reg-reg] _25059_/Q -> _25447_/D : -44.585625
[setup reg-reg] _25059_/Q -> _25435_/D : -44.576763
[setup reg-reg] _25059_/Q -> _25439_/D : -44.570271
[setup reg-reg] _25059_/Q -> _25424_/D : -44.565399
[setup reg-reg] _25059_/Q -> _25453_/D : -44.561996
[setup reg-reg] _25059_/Q -> _25452_/D : -44.561283
[setup reg-reg] _25059_/Q -> _25450_/D : -44.549217
[setup reg-reg] _25204_/Q -> _25134_/D : -44.529453
[setup reg-reg] _25204_/Q -> _25154_/D : -44.475277
[setup reg-reg] _25059_/Q -> _25440_/D : -44.442291
[setup reg-reg] _25059_/Q -> _25445_/D : -44.430935
[setup reg-reg] _25059_/Q -> _25451_/D : -44.428982
[setup reg-reg] _25059_/Q -> _25444_/D : -44.421211
[setup reg-reg] _25204_/Q -> _25188_/D : -44.417789
[setup reg-reg] _25059_/Q -> _25436_/D : -44.416145
[setup reg-reg] _25059_/Q -> _25449_/D : -44.414612
[setup reg-reg] _25059_/Q -> _25443_/D : -44.408302
[setup reg-reg] _25204_/Q -> _25674_/D : -44.383373
[setup reg-reg] _25204_/Q -> _25677_/D : -44.294613
[setup reg-reg] _25204_/Q -> _25190_/D : -44.259499
[setup reg-reg] _25204_/Q -> _25230_/D : -44.018150
[setup reg-reg] _25204_/Q -> _25366_/D : -44.001225
[setup reg-reg] _25204_/Q -> _25360_/D : -43.648895
[setup reg-reg] _25204_/Q -> _25446_/D : -43.306805
[setup reg-reg] _25204_/Q -> _25414_/D : -43.304829
[setup reg-reg] _25204_/Q -> _25441_/D : -43.254818
[setup reg-reg] _25204_/Q -> _25442_/D : -43.254501
[setup reg-reg] _25204_/Q -> _25409_/D : -43.191818
[setup reg-reg] _25204_/Q -> _25675_/D : -39.597977
[setup reg-reg] _25494_/Q -> _24934_/D : -36.813648
[setup reg-reg] _25494_/Q -> _24950_/D : -36.662125
[setup reg-reg] _25494_/Q -> _24940_/D : -36.355232
[setup reg-reg] _25494_/Q -> _24937_/D : -36.272442
[setup reg-reg] _25494_/Q -> _24945_/D : -36.092793
[setup reg-reg] _25494_/Q -> _24947_/D : -36.013119
[setup reg-reg] _25494_/Q -> _24942_/D : -35.925529
[setup reg-reg] _25494_/Q -> _24938_/D : -35.778687
[setup reg-reg] _25494_/Q -> _24936_/D : -35.558167
[setup reg-reg] _25494_/Q -> _24948_/D : -35.334106
[setup reg-reg] _25494_/Q -> _24933_/D : -35.091476
[setup reg-reg] _25494_/Q -> _24946_/D : -34.893154
[setup reg-reg] _25494_/Q -> _24991_/D : -34.881104
[setup reg-reg] _25494_/Q -> _24953_/D : -34.813988
[setup reg-reg] _25494_/Q -> _24954_/D : -34.785698
[setup reg-reg] _25494_/Q -> _24975_/D : -34.566647
[setup reg-reg] _25494_/Q -> _24955_/D : -34.409832
[setup reg-reg] _25494_/Q -> _24978_/D : -34.232800
[setup reg-reg] _25494_/Q -> _24939_/D : -34.185268
[setup reg-reg] _25494_/Q -> _24983_/D : -34.014099
[setup reg-reg] _25494_/Q -> _24981_/D : -33.950855
[setup reg-reg] _25494_/Q -> _24979_/D : -33.880836
[setup reg-reg] _25494_/Q -> _24988_/D : -33.788609
[setup reg-reg] _25494_/Q -> _24986_/D : -33.727310
[setup reg-reg] _25494_/Q -> _24989_/D : -33.708633
[setup reg-reg] _25494_/Q -> _24977_/D : -33.643448
[setup reg-reg] _25494_/Q -> _24935_/D : -33.463673
[setup reg-reg] _25494_/Q -> _24974_/D : -33.368820
[setup reg-reg] _25494_/Q -> _24943_/D : -33.252884
[setup reg-reg] _25494_/Q -> _24994_/D : -33.142006
[setup reg-reg] _25494_/Q -> _24987_/D : -33.056149
[setup reg-reg] _25494_/Q -> _24995_/D : -32.788189
[setup reg-reg] _25494_/Q -> _24996_/D : -32.710159
[setup reg-reg] _25494_/Q -> _24980_/D : -32.374817
[setup reg-reg] _25494_/Q -> _24984_/D : -31.386141
[setup reg-reg] _25494_/Q -> _24976_/D : -31.347033
[setup reg-reg] _25494_/Q -> _25225_/D : -29.894640
[setup reg-reg] _25494_/Q -> _25200_/D : -28.131525
[setup reg-reg] _25494_/Q -> _25198_/D : -28.112961
[setup reg-reg] _25059_/Q -> _25485_/D : -27.837183
[setup reg-reg] _25059_/Q -> _25140_/D : -27.667074
[setup reg-reg] _25059_/Q -> _25457_/D : -27.330242
[setup reg-reg] _25059_/Q -> _25466_/D : -27.313213
[setup reg-reg] _25059_/Q -> _25465_/D : -27.281481
[setup reg-reg] _25059_/Q -> _25462_/D : -27.277695
[setup reg-reg] _25059_/Q -> _25455_/D : -27.266357
[setup reg-reg] _25059_/Q -> _25470_/D : -27.258656
[setup reg-reg] _25059_/Q -> _25469_/D : -27.256124
[setup reg-reg] _25059_/Q -> _25458_/D : -27.222954
[setup reg-reg] _25059_/Q -> _25461_/D : -27.214272
[setup reg-reg] _25059_/Q -> _25484_/D : -27.212502
[setup reg-reg] _25059_/Q -> _25456_/D : -27.211435
[setup reg-reg] _25059_/Q -> _25482_/D : -27.206926
[setup reg-reg] _25059_/Q -> _25468_/D : -27.086412
[setup reg-reg] _25059_/Q -> _25476_/D : -27.083551
[setup reg-reg] _25059_/Q -> _25473_/D : -27.082541
[setup reg-reg] _25059_/Q -> _25477_/D : -27.069099
[setup reg-reg] _25059_/Q -> _25483_/D : -27.064301
[setup reg-reg] _25059_/Q -> _25474_/D : -27.044830
[setup reg-reg] _25494_/Q -> _25207_/D : -26.747299
[setup reg-reg] _25494_/Q -> _24951_/D : -26.578470
[setup reg-reg] _25494_/Q -> _25199_/D : -26.230577
[setup reg-reg] _25494_/Q -> _24952_/D : -26.056686
[setup reg-reg] _25494_/Q -> _25201_/D : -25.836414
[setup reg-reg] _25494_/Q -> _24944_/D : -25.595654
[setup reg-reg] _25494_/Q -> _24949_/D : -25.266872
[setup reg-reg] _25494_/Q -> _24992_/D : -24.792915
[setup reg-reg] _25494_/Q -> _24956_/D : -24.398506
[setup reg-reg] _25494_/Q -> _25464_/D : -24.320181
[setup reg-reg] _25494_/Q -> _25486_/D : -24.247883
[setup reg-reg] _25494_/Q -> _25460_/D : -24.239243
[setup reg-reg] _25494_/Q -> _25459_/D : -24.232222
[setup reg-reg] _25494_/Q -> _25475_/D : -24.116365
[setup reg-reg] _25494_/Q -> _25481_/D : -24.092003
[setup reg-reg] _25494_/Q -> _25472_/D : -24.053816
[setup reg-reg] _25494_/Q -> _24993_/D : -23.989008
[setup reg-reg] _25494_/Q -> _24985_/D : -23.646885
[setup reg-reg] _25494_/Q -> _25480_/D : -23.597466
[setup reg-reg] _25494_/Q -> _25478_/D : -23.596354
[setup reg-reg] _25494_/Q -> _25471_/D : -23.589437
[setup reg-reg] _25059_/Q -> _25454_/D : -23.538019
[setup reg-reg] _25494_/Q -> _24990_/D : -23.208475
[setup reg-reg] _25494_/Q -> _24997_/D : -22.719494
[setup reg-reg] _25494_/Q -> _24959_/D : -22.504730
[setup reg-reg] _25494_/Q -> _25000_/D : -22.470095
[setup reg-reg] _25494_/Q -> _24960_/D : -22.460957
[setup reg-reg] _25494_/Q -> _25001_/D : -22.451056
[setup reg-reg] _25494_/Q -> _25137_/D : -22.358751
[setup reg-reg] _25494_/Q -> _24958_/D : -22.310854
[setup reg-reg] _25494_/Q -> _24999_/D : -22.276716
[setup reg-reg] _25494_/Q -> _25371_/D : -21.531340
[setup reg-reg] _25494_/Q -> _25004_/D : -21.530561
[setup reg-reg] _25494_/Q -> _24962_/D : -21.502533
[setup reg-reg] _25494_/Q -> _25003_/D : -21.496878
[setup reg-reg] _25494_/Q -> _24963_/D : -21.495493
[setup reg-reg] _25494_/Q -> _26922_/D : -21.459347
[setup reg-reg] _25494_/Q -> _25994_/D : -21.458672
[setup reg-reg] _25494_/Q -> _27498_/D : -21.458399
[setup reg-reg] _25494_/Q -> _26122_/D : -21.458004
[setup reg-reg] _25494_/Q -> _25383_/D : -21.437881
[setup reg-reg] _25494_/Q -> _27706_/D : -21.430069
[setup reg-reg] _25494_/Q -> _25962_/D : -21.429529
[setup reg-reg] _25494_/Q -> _25834_/D : -21.429398
[setup reg-reg] _25494_/Q -> _26858_/D : -21.429298
[setup reg-reg] _25494_/Q -> _26634_/D : -21.428793
[setup reg-reg] _25494_/Q -> _27018_/D : -21.428417
[setup reg-reg] _25494_/Q -> _26314_/D : -21.428347
[setup reg-reg] _25494_/Q -> _27178_/D : -21.427784
[setup reg-reg] _25494_/Q -> _26730_/D : -21.427597
[setup reg-reg] _25494_/Q -> _27210_/D : -21.420971
[setup reg-reg] _25494_/Q -> _27562_/D : -21.417574
[setup reg-reg] _25494_/Q -> _27114_/D : -21.411560
[setup reg-reg] _25494_/Q -> _27434_/D : -21.410849
[setup reg-reg] _25494_/Q -> _26538_/D : -21.410347
[setup reg-reg] _25494_/Q -> _26090_/D : -21.409563
[setup reg-reg] _25494_/Q -> _26506_/D : -21.408337
[setup reg-reg] _25494_/Q -> _27242_/D : -21.400017
[setup reg-reg] _25494_/Q -> _26154_/D : -21.399008
[setup reg-reg] _25494_/Q -> _26570_/D : -21.398436
[setup reg-reg] _25494_/Q -> _25706_/D : -21.397694
[setup reg-reg] _25494_/Q -> _25866_/D : -21.395792
[setup reg-reg] _25494_/Q -> _26282_/D : -21.393745
[setup reg-reg] _25494_/Q -> _24982_/D : -21.390560
[setup reg-reg] _25494_/Q -> _26762_/D : -21.388361
[setup reg-reg] _25494_/Q -> _26986_/D : -21.384285
[setup reg-reg] _25494_/Q -> _25738_/D : -21.384115
[setup reg-reg] _25494_/Q -> _26474_/D : -21.383444
[setup reg-reg] _25494_/Q -> _27306_/D : -21.383238
[setup reg-reg] _25494_/Q -> _26826_/D : -21.383135
[setup reg-reg] _25494_/Q -> _27658_/D : -21.383087
[setup reg-reg] _25494_/Q -> _26378_/D : -21.383017
[setup reg-reg] _25494_/Q -> _26666_/D : -21.382832
[setup reg-reg] _25494_/Q -> _26442_/D : -21.382669
[setup reg-reg] _25494_/Q -> _26026_/D : -21.382534
[setup reg-reg] _25494_/Q -> _27370_/D : -21.382050
[setup reg-reg] _25494_/Q -> _26218_/D : -21.380793
[setup reg-reg] _25494_/Q -> _26058_/D : -21.379211
[setup reg-reg] _25494_/Q -> _27402_/D : -21.373617
[setup reg-reg] _25494_/Q -> _27530_/D : -21.366184
[setup reg-reg] _25494_/Q -> _27274_/D : -21.366011
[setup reg-reg] _25494_/Q -> _27466_/D : -21.359863
[setup reg-reg] _25494_/Q -> _26698_/D : -21.358824
[setup reg-reg] _25494_/Q -> _25802_/D : -21.350748
[setup reg-reg] _25494_/Q -> _27050_/D : -21.350086
[setup reg-reg] _25494_/Q -> _25930_/D : -21.349205
[setup reg-reg] _25494_/Q -> _26250_/D : -21.349201
[setup reg-reg] _25494_/Q -> _26954_/D : -21.348953
[setup reg-reg] _25494_/Q -> _27594_/D : -21.348686
[setup reg-reg] _25494_/Q -> _26186_/D : -21.348475
[setup reg-reg] _25494_/Q -> _27338_/D : -21.347116
[setup reg-reg] _25494_/Q -> _27146_/D : -21.346325
[setup reg-reg] _25494_/Q -> _25770_/D : -21.337624
[setup reg-reg] _25494_/Q -> _26602_/D : -21.335436
[setup reg-reg] _25494_/Q -> _25898_/D : -21.332800
[setup reg-reg] _25494_/Q -> _26794_/D : -21.332693
[setup reg-reg] _25494_/Q -> _25668_/D : -21.329311
[setup reg-reg] _25494_/Q -> _26410_/D : -21.323708
[setup reg-reg] _25494_/Q -> _26346_/D : -21.313469
[setup reg-reg] _25494_/Q -> _26281_/D : -21.308218
[setup reg-reg] _25494_/Q -> _26249_/D : -21.304688
[setup reg-reg] _25494_/Q -> _26890_/D : -21.300114
[setup reg-reg] _25494_/Q -> _26665_/D : -21.299162
[setup reg-reg] _25494_/Q -> _26473_/D : -21.289471
[setup reg-reg] _25494_/Q -> _26569_/D : -21.287201
[setup reg-reg] _25494_/Q -> _27626_/D : -21.281815
[setup reg-reg] _25494_/Q -> _24941_/D : -21.278244
[setup reg-reg] _25494_/Q -> _25833_/D : -21.272400
[setup reg-reg] _25494_/Q -> _25929_/D : -21.270420
[setup reg-reg] _25494_/Q -> _26251_/D : -21.270037
[setup reg-reg] _25494_/Q -> _27082_/D : -21.269876
[setup reg-reg] _25494_/Q -> _27531_/D : -21.269707
[setup reg-reg] _25494_/Q -> _26089_/D : -21.269564
[setup reg-reg] _25494_/Q -> _27465_/D : -21.269501
[setup reg-reg] _25494_/Q -> _26121_/D : -21.269262
[setup reg-reg] _25494_/Q -> _25801_/D : -21.269192
[setup reg-reg] _25494_/Q -> _25669_/D : -21.269028
[setup reg-reg] _25494_/Q -> _27627_/D : -21.268908
[setup reg-reg] _25494_/Q -> _27563_/D : -21.268862
[setup reg-reg] _25494_/Q -> _26347_/D : -21.268269
[setup reg-reg] _25494_/Q -> _27147_/D : -21.268270
[setup reg-reg] _25494_/Q -> _26505_/D : -21.268232
[setup reg-reg] _25494_/Q -> _27529_/D : -21.267817
[setup reg-reg] _25494_/Q -> _27211_/D : -21.267355
[setup reg-reg] _25494_/Q -> _26441_/D : -21.267159
[setup reg-reg] _25494_/Q -> _26313_/D : -21.266861
[setup reg-reg] _25494_/Q -> _27241_/D : -21.266268
[setup reg-reg] _25494_/Q -> _27209_/D : -21.264711
[setup reg-reg] _25494_/Q -> _26921_/D : -21.264650
[setup reg-reg] _25494_/Q -> _26091_/D : -21.264233
[setup reg-reg] _25494_/Q -> _26667_/D : -21.264151
[setup reg-reg] _25494_/Q -> _25995_/D : -21.264114
[setup reg-reg] _25494_/Q -> _26955_/D : -21.263769
[setup reg-reg] _25494_/Q -> _26697_/D : -21.263691
[setup reg-reg] _25494_/Q -> _25931_/D : -21.263632
[setup reg-reg] _25494_/Q -> _26763_/D : -21.263645
[setup reg-reg] _25494_/Q -> _27305_/D : -21.263571
[setup reg-reg] _25494_/Q -> _26123_/D : -21.263439
[setup reg-reg] _25494_/Q -> _25899_/D : -21.263224
[setup reg-reg] _25494_/Q -> _27499_/D : -21.263014
[setup reg-reg] _25494_/Q -> _27275_/D : -21.262793
[setup reg-reg] _25494_/Q -> _26571_/D : -21.262739
[setup reg-reg] _25494_/Q -> _26987_/D : -21.262640
[setup reg-reg] _25494_/Q -> _27707_/D : -21.262577
[setup reg-reg] _25494_/Q -> _25963_/D : -21.262527
[setup reg-reg] _25494_/Q -> _25865_/D : -21.262480
[setup reg-reg] _25494_/Q -> _26603_/D : -21.262384
[setup reg-reg] _25494_/Q -> _27403_/D : -21.262178
[setup reg-reg] _25494_/Q -> _26827_/D : -21.262005
[setup reg-reg] _25494_/Q -> _26539_/D : -21.261618
[setup reg-reg] _25494_/Q -> _26155_/D : -21.261518
[setup reg-reg] _25494_/Q -> _26475_/D : -21.261515
[setup reg-reg] _25494_/Q -> _26443_/D : -21.261112
[setup reg-reg] _25494_/Q -> _27593_/D : -21.260384
[setup reg-reg] _25494_/Q -> _27435_/D : -21.258806
[setup reg-reg] _25494_/Q -> _25771_/D : -21.258427
[setup reg-reg] _25494_/Q -> _26537_/D : -21.255499
[setup reg-reg] _25494_/Q -> _26409_/D : -21.250259
[setup reg-reg] _25494_/Q -> _26633_/D : -21.243172
[setup reg-reg] _25494_/Q -> _26057_/D : -21.242010
[setup reg-reg] _25494_/Q -> _26377_/D : -21.241335
[setup reg-reg] _25494_/Q -> _26857_/D : -21.240429
[setup reg-reg] _25494_/Q -> _25993_/D : -21.235783
[setup reg-reg] _25494_/Q -> _26601_/D : -21.230026
[setup reg-reg] _25494_/Q -> _26025_/D : -21.229725
[setup reg-reg] _25494_/Q -> _27625_/D : -21.229033
[setup reg-reg] _25494_/Q -> _26345_/D : -21.228733
[setup reg-reg] _25494_/Q -> _27145_/D : -21.227819
[setup reg-reg] _25494_/Q -> _25961_/D : -21.226679
[setup reg-reg] _25494_/Q -> _26985_/D : -21.224548
[setup reg-reg] _25494_/Q -> _27497_/D : -21.224434
[setup reg-reg] _25494_/Q -> _25667_/D : -21.224247
[setup reg-reg] _25494_/Q -> _26953_/D : -21.222931
[setup reg-reg] _25494_/Q -> _27705_/D : -21.222494
[setup reg-reg] _25494_/Q -> _26217_/D : -21.222416
[setup reg-reg] _25494_/Q -> _26185_/D : -21.222324
[setup reg-reg] _25494_/Q -> _26761_/D : -21.220444
[setup reg-reg] _25494_/Q -> _26889_/D : -21.219875
[setup reg-reg] _25494_/Q -> _27433_/D : -21.218281
[setup reg-reg] _25494_/Q -> _27561_/D : -21.218235
[setup reg-reg] _25494_/Q -> _26793_/D : -21.218136
[setup reg-reg] _25494_/Q -> _25705_/D : -21.217987
[setup reg-reg] _25494_/Q -> _26153_/D : -21.217833
[setup reg-reg] _25494_/Q -> _27401_/D : -21.217165
[setup reg-reg] _25494_/Q -> _26825_/D : -21.216642
[setup reg-reg] _25494_/Q -> _25769_/D : -21.216177
[setup reg-reg] _25494_/Q -> _27177_/D : -21.209204
[setup reg-reg] _25494_/Q -> _26729_/D : -21.202858
[setup reg-reg] _25494_/Q -> _27049_/D : -21.197359
[setup reg-reg] _25494_/Q -> _27017_/D : -21.195593
[setup reg-reg] _25494_/Q -> _27113_/D : -21.194839
[setup reg-reg] _25494_/Q -> _27081_/D : -21.190033
[setup reg-reg] _25494_/Q -> _27273_/D : -21.189913
[setup reg-reg] _25494_/Q -> _27337_/D : -21.189543
[setup reg-reg] _25494_/Q -> _25897_/D : -21.188475
[setup reg-reg] _25494_/Q -> _27657_/D : -21.187466
[setup reg-reg] _25494_/Q -> _25737_/D : -21.186232
[setup reg-reg] _25494_/Q -> _26923_/D : -21.174793
[setup reg-reg] _25494_/Q -> _26283_/D : -21.174498
[setup reg-reg] _25494_/Q -> _27307_/D : -21.174139
[setup reg-reg] _25494_/Q -> _26411_/D : -21.174032
[setup reg-reg] _25494_/Q -> _26379_/D : -21.173164
[setup reg-reg] _25494_/Q -> _26731_/D : -21.172430
[setup reg-reg] _25494_/Q -> _27243_/D : -21.171997
[setup reg-reg] _25494_/Q -> _27083_/D : -21.171808
[setup reg-reg] _25494_/Q -> _27115_/D : -21.171698
[setup reg-reg] _25494_/Q -> _27179_/D : -21.171616
[setup reg-reg] _25494_/Q -> _25835_/D : -21.171450
[setup reg-reg] _25494_/Q -> _26059_/D : -21.171400
[setup reg-reg] _25494_/Q -> _27371_/D : -21.170891
[setup reg-reg] _25494_/Q -> _26507_/D : -21.170824
[setup reg-reg] _25494_/Q -> _26187_/D : -21.170429
[setup reg-reg] _25494_/Q -> _26859_/D : -21.170343
[setup reg-reg] _25494_/Q -> _26315_/D : -21.170202
[setup reg-reg] _25494_/Q -> _26699_/D : -21.170034
[setup reg-reg] _25494_/Q -> _25867_/D : -21.169901
[setup reg-reg] _25494_/Q -> _27467_/D : -21.169905
[setup reg-reg] _25494_/Q -> _27339_/D : -21.169598
[setup reg-reg] _25494_/Q -> _26219_/D : -21.169279
[setup reg-reg] _25494_/Q -> _25739_/D : -21.169065
[setup reg-reg] _25494_/Q -> _27019_/D : -21.168369
[setup reg-reg] _25494_/Q -> _27369_/D : -21.156418
[setup reg-reg] _25494_/Q -> _26241_/D : -20.943485
[setup reg-reg] _25494_/Q -> _26945_/D : -20.943016
[setup reg-reg] _25494_/Q -> _26433_/D : -20.942957
[setup reg-reg] _25494_/Q -> _26881_/D : -20.942772
[setup reg-reg] _25494_/Q -> _27265_/D : -20.942093
[setup reg-reg] _25494_/Q -> _27457_/D : -20.941223
[setup reg-reg] _25494_/Q -> _25697_/D : -20.941153
[setup reg-reg] _25494_/Q -> _26753_/D : -20.941101
[setup reg-reg] _25494_/Q -> _25953_/D : -20.940243
[setup reg-reg] _25494_/Q -> _26337_/D : -20.938757
[setup reg-reg] _25494_/Q -> _27201_/D : -20.938683
[setup reg-reg] _25494_/Q -> _26113_/D : -20.936480
[setup reg-reg] _25494_/Q -> _26977_/D : -20.935177
[setup reg-reg] _25494_/Q -> _27553_/D : -20.934227
[setup reg-reg] _25494_/Q -> _27659_/D : -20.921747
[setup reg-reg] _25494_/Q -> _26891_/D : -20.892170
[setup reg-reg] _25494_/Q -> _27595_/D : -20.891289
[setup reg-reg] _25494_/Q -> _26635_/D : -20.890657
[setup reg-reg] _25494_/Q -> _27051_/D : -20.890636
[setup reg-reg] _25494_/Q -> _26027_/D : -20.890301
[setup reg-reg] _25494_/Q -> _26795_/D : -20.889637
[setup reg-reg] _25494_/Q -> _25803_/D : -20.889526
[setup reg-reg] _25494_/Q -> _25707_/D : -20.889147
[setup reg-reg] _25494_/Q -> _26497_/D : -20.863892
[setup reg-reg] _25494_/Q -> _25659_/D : -20.862364
[setup reg-reg] _25494_/Q -> _26689_/D : -20.862232
[setup reg-reg] _25494_/Q -> _25985_/D : -20.861977
[setup reg-reg] _25494_/Q -> _26561_/D : -20.856756
[setup reg-reg] _25494_/Q -> _27105_/D : -20.856615
[setup reg-reg] _25494_/Q -> _26209_/D : -20.853752
[setup reg-reg] _25494_/Q -> _26017_/D : -20.852999
[setup reg-reg] _25494_/Q -> _25825_/D : -20.852592
[setup reg-reg] _25494_/Q -> _26049_/D : -20.852394
[setup reg-reg] _25494_/Q -> _26305_/D : -20.852242
[setup reg-reg] _25494_/Q -> _25921_/D : -20.851072
[setup reg-reg] _25494_/Q -> _26081_/D : -20.850468
[setup reg-reg] _25494_/Q -> _26593_/D : -20.850166
[setup reg-reg] _25494_/Q -> _27617_/D : -20.847328
[setup reg-reg] _25494_/Q -> _26913_/D : -20.846191
[setup reg-reg] _25494_/Q -> _26388_/D : -20.827976
[setup reg-reg] _25494_/Q -> _27444_/D : -20.827734
[setup reg-reg] _25494_/Q -> _25646_/D : -20.827696
[setup reg-reg] _25494_/Q -> _27540_/D : -20.827269
[setup reg-reg] _25494_/Q -> _26676_/D : -20.827045
[setup reg-reg] _25494_/Q -> _26484_/D : -20.826984
[setup reg-reg] _25494_/Q -> _25780_/D : -20.826954
[setup reg-reg] _25494_/Q -> _27604_/D : -20.826904
[setup reg-reg] _25494_/Q -> _26548_/D : -20.826679
[setup reg-reg] _25494_/Q -> _26868_/D : -20.826513
[setup reg-reg] _25494_/Q -> _27092_/D : -20.825979
[setup reg-reg] _25494_/Q -> _26004_/D : -20.825909
[setup reg-reg] _25494_/Q -> _26836_/D : -20.825905
[setup reg-reg] _25494_/Q -> _26324_/D : -20.825794
[setup reg-reg] _25494_/Q -> _26132_/D : -20.825397
[setup reg-reg] _25494_/Q -> _26100_/D : -20.824888
[setup reg-reg] _25494_/Q -> _27284_/D : -20.824707
[setup reg-reg] _25494_/Q -> _26292_/D : -20.824545
[setup reg-reg] _25494_/Q -> _25908_/D : -20.824430
[setup reg-reg] _25494_/Q -> _26260_/D : -20.824240
[setup reg-reg] _25494_/Q -> _27028_/D : -20.824224
[setup reg-reg] _25494_/Q -> _27124_/D : -20.823780
[setup reg-reg] _25494_/Q -> _25684_/D : -20.823673
[setup reg-reg] _25494_/Q -> _25876_/D : -20.823692
[setup reg-reg] _25494_/Q -> _26964_/D : -20.823244
[setup reg-reg] _25494_/Q -> _25748_/D : -20.823006
[setup reg-reg] _25494_/Q -> _27188_/D : -20.822750
[setup reg-reg] _25494_/Q -> _26740_/D : -20.822721
[setup reg-reg] _25494_/Q -> _27572_/D : -20.761217
[setup reg-reg] _25494_/Q -> _26708_/D : -20.761015
[setup reg-reg] _25494_/Q -> _26612_/D : -20.760866
[setup reg-reg] _25494_/Q -> _26036_/D : -20.760550
[setup reg-reg] _25494_/Q -> _27156_/D : -20.760298
[setup reg-reg] _25494_/Q -> _27380_/D : -20.760088
[setup reg-reg] _25494_/Q -> _27252_/D : -20.759466
[setup reg-reg] _25494_/Q -> _26164_/D : -20.744541
[setup reg-reg] _25494_/Q -> _26804_/D : -20.743603
[setup reg-reg] _25494_/Q -> _26452_/D : -20.742367
[setup reg-reg] _25494_/Q -> _25812_/D : -20.742146
[setup reg-reg] _25494_/Q -> _26772_/D : -20.741823
[setup reg-reg] _25494_/Q -> _27412_/D : -20.741350
[setup reg-reg] _25494_/Q -> _26228_/D : -20.741198
[setup reg-reg] _25494_/Q -> _25716_/D : -20.741173
[setup reg-reg] _25494_/Q -> _26580_/D : -20.740107
[setup reg-reg] _25494_/Q -> _26196_/D : -20.739891
[setup reg-reg] _25494_/Q -> _26420_/D : -20.739489
[setup reg-reg] _25494_/Q -> _25972_/D : -20.739094
[setup reg-reg] _25494_/Q -> _26996_/D : -20.738079
[setup reg-reg] _25494_/Q -> _27684_/D : -20.736761
[setup reg-reg] _25494_/Q -> _26932_/D : -20.736170
[setup reg-reg] _25494_/Q -> _27316_/D : -20.736025
[setup reg-reg] _25494_/Q -> _26900_/D : -20.735342
[setup reg-reg] _25494_/Q -> _25844_/D : -20.733534
[setup reg-reg] _25494_/Q -> _27348_/D : -20.733311
[setup reg-reg] _25494_/Q -> _26516_/D : -20.733091
[setup reg-reg] _25494_/Q -> _26644_/D : -20.733109
[setup reg-reg] _25494_/Q -> _27476_/D : -20.731720
[setup reg-reg] _25494_/Q -> _25940_/D : -20.730738
[setup reg-reg] _25494_/Q -> _26068_/D : -20.730427
[setup reg-reg] _25494_/Q -> _27636_/D : -20.729702
[setup reg-reg] _25494_/Q -> _27065_/D : -20.713924
[setup reg-reg] _25494_/Q -> _27508_/D : -20.713621
[setup reg-reg] _25494_/Q -> _27481_/D : -20.711287
[setup reg-reg] _25494_/Q -> _26137_/D : -20.710985
[setup reg-reg] _25494_/Q -> _25817_/D : -20.710722
[setup reg-reg] _25494_/Q -> _27225_/D : -20.709011
[setup reg-reg] _25494_/Q -> _27220_/D : -20.704889
[setup reg-reg] _25494_/Q -> _27060_/D : -20.703365
[setup reg-reg] _25494_/Q -> _26356_/D : -20.703321
[setup reg-reg] _25494_/Q -> _27329_/D : -20.694313
[setup reg-reg] _25494_/Q -> _25857_/D : -20.693598
[setup reg-reg] _25494_/Q -> _26817_/D : -20.693544
[setup reg-reg] _25494_/Q -> _27393_/D : -20.692959
[setup reg-reg] _25494_/Q -> _26657_/D : -20.692554
[setup reg-reg] _25494_/Q -> _25793_/D : -20.691612
[setup reg-reg] _25494_/Q -> _26529_/D : -20.691591
[setup reg-reg] _25494_/Q -> _26625_/D : -20.691118
[setup reg-reg] _25494_/Q -> _25761_/D : -20.690805
[setup reg-reg] _25494_/Q -> _27009_/D : -20.690256
[setup reg-reg] _25494_/Q -> _27137_/D : -20.690248
[setup reg-reg] _25494_/Q -> _26145_/D : -20.689463
[setup reg-reg] _25494_/Q -> _27425_/D : -20.689013
[setup reg-reg] _25494_/Q -> _26177_/D : -20.687708
[setup reg-reg] _25494_/Q -> _25849_/D : -20.683804
[setup reg-reg] _25494_/Q -> _26681_/D : -20.682499
[setup reg-reg] _25494_/Q -> _26905_/D : -20.681906
[setup reg-reg] _25494_/Q -> _26201_/D : -20.681658
[setup reg-reg] _25494_/Q -> _27513_/D : -20.681517
[setup reg-reg] _25494_/Q -> _27041_/D : -20.681122
[setup reg-reg] _25494_/Q -> _25977_/D : -20.679277
[setup reg-reg] _25494_/Q -> _27233_/D : -20.676008
[setup reg-reg] _25494_/Q -> _27073_/D : -20.666115
[setup reg-reg] _25494_/Q -> _25729_/D : -20.656189
[setup reg-reg] _25494_/Q -> _26849_/D : -20.651016
[setup reg-reg] _25494_/Q -> _27169_/D : -20.649971
[setup reg-reg] _25494_/Q -> _27521_/D : -20.648291
[setup reg-reg] _25494_/Q -> _27585_/D : -20.647953
[setup reg-reg] _25494_/Q -> _27649_/D : -20.645123
[setup reg-reg] _25494_/Q -> _27697_/D : -20.644041
[setup reg-reg] _25494_/Q -> _27361_/D : -20.643160
[setup reg-reg] _25494_/Q -> _26785_/D : -20.643106
[setup reg-reg] _25494_/Q -> _27489_/D : -20.642294
[setup reg-reg] _25494_/Q -> _26401_/D : -20.641573
[setup reg-reg] _25494_/Q -> _25889_/D : -20.641190
[setup reg-reg] _25494_/Q -> _27297_/D : -20.640911
[setup reg-reg] _25494_/Q -> _26721_/D : -20.640415
[setup reg-reg] _25494_/Q -> _26465_/D : -20.638649
[setup reg-reg] _25494_/Q -> _26273_/D : -20.632883
[setup reg-reg] _25494_/Q -> _26369_/D : -20.630329
[setup reg-reg] _25494_/Q -> _27097_/D : -20.613314
[setup reg-reg] _25494_/Q -> _26969_/D : -20.609612
[setup reg-reg] _25494_/Q -> _26553_/D : -20.608391
[setup reg-reg] _25494_/Q -> _27641_/D : -20.607485
[setup reg-reg] _25494_/Q -> _27417_/D : -20.605701
[setup reg-reg] _25494_/Q -> _26425_/D : -20.604986
[setup reg-reg] _25494_/Q -> _25785_/D : -20.604923
[setup reg-reg] _25494_/Q -> _26265_/D : -20.604908
[setup reg-reg] _25494_/Q -> _26617_/D : -20.604471
[setup reg-reg] _25494_/Q -> _27609_/D : -20.604443
[setup reg-reg] _25494_/Q -> _27193_/D : -20.604120
[setup reg-reg] _25494_/Q -> _26041_/D : -20.602940
[setup reg-reg] _25494_/Q -> _27033_/D : -20.602634
[setup reg-reg] _25494_/Q -> _26937_/D : -20.601044
[setup reg-reg] _25494_/Q -> _26777_/D : -20.600929
[setup reg-reg] _25494_/Q -> _27353_/D : -20.599566
[setup reg-reg] _25494_/Q -> _25721_/D : -20.598976
[setup reg-reg] _25494_/Q -> _26073_/D : -20.598829
[setup reg-reg] _25494_/Q -> _27289_/D : -20.598656
[setup reg-reg] _25494_/Q -> _26649_/D : -20.598635
[setup reg-reg] _25494_/Q -> _26873_/D : -20.598528
[setup reg-reg] _25494_/Q -> _25689_/D : -20.598339
[setup reg-reg] _25494_/Q -> _25913_/D : -20.598236
[setup reg-reg] _25494_/Q -> _26521_/D : -20.598251
[setup reg-reg] _25494_/Q -> _26745_/D : -20.597736
[setup reg-reg] _25494_/Q -> _26297_/D : -20.597569
[setup reg-reg] _25494_/Q -> _26105_/D : -20.592066
[setup reg-reg] _25494_/Q -> _26457_/D : -20.586576
[setup reg-reg] _25494_/Q -> _26361_/D : -20.580324
[setup reg-reg] _25494_/Q -> _27577_/D : -20.575140
[setup reg-reg] _25494_/Q -> _27449_/D : -20.574863
[setup reg-reg] _25494_/Q -> _27161_/D : -20.574284
[setup reg-reg] _25494_/Q -> _27257_/D : -20.572010
[setup reg-reg] _25494_/Q -> _26233_/D : -20.568991
[setup reg-reg] _25494_/Q -> _26393_/D : -20.568035
[setup reg-reg] _25494_/Q -> _25651_/D : -20.567339
[setup reg-reg] _25494_/Q -> _25945_/D : -20.567200
[setup reg-reg] _25494_/Q -> _26585_/D : -20.566170
[setup reg-reg] _25494_/Q -> _27689_/D : -20.559069
[setup reg-reg] _25494_/Q -> _26329_/D : -20.558691
[setup reg-reg] _25494_/Q -> _27129_/D : -20.558279
[setup reg-reg] _25494_/Q -> _25753_/D : -20.554457
[setup reg-reg] _25494_/Q -> _26489_/D : -20.548662
[setup reg-reg] _25494_/Q -> _27545_/D : -20.539165
[setup reg-reg] _25494_/Q -> _26713_/D : -20.534088
[setup reg-reg] _25494_/Q -> _27385_/D : -20.533115
[setup reg-reg] _25494_/Q -> _27321_/D : -20.532824
[setup reg-reg] _25494_/Q -> _26169_/D : -20.532276
[setup reg-reg] _25494_/Q -> _26809_/D : -20.531370
[setup reg-reg] _25494_/Q -> _26009_/D : -20.519730
[setup reg-reg] _25494_/Q -> _27001_/D : -20.517733
[setup reg-reg] _25494_/Q -> _26841_/D : -20.511774
[setup reg-reg] _25494_/Q -> _25881_/D : -20.511337
[setup reg-reg] _25494_/Q -> _27447_/D : -20.488613
[setup reg-reg] _25494_/Q -> _27255_/D : -20.488497
[setup reg-reg] _25494_/Q -> _26199_/D : -20.487764
[setup reg-reg] _25494_/Q -> _27575_/D : -20.487186
[setup reg-reg] _25494_/Q -> _25687_/D : -20.486912
[setup reg-reg] _25494_/Q -> _26551_/D : -20.486458
[setup reg-reg] _25494_/Q -> _27383_/D : -20.479164
[setup reg-reg] _25494_/Q -> _26519_/D : -20.477839
[setup reg-reg] _25494_/Q -> _26638_/D : -20.477810
[setup reg-reg] _25494_/Q -> _25719_/D : -20.477608
[setup reg-reg] _25494_/Q -> _27406_/D : -20.477409
[setup reg-reg] _25494_/Q -> _26647_/D : -20.476763
[setup reg-reg] _25494_/Q -> _26775_/D : -20.476343
[setup reg-reg] _25494_/Q -> _26743_/D : -20.476233
[setup reg-reg] _25494_/Q -> _26679_/D : -20.475767
[setup reg-reg] _25494_/Q -> _26263_/D : -20.475000
[setup reg-reg] _25494_/Q -> _26295_/D : -20.475010
[setup reg-reg] _25494_/Q -> _27511_/D : -20.475010
[setup reg-reg] _25494_/Q -> _26990_/D : -20.474421
[setup reg-reg] _25494_/Q -> _27351_/D : -20.473814
[setup reg-reg] _25494_/Q -> _25966_/D : -20.473732
[setup reg-reg] _25494_/Q -> _27710_/D : -20.473415
[setup reg-reg] _25494_/Q -> _27534_/D : -20.473106
[setup reg-reg] _25494_/Q -> _26766_/D : -20.472858
[setup reg-reg] _25494_/Q -> _27278_/D : -20.472446
[setup reg-reg] _25494_/Q -> _26350_/D : -20.469551
[setup reg-reg] _25494_/Q -> _27566_/D : -20.469494
[setup reg-reg] _25494_/Q -> _26894_/D : -20.467896
[setup reg-reg] _25494_/Q -> _26254_/D : -20.466805
[setup reg-reg] _25494_/Q -> _26670_/D : -20.465748
[setup reg-reg] _25494_/Q -> _26126_/D : -20.462931
[setup reg-reg] _25494_/Q -> _26446_/D : -20.462402
[setup reg-reg] _25494_/Q -> _27246_/D : -20.461014
[setup reg-reg] _25494_/Q -> _26487_/D : -20.429485
[setup reg-reg] _25494_/Q -> _25911_/D : -20.429352
[setup reg-reg] _25494_/Q -> _26711_/D : -20.428896
[setup reg-reg] _25494_/Q -> _25975_/D : -20.428627
[setup reg-reg] _25494_/Q -> _26135_/D : -20.428587
[setup reg-reg] _25494_/Q -> _26871_/D : -20.428566
[setup reg-reg] _25494_/Q -> _27159_/D : -20.428179
[setup reg-reg] _25494_/Q -> _26583_/D : -20.427544
[setup reg-reg] _25494_/Q -> _27415_/D : -20.427519
[setup reg-reg] _25494_/Q -> _25847_/D : -20.426420
[setup reg-reg] _25494_/Q -> _26039_/D : -20.425085
[setup reg-reg] _25494_/Q -> _26423_/D : -20.423405
[setup reg-reg] _25494_/Q -> _26231_/D : -20.423273
[setup reg-reg] _25494_/Q -> _25649_/D : -20.422632
[setup reg-reg] _25494_/Q -> _26071_/D : -20.421961
[setup reg-reg] _25494_/Q -> _26615_/D : -20.421837
[setup reg-reg] _25494_/Q -> _26839_/D : -20.406895
[setup reg-reg] _25494_/Q -> _25751_/D : -20.405638
[setup reg-reg] _25494_/Q -> _26999_/D : -20.405174
[setup reg-reg] _25494_/Q -> _26455_/D : -20.399761
[setup reg-reg] _25494_/Q -> _27063_/D : -20.399609
[setup reg-reg] _25494_/Q -> _26967_/D : -20.399090
[setup reg-reg] _25494_/Q -> _26167_/D : -20.399008
[setup reg-reg] _25494_/Q -> _26391_/D : -20.398403
[setup reg-reg] _25494_/Q -> _27543_/D : -20.396694
[setup reg-reg] _25494_/Q -> _27479_/D : -20.396027
[setup reg-reg] _25494_/Q -> _26103_/D : -20.395988
[setup reg-reg] _25494_/Q -> _27127_/D : -20.394930
[setup reg-reg] _25494_/Q -> _26359_/D : -20.394396
[setup reg-reg] _25494_/Q -> _26007_/D : -20.392122
[setup reg-reg] _25494_/Q -> _27214_/D : -20.391245
[setup reg-reg] _25494_/Q -> _26478_/D : -20.390512
[setup reg-reg] _25494_/Q -> _26574_/D : -20.390009
[setup reg-reg] _25494_/Q -> _27031_/D : -20.388803
[setup reg-reg] _25494_/Q -> _25783_/D : -20.388683
[setup reg-reg] _25494_/Q -> _25879_/D : -20.388428
[setup reg-reg] _25494_/Q -> _27191_/D : -20.387283
[setup reg-reg] _25494_/Q -> _27287_/D : -20.386786
[setup reg-reg] _25494_/Q -> _25672_/D : -20.385941
[setup reg-reg] _25494_/Q -> _26094_/D : -20.385830
[setup reg-reg] _25494_/Q -> _26414_/D : -20.385141
[setup reg-reg] _25494_/Q -> _26903_/D : -20.384981
[setup reg-reg] _25494_/Q -> _25998_/D : -20.384871
[setup reg-reg] _25494_/Q -> _26606_/D : -20.382984
[setup reg-reg] _25494_/Q -> _27470_/D : -20.382399
[setup reg-reg] _25494_/Q -> _25934_/D : -20.381134
[setup reg-reg] _25494_/Q -> _27150_/D : -20.380083
[setup reg-reg] _25494_/Q -> _26510_/D : -20.378918
[setup reg-reg] _25494_/Q -> _27639_/D : -20.376284
[setup reg-reg] _25494_/Q -> _26798_/D : -20.375603
[setup reg-reg] _25494_/Q -> _27118_/D : -20.375097
[setup reg-reg] _25494_/Q -> _26702_/D : -20.363577
[setup reg-reg] _25494_/Q -> _27607_/D : -20.361263
[setup reg-reg] _25494_/Q -> _27095_/D : -20.353977
[setup reg-reg] _25494_/Q -> _26807_/D : -20.339893
[setup reg-reg] _25494_/Q -> _27319_/D : -20.337986
[setup reg-reg] _25494_/Q -> _27630_/D : -20.335684
[setup reg-reg] _25494_/Q -> _26327_/D : -20.334177
[setup reg-reg] _25494_/Q -> _26926_/D : -20.332912
[setup reg-reg] _25494_/Q -> _27502_/D : -20.332767
[setup reg-reg] _25494_/Q -> _26030_/D : -20.332443
[setup reg-reg] _25494_/Q -> _27022_/D : -20.331932
[setup reg-reg] _25494_/Q -> _27086_/D : -20.330629
[setup reg-reg] _25494_/Q -> _26958_/D : -20.330475
[setup reg-reg] _25494_/Q -> _27054_/D : -20.330046
[setup reg-reg] _25494_/Q -> _26734_/D : -20.329853
[setup reg-reg] _25494_/Q -> _25774_/D : -20.329336
[setup reg-reg] _25494_/Q -> _27182_/D : -20.329231
[setup reg-reg] _25494_/Q -> _27662_/D : -20.328539
[setup reg-reg] _25494_/Q -> _25742_/D : -20.327938
[setup reg-reg] _25494_/Q -> _26158_/D : -20.326799
[setup reg-reg] _25494_/Q -> _26542_/D : -20.326784
[setup reg-reg] _25494_/Q -> _26286_/D : -20.325989
[setup reg-reg] _25494_/Q -> _26318_/D : -20.325066
[setup reg-reg] _25494_/Q -> _25902_/D : -20.324474
[setup reg-reg] _25494_/Q -> _27374_/D : -20.323494
[setup reg-reg] _25494_/Q -> _25943_/D : -20.322880
[setup reg-reg] _25494_/Q -> _26190_/D : -20.322382
[setup reg-reg] _25494_/Q -> _27687_/D : -20.322027
[setup reg-reg] _25494_/Q -> _26935_/D : -20.321405
[setup reg-reg] _25494_/Q -> _25815_/D : -20.320593
[setup reg-reg] _25494_/Q -> _27223_/D : -20.319221
[setup reg-reg] _25494_/Q -> _26222_/D : -20.318214
[setup reg-reg] _25494_/Q -> _25870_/D : -20.317419
[setup reg-reg] _25494_/Q -> _27598_/D : -20.315807
[setup reg-reg] _25494_/Q -> _26862_/D : -20.307919
[setup reg-reg] _25494_/Q -> _27310_/D : -20.307732
[setup reg-reg] _25494_/Q -> _27342_/D : -20.307646
[setup reg-reg] _25494_/Q -> _25838_/D : -20.293055
[setup reg-reg] _25494_/Q -> _25710_/D : -20.291386
[setup reg-reg] _25494_/Q -> _26382_/D : -20.287989
[setup reg-reg] _25494_/Q -> _27438_/D : -20.277437
[setup reg-reg] _25494_/Q -> _26830_/D : -20.276777
[setup reg-reg] _25494_/Q -> _26062_/D : -20.276247
[setup reg-reg] _25494_/Q -> _25806_/D : -20.262821
[setup reg-reg] _25494_/Q -> _27661_/D : -20.181309
[setup reg-reg] _25494_/Q -> _27512_/D : -20.100845
[setup reg-reg] _25494_/Q -> _26936_/D : -20.100483
[setup reg-reg] _25494_/Q -> _26648_/D : -20.100462
[setup reg-reg] _25494_/Q -> _27608_/D : -20.100433
[setup reg-reg] _25494_/Q -> _27128_/D : -20.100327
[setup reg-reg] _25494_/Q -> _27256_/D : -20.100178
[setup reg-reg] _25494_/Q -> _26232_/D : -20.099915
[setup reg-reg] _25494_/Q -> _26424_/D : -20.099655
[setup reg-reg] _25494_/Q -> _26584_/D : -20.097439
[setup reg-reg] _25494_/Q -> _26104_/D : -20.096540
[setup reg-reg] _25494_/Q -> _26392_/D : -20.096476
[setup reg-reg] _25494_/Q -> _26968_/D : -20.096188
[setup reg-reg] _25494_/Q -> _26872_/D : -20.096134
[setup reg-reg] _25494_/Q -> _25912_/D : -20.096046
[setup reg-reg] _25494_/Q -> _26520_/D : -20.095535
[setup reg-reg] _25494_/Q -> _26680_/D : -20.095541
[setup reg-reg] _25494_/Q -> _26296_/D : -20.095264
[setup reg-reg] _25494_/Q -> _26200_/D : -20.095211
[setup reg-reg] _25494_/Q -> _25880_/D : -20.095055
[setup reg-reg] _25494_/Q -> _27688_/D : -20.094973
[setup reg-reg] _25494_/Q -> _26776_/D : -20.094774
[setup reg-reg] _25494_/Q -> _26360_/D : -20.094564
[setup reg-reg] _25494_/Q -> _26808_/D : -20.094580
[setup reg-reg] _25494_/Q -> _26008_/D : -20.094416
[setup reg-reg] _25494_/Q -> _26488_/D : -20.094349
[setup reg-reg] _25494_/Q -> _27064_/D : -20.094231
[setup reg-reg] _25494_/Q -> _26264_/D : -20.094090
[setup reg-reg] _25494_/Q -> _26328_/D : -20.093773
[setup reg-reg] _25494_/Q -> _26616_/D : -20.093311
[setup reg-reg] _25494_/Q -> _27224_/D : -20.093237
[setup reg-reg] _25494_/Q -> _27480_/D : -20.093225
[setup reg-reg] _25494_/Q -> _25848_/D : -20.092905
[setup reg-reg] _25494_/Q -> _25784_/D : -20.092695
[setup reg-reg] _25494_/Q -> _26552_/D : -20.092228
[setup reg-reg] _25494_/Q -> _27032_/D : -20.092093
[setup reg-reg] _25494_/Q -> _27384_/D : -20.091711
[setup reg-reg] _25494_/Q -> _27320_/D : -20.091627
[setup reg-reg] _25494_/Q -> _26675_/D : -20.077719
[setup reg-reg] _25494_/Q -> _27571_/D : -20.077654
[setup reg-reg] _25494_/Q -> _25843_/D : -20.077518
[setup reg-reg] _25494_/Q -> _26387_/D : -20.074730
[setup reg-reg] _25494_/Q -> _27251_/D : -20.074072
[setup reg-reg] _25494_/Q -> _25971_/D : -20.073927
[setup reg-reg] _25494_/Q -> _26227_/D : -20.073841
[setup reg-reg] _25494_/Q -> _25715_/D : -20.073601
[setup reg-reg] _25494_/Q -> _26195_/D : -20.073557
[setup reg-reg] _25494_/Q -> _27379_/D : -20.073404
[setup reg-reg] _25494_/Q -> _27347_/D : -20.073189
[setup reg-reg] _25494_/Q -> _26515_/D : -20.071974
[setup reg-reg] _25494_/Q -> _27219_/D : -20.071934
[setup reg-reg] _25494_/Q -> _26899_/D : -20.070446
[setup reg-reg] _25494_/Q -> _27475_/D : -20.070122
[setup reg-reg] _25494_/Q -> _26099_/D : -20.069166
[setup reg-reg] _25494_/Q -> _26547_/D : -20.069021
[setup reg-reg] _25494_/Q -> _26803_/D : -20.015076
[setup reg-reg] _25494_/Q -> _27027_/D : -20.013552
[setup reg-reg] _25494_/Q -> _26483_/D : -20.013342
[setup reg-reg] _25494_/Q -> _27059_/D : -20.013275
[setup reg-reg] _25494_/Q -> _27155_/D : -20.012386
[setup reg-reg] _25494_/Q -> _26131_/D : -20.010796
[setup reg-reg] _25494_/Q -> _26840_/D : -20.009985
[setup reg-reg] _25494_/Q -> _25944_/D : -20.009129
[setup reg-reg] _25494_/Q -> _27160_/D : -20.008968
[setup reg-reg] _25494_/Q -> _27576_/D : -20.008688
[setup reg-reg] _25494_/Q -> _27448_/D : -20.008530
[setup reg-reg] _25494_/Q -> _27416_/D : -20.008429
[setup reg-reg] _25494_/Q -> _25688_/D : -20.008322
[setup reg-reg] _25494_/Q -> _27192_/D : -20.008209
[setup reg-reg] _25494_/Q -> _25816_/D : -20.008188
[setup reg-reg] _25494_/Q -> _27213_/D : -20.008144
[setup reg-reg] _25494_/Q -> _26904_/D : -20.008106
[setup reg-reg] _25494_/Q -> _25976_/D : -20.008032
[setup reg-reg] _25494_/Q -> _25720_/D : -20.007513
[setup reg-reg] _25494_/Q -> _26072_/D : -20.007526
[setup reg-reg] _25494_/Q -> _25752_/D : -20.007339
[setup reg-reg] _25494_/Q -> _27544_/D : -20.007183
[setup reg-reg] _25494_/Q -> _27597_/D : -20.007172
[setup reg-reg] _25494_/Q -> _27085_/D : -20.006994
[setup reg-reg] _25494_/Q -> _27096_/D : -20.006994
[setup reg-reg] _25494_/Q -> _26744_/D : -20.006901
[setup reg-reg] _25494_/Q -> _27000_/D : -20.006870
[setup reg-reg] _25494_/Q -> _27501_/D : -20.006752
[setup reg-reg] _25494_/Q -> _27288_/D : -20.006689
[setup reg-reg] _25494_/Q -> _27352_/D : -20.006666
[setup reg-reg] _25494_/Q -> _26456_/D : -20.006590
[setup reg-reg] _25494_/Q -> _26712_/D : -20.006451
[setup reg-reg] _25494_/Q -> _27277_/D : -20.006418
[setup reg-reg] _25494_/Q -> _26168_/D : -20.006252
[setup reg-reg] _25494_/Q -> _26349_/D : -20.006170
[setup reg-reg] _25494_/Q -> _26061_/D : -20.006081
[setup reg-reg] _25494_/Q -> _26136_/D : -20.005587
[setup reg-reg] _25494_/Q -> _25650_/D : -20.005445
[setup reg-reg] _25494_/Q -> _26040_/D : -20.004770
[setup reg-reg] _25494_/Q -> _26579_/D : -20.002810
[setup reg-reg] _25494_/Q -> _27091_/D : -20.000410
[setup reg-reg] _25494_/Q -> _26611_/D : -20.000237
[setup reg-reg] _25494_/Q -> _25939_/D : -19.999191
[setup reg-reg] _25494_/Q -> _26451_/D : -19.999210
[setup reg-reg] _25494_/Q -> _27187_/D : -19.998596
[setup reg-reg] _25494_/Q -> _27283_/D : -19.997238
[setup reg-reg] _25494_/Q -> _26355_/D : -19.994095
[setup reg-reg] _25494_/Q -> _26995_/D : -19.993910
[setup reg-reg] _25494_/Q -> _27123_/D : -19.992622
[setup reg-reg] _25494_/Q -> _26771_/D : -19.991756
[setup reg-reg] _25494_/Q -> _26291_/D : -19.990759
[setup reg-reg] _25494_/Q -> _26963_/D : -19.990715
[setup reg-reg] _25494_/Q -> _26419_/D : -19.990562
[setup reg-reg] _25494_/Q -> _27443_/D : -19.990295
[setup reg-reg] _25494_/Q -> _25907_/D : -19.989767
[setup reg-reg] _25494_/Q -> _27683_/D : -19.986641
[setup reg-reg] _25494_/Q -> _27633_/D : -19.984999
[setup reg-reg] _25494_/Q -> _27315_/D : -19.975325
[setup reg-reg] _25494_/Q -> _26067_/D : -19.974937
[setup reg-reg] _25494_/Q -> _26739_/D : -19.950850
[setup reg-reg] _25494_/Q -> _25645_/D : -19.950487
[setup reg-reg] _25494_/Q -> _26163_/D : -19.950424
[setup reg-reg] _25494_/Q -> _26835_/D : -19.950186
[setup reg-reg] _25494_/Q -> _26259_/D : -19.949881
[setup reg-reg] _25494_/Q -> _25681_/D : -19.949760
[setup reg-reg] _25494_/Q -> _25779_/D : -19.949699
[setup reg-reg] _25494_/Q -> _25683_/D : -19.949387
[setup reg-reg] _25494_/Q -> _26225_/D : -19.946348
[setup reg-reg] _25494_/Q -> _27153_/D : -19.946348
[setup reg-reg] _25494_/Q -> _25969_/D : -19.945951
[setup reg-reg] _25494_/Q -> _27121_/D : -19.945934
[setup reg-reg] _25494_/Q -> _27505_/D : -19.945383
[setup reg-reg] _25494_/Q -> _27345_/D : -19.945290
[setup reg-reg] _25494_/Q -> _25841_/D : -19.944992
[setup reg-reg] _25494_/Q -> _27281_/D : -19.944643
[setup reg-reg] _25494_/Q -> _26801_/D : -19.942501
[setup reg-reg] _25494_/Q -> _25809_/D : -19.942314
[setup reg-reg] _25494_/Q -> _26129_/D : -19.941908
[setup reg-reg] _25494_/Q -> _27603_/D : -19.941727
[setup reg-reg] _25494_/Q -> _26769_/D : -19.941257
[setup reg-reg] _25494_/Q -> _27025_/D : -19.940067
[setup reg-reg] _25494_/Q -> _26065_/D : -19.939762
[setup reg-reg] _25494_/Q -> _26353_/D : -19.939404
[setup reg-reg] _25494_/Q -> _27569_/D : -19.939342
[setup reg-reg] _25494_/Q -> _26673_/D : -19.938974
[setup reg-reg] _25494_/Q -> _26289_/D : -19.938856
[setup reg-reg] _25494_/Q -> _25745_/D : -19.938061
[setup reg-reg] _25494_/Q -> _25873_/D : -19.937883
[setup reg-reg] _25494_/Q -> _26929_/D : -19.937887
[setup reg-reg] _25494_/Q -> _26003_/D : -19.936054
[setup reg-reg] _25494_/Q -> _26643_/D : -19.934483
[setup reg-reg] _25494_/Q -> _27539_/D : -19.933786
[setup reg-reg] _25494_/Q -> _26867_/D : -19.931780
[setup reg-reg] _25494_/Q -> _26035_/D : -19.930803
[setup reg-reg] _25494_/Q -> _27411_/D : -19.930235
[setup reg-reg] _25494_/Q -> _25709_/D : -19.928770
[setup reg-reg] _25494_/Q -> _26323_/D : -19.928596
[setup reg-reg] _25494_/Q -> _26253_/D : -19.928408
[setup reg-reg] _25494_/Q -> _27469_/D : -19.927963
[setup reg-reg] _25494_/Q -> _27341_/D : -19.927704
[setup reg-reg] _25494_/Q -> _26605_/D : -19.927477
[setup reg-reg] _25494_/Q -> _27565_/D : -19.927366
[setup reg-reg] _25494_/Q -> _26861_/D : -19.927250
[setup reg-reg] _25494_/Q -> _27117_/D : -19.926361
[setup reg-reg] _25494_/Q -> _27405_/D : -19.926159
[setup reg-reg] _25494_/Q -> _26931_/D : -19.926102
[setup reg-reg] _25494_/Q -> _26093_/D : -19.925879
[setup reg-reg] _25494_/Q -> _26733_/D : -19.925421
[setup reg-reg] _25494_/Q -> _26829_/D : -19.925137
[setup reg-reg] _25494_/Q -> _25671_/D : -19.924994
[setup reg-reg] _25494_/Q -> _26445_/D : -19.924767
[setup reg-reg] _25494_/Q -> _26989_/D : -19.924721
[setup reg-reg] _25494_/Q -> _27437_/D : -19.924652
[setup reg-reg] _25494_/Q -> _25805_/D : -19.924503
[setup reg-reg] _25494_/Q -> _25875_/D : -19.924421
[setup reg-reg] _25494_/Q -> _25741_/D : -19.924389
[setup reg-reg] _25494_/Q -> _26797_/D : -19.924269
[setup reg-reg] _25494_/Q -> _25869_/D : -19.923548
[setup reg-reg] _25494_/Q -> _26707_/D : -19.923540
[setup reg-reg] _25494_/Q -> _25901_/D : -19.923300
[setup reg-reg] _25494_/Q -> _25747_/D : -19.918230
[setup reg-reg] _25494_/Q -> _27635_/D : -19.905844
[setup reg-reg] _25494_/Q -> _25811_/D : -19.902971
[setup reg-reg] _25494_/Q -> _26805_/D : -19.901724
[setup reg-reg] _25494_/Q -> _25941_/D : -19.900810
[setup reg-reg] _25494_/Q -> _25813_/D : -19.900686
[setup reg-reg] _25494_/Q -> _27573_/D : -19.900551
[setup reg-reg] _25494_/Q -> _27253_/D : -19.900282
[setup reg-reg] _25494_/Q -> _27029_/D : -19.899986
[setup reg-reg] _25494_/Q -> _27507_/D : -19.898228
[setup reg-reg] _25494_/Q -> _26381_/D : -19.889158
[setup reg-reg] _25494_/Q -> _27629_/D : -19.888048
[setup reg-reg] _25494_/Q -> _27245_/D : -19.887762
[setup reg-reg] _25494_/Q -> _25933_/D : -19.886618
[setup reg-reg] _25494_/Q -> _26925_/D : -19.879072
[setup reg-reg] _25494_/Q -> _26893_/D : -19.876129
[setup reg-reg] _25494_/Q -> _26157_/D : -19.872784
[setup reg-reg] _25494_/Q -> _26765_/D : -19.871990
[setup reg-reg] _25494_/Q -> _26317_/D : -19.871920
[setup reg-reg] _25494_/Q -> _26637_/D : -19.871290
[setup reg-reg] _25494_/Q -> _26285_/D : -19.870358
[setup reg-reg] _25494_/Q -> _25965_/D : -19.870279
[setup reg-reg] _25494_/Q -> _26701_/D : -19.869938
[setup reg-reg] _25494_/Q -> _26029_/D : -19.869469
[setup reg-reg] _25494_/Q -> _26541_/D : -19.869246
[setup reg-reg] _25494_/Q -> _26221_/D : -19.868729
[setup reg-reg] _25494_/Q -> _25837_/D : -19.868473
[setup reg-reg] _25494_/Q -> _27021_/D : -19.868185
[setup reg-reg] _25494_/Q -> _27373_/D : -19.867970
[setup reg-reg] _25494_/Q -> _25773_/D : -19.865314
[setup reg-reg] _25494_/Q -> _26189_/D : -19.863045
[setup reg-reg] _25494_/Q -> _26125_/D : -19.861269
[setup reg-reg] _25494_/Q -> _26413_/D : -19.860476
[setup reg-reg] _25494_/Q -> _26669_/D : -19.859549
[setup reg-reg] _25494_/Q -> _27053_/D : -19.858824
[setup reg-reg] _25494_/Q -> _25997_/D : -19.854923
[setup reg-reg] _25494_/Q -> _27309_/D : -19.854334
[setup reg-reg] _25494_/Q -> _27181_/D : -19.853960
[setup reg-reg] _25494_/Q -> _26573_/D : -19.853233
[setup reg-reg] _25494_/Q -> _26957_/D : -19.851879
[setup reg-reg] _25494_/Q -> _27533_/D : -19.849737
[setup reg-reg] _25494_/Q -> _26477_/D : -19.848791
[setup reg-reg] _25494_/Q -> _27709_/D : -19.848696
[setup reg-reg] _25494_/Q -> _26509_/D : -19.846422
[setup reg-reg] _25494_/Q -> _27149_/D : -19.841253
[setup reg-reg] _25494_/Q -> _27441_/D : -19.803314
[setup reg-reg] _25494_/Q -> _25937_/D : -19.801552
[setup reg-reg] _25494_/Q -> _26993_/D : -19.801025
[setup reg-reg] _25494_/Q -> _27249_/D : -19.800877
[setup reg-reg] _25494_/Q -> _27057_/D : -19.800209
[setup reg-reg] _25494_/Q -> _27601_/D : -19.799768
[setup reg-reg] _25494_/Q -> _26193_/D : -19.799679
[setup reg-reg] _25494_/Q -> _26865_/D : -19.799234
[setup reg-reg] _25494_/Q -> _26033_/D : -19.799047
[setup reg-reg] _25494_/Q -> _25713_/D : -19.789820
[setup reg-reg] _25494_/Q -> _25777_/D : -19.787357
[setup reg-reg] _25494_/Q -> _26417_/D : -19.782217
[setup reg-reg] _25494_/Q -> _26577_/D : -19.781961
[setup reg-reg] _25494_/Q -> _27681_/D : -19.781414
[setup reg-reg] _25494_/Q -> _25643_/D : -19.781027
[setup reg-reg] _25494_/Q -> _27473_/D : -19.780685
[setup reg-reg] _25494_/Q -> _27537_/D : -19.778490
[setup reg-reg] _25494_/Q -> _26705_/D : -19.778456
[setup reg-reg] _25494_/Q -> _26609_/D : -19.775253
[setup reg-reg] _25494_/Q -> _26449_/D : -19.774857
[setup reg-reg] _25494_/Q -> _26897_/D : -19.773779
[setup reg-reg] _25494_/Q -> _27637_/D : -19.773779
[setup reg-reg] _25494_/Q -> _26545_/D : -19.773470
[setup reg-reg] _25494_/Q -> _26833_/D : -19.772945
[setup reg-reg] _25494_/Q -> _27409_/D : -19.772827
[setup reg-reg] _25494_/Q -> _26321_/D : -19.772678
[setup reg-reg] _25494_/Q -> _26161_/D : -19.772461
[setup reg-reg] _25494_/Q -> _27217_/D : -19.770802
[setup reg-reg] _25494_/Q -> _27089_/D : -19.770723
[setup reg-reg] _25494_/Q -> _26257_/D : -19.769899
[setup reg-reg] _25494_/Q -> _25905_/D : -19.769804
[setup reg-reg] _25494_/Q -> _27285_/D : -19.769030
[setup reg-reg] _25494_/Q -> _26737_/D : -19.768482
[setup reg-reg] _25494_/Q -> _26513_/D : -19.768202
[setup reg-reg] _25494_/Q -> _26481_/D : -19.767523
[setup reg-reg] _25494_/Q -> _26097_/D : -19.767115
[setup reg-reg] _25494_/Q -> _27377_/D : -19.766748
[setup reg-reg] _25494_/Q -> _27185_/D : -19.766401
[setup reg-reg] _25494_/Q -> _26641_/D : -19.765551
[setup reg-reg] _25494_/Q -> _26385_/D : -19.764824
[setup reg-reg] _25494_/Q -> _26001_/D : -19.764734
[setup reg-reg] _25494_/Q -> _26229_/D : -19.764181
[setup reg-reg] _25494_/Q -> _27605_/D : -19.763977
[setup reg-reg] _25494_/Q -> _27093_/D : -19.763569
[setup reg-reg] _25494_/Q -> _25685_/D : -19.763456
[setup reg-reg] _25494_/Q -> _26293_/D : -19.763456
[setup reg-reg] _25494_/Q -> _27381_/D : -19.763433
[setup reg-reg] _25494_/Q -> _27313_/D : -19.763313
[setup reg-reg] _25494_/Q -> _25647_/D : -19.763025
[setup reg-reg] _25494_/Q -> _26261_/D : -19.762609
[setup reg-reg] _25494_/Q -> _26677_/D : -19.762493
[setup reg-reg] _25494_/Q -> _27221_/D : -19.762411
[setup reg-reg] _25494_/Q -> _26837_/D : -19.762159
[setup reg-reg] _25494_/Q -> _27157_/D : -19.762060
[setup reg-reg] _25494_/Q -> _26037_/D : -19.762003
[setup reg-reg] _25494_/Q -> _25781_/D : -19.761806
[setup reg-reg] _25494_/Q -> _27413_/D : -19.761597
[setup reg-reg] _25494_/Q -> _27349_/D : -19.761263
[setup reg-reg] _25494_/Q -> _27509_/D : -19.761221
[setup reg-reg] _25494_/Q -> _26613_/D : -19.761189
[setup reg-reg] _25494_/Q -> _26325_/D : -19.761047
[setup reg-reg] _25494_/Q -> _26005_/D : -19.760376
[setup reg-reg] _25494_/Q -> _26961_/D : -19.760382
[setup reg-reg] _25494_/Q -> _26901_/D : -19.759483
[setup reg-reg] _25494_/Q -> _26453_/D : -19.759182
[setup reg-reg] _25494_/Q -> _26069_/D : -19.759018
[setup reg-reg] _25494_/Q -> _27317_/D : -19.758749
[setup reg-reg] _25494_/Q -> _25877_/D : -19.758265
[setup reg-reg] _25494_/Q -> _25973_/D : -19.758133
[setup reg-reg] _25494_/Q -> _26773_/D : -19.757988
[setup reg-reg] _25494_/Q -> _27541_/D : -19.757988
[setup reg-reg] _25494_/Q -> _26517_/D : -19.757786
[setup reg-reg] _25494_/Q -> _26933_/D : -19.757505
[setup reg-reg] _25494_/Q -> _25909_/D : -19.757067
[setup reg-reg] _25494_/Q -> _27640_/D : -19.748928
[setup reg-reg] _25494_/Q -> _27125_/D : -19.720127
[setup reg-reg] _25494_/Q -> _27189_/D : -19.718296
[setup reg-reg] _25494_/Q -> _25749_/D : -19.717888
[setup reg-reg] _25494_/Q -> _26421_/D : -19.717682
[setup reg-reg] _25494_/Q -> _27445_/D : -19.717472
[setup reg-reg] _25494_/Q -> _26357_/D : -19.716898
[setup reg-reg] _25494_/Q -> _26741_/D : -19.715729
[setup reg-reg] _25494_/Q -> _25845_/D : -19.715689
[setup reg-reg] _25494_/Q -> _26581_/D : -19.714724
[setup reg-reg] _25494_/Q -> _26709_/D : -19.714539
[setup reg-reg] _25494_/Q -> _26645_/D : -19.714468
[setup reg-reg] _25494_/Q -> _26997_/D : -19.713999
[setup reg-reg] _25494_/Q -> _26485_/D : -19.713587
[setup reg-reg] _25494_/Q -> _26549_/D : -19.713444
[setup reg-reg] _25494_/Q -> _26165_/D : -19.713394
[setup reg-reg] _25494_/Q -> _26133_/D : -19.712452
[setup reg-reg] _25494_/Q -> _25717_/D : -19.712397
[setup reg-reg] _25494_/Q -> _26389_/D : -19.712343
[setup reg-reg] _25494_/Q -> _26101_/D : -19.712212
[setup reg-reg] _25494_/Q -> _26869_/D : -19.712151
[setup reg-reg] _25494_/Q -> _27477_/D : -19.712105
[setup reg-reg] _25494_/Q -> _27685_/D : -19.711924
[setup reg-reg] _25494_/Q -> _26197_/D : -19.710197
[setup reg-reg] _25494_/Q -> _26965_/D : -19.709732
[setup reg-reg] _25494_/Q -> _27061_/D : -19.709103
[setup reg-reg] _25494_/Q -> _25197_/D : -19.571260
[setup reg-reg] _25494_/Q -> _26640_/D : -19.558865
[setup reg-reg] _25494_/Q -> _26256_/D : -19.558258
[setup reg-reg] _25494_/Q -> _27152_/D : -19.557981
[setup reg-reg] _25494_/Q -> _27184_/D : -19.557945
[setup reg-reg] _25494_/Q -> _25712_/D : -19.557793
[setup reg-reg] _25494_/Q -> _26000_/D : -19.557686
[setup reg-reg] _25494_/Q -> _27280_/D : -19.557491
[setup reg-reg] _25494_/Q -> _26320_/D : -19.557278
[setup reg-reg] _25494_/Q -> _25968_/D : -19.557138
[setup reg-reg] _25494_/Q -> _27376_/D : -19.556755
[setup reg-reg] _25494_/Q -> _25680_/D : -19.556656
[setup reg-reg] _25494_/Q -> _26480_/D : -19.556360
[setup reg-reg] _25494_/Q -> _27440_/D : -19.555342
[setup reg-reg] _25494_/Q -> _26288_/D : -19.555046
[setup reg-reg] _25494_/Q -> _26192_/D : -19.555025
[setup reg-reg] _25494_/Q -> _26896_/D : -19.552876
[setup reg-reg] _25494_/Q -> _26096_/D : -19.552443
[setup reg-reg] _25494_/Q -> _27582_/D : -19.546648
[setup reg-reg] _25494_/Q -> _26046_/D : -19.545507
[setup reg-reg] _25494_/Q -> _25918_/D : -19.545385
[setup reg-reg] _25494_/Q -> _25656_/D : -19.544893
[setup reg-reg] _25494_/Q -> _26878_/D : -19.544807
[setup reg-reg] _25494_/Q -> _27614_/D : -19.544680
[setup reg-reg] _25494_/Q -> _26750_/D : -19.544590
[setup reg-reg] _25494_/Q -> _26782_/D : -19.544125
[setup reg-reg] _25494_/Q -> _26206_/D : -19.544022
[setup reg-reg] _25494_/Q -> _26366_/D : -19.543808
[setup reg-reg] _25494_/Q -> _26654_/D : -19.543783
[setup reg-reg] _25494_/Q -> _27422_/D : -19.542522
[setup reg-reg] _25494_/Q -> _27326_/D : -19.540594
[setup reg-reg] _25494_/Q -> _27038_/D : -19.540314
[setup reg-reg] _25494_/Q -> _26526_/D : -19.539194
[setup reg-reg] _25494_/Q -> _26558_/D : -19.538256
[setup reg-reg] _25494_/Q -> _26238_/D : -19.536282
[setup reg-reg] _25494_/Q -> _25982_/D : -19.535645
[setup reg-reg] _25494_/Q -> _27486_/D : -19.532927
[setup reg-reg] _25494_/Q -> _26846_/D : -19.532272
[setup reg-reg] _25494_/Q -> _25950_/D : -19.531559
[setup reg-reg] _25494_/Q -> _26462_/D : -19.530731
[setup reg-reg] _25494_/Q -> _26398_/D : -19.529867
[setup reg-reg] _25494_/Q -> _27230_/D : -19.527437
[setup reg-reg] _25494_/Q -> _27198_/D : -19.526102
[setup reg-reg] _25494_/Q -> _27518_/D : -19.525057
[setup reg-reg] _25494_/Q -> _25726_/D : -19.523861
[setup reg-reg] _25494_/Q -> _27694_/D : -19.520744
[setup reg-reg] _25494_/Q -> _26078_/D : -19.510523
[setup reg-reg] _25494_/Q -> _27646_/D : -19.505972
[setup reg-reg] _25494_/Q -> _27390_/D : -19.502211
[setup reg-reg] _25494_/Q -> _25758_/D : -19.501156
[setup reg-reg] _25494_/Q -> _27454_/D : -19.498959
[setup reg-reg] _25494_/Q -> _27088_/D : -19.498316
[setup reg-reg] _25494_/Q -> _26334_/D : -19.498192
[setup reg-reg] _25494_/Q -> _26384_/D : -19.497499
[setup reg-reg] _25494_/Q -> _26224_/D : -19.491594
[setup reg-reg] _25494_/Q -> _26064_/D : -19.488991
[setup reg-reg] _25494_/Q -> _27568_/D : -19.487648
[setup reg-reg] _25494_/Q -> _25776_/D : -19.482752
[setup reg-reg] _25494_/Q -> _26608_/D : -19.479053
[setup reg-reg] _25494_/Q -> _26576_/D : -19.477903
[setup reg-reg] _25494_/Q -> _26032_/D : -19.476919
[setup reg-reg] _25494_/Q -> _26736_/D : -19.476570
[setup reg-reg] _25494_/Q -> _26416_/D : -19.475891
[setup reg-reg] _25494_/Q -> _26832_/D : -19.475014
[setup reg-reg] _25494_/Q -> _25821_/D : -19.473518
[setup reg-reg] _25494_/Q -> _25904_/D : -19.472525
[setup reg-reg] _25494_/Q -> _26845_/D : -19.471909
[setup reg-reg] _25494_/Q -> _26768_/D : -19.471071
[setup reg-reg] _25494_/Q -> _27408_/D : -19.469635
[setup reg-reg] _25494_/Q -> _26544_/D : -19.468712
[setup reg-reg] _25494_/Q -> _26704_/D : -19.468552
[setup reg-reg] _25494_/Q -> _27600_/D : -19.468489
[setup reg-reg] _25494_/Q -> _26992_/D : -19.467894
[setup reg-reg] _25494_/Q -> _27680_/D : -19.466913
[setup reg-reg] _25494_/Q -> _26512_/D : -19.465021
[setup reg-reg] _25494_/Q -> _26352_/D : -19.464502
[setup reg-reg] _25494_/Q -> _27344_/D : -19.463802
[setup reg-reg] _25494_/Q -> _27536_/D : -19.463387
[setup reg-reg] _25494_/Q -> _25808_/D : -19.462658
[setup reg-reg] _25494_/Q -> _27472_/D : -19.461912
[setup reg-reg] _25494_/Q -> _25642_/D : -19.460981
[setup reg-reg] _25494_/Q -> _26128_/D : -19.460476
[setup reg-reg] _25494_/Q -> _26960_/D : -19.458782
[setup reg-reg] _25494_/Q -> _27056_/D : -19.458220
[setup reg-reg] _25494_/Q -> _27312_/D : -19.457058
[setup reg-reg] _25494_/Q -> _27504_/D : -19.456875
[setup reg-reg] _25494_/Q -> _27216_/D : -19.455101
[setup reg-reg] _25494_/Q -> _26672_/D : -19.452923
[setup reg-reg] _25494_/Q -> _27632_/D : -19.451674
[setup reg-reg] _25494_/Q -> _27166_/D : -19.448858
[setup reg-reg] _25494_/Q -> _26174_/D : -19.447197
[setup reg-reg] _25494_/Q -> _27550_/D : -19.445982
[setup reg-reg] _25494_/Q -> _26686_/D : -19.445398
[setup reg-reg] _25494_/Q -> _26110_/D : -19.445339
[setup reg-reg] _25494_/Q -> _26718_/D : -19.445107
[setup reg-reg] _25494_/Q -> _26014_/D : -19.444241
[setup reg-reg] _25494_/Q -> _26160_/D : -19.444208
[setup reg-reg] _25494_/Q -> _26430_/D : -19.444159
[setup reg-reg] _25494_/Q -> _27358_/D : -19.444088
[setup reg-reg] _25494_/Q -> _26448_/D : -19.443998
[setup reg-reg] _25494_/Q -> _26910_/D : -19.443661
[setup reg-reg] _25494_/Q -> _27262_/D : -19.442886
[setup reg-reg] _25494_/Q -> _25872_/D : -19.442766
[setup reg-reg] _25494_/Q -> _27102_/D : -19.442753
[setup reg-reg] _25494_/Q -> _27070_/D : -19.442226
[setup reg-reg] _25494_/Q -> _27024_/D : -19.442158
[setup reg-reg] _25494_/Q -> _26270_/D : -19.440990
[setup reg-reg] _25494_/Q -> _25790_/D : -19.435308
[setup reg-reg] _25494_/Q -> _26302_/D : -19.434908
[setup reg-reg] _25494_/Q -> _26974_/D : -19.431120
[setup reg-reg] _25494_/Q -> _26142_/D : -19.429724
[setup reg-reg] _25494_/Q -> _25694_/D : -19.429018
[setup reg-reg] _25494_/Q -> _25822_/D : -19.428410
[setup reg-reg] _25494_/Q -> _25886_/D : -19.428112
[setup reg-reg] _25494_/Q -> _26494_/D : -19.427727
[setup reg-reg] _25494_/Q -> _26590_/D : -19.425135
[setup reg-reg] _25494_/Q -> _26942_/D : -19.424131
[setup reg-reg] _25494_/Q -> _27294_/D : -19.423485
[setup reg-reg] _25494_/Q -> _27134_/D : -19.421618
[setup reg-reg] _25494_/Q -> _26622_/D : -19.421310
[setup reg-reg] _25494_/Q -> _25202_/D : -19.421133
[setup reg-reg] _25494_/Q -> _26813_/D : -19.417084
[setup reg-reg] _25494_/Q -> _26941_/D : -19.416544
[setup reg-reg] _25494_/Q -> _27006_/D : -19.414707
[setup reg-reg] _25494_/Q -> _26800_/D : -19.410450
[setup reg-reg] _25494_/Q -> _27248_/D : -19.408588
[setup reg-reg] _25494_/Q -> _25840_/D : -19.406775
[setup reg-reg] _25494_/Q -> _25854_/D : -19.404831
[setup reg-reg] _25494_/Q -> _27133_/D : -19.403872
[setup reg-reg] _25494_/Q -> _27357_/D : -19.403189
[setup reg-reg] _25494_/Q -> _27645_/D : -19.403111
[setup reg-reg] _25494_/Q -> _25917_/D : -19.403086
[setup reg-reg] _25494_/Q -> _26045_/D : -19.402941
[setup reg-reg] _25494_/Q -> _26077_/D : -19.402895
[setup reg-reg] _25494_/Q -> _25693_/D : -19.402685
[setup reg-reg] _25494_/Q -> _27101_/D : -19.402567
[setup reg-reg] _25494_/Q -> _26109_/D : -19.402163
[setup reg-reg] _25494_/Q -> _26589_/D : -19.402159
[setup reg-reg] _25494_/Q -> _26909_/D : -19.402163
[setup reg-reg] _25494_/Q -> _25789_/D : -19.402102
[setup reg-reg] _25494_/Q -> _25949_/D : -19.401859
[setup reg-reg] _25494_/Q -> _26864_/D : -19.400738
[setup reg-reg] _25494_/Q -> _26814_/D : -19.400702
[setup reg-reg] _25494_/Q -> _26141_/D : -19.399342
[setup reg-reg] _25494_/Q -> _25744_/D : -19.398993
[setup reg-reg] _25494_/Q -> _26525_/D : -19.398449
[setup reg-reg] _25494_/Q -> _26781_/D : -19.395756
[setup reg-reg] _25494_/Q -> _27421_/D : -19.395269
[setup reg-reg] _25494_/Q -> _27581_/D : -19.394300
[setup reg-reg] _25494_/Q -> _27120_/D : -19.391344
[setup reg-reg] _25494_/Q -> _26013_/D : -19.390556
[setup reg-reg] _25494_/Q -> _25757_/D : -19.390129
[setup reg-reg] _25494_/Q -> _26685_/D : -19.390013
[setup reg-reg] _25494_/Q -> _27453_/D : -19.390030
[setup reg-reg] _25494_/Q -> _26749_/D : -19.389870
[setup reg-reg] _25494_/Q -> _26557_/D : -19.389704
[setup reg-reg] _25494_/Q -> _27069_/D : -19.389572
[setup reg-reg] _25494_/Q -> _27485_/D : -19.389511
[setup reg-reg] _25494_/Q -> _27389_/D : -19.389462
[setup reg-reg] _25494_/Q -> _26621_/D : -19.389433
[setup reg-reg] _25494_/Q -> _26493_/D : -19.389368
[setup reg-reg] _25494_/Q -> _26928_/D : -19.389112
[setup reg-reg] _25494_/Q -> _26717_/D : -19.389067
[setup reg-reg] _25494_/Q -> _26429_/D : -19.389017
[setup reg-reg] _25494_/Q -> _27293_/D : -19.388927
[setup reg-reg] _25494_/Q -> _27165_/D : -19.388346
[setup reg-reg] _25494_/Q -> _26237_/D : -19.387918
[setup reg-reg] _25494_/Q -> _25209_/D : -19.386707
[setup reg-reg] _25494_/Q -> _27693_/D : -19.384434
[setup reg-reg] _25494_/Q -> _25936_/D : -19.383165
[setup reg-reg] _25494_/Q -> _25203_/D : -19.361296
[setup reg-reg] _25494_/Q -> _26653_/D : -19.291538
[setup reg-reg] _25494_/Q -> _26365_/D : -19.243048
[setup reg-reg] _25494_/Q -> _27517_/D : -19.242834
[setup reg-reg] _25494_/Q -> _26461_/D : -19.231600
[setup reg-reg] _25494_/Q -> _26301_/D : -19.231007
[setup reg-reg] _25494_/Q -> _26333_/D : -19.230989
[setup reg-reg] _25494_/Q -> _26205_/D : -19.230875
[setup reg-reg] _25494_/Q -> _25655_/D : -19.230608
[setup reg-reg] _25494_/Q -> _27613_/D : -19.230421
[setup reg-reg] _25494_/Q -> _26877_/D : -19.229908
[setup reg-reg] _25494_/Q -> _25885_/D : -19.229635
[setup reg-reg] _25494_/Q -> _25981_/D : -19.229578
[setup reg-reg] _25494_/Q -> _27261_/D : -19.229490
[setup reg-reg] _25494_/Q -> _27325_/D : -19.229256
[setup reg-reg] _25494_/Q -> _27549_/D : -19.228741
[setup reg-reg] _25494_/Q -> _26269_/D : -19.228613
[setup reg-reg] _25494_/Q -> _25725_/D : -19.228563
[setup reg-reg] _25494_/Q -> _27229_/D : -19.228008
[setup reg-reg] _25494_/Q -> _26173_/D : -19.227465
[setup reg-reg] _25494_/Q -> _27005_/D : -19.225998
[setup reg-reg] _25494_/Q -> _27197_/D : -19.223223
[setup reg-reg] _25494_/Q -> _26973_/D : -19.220316
[setup reg-reg] _25494_/Q -> _27037_/D : -19.217186
[setup reg-reg] _25494_/Q -> _25853_/D : -19.215578
[setup reg-reg] _25494_/Q -> _26397_/D : -19.212931
[setup reg-reg] _25494_/Q -> _27644_/D : -19.122993
[setup reg-reg] _25494_/Q -> _25403_/D : -19.107756
[setup reg-reg] _25494_/Q -> _25422_/D : -19.092287
[setup reg-reg] _25494_/Q -> _26588_/D : -19.065483
[setup reg-reg] _25494_/Q -> _27324_/D : -19.064657
[setup reg-reg] _25494_/Q -> _25654_/D : -19.063801
[setup reg-reg] _25494_/Q -> _27004_/D : -19.063774
[setup reg-reg] _25494_/Q -> _27612_/D : -19.063751
[setup reg-reg] _25494_/Q -> _26236_/D : -19.063631
[setup reg-reg] _25494_/Q -> _27228_/D : -19.063400
[setup reg-reg] _25494_/Q -> _26396_/D : -19.063219
[setup reg-reg] _25494_/Q -> _27100_/D : -19.061951
[setup reg-reg] _25494_/Q -> _25724_/D : -19.060646
[setup reg-reg] _25494_/Q -> _27452_/D : -19.060284
[setup reg-reg] _25494_/Q -> _25980_/D : -19.059637
[setup reg-reg] _25494_/Q -> _25692_/D : -19.044386
[setup reg-reg] _25494_/Q -> _25884_/D : -19.044250
[setup reg-reg] _25494_/Q -> _26140_/D : -19.044073
[setup reg-reg] _25494_/Q -> _26460_/D : -19.043768
[setup reg-reg] _25494_/Q -> _26012_/D : -19.043743
[setup reg-reg] _25494_/Q -> _27260_/D : -19.043598
[setup reg-reg] _25494_/Q -> _27164_/D : -19.043314
[setup reg-reg] _25494_/Q -> _27388_/D : -19.043327
[setup reg-reg] _25494_/Q -> _27292_/D : -19.043306
[setup reg-reg] _25494_/Q -> _27516_/D : -19.043320
[setup reg-reg] _25494_/Q -> _25916_/D : -19.043266
[setup reg-reg] _25494_/Q -> _26556_/D : -19.043097
[setup reg-reg] _25494_/Q -> _27132_/D : -19.042944
[setup reg-reg] _25494_/Q -> _26044_/D : -19.042898
[setup reg-reg] _25494_/Q -> _26908_/D : -19.042772
[setup reg-reg] _25494_/Q -> _25852_/D : -19.042698
[setup reg-reg] _25494_/Q -> _27068_/D : -19.042631
[setup reg-reg] _25494_/Q -> _26620_/D : -19.042429
[setup reg-reg] _25494_/Q -> _26492_/D : -19.042154
[setup reg-reg] _25494_/Q -> _25788_/D : -19.042112
[setup reg-reg] _25494_/Q -> _26652_/D : -19.042116
[setup reg-reg] _25494_/Q -> _25948_/D : -19.041906
[setup reg-reg] _25494_/Q -> _26364_/D : -19.041758
[setup reg-reg] _25494_/Q -> _27484_/D : -19.041712
[setup reg-reg] _25494_/Q -> _26172_/D : -19.041647
[setup reg-reg] _25494_/Q -> _26204_/D : -19.041416
[setup reg-reg] _25494_/Q -> _26844_/D : -19.041325
[setup reg-reg] _25494_/Q -> _26716_/D : -19.040964
[setup reg-reg] _25494_/Q -> _26268_/D : -19.040741
[setup reg-reg] _25494_/Q -> _27692_/D : -19.040354
[setup reg-reg] _25494_/Q -> _26076_/D : -19.036013
[setup reg-reg] _25494_/Q -> _27196_/D : -19.034065
[setup reg-reg] _25494_/Q -> _26108_/D : -19.019609
[setup reg-reg] _25494_/Q -> _27356_/D : -19.018330
[setup reg-reg] _25494_/Q -> _26812_/D : -19.018139
[setup reg-reg] _25494_/Q -> _26748_/D : -19.018019
[setup reg-reg] _25494_/Q -> _27420_/D : -19.016735
[setup reg-reg] _25494_/Q -> _25756_/D : -19.016544
[setup reg-reg] _25494_/Q -> _26428_/D : -19.016270
[setup reg-reg] _25494_/Q -> _27580_/D : -19.015179
[setup reg-reg] _25494_/Q -> _25820_/D : -19.010220
[setup reg-reg] _25494_/Q -> _26300_/D : -19.009506
[setup reg-reg] _25494_/Q -> _26876_/D : -19.005529
[setup reg-reg] _25494_/Q -> _26684_/D : -19.005367
[setup reg-reg] _25494_/Q -> _27548_/D : -19.005217
[setup reg-reg] _25494_/Q -> _26524_/D : -19.004932
[setup reg-reg] _25494_/Q -> _26332_/D : -19.004528
[setup reg-reg] _25494_/Q -> _26780_/D : -19.003506
[setup reg-reg] _25494_/Q -> _26940_/D : -19.000319
[setup reg-reg] _25494_/Q -> _26972_/D : -18.998182
[setup reg-reg] _25494_/Q -> _27036_/D : -18.997898
[setup reg-reg] _25494_/Q -> _26815_/D : -18.814636
[setup reg-reg] _25494_/Q -> _25727_/D : -18.812508
[setup reg-reg] _25494_/Q -> _27519_/D : -18.808599
[setup reg-reg] _25494_/Q -> _25417_/D : -18.740135
[setup reg-reg] _25494_/Q -> _25363_/D : -18.694185
[setup reg-reg] _25494_/Q -> _25407_/D : -18.666672
[setup reg-reg] _25494_/Q -> _26911_/D : -18.662907
[setup reg-reg] _25494_/Q -> _26719_/D : -18.662470
[setup reg-reg] _25494_/Q -> _26495_/D : -18.661819
[setup reg-reg] _25494_/Q -> _26527_/D : -18.661804
[setup reg-reg] _25494_/Q -> _26751_/D : -18.661684
[setup reg-reg] _25494_/Q -> _25823_/D : -18.661539
[setup reg-reg] _25494_/Q -> _26303_/D : -18.661337
[setup reg-reg] _25494_/Q -> _26271_/D : -18.661190
[setup reg-reg] _25494_/Q -> _25919_/D : -18.660913
[setup reg-reg] _25494_/Q -> _26335_/D : -18.660564
[setup reg-reg] _25494_/Q -> _27423_/D : -18.659428
[setup reg-reg] _25494_/Q -> _26783_/D : -18.658953
[setup reg-reg] _25494_/Q -> _27231_/D : -18.654896
[setup reg-reg] _25494_/Q -> _25418_/D : -18.653311
[setup reg-reg] _25494_/Q -> _26079_/D : -18.646000
[setup reg-reg] _25494_/Q -> _26975_/D : -18.640844
[setup reg-reg] _25494_/Q -> _27583_/D : -18.637405
[setup reg-reg] _25494_/Q -> _26399_/D : -18.637096
[setup reg-reg] _25494_/Q -> _26047_/D : -18.635799
[setup reg-reg] _25494_/Q -> _26175_/D : -18.635626
[setup reg-reg] _25494_/Q -> _26111_/D : -18.635597
[setup reg-reg] _25494_/Q -> _26431_/D : -18.635338
[setup reg-reg] _25494_/Q -> _27071_/D : -18.635120
[setup reg-reg] _25494_/Q -> _27695_/D : -18.635042
[setup reg-reg] _25494_/Q -> _27007_/D : -18.634848
[setup reg-reg] _25494_/Q -> _26591_/D : -18.634750
[setup reg-reg] _25494_/Q -> _27039_/D : -18.634758
[setup reg-reg] _25494_/Q -> _27359_/D : -18.634573
[setup reg-reg] _25494_/Q -> _25855_/D : -18.634539
[setup reg-reg] _25494_/Q -> _26015_/D : -18.634539
[setup reg-reg] _25494_/Q -> _26623_/D : -18.634495
[setup reg-reg] _25494_/Q -> _26879_/D : -18.634283
[setup reg-reg] _25494_/Q -> _27455_/D : -18.634254
[setup reg-reg] _25494_/Q -> _27327_/D : -18.634211
[setup reg-reg] _25494_/Q -> _27295_/D : -18.634161
[setup reg-reg] _25494_/Q -> _27263_/D : -18.633902
[setup reg-reg] _25494_/Q -> _26847_/D : -18.633867
[setup reg-reg] _25494_/Q -> _25951_/D : -18.633650
[setup reg-reg] _25494_/Q -> _26655_/D : -18.633514
[setup reg-reg] _25494_/Q -> _25791_/D : -18.633070
[setup reg-reg] _25494_/Q -> _26207_/D : -18.632612
[setup reg-reg] _25494_/Q -> _25695_/D : -18.632463
[setup reg-reg] _25494_/Q -> _27615_/D : -18.632439
[setup reg-reg] _25494_/Q -> _26687_/D : -18.631294
[setup reg-reg] _25494_/Q -> _26943_/D : -18.631067
[setup reg-reg] _25494_/Q -> _27391_/D : -18.630903
[setup reg-reg] _25494_/Q -> _26143_/D : -18.629696
[setup reg-reg] _25494_/Q -> _25759_/D : -18.629078
[setup reg-reg] _25494_/Q -> _27167_/D : -18.628897
[setup reg-reg] _25494_/Q -> _25657_/D : -18.627430
[setup reg-reg] _25494_/Q -> _27103_/D : -18.627337
[setup reg-reg] _25494_/Q -> _25983_/D : -18.625837
[setup reg-reg] _25494_/Q -> _26559_/D : -18.625834
[setup reg-reg] _25494_/Q -> _26239_/D : -18.625607
[setup reg-reg] _25494_/Q -> _27135_/D : -18.624889
[setup reg-reg] _25494_/Q -> _27487_/D : -18.620672
[setup reg-reg] _25494_/Q -> _26463_/D : -18.619244
[setup reg-reg] _25494_/Q -> _27199_/D : -18.618288
[setup reg-reg] _25494_/Q -> _27647_/D : -18.613745
[setup reg-reg] _25059_/Q -> _25494_/D : -18.595192
[setup reg-reg] _25494_/Q -> _25887_/D : -18.546879
[setup reg-reg] _25494_/Q -> _26367_/D : -18.545933
[setup reg-reg] _25494_/Q -> _27551_/D : -18.508402
[setup reg-reg] _25494_/Q -> _25408_/D : -18.481771
[setup reg-reg] _25494_/Q -> _25956_/D : -18.380903
[setup reg-reg] _25494_/Q -> _25662_/D : -18.380390
[setup reg-reg] _25494_/Q -> _26820_/D : -18.379627
[setup reg-reg] _25494_/Q -> _26980_/D : -18.379108
[setup reg-reg] _25494_/Q -> _26660_/D : -18.378391
[setup reg-reg] _25494_/Q -> _26340_/D : -18.377922
[setup reg-reg] _25494_/Q -> _26116_/D : -18.377573
[setup reg-reg] _25494_/Q -> _25892_/D : -18.377268
[setup reg-reg] _25494_/Q -> _27556_/D : -18.375566
[setup reg-reg] _25494_/Q -> _26212_/D : -18.374750
[setup reg-reg] _25494_/Q -> _26468_/D : -18.374359
[setup reg-reg] _25494_/Q -> _27268_/D : -18.374187
[setup reg-reg] _25494_/Q -> _27204_/D : -18.374079
[setup reg-reg] _25494_/Q -> _27140_/D : -18.373898
[setup reg-reg] _25494_/Q -> _25700_/D : -18.373379
[setup reg-reg] _25494_/Q -> _26084_/D : -18.373226
[setup reg-reg] _25494_/Q -> _26564_/D : -18.371761
[setup reg-reg] _25494_/Q -> _26628_/D : -18.370724
[setup reg-reg] _25494_/Q -> _26244_/D : -18.370510
[setup reg-reg] _25494_/Q -> _27700_/D : -18.368853
[setup reg-reg] _25494_/Q -> _26454_/D : -18.339460
[setup reg-reg] _25494_/Q -> _26038_/D : -18.339197
[setup reg-reg] _25494_/Q -> _26262_/D : -18.338608
[setup reg-reg] _25494_/Q -> _26422_/D : -18.338419
[setup reg-reg] _25494_/Q -> _26070_/D : -18.338385
[setup reg-reg] _25494_/Q -> _26230_/D : -18.338188
[setup reg-reg] _25494_/Q -> _26550_/D : -18.338146
[setup reg-reg] _25494_/Q -> _26902_/D : -18.337812
[setup reg-reg] _25494_/Q -> _26294_/D : -18.337706
[setup reg-reg] _25494_/Q -> _26134_/D : -18.337324
[setup reg-reg] _25494_/Q -> _25686_/D : -18.337204
[setup reg-reg] _25494_/Q -> _26678_/D : -18.337126
[setup reg-reg] _25494_/Q -> _26934_/D : -18.337030
[setup reg-reg] _25494_/Q -> _27606_/D : -18.336960
[setup reg-reg] _25494_/Q -> _25974_/D : -18.336866
[setup reg-reg] _25494_/Q -> _27190_/D : -18.336018
[setup reg-reg] _25494_/Q -> _25718_/D : -18.335955
[setup reg-reg] _25494_/Q -> _26102_/D : -18.335968
[setup reg-reg] _25494_/Q -> _27286_/D : -18.335779
[setup reg-reg] _25494_/Q -> _25782_/D : -18.335388
[setup reg-reg] _25494_/Q -> _26006_/D : -18.335407
[setup reg-reg] _25494_/Q -> _25878_/D : -18.334757
[setup reg-reg] _25494_/Q -> _26806_/D : -18.334423
[setup reg-reg] _25494_/Q -> _25648_/D : -18.334230
[setup reg-reg] _25494_/Q -> _26838_/D : -18.334198
[setup reg-reg] _25494_/Q -> _27686_/D : -18.334185
[setup reg-reg] _25494_/Q -> _26390_/D : -18.334078
[setup reg-reg] _25494_/Q -> _26518_/D : -18.333595
[setup reg-reg] _25494_/Q -> _27222_/D : -18.333286
[setup reg-reg] _25494_/Q -> _27158_/D : -18.333261
[setup reg-reg] _25494_/Q -> _27030_/D : -18.332846
[setup reg-reg] _25494_/Q -> _25942_/D : -18.332262
[setup reg-reg] _25494_/Q -> _26710_/D : -18.332151
[setup reg-reg] _25494_/Q -> _26532_/D : -18.300751
[setup reg-reg] _25494_/Q -> _27524_/D : -18.300337
[setup reg-reg] _25494_/Q -> _25796_/D : -18.300072
[setup reg-reg] _25494_/Q -> _26148_/D : -18.300072
[setup reg-reg] _25494_/Q -> _25924_/D : -18.299894
[setup reg-reg] _25494_/Q -> _27044_/D : -18.299898
[setup reg-reg] _25494_/Q -> _26276_/D : -18.299780
[setup reg-reg] _25494_/Q -> _27108_/D : -18.299616
[setup reg-reg] _25494_/Q -> _27236_/D : -18.299562
[setup reg-reg] _25494_/Q -> _26308_/D : -18.299454
[setup reg-reg] _25494_/Q -> _27588_/D : -18.299438
[setup reg-reg] _25494_/Q -> _26884_/D : -18.299116
[setup reg-reg] _25494_/Q -> _26852_/D : -18.298985
[setup reg-reg] _25494_/Q -> _26788_/D : -18.298450
[setup reg-reg] _25494_/Q -> _27332_/D : -18.298388
[setup reg-reg] _25494_/Q -> _27620_/D : -18.298117
[setup reg-reg] _25494_/Q -> _26404_/D : -18.296764
[setup reg-reg] _25494_/Q -> _27492_/D : -18.291868
[setup reg-reg] _25494_/Q -> _26692_/D : -18.291750
[setup reg-reg] _25494_/Q -> _26436_/D : -18.290777
[setup reg-reg] _25494_/Q -> _26052_/D : -18.289154
[setup reg-reg] _25494_/Q -> _27300_/D : -18.288841
[setup reg-reg] _25494_/Q -> _26180_/D : -18.288000
[setup reg-reg] _25494_/Q -> _26756_/D : -18.287420
[setup reg-reg] _25494_/Q -> _26020_/D : -18.285513
[setup reg-reg] _25494_/Q -> _27012_/D : -18.283623
[setup reg-reg] _25494_/Q -> _26500_/D : -18.283278
[setup reg-reg] _25494_/Q -> _25764_/D : -18.282333
[setup reg-reg] _25494_/Q -> _26916_/D : -18.282076
[setup reg-reg] _25494_/Q -> _26596_/D : -18.282045
[setup reg-reg] _25494_/Q -> _26948_/D : -18.281679
[setup reg-reg] _25494_/Q -> _25732_/D : -18.281498
[setup reg-reg] _25494_/Q -> _25828_/D : -18.279856
[setup reg-reg] _25494_/Q -> _25860_/D : -18.278744
[setup reg-reg] _25494_/Q -> _26950_/D : -18.277100
[setup reg-reg] _25494_/Q -> _27396_/D : -18.276232
[setup reg-reg] _25494_/Q -> _26724_/D : -18.276062
[setup reg-reg] _25494_/Q -> _27460_/D : -18.274258
[setup reg-reg] _25494_/Q -> _25894_/D : -18.273586
[setup reg-reg] _25494_/Q -> _27428_/D : -18.272928
[setup reg-reg] _25494_/Q -> _26534_/D : -18.272680
[setup reg-reg] _25494_/Q -> _27622_/D : -18.272356
[setup reg-reg] _25494_/Q -> _26886_/D : -18.269585
[setup reg-reg] _25494_/Q -> _25926_/D : -18.268883
[setup reg-reg] _25494_/Q -> _25910_/D : -18.254416
[setup reg-reg] _25494_/Q -> _26358_/D : -18.253443
[setup reg-reg] _25494_/Q -> _26582_/D : -18.253452
[setup reg-reg] _25494_/Q -> _27254_/D : -18.253464
[setup reg-reg] _25494_/Q -> _27652_/D : -18.201767
[setup reg-reg] _25494_/Q -> _26310_/D : -18.193312
[setup reg-reg] _25494_/Q -> _26438_/D : -18.192968
[setup reg-reg] _25494_/Q -> _26694_/D : -18.192915
[setup reg-reg] _25494_/Q -> _25830_/D : -18.192528
[setup reg-reg] _25494_/Q -> _26662_/D : -18.192310
[setup reg-reg] _25494_/Q -> _26278_/D : -18.191315
[setup reg-reg] _25494_/Q -> _27174_/D : -18.187895
[setup reg-reg] _25494_/Q -> _26374_/D : -18.187489
[setup reg-reg] _25494_/Q -> _27398_/D : -18.187277
[setup reg-reg] _25494_/Q -> _27110_/D : -18.187229
[setup reg-reg] _25494_/Q -> _26918_/D : -18.186789
[setup reg-reg] _25494_/Q -> _26502_/D : -18.186350
[setup reg-reg] _25494_/Q -> _27574_/D : -18.185495
[setup reg-reg] _25494_/Q -> _26774_/D : -18.183893
[setup reg-reg] _25494_/Q -> _25750_/D : -18.183834
[setup reg-reg] _25494_/Q -> _26054_/D : -18.183710
[setup reg-reg] _25494_/Q -> _26342_/D : -18.183632
[setup reg-reg] _25494_/Q -> _27334_/D : -18.183432
[setup reg-reg] _25494_/Q -> _27062_/D : -18.183258
[setup reg-reg] _25494_/Q -> _27462_/D : -18.182981
[setup reg-reg] _25494_/Q -> _26022_/D : -18.182625
[setup reg-reg] _25494_/Q -> _26118_/D : -18.182491
[setup reg-reg] _25494_/Q -> _26822_/D : -18.182377
[setup reg-reg] _25494_/Q -> _26150_/D : -18.181805
[setup reg-reg] _25494_/Q -> _26790_/D : -18.181520
[setup reg-reg] _25494_/Q -> _27526_/D : -18.181532
[setup reg-reg] _25494_/Q -> _25862_/D : -18.180321
[setup reg-reg] _25494_/Q -> _27510_/D : -18.178043
[setup reg-reg] _25494_/Q -> _27382_/D : -18.168951
[setup reg-reg] _25494_/Q -> _27478_/D : -18.166977
[setup reg-reg] _25494_/Q -> _25205_/D : -18.166149
[setup reg-reg] _25494_/Q -> _26614_/D : -18.166010
[setup reg-reg] _25494_/Q -> _27350_/D : -18.157795
[setup reg-reg] _25494_/Q -> _27126_/D : -18.156691
[setup reg-reg] _25494_/Q -> _26966_/D : -18.155809
[setup reg-reg] _25494_/Q -> _26998_/D : -18.152403
[setup reg-reg] _25494_/Q -> _25846_/D : -18.144655
[setup reg-reg] _25494_/Q -> _26646_/D : -18.140921
[setup reg-reg] _25494_/Q -> _27414_/D : -18.140694
[setup reg-reg] _25494_/Q -> _26166_/D : -18.131498
[setup reg-reg] _25494_/Q -> _26870_/D : -18.130518
[setup reg-reg] _25494_/Q -> _27094_/D : -18.130423
[setup reg-reg] _25494_/Q -> _26486_/D : -18.130386
[setup reg-reg] _25494_/Q -> _27653_/D : -18.127178
[setup reg-reg] _25494_/Q -> _27318_/D : -18.125008
[setup reg-reg] _25494_/Q -> _26326_/D : -18.124790
[setup reg-reg] _25494_/Q -> _26198_/D : -18.124723
[setup reg-reg] _25494_/Q -> _26742_/D : -18.124559
[setup reg-reg] _25494_/Q -> _27638_/D : -18.120378
[setup reg-reg] _25494_/Q -> _25814_/D : -18.119366
[setup reg-reg] _25494_/Q -> _27542_/D : -18.118488
[setup reg-reg] _25494_/Q -> _27446_/D : -18.116823
[setup reg-reg] _25494_/Q -> _25362_/D : -18.033159
[setup reg-reg] _25494_/Q -> _25988_/D : -17.998709
[setup reg-reg] _25494_/Q -> _27076_/D : -17.998720
[setup reg-reg] _25494_/Q -> _26372_/D : -17.998127
[setup reg-reg] _25494_/Q -> _27172_/D : -17.996374
[setup reg-reg] _25494_/Q -> _27364_/D : -17.991411
[setup reg-reg] _25494_/Q -> _27442_/D : -17.983553
[setup reg-reg] _25494_/Q -> _25810_/D : -17.981367
[setup reg-reg] _25494_/Q -> _26290_/D : -17.980707
[setup reg-reg] _25494_/Q -> _25842_/D : -17.980213
[setup reg-reg] _25494_/Q -> _27282_/D : -17.979158
[setup reg-reg] _25494_/Q -> _27506_/D : -17.978626
[setup reg-reg] _25494_/Q -> _26194_/D : -17.978422
[setup reg-reg] _25494_/Q -> _26610_/D : -17.978384
[setup reg-reg] _25494_/Q -> _25416_/D : -17.972965
[setup reg-reg] _25494_/Q -> _26566_/D : -17.937765
[setup reg-reg] _25494_/Q -> _26758_/D : -17.932554
[setup reg-reg] _25494_/Q -> _27206_/D : -17.932497
[setup reg-reg] _25494_/Q -> _25990_/D : -17.931992
[setup reg-reg] _25494_/Q -> _26470_/D : -17.931448
[setup reg-reg] _25494_/Q -> _27302_/D : -17.930899
[setup reg-reg] _25494_/Q -> _25420_/D : -17.930656
[setup reg-reg] _25494_/Q -> _26246_/D : -17.930149
[setup reg-reg] _25494_/Q -> _25798_/D : -17.929619
[setup reg-reg] _25494_/Q -> _27654_/D : -17.928316
[setup reg-reg] _25494_/Q -> _26598_/D : -17.928215
[setup reg-reg] _25494_/Q -> _25734_/D : -17.927284
[setup reg-reg] _25494_/Q -> _26726_/D : -17.926777
[setup reg-reg] _25494_/Q -> _26630_/D : -17.926674
[setup reg-reg] _25494_/Q -> _25958_/D : -17.926554
[setup reg-reg] _25494_/Q -> _25664_/D : -17.926220
[setup reg-reg] _25494_/Q -> _27366_/D : -17.926113
[setup reg-reg] _25494_/Q -> _27078_/D : -17.925327
[setup reg-reg] _25494_/Q -> _26854_/D : -17.924454
[setup reg-reg] _25494_/Q -> _26214_/D : -17.924347
[setup reg-reg] _25494_/Q -> _27558_/D : -17.917095
[setup reg-reg] _25494_/Q -> _27014_/D : -17.915710
[setup reg-reg] _25494_/Q -> _26053_/D : -17.915447
[setup reg-reg] _25494_/Q -> _26405_/D : -17.915287
[setup reg-reg] _25494_/Q -> _27046_/D : -17.915163
[setup reg-reg] _25494_/Q -> _25893_/D : -17.915138
[setup reg-reg] _25494_/Q -> _27429_/D : -17.914516
[setup reg-reg] _25494_/Q -> _26469_/D : -17.914484
[setup reg-reg] _25494_/Q -> _26021_/D : -17.914169
[setup reg-reg] _25494_/Q -> _27270_/D : -17.914076
[setup reg-reg] _25494_/Q -> _27109_/D : -17.914030
[setup reg-reg] _25494_/Q -> _27269_/D : -17.914015
[setup reg-reg] _25494_/Q -> _26437_/D : -17.913675
[setup reg-reg] _25494_/Q -> _25797_/D : -17.913519
[setup reg-reg] _25494_/Q -> _27013_/D : -17.913536
[setup reg-reg] _25494_/Q -> _26821_/D : -17.913446
[setup reg-reg] _25494_/Q -> _26406_/D : -17.913265
[setup reg-reg] _25494_/Q -> _26661_/D : -17.913071
[setup reg-reg] _25494_/Q -> _25925_/D : -17.912968
[setup reg-reg] _25494_/Q -> _26533_/D : -17.912853
[setup reg-reg] _25494_/Q -> _26341_/D : -17.912769
[setup reg-reg] _25494_/Q -> _26725_/D : -17.912754
[setup reg-reg] _25494_/Q -> _26149_/D : -17.912722
[setup reg-reg] _25494_/Q -> _27077_/D : -17.912722
[setup reg-reg] _25494_/Q -> _27461_/D : -17.912725
[setup reg-reg] _25494_/Q -> _25861_/D : -17.912609
[setup reg-reg] _25494_/Q -> _25663_/D : -17.912565
[setup reg-reg] _25494_/Q -> _27237_/D : -17.912548
[setup reg-reg] _25494_/Q -> _27701_/D : -17.912413
[setup reg-reg] _25494_/Q -> _27397_/D : -17.912281
[setup reg-reg] _25494_/Q -> _26853_/D : -17.911997
[setup reg-reg] _25494_/Q -> _27141_/D : -17.911917
[setup reg-reg] _25494_/Q -> _26501_/D : -17.911777
[setup reg-reg] _25494_/Q -> _26981_/D : -17.911749
[setup reg-reg] _25494_/Q -> _25701_/D : -17.911596
[setup reg-reg] _25494_/Q -> _25733_/D : -17.911276
[setup reg-reg] _25494_/Q -> _26789_/D : -17.911119
[setup reg-reg] _25494_/Q -> _27525_/D : -17.911060
[setup reg-reg] _25494_/Q -> _26597_/D : -17.911007
[setup reg-reg] _25494_/Q -> _26693_/D : -17.911020
[setup reg-reg] _25494_/Q -> _27333_/D : -17.910995
[setup reg-reg] _25494_/Q -> _26245_/D : -17.910908
[setup reg-reg] _25494_/Q -> _27493_/D : -17.910830
[setup reg-reg] _25494_/Q -> _27301_/D : -17.910786
[setup reg-reg] _25494_/Q -> _26085_/D : -17.910212
[setup reg-reg] _25494_/Q -> _26309_/D : -17.909990
[setup reg-reg] _25494_/Q -> _25676_/D : -17.904966
[setup reg-reg] _25494_/Q -> _25766_/D : -17.904537
[setup reg-reg] _25494_/Q -> _26642_/D : -17.904118
[setup reg-reg] _25494_/Q -> _26086_/D : -17.901934
[setup reg-reg] _25494_/Q -> _27634_/D : -17.901880
[setup reg-reg] _25494_/Q -> _27122_/D : -17.901758
[setup reg-reg] _25494_/Q -> _26930_/D : -17.901663
[setup reg-reg] _25494_/Q -> _27238_/D : -17.901649
[setup reg-reg] _25494_/Q -> _25938_/D : -17.901165
[setup reg-reg] _25494_/Q -> _27410_/D : -17.900745
[setup reg-reg] _25494_/Q -> _27314_/D : -17.900654
[setup reg-reg] _25494_/Q -> _25957_/D : -17.899414
[setup reg-reg] _25494_/Q -> _26885_/D : -17.898821
[setup reg-reg] _25494_/Q -> _27365_/D : -17.898796
[setup reg-reg] _25494_/Q -> _26565_/D : -17.898327
[setup reg-reg] _25494_/Q -> _25829_/D : -17.898191
[setup reg-reg] _25494_/Q -> _25989_/D : -17.897339
[setup reg-reg] _25494_/Q -> _26949_/D : -17.897211
[setup reg-reg] _25494_/Q -> _27557_/D : -17.896461
[setup reg-reg] _25494_/Q -> _27058_/D : -17.895002
[setup reg-reg] _25494_/Q -> _26181_/D : -17.894625
[setup reg-reg] _25494_/Q -> _26629_/D : -17.894205
[setup reg-reg] _25494_/Q -> _26182_/D : -17.893883
[setup reg-reg] _25494_/Q -> _27589_/D : -17.893772
[setup reg-reg] _25494_/Q -> _27346_/D : -17.893656
[setup reg-reg] _25494_/Q -> _26917_/D : -17.893595
[setup reg-reg] _25494_/Q -> _26117_/D : -17.893410
[setup reg-reg] _25494_/Q -> _27205_/D : -17.893328
[setup reg-reg] _25494_/Q -> _27590_/D : -17.892841
[setup reg-reg] _25494_/Q -> _27494_/D : -17.892519
[setup reg-reg] _25494_/Q -> _25765_/D : -17.892075
[setup reg-reg] _25494_/Q -> _26373_/D : -17.891893
[setup reg-reg] _25494_/Q -> _27142_/D : -17.891285
[setup reg-reg] _25494_/Q -> _26213_/D : -17.890675
[setup reg-reg] _25494_/Q -> _27045_/D : -17.890579
[setup reg-reg] _25494_/Q -> _27173_/D : -17.890539
[setup reg-reg] _25494_/Q -> _27702_/D : -17.890408
[setup reg-reg] _25494_/Q -> _27430_/D : -17.886475
[setup reg-reg] _25494_/Q -> _27026_/D : -17.885061
[setup reg-reg] _25494_/Q -> _26770_/D : -17.884428
[setup reg-reg] _25494_/Q -> _25644_/D : -17.884060
[setup reg-reg] _25494_/Q -> _26098_/D : -17.883785
[setup reg-reg] _25494_/Q -> _26866_/D : -17.883629
[setup reg-reg] _25494_/Q -> _27570_/D : -17.883604
[setup reg-reg] _25494_/Q -> _26450_/D : -17.883448
[setup reg-reg] _25494_/Q -> _27154_/D : -17.883303
[setup reg-reg] _25494_/Q -> _26898_/D : -17.883158
[setup reg-reg] _25494_/Q -> _26514_/D : -17.882566
[setup reg-reg] _25494_/Q -> _26706_/D : -17.882357
[setup reg-reg] _25494_/Q -> _26546_/D : -17.882105
[setup reg-reg] _25494_/Q -> _26226_/D : -17.882067
[setup reg-reg] _25494_/Q -> _27378_/D : -17.881968
[setup reg-reg] _25494_/Q -> _25874_/D : -17.880926
[setup reg-reg] _25494_/Q -> _26982_/D : -17.879019
[setup reg-reg] _25494_/Q -> _25702_/D : -17.875668
[setup reg-reg] _25494_/Q -> _26277_/D : -17.862669
[setup reg-reg] _25494_/Q -> _26757_/D : -17.861851
[setup reg-reg] _25494_/Q -> _27621_/D : -17.860577
[setup reg-reg] _25494_/Q -> _27602_/D : -17.860071
[setup reg-reg] _25494_/Q -> _26834_/D : -17.859812
[setup reg-reg] _25494_/Q -> _25682_/D : -17.859528
[setup reg-reg] _25494_/Q -> _26130_/D : -17.858973
[setup reg-reg] _25494_/Q -> _26258_/D : -17.858839
[setup reg-reg] _25494_/Q -> _26578_/D : -17.858646
[setup reg-reg] _25494_/Q -> _26002_/D : -17.858601
[setup reg-reg] _25494_/Q -> _26162_/D : -17.858242
[setup reg-reg] _25494_/Q -> _26674_/D : -17.857893
[setup reg-reg] _25494_/Q -> _27186_/D : -17.853485
[setup reg-reg] _25494_/Q -> _25778_/D : -17.853411
[setup reg-reg] _25494_/Q -> _26738_/D : -17.852057
[setup reg-reg] _25494_/Q -> _26482_/D : -17.849327
[setup reg-reg] _25494_/Q -> _26034_/D : -17.846500
[setup reg-reg] _25494_/Q -> _27682_/D : -17.845179
[setup reg-reg] _25494_/Q -> _27538_/D : -17.842983
[setup reg-reg] _25494_/Q -> _25714_/D : -17.841925
[setup reg-reg] _25494_/Q -> _26418_/D : -17.841125
[setup reg-reg] _25494_/Q -> _27474_/D : -17.839651
[setup reg-reg] _25494_/Q -> _26962_/D : -17.837223
[setup reg-reg] _25494_/Q -> _26386_/D : -17.837011
[setup reg-reg] _25494_/Q -> _26066_/D : -17.836180
[setup reg-reg] _25494_/Q -> _26354_/D : -17.836020
[setup reg-reg] _25494_/Q -> _26802_/D : -17.834005
[setup reg-reg] _25494_/Q -> _27218_/D : -17.831276
[setup reg-reg] _25494_/Q -> _25970_/D : -17.830727
[setup reg-reg] _25494_/Q -> _26322_/D : -17.830719
[setup reg-reg] _25494_/Q -> _27090_/D : -17.829838
[setup reg-reg] _25494_/Q -> _25746_/D : -17.827841
[setup reg-reg] _25494_/Q -> _26994_/D : -17.823664
[setup reg-reg] _25494_/Q -> _27250_/D : -17.815794
[setup reg-reg] _25494_/Q -> _25906_/D : -17.812710
[setup reg-reg] _25494_/Q -> _25497_/D : -17.773058
[setup reg-reg] _25494_/Q -> _25496_/D : -17.759966
[setup reg-reg] _25494_/Q -> _25495_/D : -17.736046
[setup reg-reg] _25494_/Q -> _26778_/D : -17.727665
[setup reg-reg] _25494_/Q -> _27290_/D : -17.724247
[setup reg-reg] _25494_/Q -> _25850_/D : -17.723263
[setup reg-reg] _25494_/Q -> _27642_/D : -17.723036
[setup reg-reg] _25494_/Q -> _25690_/D : -17.721680
[setup reg-reg] _25494_/Q -> _25978_/D : -17.714975
[setup reg-reg] _25494_/Q -> _27322_/D : -17.642223
[setup reg-reg] _25494_/Q -> _26906_/D : -17.642166
[setup reg-reg] _25494_/Q -> _25754_/D : -17.641661
[setup reg-reg] _25494_/Q -> _26842_/D : -17.641579
[setup reg-reg] _25494_/Q -> _26618_/D : -17.641500
[setup reg-reg] _25494_/Q -> _26426_/D : -17.641462
[setup reg-reg] _25494_/Q -> _26586_/D : -17.641367
[setup reg-reg] _25494_/Q -> _26522_/D : -17.641273
[setup reg-reg] _25494_/Q -> _26490_/D : -17.641167
[setup reg-reg] _25494_/Q -> _27162_/D : -17.641100
[setup reg-reg] _25494_/Q -> _26138_/D : -17.640873
[setup reg-reg] _25494_/Q -> _26650_/D : -17.640667
[setup reg-reg] _25494_/Q -> _26106_/D : -17.640614
[setup reg-reg] _25494_/Q -> _27418_/D : -17.640619
[setup reg-reg] _25494_/Q -> _26298_/D : -17.640602
[setup reg-reg] _25494_/Q -> _27546_/D : -17.640507
[setup reg-reg] _25494_/Q -> _26714_/D : -17.640179
[setup reg-reg] _25494_/Q -> _25722_/D : -17.640038
[setup reg-reg] _25494_/Q -> _26266_/D : -17.640041
[setup reg-reg] _25494_/Q -> _26874_/D : -17.639561
[setup reg-reg] _25494_/Q -> _26330_/D : -17.639532
[setup reg-reg] _25494_/Q -> _26010_/D : -17.638662
[setup reg-reg] _25494_/Q -> _27450_/D : -17.638371
[setup reg-reg] _25494_/Q -> _27514_/D : -17.637800
[setup reg-reg] _25494_/Q -> _25818_/D : -17.637188
[setup reg-reg] _25494_/Q -> _26682_/D : -17.635384
[setup reg-reg] _25494_/Q -> _26938_/D : -17.635359
[setup reg-reg] _25494_/Q -> _27578_/D : -17.635366
[setup reg-reg] _25494_/Q -> _26554_/D : -17.635288
[setup reg-reg] _25494_/Q -> _26234_/D : -17.634218
[setup reg-reg] _25494_/Q -> _26810_/D : -17.633596
[setup reg-reg] _25494_/Q -> _27066_/D : -17.633480
[setup reg-reg] _25494_/Q -> _25914_/D : -17.633366
[setup reg-reg] _25494_/Q -> _27258_/D : -17.633379
[setup reg-reg] _25494_/Q -> _27002_/D : -17.633213
[setup reg-reg] _25494_/Q -> _25786_/D : -17.632929
[setup reg-reg] _25494_/Q -> _26042_/D : -17.632715
[setup reg-reg] _25494_/Q -> _27386_/D : -17.632694
[setup reg-reg] _25494_/Q -> _25882_/D : -17.632158
[setup reg-reg] _25494_/Q -> _27098_/D : -17.632061
[setup reg-reg] _25494_/Q -> _27690_/D : -17.631781
[setup reg-reg] _25494_/Q -> _26170_/D : -17.631462
[setup reg-reg] _25494_/Q -> _27130_/D : -17.631380
[setup reg-reg] _25494_/Q -> _27354_/D : -17.630960
[setup reg-reg] _25494_/Q -> _25652_/D : -17.630772
[setup reg-reg] _25494_/Q -> _26394_/D : -17.630701
[setup reg-reg] _25494_/Q -> _26362_/D : -17.629215
[setup reg-reg] _25494_/Q -> _26746_/D : -17.628691
[setup reg-reg] _25494_/Q -> _26458_/D : -17.627827
[setup reg-reg] _25494_/Q -> _27482_/D : -17.627340
[setup reg-reg] _25494_/Q -> _26970_/D : -17.625866
[setup reg-reg] _25494_/Q -> _26074_/D : -17.621361
[setup reg-reg] _25494_/Q -> _27194_/D : -17.617399
[setup reg-reg] _25494_/Q -> _27226_/D : -17.460920
[setup reg-reg] _25494_/Q -> _27610_/D : -17.459433
[setup reg-reg] _25494_/Q -> _26202_/D : -17.458803
[setup reg-reg] _25494_/Q -> _27034_/D : -17.458632
[setup reg-reg] _25494_/Q -> _25946_/D : -17.457336
[setup reg-reg] _25494_/Q -> _25227_/D : -17.242645
[setup reg-reg] _25494_/Q -> _25393_/D : -17.088963
[setup reg-reg] _25494_/Q -> _25406_/D : -16.814329
[setup reg-reg] _25494_/Q -> _25411_/D : -16.283573
[setup in-reg] rst -> _26242_/D : -15.931929
[setup in-reg] rst -> _26467_/D : -15.912665
[setup in-reg] rst -> _26599_/D : -15.907354
[setup in-reg] rst -> _26247_/D : -15.906658
[setup in-reg] rst -> _26663_/D : -15.899794
[setup in-reg] rst -> _26311_/D : -15.891544
[setup in-reg] rst -> _26471_/D : -15.882463
[setup in-reg] rst -> _26274_/D : -15.880919
[setup in-reg] rst -> _26215_/D : -15.878098
[setup in-reg] rst -> _26592_/D : -15.876889
[setup reg-reg] _25494_/Q -> _25412_/D : -15.871922
[setup in-reg] rst -> _26464_/D : -15.863688
[setup in-reg] rst -> _26567_/D : -15.857368
[setup in-reg] rst -> _26594_/D : -15.855399
[setup reg-reg] _25494_/Q -> _25413_/D : -15.852951
[setup in-reg] rst -> _26279_/D : -15.843295
[setup in-reg] rst -> _26432_/D : -15.841458
[setup in-reg] rst -> _26459_/D : -15.824579
[setup in-reg] rst -> _26210_/D : -15.811065
[setup in-reg] rst -> _26531_/D : -15.810873
[setup in-reg] rst -> _26568_/D : -15.801160
[setup in-reg] rst -> _26211_/D : -15.798765
[setup in-reg] rst -> _26304_/D : -15.797778
[setup in-reg] rst -> _26407_/D : -15.790534
[setup in-reg] rst -> _26240_/D : -15.790174
[setup in-reg] rst -> _26343_/D : -15.789152
[setup in-reg] rst -> _26658_/D : -15.788491
[setup in-reg] rst -> _26626_/D : -15.786782
[setup in-reg] rst -> _26235_/D : -15.784878
[setup in-reg] rst -> _26248_/D : -15.783695
[setup in-reg] rst -> _26336_/D : -15.782228
[setup in-reg] rst -> _26306_/D : -15.781805
[setup in-reg] rst -> _26627_/D : -15.780458
[setup in-reg] rst -> _26280_/D : -15.779264
[setup in-reg] rst -> _26472_/D : -15.777950
[setup in-reg] rst -> _26299_/D : -15.776511
[setup in-reg] rst -> _26439_/D : -15.774817
[setup in-reg] rst -> _26255_/D : -15.774426
[setup in-reg] rst -> _26371_/D : -15.773399
[setup in-reg] rst -> _26267_/D : -15.772724
[setup in-reg] rst -> _26656_/D : -15.766275
[setup in-reg] rst -> _26272_/D : -15.761788
[setup in-reg] rst -> _26307_/D : -15.760904
[setup in-reg] rst -> _26528_/D : -15.760091
[setup in-reg] rst -> _26400_/D : -15.758026
[setup in-reg] rst -> _26503_/D : -15.756101
[setup in-reg] rst -> _26496_/D : -15.750736
[setup in-reg] rst -> _26555_/D : -15.750516
[setup in-reg] rst -> _26339_/D : -15.746558
[setup in-reg] rst -> _26375_/D : -15.745798
[setup in-reg] rst -> _26331_/D : -15.742782
[setup in-reg] rst -> _26408_/D : -15.735239
[setup in-reg] rst -> _26434_/D : -15.735111
[setup in-reg] rst -> _26203_/D : -15.731019
[setup in-reg] rst -> _26560_/D : -15.727232
[setup in-reg] rst -> _26216_/D : -15.723419
[setup in-reg] rst -> _26312_/D : -15.718911
[setup in-reg] rst -> _26179_/D : -15.718595
[setup in-reg] rst -> _26631_/D : -15.718606
[setup in-reg] rst -> _26435_/D : -15.717760
[setup in-reg] rst -> _26535_/D : -15.715163
[setup in-reg] rst -> _26587_/D : -15.714108
[setup in-reg] rst -> _26664_/D : -15.712541
[setup in-reg] rst -> _26498_/D : -15.710765
[setup in-reg] rst -> _26499_/D : -15.704157
[setup in-reg] rst -> _26208_/D : -15.703400
[setup in-reg] rst -> _26363_/D : -15.703268
[setup in-reg] rst -> _26395_/D : -15.702821
[setup in-reg] rst -> _26523_/D : -15.690593
[setup in-reg] rst -> _26344_/D : -15.686539
[setup in-reg] rst -> _26176_/D : -15.684879
[setup in-reg] rst -> _26651_/D : -15.680456
[setup in-reg] rst -> _26368_/D : -15.674385
[setup in-reg] rst -> _26536_/D : -15.673166
[setup in-reg] rst -> _26427_/D : -15.671642
[setup in-reg] rst -> _26624_/D : -15.665983
[setup in-reg] rst -> _26440_/D : -15.663183
[setup in-reg] rst -> _26619_/D : -15.650976
[setup in-reg] rst -> _26632_/D : -15.647583
[setup in-reg] rst -> _26600_/D : -15.646773
[setup in-reg] rst -> _26504_/D : -15.645800
[setup in-reg] rst -> _26479_/D : -15.639525
[setup in-reg] rst -> _26376_/D : -15.638889
[setup in-reg] rst -> _26466_/D : -15.630729
[setup in-reg] rst -> _26171_/D : -15.626274
[setup in-reg] rst -> _26491_/D : -15.623631
[setup in-reg] rst -> _26183_/D : -15.619129
[setup in-reg] rst -> _26562_/D : -15.605757
[setup in-reg] rst -> _26287_/D : -15.605394
[setup in-reg] rst -> _26319_/D : -15.595987
[setup in-reg] rst -> _26184_/D : -15.578458
[setup in-reg] rst -> _26351_/D : -15.570411
[setup in-reg] rst -> _26671_/D : -15.569797
[setup in-reg] rst -> _26575_/D : -15.567878
[setup in-reg] rst -> _26415_/D : -15.553756
[setup reg-reg] _25494_/Q -> _25196_/D : -15.551194
[setup in-reg] rst -> _26447_/D : -15.545741
[setup in-reg] rst -> _26243_/D : -15.531335
[setup in-reg] rst -> _26402_/D : -15.528763
[setup in-reg] rst -> _26530_/D : -15.527807
[setup in-reg] rst -> _26607_/D : -15.527658
[setup in-reg] rst -> _26338_/D : -15.524858
[setup in-reg] rst -> _26639_/D : -15.521988
[setup in-reg] rst -> _26543_/D : -15.512588
[setup in-reg] rst -> _26511_/D : -15.509653
[setup in-reg] rst -> _26563_/D : -15.507528
[setup in-reg] rst -> _26252_/D : -15.503243
[setup in-reg] rst -> _26223_/D : -15.501989
[setup in-reg] rst -> _26275_/D : -15.485491
[setup in-reg] rst -> _26370_/D : -15.484138
[setup in-reg] rst -> _26659_/D : -15.471237
[setup in-reg] rst -> _26595_/D : -15.455801
[setup in-reg] rst -> _26383_/D : -15.454945
[setup in-reg] rst -> _26191_/D : -15.451860
[setup in-reg] rst -> _26403_/D : -15.437472
[setup in-reg] rst -> _26476_/D : -15.430555
[setup in-reg] rst -> _26284_/D : -15.417467
[setup in-reg] rst -> _26572_/D : -15.413477
[setup in-reg] rst -> _26412_/D : -15.412159
[setup in-reg] rst -> _26444_/D : -15.408624
[setup in-reg] rst -> _26220_/D : -15.401924
[setup in-reg] rst -> _26178_/D : -15.394176
[setup in-reg] rst -> _26668_/D : -15.384298
[setup in-reg] rst -> _26316_/D : -15.367416
[setup in-reg] rst -> _26604_/D : -15.361366
[setup in-reg] rst -> _26508_/D : -15.358989
[setup in-reg] rst -> _26348_/D : -15.339904
[setup in-reg] rst -> _26380_/D : -15.335705
[setup in-reg] rst -> _26540_/D : -15.330625
[setup in-reg] rst -> _26636_/D : -15.295907
[setup in-reg] rst -> _26188_/D : -15.238744
[setup reg-out] _24925_/Q -> miso : -14.562389
[setup reg-reg] _25494_/Q -> _25204_/D : -14.077436
[setup reg-reg] _25197_/Q -> _25415_/D : -12.391262
[setup reg-reg] _25197_/Q -> _25410_/D : -11.555063
[setup reg-reg] _25197_/Q -> _25419_/D : -11.534301
[setup reg-reg] _25059_/Q -> _25223_/D : -11.178255
[setup reg-reg] _25494_/Q -> _25660_/D : -10.922882
[setup reg-reg] _25494_/Q -> _26882_/D : -10.921994
[setup reg-reg] _25494_/Q -> _27522_/D : -10.921824
[setup reg-reg] _25494_/Q -> _27698_/D : -10.920672
[setup reg-reg] _25494_/Q -> _26754_/D : -10.920151
[setup reg-reg] _25494_/Q -> _26114_/D : -10.920009
[setup reg-reg] _25494_/Q -> _26082_/D : -10.918470
[setup reg-reg] _25494_/Q -> _26690_/D : -10.917464
[setup reg-reg] _25494_/Q -> _26978_/D : -10.917209
[setup reg-reg] _25494_/Q -> _25954_/D : -10.916974
[setup reg-reg] _25494_/Q -> _27458_/D : -10.916953
[setup reg-reg] _25494_/Q -> _27234_/D : -10.915524
[setup reg-reg] _25494_/Q -> _27202_/D : -10.914729
[setup reg-reg] _25494_/Q -> _27554_/D : -10.914249
[setup reg-reg] _25494_/Q -> _27138_/D : -10.914015
[setup reg-reg] _25494_/Q -> _26818_/D : -10.912210
[setup reg-reg] _25494_/Q -> _27618_/D : -10.832757
[setup reg-reg] _25494_/Q -> _26146_/D : -10.832498
[setup reg-reg] _25494_/Q -> _27106_/D : -10.832121
[setup reg-reg] _25494_/Q -> _25890_/D : -10.832061
[setup reg-reg] _25494_/Q -> _26850_/D : -10.830132
[setup reg-reg] _25494_/Q -> _25698_/D : -10.829094
[setup reg-reg] _25494_/Q -> _27586_/D : -10.828799
[setup reg-reg] _25494_/Q -> _27042_/D : -10.828576
[setup reg-reg] _25494_/Q -> _27490_/D : -10.827489
[setup reg-reg] _25494_/Q -> _27266_/D : -10.827226
[setup reg-reg] _25494_/Q -> _25986_/D : -10.827041
[setup reg-reg] _25494_/Q -> _27010_/D : -10.826778
[setup reg-reg] _25494_/Q -> _27170_/D : -10.826650
[setup reg-reg] _25494_/Q -> _26914_/D : -10.826412
[setup reg-reg] _25494_/Q -> _27074_/D : -10.676231
[setup reg-reg] _25494_/Q -> _25762_/D : -10.618120
[setup reg-reg] _25494_/Q -> _25922_/D : -10.616443
[setup reg-reg] _25494_/Q -> _27298_/D : -10.616201
[setup reg-reg] _25494_/Q -> _27394_/D : -10.615250
[setup reg-reg] _25494_/Q -> _27330_/D : -10.615200
[setup reg-reg] _25494_/Q -> _26946_/D : -10.614968
[setup reg-reg] _25494_/Q -> _26722_/D : -10.613178
[setup reg-reg] _25494_/Q -> _25858_/D : -10.612098
[setup reg-reg] _25494_/Q -> _26786_/D : -10.611928
[setup reg-reg] _25494_/Q -> _26050_/D : -10.611711
[setup reg-reg] _25494_/Q -> _27650_/D : -10.611029
[setup reg-reg] _25494_/Q -> _27362_/D : -10.609665
[setup reg-reg] _25494_/Q -> _25794_/D : -10.607569
[setup reg-reg] _25494_/Q -> _27426_/D : -10.597386
[setup reg-reg] _25494_/Q -> _26018_/D : -10.588668
[setup reg-reg] _25494_/Q -> _25826_/D : -10.578983
[setup reg-reg] _25494_/Q -> _25730_/D : -10.578543
[setup reg-reg] _25494_/Q -> _25005_/D : -10.505112
[setup reg-reg] _25494_/Q -> _24964_/D : -10.464963
[setup reg-reg] _25494_/Q -> _26683_/D : -9.997305
[setup reg-reg] _25494_/Q -> _27483_/D : -9.996778
[setup reg-reg] _25494_/Q -> _25851_/D : -9.993788
[setup reg-reg] _25494_/Q -> _26907_/D : -9.991304
[setup reg-reg] _25494_/Q -> _25979_/D : -9.990792
[setup reg-reg] _25494_/Q -> _26107_/D : -9.988856
[setup reg-reg] _25494_/Q -> _25691_/D : -9.988224
[setup reg-reg] _25494_/Q -> _27131_/D : -9.982703
[setup reg-reg] _25494_/Q -> _26747_/D : -9.980245
[setup reg-reg] _25494_/Q -> _27355_/D : -9.980248
[setup reg-reg] _25494_/Q -> _25883_/D : -9.975892
[setup reg-reg] _25494_/Q -> _27451_/D : -9.975892
[setup reg-reg] _25494_/Q -> _26139_/D : -9.975569
[setup reg-reg] _25494_/Q -> _26779_/D : -9.973964
[setup reg-reg] _25494_/Q -> _25819_/D : -9.971448
[setup reg-reg] _25494_/Q -> _27611_/D : -9.971288
[setup reg-reg] _25494_/Q -> _27195_/D : -9.970986
[setup reg-reg] _25494_/Q -> _26971_/D : -9.970968
[setup reg-reg] _25494_/Q -> _27099_/D : -9.961617
[setup reg-reg] _25494_/Q -> _25947_/D : -9.959440
[setup reg-reg] _25494_/Q -> _27387_/D : -9.959284
[setup reg-reg] _25494_/Q -> _27419_/D : -9.955912
[setup reg-reg] _25494_/Q -> _25653_/D : -9.951037
[setup reg-reg] _25494_/Q -> _25915_/D : -9.948874
[setup reg-reg] _25494_/Q -> _27291_/D : -9.948832
[setup reg-reg] _25494_/Q -> _25755_/D : -9.948288
[setup reg-reg] _25494_/Q -> _27035_/D : -9.942699
[setup reg-reg] _25494_/Q -> _27259_/D : -9.939576
[setup reg-reg] _25494_/Q -> _25723_/D : -9.938830
[setup reg-reg] _25494_/Q -> _26811_/D : -9.938476
[setup reg-reg] _25494_/Q -> _27579_/D : -9.938091
[setup reg-reg] _25494_/Q -> _26875_/D : -9.937733
[setup reg-reg] _25494_/Q -> _27515_/D : -9.937509
[setup reg-reg] _25494_/Q -> _25787_/D : -9.936070
[setup reg-reg] _25494_/Q -> _27163_/D : -9.933242
[setup reg-reg] _25494_/Q -> _26715_/D : -9.932105
[setup reg-reg] _25494_/Q -> _26075_/D : -9.931238
[setup reg-reg] _25494_/Q -> _26843_/D : -9.929938
[setup reg-reg] _25494_/Q -> _26011_/D : -9.929856
[setup reg-reg] _25494_/Q -> _27067_/D : -9.929615
[setup reg-reg] _25494_/Q -> _27227_/D : -9.928343
[setup reg-reg] _25494_/Q -> _27643_/D : -9.926940
[setup reg-reg] _25494_/Q -> _27003_/D : -9.926140
[setup reg-reg] _25494_/Q -> _27547_/D : -9.922989
[setup reg-reg] _25494_/Q -> _27323_/D : -9.917351
[setup reg-reg] _25494_/Q -> _26939_/D : -9.911332
[setup reg-reg] _25494_/Q -> _27691_/D : -9.906384
[setup reg-reg] _25494_/Q -> _26043_/D : -9.894716
[setup reg-reg] _25494_/Q -> _27696_/D : -9.837155
[setup reg-reg] _25494_/Q -> _26112_/D : -9.836935
[setup reg-reg] _25494_/Q -> _26752_/D : -9.836509
[setup reg-reg] _25494_/Q -> _25888_/D : -9.836200
[setup reg-reg] _25494_/Q -> _26976_/D : -9.830356
[setup reg-reg] _25494_/Q -> _27552_/D : -9.758452
[setup reg-reg] _25494_/Q -> _27616_/D : -9.758335
[setup reg-reg] _25494_/Q -> _26848_/D : -9.746902
[setup reg-reg] _25494_/Q -> _26016_/D : -9.746654
[setup reg-reg] _25494_/Q -> _27328_/D : -9.746497
[setup reg-reg] _25494_/Q -> _26912_/D : -9.745328
[setup reg-reg] _25494_/Q -> _27136_/D : -9.742792
[setup reg-reg] _25494_/Q -> _25760_/D : -9.707272
[setup reg-reg] _25494_/Q -> _26944_/D : -9.707254
[setup reg-reg] _25494_/Q -> _25920_/D : -9.706472
[setup reg-reg] _25494_/Q -> _26784_/D : -9.706326
[setup reg-reg] _25494_/Q -> _27296_/D : -9.706309
[setup reg-reg] _25494_/Q -> _25658_/D : -9.705719
[setup reg-reg] _25494_/Q -> _27424_/D : -9.705702
[setup reg-reg] _25494_/Q -> _26688_/D : -9.705165
[setup reg-reg] _25494_/Q -> _26048_/D : -9.705072
[setup reg-reg] _25494_/Q -> _27648_/D : -9.704607
[setup reg-reg] _25494_/Q -> _26080_/D : -9.704337
[setup reg-reg] _25494_/Q -> _27040_/D : -9.704323
[setup reg-reg] _25494_/Q -> _27488_/D : -9.704021
[setup reg-reg] _25494_/Q -> _27584_/D : -9.702262
[setup reg-reg] _25494_/Q -> _26720_/D : -9.702206
[setup reg-reg] _25494_/Q -> _25696_/D : -9.701257
[setup reg-reg] _25494_/Q -> _25952_/D : -9.699871
[setup reg-reg] _25494_/Q -> _27392_/D : -9.698112
[setup reg-reg] _25494_/Q -> _26880_/D : -9.694006
[setup reg-reg] _25494_/Q -> _27072_/D : -9.693306
[setup reg-reg] _25494_/Q -> _25728_/D : -9.689896
[setup reg-reg] _25494_/Q -> _27520_/D : -9.688372
[setup reg-reg] _25494_/Q -> _25856_/D : -9.685181
[setup reg-reg] _25494_/Q -> _27104_/D : -9.684268
[setup reg-reg] _25494_/Q -> _25824_/D : -9.684143
[setup reg-reg] _25494_/Q -> _26144_/D : -9.680907
[setup reg-reg] _25494_/Q -> _27168_/D : -9.674569
[setup reg-reg] _25494_/Q -> _25984_/D : -9.673752
[setup reg-reg] _25494_/Q -> _27456_/D : -9.641355
[setup reg-reg] _25494_/Q -> _25792_/D : -9.624586
[setup reg-reg] _25494_/Q -> _26816_/D : -9.620295
[setup reg-reg] _25494_/Q -> _27360_/D : -9.607003
[setup reg-reg] _25494_/Q -> _27200_/D : -9.594637
[setup reg-reg] _25494_/Q -> _27264_/D : -9.580308
[setup reg-reg] _25494_/Q -> _27232_/D : -9.579214
[setup reg-reg] _25494_/Q -> _27008_/D : -9.572987
[setup reg-reg] _25494_/Q -> _26883_/D : -9.469965
[setup reg-reg] _25494_/Q -> _26755_/D : -9.469566
[setup reg-reg] _25494_/Q -> _25923_/D : -9.466615
[setup reg-reg] _25494_/Q -> _26115_/D : -9.464856
[setup reg-reg] _25494_/Q -> _25955_/D : -9.464799
[setup reg-reg] _25494_/Q -> _27619_/D : -9.464447
[setup reg-reg] _25494_/Q -> _27139_/D : -9.463755
[setup reg-reg] _25494_/Q -> _27523_/D : -9.463594
[setup reg-reg] _25494_/Q -> _27203_/D : -9.463513
[setup reg-reg] _25494_/Q -> _26819_/D : -9.463367
[setup reg-reg] _25494_/Q -> _27459_/D : -9.462717
[setup reg-reg] _25494_/Q -> _27699_/D : -9.461097
[setup reg-reg] _25494_/Q -> _25699_/D : -9.460965
[setup reg-reg] _25494_/Q -> _26051_/D : -9.459925
[setup reg-reg] _25494_/Q -> _26979_/D : -9.396132
[setup reg-reg] _25494_/Q -> _26915_/D : -9.395553
[setup reg-reg] _25494_/Q -> _26083_/D : -9.379150
[setup reg-reg] _25494_/Q -> _27587_/D : -9.379143
[setup reg-reg] _25494_/Q -> _27043_/D : -9.376595
[setup reg-reg] _25494_/Q -> _26947_/D : -9.375448
[setup reg-reg] _25494_/Q -> _26691_/D : -9.374905
[setup reg-reg] _25494_/Q -> _27363_/D : -9.373750
[setup reg-reg] _25494_/Q -> _26019_/D : -9.373572
[setup reg-reg] _25494_/Q -> _27235_/D : -9.372951
[setup reg-reg] _25494_/Q -> _27075_/D : -9.372545
[setup reg-reg] _25494_/Q -> _25661_/D : -9.372180
[setup reg-reg] _25494_/Q -> _26723_/D : -9.372091
[setup reg-reg] _25494_/Q -> _27011_/D : -9.371807
[setup reg-reg] _25494_/Q -> _25731_/D : -9.371782
[setup reg-reg] _25494_/Q -> _25795_/D : -9.371519
[setup reg-reg] _25494_/Q -> _27555_/D : -9.370922
[setup reg-reg] _25494_/Q -> _26851_/D : -9.370790
[setup reg-reg] _25494_/Q -> _26991_/D : -9.164833
[setup reg-reg] _25494_/Q -> _25711_/D : -9.164701
[setup reg-reg] _25494_/Q -> _27535_/D : -9.164239
[setup reg-reg] _25494_/Q -> _27567_/D : -9.163874
[setup reg-reg] _25494_/Q -> _25903_/D : -9.163639
[setup reg-reg] _25494_/Q -> _26895_/D : -9.157795
[setup reg-reg] _25494_/Q -> _26767_/D : -9.155045
[setup reg-reg] _25494_/Q -> _27247_/D : -9.154509
[setup reg-reg] _25494_/Q -> _27651_/D : -9.117560
[setup reg-reg] _25494_/Q -> _26151_/D : -9.102568
[setup reg-reg] _25494_/Q -> _26855_/D : -9.101690
[setup reg-reg] _25494_/Q -> _25891_/D : -9.093949
[setup reg-reg] _25494_/Q -> _25987_/D : -9.093266
[setup reg-reg] _25494_/Q -> _27171_/D : -9.093192
[setup reg-reg] _25494_/Q -> _26147_/D : -9.092968
[setup reg-reg] _25494_/Q -> _27107_/D : -9.092862
[setup reg-reg] _25494_/Q -> _27491_/D : -9.092670
[setup reg-reg] _25494_/Q -> _27299_/D : -9.092144
[setup reg-reg] _25494_/Q -> _25827_/D : -9.091157
[setup reg-reg] _25494_/Q -> _27427_/D : -9.091139
[setup reg-reg] _25494_/Q -> _26787_/D : -9.090937
[setup reg-reg] _25494_/Q -> _27331_/D : -9.090787
[setup reg-reg] _25494_/Q -> _25763_/D : -9.090581
[setup reg-reg] _25494_/Q -> _27267_/D : -9.090482
[setup reg-reg] _25494_/Q -> _27395_/D : -9.090414
[setup reg-reg] _25494_/Q -> _25859_/D : -9.089607
[setup reg-reg] _25494_/Q -> _27303_/D : -9.072818
[setup reg-reg] _25494_/Q -> _27527_/D : -9.071791
[setup reg-reg] _25494_/Q -> _26791_/D : -9.070100
[setup reg-reg] _25494_/Q -> _26023_/D : -9.069674
[setup reg-reg] _25494_/Q -> _26863_/D : -9.048428
[setup reg-reg] _25494_/Q -> _26799_/D : -9.046872
[setup reg-reg] _25494_/Q -> _27407_/D : -9.046577
[setup reg-reg] _25494_/Q -> _26127_/D : -9.046396
[setup reg-reg] _25494_/Q -> _25935_/D : -9.046232
[setup reg-reg] _25494_/Q -> _26735_/D : -9.046022
[setup reg-reg] _25494_/Q -> _27087_/D : -9.045721
[setup reg-reg] _25494_/Q -> _25807_/D : -9.045373
[setup reg-reg] _25494_/Q -> _27375_/D : -9.045071
[setup reg-reg] _25494_/Q -> _26831_/D : -9.043923
[setup reg-reg] _25494_/Q -> _25999_/D : -9.040616
[setup reg-reg] _25494_/Q -> _27119_/D : -9.039145
[setup reg-reg] _25494_/Q -> _27471_/D : -9.035841
[setup reg-reg] _25494_/Q -> _27151_/D : -9.034352
[setup reg-reg] _25494_/Q -> _27631_/D : -9.033543
[setup reg-reg] _25494_/Q -> _26703_/D : -9.032896
[setup reg-reg] _25494_/Q -> _25871_/D : -9.030185
[setup reg-reg] _25494_/Q -> _25673_/D : -9.028661
[setup reg-reg] _25494_/Q -> _27663_/D : -9.028408
[setup reg-reg] _25494_/Q -> _27183_/D : -9.026725
[setup reg-reg] _25494_/Q -> _25839_/D : -9.026525
[setup reg-reg] _25494_/Q -> _26959_/D : -9.026064
[setup reg-reg] _25494_/Q -> _27215_/D : -9.025307
[setup reg-reg] _25494_/Q -> _27207_/D : -9.024930
[setup reg-reg] _25494_/Q -> _27311_/D : -9.024341
[setup reg-reg] _25494_/Q -> _25775_/D : -9.022561
[setup reg-reg] _25494_/Q -> _27279_/D : -9.022084
[setup reg-reg] _25494_/Q -> _27439_/D : -9.021878
[setup reg-reg] _25494_/Q -> _27239_/D : -9.012542
[setup reg-reg] _25494_/Q -> _25991_/D : -9.004488
[setup reg-reg] _25494_/Q -> _26951_/D : -9.003874
[setup reg-reg] _25494_/Q -> _26159_/D : -9.002129
[setup reg-reg] _25494_/Q -> _25743_/D : -9.001599
[setup reg-reg] _25494_/Q -> _26887_/D : -9.001255
[setup reg-reg] _25494_/Q -> _25831_/D : -9.001159
[setup reg-reg] _25494_/Q -> _26087_/D : -9.000736
[setup reg-reg] _25494_/Q -> _27711_/D : -9.000008
[setup reg-reg] _25494_/Q -> _26759_/D : -8.999770
[setup reg-reg] _25494_/Q -> _26119_/D : -8.999642
[setup reg-reg] _25494_/Q -> _26695_/D : -8.999517
[setup reg-reg] _25494_/Q -> _27495_/D : -8.998846
[setup reg-reg] _25494_/Q -> _27655_/D : -8.997979
[setup reg-reg] _25494_/Q -> _26823_/D : -8.997209
[setup reg-reg] _25494_/Q -> _26055_/D : -8.997009
[setup reg-reg] _25494_/Q -> _27503_/D : -8.996840
[setup reg-reg] _25494_/Q -> _25959_/D : -8.996523
[setup reg-reg] _25494_/Q -> _26031_/D : -8.996494
[setup reg-reg] _25494_/Q -> _27015_/D : -8.996196
[setup reg-reg] _25494_/Q -> _27367_/D : -8.996115
[setup reg-reg] _25494_/Q -> _26095_/D : -8.996037
[setup reg-reg] _25494_/Q -> _27463_/D : -8.995919
[setup reg-reg] _25494_/Q -> _27175_/D : -8.995226
[setup reg-reg] _25494_/Q -> _27335_/D : -8.995197
[setup reg-reg] _25494_/Q -> _27623_/D : -8.995205
[setup reg-reg] _25494_/Q -> _25767_/D : -8.994888
[setup reg-reg] _25494_/Q -> _26063_/D : -8.994861
[setup reg-reg] _25494_/Q -> _27559_/D : -8.994370
[setup reg-reg] _25494_/Q -> _27271_/D : -8.994285
[setup reg-reg] _25494_/Q -> _25895_/D : -8.993879
[setup reg-reg] _25494_/Q -> _27079_/D : -8.993585
[setup reg-reg] _25494_/Q -> _27399_/D : -8.993556
[setup reg-reg] _25494_/Q -> _26927_/D : -8.992821
[setup reg-reg] _25494_/Q -> _25967_/D : -8.992260
[setup reg-reg] _25494_/Q -> _27055_/D : -8.987609
[setup reg-reg] _25494_/Q -> _27599_/D : -8.986835
[setup reg-reg] _25494_/Q -> _27343_/D : -8.983953
[setup reg-reg] _25494_/Q -> _26727_/D : -8.983836
[setup reg-reg] _25494_/Q -> _27023_/D : -8.982742
[setup reg-reg] _25494_/Q -> _27591_/D : -8.975807
[setup reg-reg] _25494_/Q -> _25799_/D : -8.931419
[setup reg-reg] _25494_/Q -> _27047_/D : -8.931129
[setup reg-reg] _25494_/Q -> _25927_/D : -8.930719
[setup reg-reg] _25494_/Q -> _25665_/D : -8.930620
[setup reg-reg] _25494_/Q -> _25703_/D : -8.926147
[setup reg-reg] _25494_/Q -> _27431_/D : -8.925632
[setup reg-reg] _25494_/Q -> _25863_/D : -8.925437
[setup reg-reg] _25494_/Q -> _27143_/D : -8.925440
[setup reg-reg] _25494_/Q -> _26919_/D : -8.925320
[setup reg-reg] _25494_/Q -> _27703_/D : -8.925138
[setup reg-reg] _25494_/Q -> _26983_/D : -8.924986
[setup reg-reg] _25494_/Q -> _27111_/D : -8.924453
[setup reg-reg] _25494_/Q -> _25735_/D : -8.924442
[setup reg-reg] _25494_/Q -> _25002_/D : -6.199990
[setup reg-reg] _25494_/Q -> _24961_/D : -6.162161
[setup reg-reg] _25494_/Q -> _25586_/D : -6.103726
[setup reg-reg] _25494_/Q -> _25587_/D : -6.103321
[setup reg-reg] _25494_/Q -> _25593_/D : -6.095850
[setup reg-reg] _25494_/Q -> _25588_/D : -6.073392
[setup reg-reg] _25494_/Q -> _25579_/D : -6.062418
[setup reg-reg] _25494_/Q -> _25590_/D : -6.052744
[setup reg-reg] _25494_/Q -> _25589_/D : -6.039333
[setup reg-reg] _25494_/Q -> _25592_/D : -6.036245
[setup reg-reg] _25494_/Q -> _25585_/D : -6.033400
[setup reg-reg] _25494_/Q -> _25580_/D : -6.032611
[setup reg-reg] _25494_/Q -> _25609_/D : -6.024916
[setup reg-reg] _25494_/Q -> _25583_/D : -6.024514
[setup reg-reg] _25494_/Q -> _25581_/D : -6.022248
[setup reg-reg] _25494_/Q -> _25578_/D : -6.021129
[setup reg-reg] _25494_/Q -> _25584_/D : -6.017288
[setup reg-reg] _25494_/Q -> _25602_/D : -6.015686
[setup reg-reg] _25494_/Q -> _25603_/D : -6.011632
[setup reg-reg] _25494_/Q -> _25594_/D : -6.011533
[setup reg-reg] _25494_/Q -> _25608_/D : -6.010673
[setup reg-reg] _25494_/Q -> _25607_/D : -6.007170
[setup reg-reg] _25494_/Q -> _25582_/D : -6.006179
[setup reg-reg] _25494_/Q -> _25605_/D : -6.005067
[setup reg-reg] _25494_/Q -> _25601_/D : -5.881674
[setup reg-reg] _25494_/Q -> _25600_/D : -5.876985
[setup reg-reg] _25494_/Q -> _25595_/D : -5.876068
[setup reg-reg] _25494_/Q -> _25604_/D : -5.874181
[setup reg-reg] _25494_/Q -> _25597_/D : -5.871012
[setup reg-reg] _25494_/Q -> _25599_/D : -5.870529
[setup reg-reg] _25494_/Q -> _25591_/D : -5.870163
[setup reg-reg] _25494_/Q -> _25606_/D : -5.868035
[setup reg-reg] _25494_/Q -> _25598_/D : -5.860294
[setup reg-reg] _25494_/Q -> _25596_/D : -5.859843
[setup reg-reg] _25494_/Q -> _25554_/D : -5.367646
[setup reg-reg] _25494_/Q -> _25555_/D : -5.344965
[setup reg-reg] _25494_/Q -> _25560_/D : -5.307712
[setup reg-reg] _25494_/Q -> _25558_/D : -5.284775
[setup reg-reg] _25494_/Q -> _25571_/D : -5.280636
[setup reg-reg] _25494_/Q -> _25548_/D : -5.270778
[setup reg-reg] _25494_/Q -> _25546_/D : -5.263484
[setup reg-reg] _25494_/Q -> _25552_/D : -5.259473
[setup reg-reg] _25494_/Q -> _25553_/D : -5.257092
[setup reg-reg] _25494_/Q -> _25547_/D : -5.253398
[setup reg-reg] _25494_/Q -> _25549_/D : -5.249568
[setup reg-reg] _25494_/Q -> _25576_/D : -5.244509
[setup reg-reg] _25494_/Q -> _25561_/D : -5.239866
[setup reg-reg] _25494_/Q -> _25573_/D : -5.239674
[setup reg-reg] _25494_/Q -> _25556_/D : -5.234337
[setup reg-reg] _25494_/Q -> _25577_/D : -5.232042
[setup reg-reg] _25494_/Q -> _25562_/D : -5.229794
[setup reg-reg] _25494_/Q -> _25551_/D : -5.208371
[setup reg-reg] _25494_/Q -> _25557_/D : -5.203699
[setup reg-reg] _25494_/Q -> _25570_/D : -5.191463
[setup reg-reg] _25494_/Q -> _25550_/D : -5.184475
[setup reg-reg] _25494_/Q -> _25566_/D : -5.151609
[setup reg-reg] _25494_/Q -> _25559_/D : -5.144486
[setup reg-reg] _25494_/Q -> _25568_/D : -5.110643
[setup reg-reg] _25494_/Q -> _25564_/D : -5.094364
[setup reg-reg] _25494_/Q -> _25575_/D : -5.093817
[setup reg-reg] _25494_/Q -> _25567_/D : -5.093781
[setup reg-reg] _25494_/Q -> _25574_/D : -5.073094
[setup reg-reg] _25494_/Q -> _25569_/D : -5.051085
[setup reg-reg] _25494_/Q -> _25572_/D : -5.039393
[setup reg-reg] _25494_/Q -> _25565_/D : -5.033986
[setup reg-reg] _25494_/Q -> _25563_/D : -4.962676
[setup reg-reg] _25217_/Q -> _25104_/D : -4.911215
[setup reg-reg] _25217_/Q -> _25116_/D : -4.908216
[setup reg-reg] _25217_/Q -> _25110_/D : -4.897924
[setup reg-reg] _25217_/Q -> _25112_/D : -4.891622
[setup reg-reg] _25217_/Q -> _25111_/D : -4.867726
[setup reg-reg] _25217_/Q -> _25105_/D : -4.863935
[setup reg-reg] _25217_/Q -> _25109_/D : -4.863637
[setup reg-reg] _25217_/Q -> _25108_/D : -4.861541
[setup reg-reg] _25217_/Q -> _25113_/D : -4.860319
[setup reg-reg] _25217_/Q -> _25115_/D : -4.855693
[setup reg-reg] _25217_/Q -> _25106_/D : -4.846655
[setup reg-reg] _25217_/Q -> _25117_/D : -4.842239
[setup reg-reg] _25217_/Q -> _25107_/D : -4.836124
[setup reg-reg] _25217_/Q -> _25103_/D : -4.835656
[setup reg-reg] _25217_/Q -> _25102_/D : -4.831904
[setup reg-reg] _25217_/Q -> _25118_/D : -4.829634
[setup reg-reg] _25206_/Q -> _25208_/D : -4.827978
[setup reg-reg] _25217_/Q -> _25114_/D : -4.818343
[setup reg-reg] _25217_/Q -> _25101_/D : -4.810065
[setup reg-reg] _25494_/Q -> _24957_/D : -4.792423
[setup reg-reg] _25217_/Q -> _25096_/D : -4.792323
[setup reg-reg] _25217_/Q -> _25123_/D : -4.787214
[setup reg-reg] _25217_/Q -> _25119_/D : -4.785044
[setup reg-reg] _25217_/Q -> _25095_/D : -4.783814
[setup reg-reg] _25217_/Q -> _25121_/D : -4.783306
[setup reg-reg] _25217_/Q -> _25097_/D : -4.782575
[setup reg-reg] _25217_/Q -> _25094_/D : -4.782414
[setup reg-reg] _25217_/Q -> _25098_/D : -4.781434
[setup reg-reg] _25217_/Q -> _25125_/D : -4.778961
[setup reg-reg] _25217_/Q -> _25099_/D : -4.776823
[setup reg-reg] _25217_/Q -> _25100_/D : -4.771263
[setup reg-reg] _25494_/Q -> _24998_/D : -4.761055
[setup reg-reg] _25494_/Q -> _25670_/D : -4.586990
[setup reg-reg] _25494_/Q -> _27372_/D : -4.586742
[setup reg-reg] _25494_/Q -> _26060_/D : -4.586458
[setup reg-reg] _25494_/Q -> _26092_/D : -4.585864
[setup reg-reg] _25494_/Q -> _27052_/D : -4.585722
[setup reg-reg] _25494_/Q -> _26956_/D : -4.585129
[setup reg-reg] _25494_/Q -> _27148_/D : -4.584671
[setup reg-reg] _25494_/Q -> _27436_/D : -4.584596
[setup reg-reg] _25494_/Q -> _26156_/D : -4.583989
[setup reg-reg] _25494_/Q -> _25772_/D : -4.583296
[setup reg-reg] _25494_/Q -> _26764_/D : -4.583207
[setup reg-reg] _25494_/Q -> _27660_/D : -4.579899
[setup reg-reg] _25494_/Q -> _25740_/D : -4.532570
[setup reg-reg] _25494_/Q -> _26924_/D : -4.512696
[setup reg-reg] _25494_/Q -> _25618_/D : -4.512575
[setup reg-reg] _25494_/Q -> _25964_/D : -4.512561
[setup reg-reg] _25494_/Q -> _25900_/D : -4.512554
[setup reg-reg] _25494_/Q -> _25996_/D : -4.512394
[setup reg-reg] _25494_/Q -> _27404_/D : -4.512025
[setup reg-reg] _25494_/Q -> _27116_/D : -4.511307
[setup reg-reg] _25494_/Q -> _26988_/D : -4.510223
[setup reg-reg] _25494_/Q -> _27020_/D : -4.509729
[setup reg-reg] _25494_/Q -> _26860_/D : -4.509442
[setup reg-reg] _25494_/Q -> _25804_/D : -4.509282
[setup reg-reg] _25494_/Q -> _26828_/D : -4.509012
[setup reg-reg] _25494_/Q -> _27180_/D : -4.508870
[setup reg-reg] _25494_/Q -> _27244_/D : -4.507726
[setup reg-reg] _25494_/Q -> _25619_/D : -4.501786
[setup reg-reg] _25494_/Q -> _25625_/D : -4.488619
[setup reg-reg] _25494_/Q -> _25622_/D : -4.483916
[setup reg-reg] _25494_/Q -> _25708_/D : -4.477272
[setup reg-reg] _25494_/Q -> _27500_/D : -4.476778
[setup reg-reg] _25494_/Q -> _27212_/D : -4.476231
[setup reg-reg] _25494_/Q -> _25932_/D : -4.476043
[setup reg-reg] _25494_/Q -> _25836_/D : -4.475304
[setup reg-reg] _25217_/Q -> _25081_/D : -4.475034
[setup reg-reg] _25494_/Q -> _26892_/D : -4.474885
[setup reg-reg] _25217_/Q -> _25071_/D : -4.471786
[setup reg-reg] _25217_/Q -> _25072_/D : -4.469065
[setup reg-reg] _25217_/Q -> _25083_/D : -4.464948
[setup reg-reg] _25494_/Q -> _25635_/D : -4.464344
[setup reg-reg] _25217_/Q -> _25084_/D : -4.464091
[setup reg-reg] _25494_/Q -> _25611_/D : -4.463395
[setup reg-reg] _25494_/Q -> _25620_/D : -4.462187
[setup reg-reg] _25494_/Q -> _26700_/D : -4.461626
[setup reg-reg] _25217_/Q -> _25076_/D : -4.459484
[setup reg-reg] _25217_/Q -> _25073_/D : -4.457245
[setup reg-reg] _25494_/Q -> _25613_/D : -4.451810
[setup reg-reg] _25217_/Q -> _25080_/D : -4.450239
[setup reg-reg] _25494_/Q -> _27276_/D : -4.446118
[setup reg-reg] _25494_/Q -> _26732_/D : -4.445692
[setup reg-reg] _25494_/Q -> _27308_/D : -4.445575
[setup reg-reg] _25494_/Q -> _27468_/D : -4.445347
[setup reg-reg] _25494_/Q -> _27596_/D : -4.445092
[setup reg-reg] _25217_/Q -> _25074_/D : -4.443788
[setup reg-reg] _25494_/Q -> _27532_/D : -4.443290
[setup reg-reg] _25494_/Q -> _27084_/D : -4.436846
[setup reg-reg] _25217_/Q -> _25079_/D : -4.436298
[setup reg-reg] _25494_/Q -> _27708_/D : -4.436188
[setup reg-reg] _25494_/Q -> _26028_/D : -4.435766
[setup reg-reg] _25494_/Q -> _26124_/D : -4.435716
[setup reg-reg] _25217_/Q -> _25077_/D : -4.435233
[setup reg-reg] _25494_/Q -> _25624_/D : -4.434718
[setup reg-reg] _25494_/Q -> _25612_/D : -4.434313
[setup reg-reg] _25494_/Q -> _27628_/D : -4.433957
[setup reg-reg] _25494_/Q -> _26796_/D : -4.432987
[setup reg-reg] _25494_/Q -> _25617_/D : -4.432909
[setup reg-reg] _25494_/Q -> _25868_/D : -4.432518
[setup reg-reg] _25494_/Q -> _27564_/D : -4.427331
[setup reg-reg] _25494_/Q -> _27340_/D : -4.425601
[setup reg-reg] _25494_/Q -> _25615_/D : -4.424113
[setup reg-reg] _25494_/Q -> _25610_/D : -4.421548
[setup reg-reg] _25494_/Q -> _25641_/D : -4.416407
[setup reg-reg] _25494_/Q -> _25616_/D : -4.412730
[setup reg-reg] _25494_/Q -> _25614_/D : -4.411891
[setup reg-reg] _25494_/Q -> _25634_/D : -4.411579
[setup reg-reg] _25494_/Q -> _25639_/D : -4.411309
[setup reg-reg] _25494_/Q -> _25637_/D : -4.409585
[setup reg-reg] _25494_/Q -> _25640_/D : -4.407387
[setup reg-reg] _25494_/Q -> _25626_/D : -4.407035
[setup reg-reg] _25217_/Q -> _25085_/D : -4.402267
[setup reg-reg] _25217_/Q -> _25078_/D : -4.395954
[setup reg-reg] _25217_/Q -> _25075_/D : -4.384315
[setup reg-reg] _25217_/Q -> _25070_/D : -4.381928
[setup reg-reg] _25217_/Q -> _25069_/D : -4.378808
[setup reg-reg] _25217_/Q -> _25082_/D : -4.375327
[setup reg-reg] _25217_/Q -> _25087_/D : -4.362555
[setup reg-reg] _25217_/Q -> _25086_/D : -4.359954
[setup reg-reg] _25217_/Q -> _25089_/D : -4.356575
[setup reg-reg] _25217_/Q -> _25091_/D : -4.355165
[setup reg-reg] _25217_/Q -> _25068_/D : -4.354615
[setup reg-reg] _25217_/Q -> _25067_/D : -4.354579
[setup reg-reg] _25217_/Q -> _25062_/D : -4.353648
[setup reg-reg] _25217_/Q -> _25066_/D : -4.351993
[setup reg-reg] _25217_/Q -> _25093_/D : -4.351613
[setup reg-reg] _25217_/Q -> _25063_/D : -4.351201
[setup reg-reg] _25217_/Q -> _25064_/D : -4.348578
[setup reg-reg] _25217_/Q -> _25065_/D : -4.348550
[setup reg-reg] _25494_/Q -> _25623_/D : -4.280033
[setup reg-reg] _25494_/Q -> _25632_/D : -4.276544
[setup reg-reg] _25494_/Q -> _25621_/D : -4.275187
[setup reg-reg] _25494_/Q -> _25630_/D : -4.273616
[setup reg-reg] _25494_/Q -> _25633_/D : -4.273066
[setup reg-reg] _25494_/Q -> _25636_/D : -4.272636
[setup reg-reg] _25494_/Q -> _25638_/D : -4.269936
[setup reg-reg] _25494_/Q -> _25628_/D : -4.265800
[setup reg-reg] _25494_/Q -> _25631_/D : -4.261598
[setup reg-reg] _25494_/Q -> _25627_/D : -4.259636
[setup reg-reg] _25494_/Q -> _25629_/D : -4.256972
[setup reg-reg] _25494_/Q -> _25206_/D : -4.018005
[setup reg-reg] _25494_/Q -> _27304_/D : -3.640452
[setup reg-reg] _25494_/Q -> _25992_/D : -3.639833
[setup reg-reg] _25494_/Q -> _26920_/D : -3.639823
[setup reg-reg] _25494_/Q -> _27368_/D : -3.638252
[setup reg-reg] _25494_/Q -> _26696_/D : -3.631854
[setup reg-reg] _25494_/Q -> _25704_/D : -3.631843
[setup reg-reg] _25494_/Q -> _26792_/D : -3.631591
[setup reg-reg] _25494_/Q -> _26120_/D : -3.630920
[setup reg-reg] _25494_/Q -> _26728_/D : -3.630440
[setup reg-reg] _25494_/Q -> _26024_/D : -3.629630
[setup reg-reg] _25494_/Q -> _27464_/D : -3.629172
[setup reg-reg] _25494_/Q -> _27176_/D : -3.628824
[setup reg-reg] _25494_/Q -> _26856_/D : -3.616162
[setup reg-reg] _25494_/Q -> _25666_/D : -3.584898
[setup reg-reg] _25494_/Q -> _26056_/D : -3.584443
[setup reg-reg] _25494_/Q -> _26760_/D : -3.583939
[setup reg-reg] _25494_/Q -> _27496_/D : -3.583008
[setup reg-reg] _25494_/Q -> _27272_/D : -3.582635
[setup reg-reg] _25494_/Q -> _25960_/D : -3.581136
[setup reg-reg] _25494_/Q -> _26984_/D : -3.577572
[setup reg-reg] _25494_/Q -> _27112_/D : -3.574545
[setup reg-reg] _25494_/Q -> _27592_/D : -3.573853
[setup reg-reg] _25494_/Q -> _27432_/D : -3.573703
[setup reg-reg] _25494_/Q -> _25800_/D : -3.570389
[setup reg-reg] _25494_/Q -> _25896_/D : -3.566790
[setup reg-reg] _25494_/Q -> _25736_/D : -3.565379
[setup reg-reg] _25494_/Q -> _27560_/D : -3.565088
[setup reg-reg] _25494_/Q -> _27144_/D : -3.564953
[setup reg-reg] _25494_/Q -> _25832_/D : -3.564864
[setup reg-reg] _25494_/Q -> _27528_/D : -3.564718
[setup reg-reg] _25494_/Q -> _25928_/D : -3.564626
[setup reg-reg] _25494_/Q -> _27240_/D : -3.564409
[setup reg-reg] _25494_/Q -> _26152_/D : -3.564285
[setup reg-reg] _25494_/Q -> _27656_/D : -3.564210
[setup reg-reg] _25494_/Q -> _27400_/D : -3.564161
[setup reg-reg] _25494_/Q -> _25864_/D : -3.563841
[setup reg-reg] _25494_/Q -> _27048_/D : -3.563663
[setup reg-reg] _25494_/Q -> _25768_/D : -3.563304
[setup reg-reg] _25494_/Q -> _26824_/D : -3.563120
[setup reg-reg] _25494_/Q -> _26088_/D : -3.561748
[setup reg-reg] _25494_/Q -> _27624_/D : -3.561446
[setup reg-reg] _25494_/Q -> _27016_/D : -3.560942
[setup reg-reg] _25494_/Q -> _26952_/D : -3.556760
[setup reg-reg] _25494_/Q -> _27208_/D : -3.548760
[setup reg-reg] _25494_/Q -> _27704_/D : -3.543775
[setup reg-reg] _25494_/Q -> _27336_/D : -3.537778
[setup reg-reg] _25494_/Q -> _27080_/D : -3.536819
[setup reg-reg] _25494_/Q -> _25523_/D : -3.526630
[setup reg-reg] _25494_/Q -> _26888_/D : -3.522178
[setup reg-reg] _25494_/Q -> _25522_/D : -3.514653
[setup reg-reg] _25494_/Q -> _25529_/D : -3.493227
[setup reg-reg] _25494_/Q -> _25524_/D : -3.470433
[setup reg-reg] _25494_/Q -> _25515_/D : -3.468635
[setup reg-reg] _25494_/Q -> _25526_/D : -3.452200
[setup reg-reg] _25494_/Q -> _25528_/D : -3.447727
[setup reg-reg] _25494_/Q -> _25525_/D : -3.444278
[setup reg-reg] _25494_/Q -> _25519_/D : -3.433716
[setup reg-reg] _25494_/Q -> _25517_/D : -3.430618
[setup reg-reg] _25494_/Q -> _25516_/D : -3.428916
[setup reg-reg] _25494_/Q -> _25521_/D : -3.427843
[setup reg-reg] _25494_/Q -> _25520_/D : -3.420450
[setup reg-reg] _25494_/Q -> _25514_/D : -3.415515
[setup reg-reg] _25494_/Q -> _25530_/D : -3.414545
[setup reg-reg] _25494_/Q -> _25538_/D : -3.413334
[setup reg-reg] _25494_/Q -> _25541_/D : -3.413309
[setup reg-reg] _25494_/Q -> _25545_/D : -3.409745
[setup reg-reg] _25494_/Q -> _25539_/D : -3.408879
[setup reg-reg] _25494_/Q -> _25544_/D : -3.408815
[setup reg-reg] _25494_/Q -> _25518_/D : -3.408150
[setup reg-reg] _25494_/Q -> _25543_/D : -3.406836
[setup reg-reg] _25494_/Q -> _25531_/D : -3.280892
[setup reg-reg] _25494_/Q -> _25535_/D : -3.276622
[setup reg-reg] _25494_/Q -> _25534_/D : -3.273975
[setup reg-reg] _25494_/Q -> _25542_/D : -3.273108
[setup reg-reg] _25494_/Q -> _25532_/D : -3.272067
[setup reg-reg] _25494_/Q -> _25537_/D : -3.270461
[setup reg-reg] _25494_/Q -> _25540_/D : -3.270159
[setup reg-reg] _25494_/Q -> _25533_/D : -3.267836
[setup reg-reg] _25494_/Q -> _25527_/D : -3.267044
[setup reg-reg] _25494_/Q -> _25536_/D : -3.260560
[setup reg-reg] _25217_/Q -> _24968_/D : -3.128879
[setup reg-reg] _25494_/Q -> _25211_/D : -3.037073
[setup reg-reg] _25197_/Q -> _25128_/D : -2.969387
[setup reg-reg] _25217_/Q -> _24969_/D : -2.886310
[setup reg-reg] _25126_/Q -> _25019_/D : -2.652431
[setup reg-reg] _25217_/Q -> _25127_/D : -2.649454
[setup reg-reg] _24923_/Q -> _24917_/D : -2.308425
[setup reg-reg] _24923_/Q -> _24913_/D : -2.307299
[setup reg-reg] _24923_/Q -> _24910_/D : -2.305413
[setup reg-reg] _24923_/Q -> _24915_/D : -2.300837
[setup reg-reg] _24923_/Q -> _24911_/D : -2.288147
[setup reg-reg] _25217_/Q -> _25513_/D : -2.106827
[setup reg-reg] _25217_/Q -> _25509_/D : -2.102329
[setup reg-reg] _25217_/Q -> _25507_/D : -2.043631
[setup reg-reg] _25217_/Q -> _25511_/D : -2.035599
[setup reg-reg] _25217_/Q -> _25506_/D : -2.030792
[setup reg-reg] _25494_/Q -> _25212_/D : -1.888207
[setup reg-reg] _25197_/Q -> _27669_/D : -1.777931
[setup reg-reg] _25197_/Q -> _27664_/D : -1.741814
[setup reg-reg] _25197_/Q -> _27665_/D : -1.734325
[setup reg-reg] _25197_/Q -> _27668_/D : -1.699384
[setup reg-reg] _25017_/Q -> _27671_/D : -1.362118
[setup reg-reg] _25126_/Q -> _25018_/D : -1.260357
[setup reg-reg] _25197_/Q -> _27667_/D : -1.086910
[setup reg-reg] _25197_/Q -> _27666_/D : -1.084764
[setup reg-reg] _25126_/Q -> _25024_/D : -0.937412
[setup reg-reg] _25017_/Q -> _27672_/D : -0.916426
[setup reg-reg] _25217_/Q -> _25007_/D : -0.905342
[setup reg-reg] _25217_/Q -> _25009_/D : -0.903981
[setup reg-reg] _25217_/Q -> _25011_/D : -0.899988
[setup reg-reg] _25059_/Q -> _25226_/D : -0.871772
[setup reg-reg] _25217_/Q -> _25013_/D : -0.838156
[setup reg-reg] _25217_/Q -> _25006_/D : -0.826468
[setup reg-reg] _25126_/Q -> _25023_/D : -0.773813
[setup reg-reg] _25059_/Q -> _27670_/D : -0.729486
[setup reg-reg] _25059_/Q -> _25224_/D : -0.451326
[setup reg-reg] _25126_/Q -> _25049_/D : -0.450644
[setup reg-reg] _25217_/Q -> _25503_/D : -0.448065
[setup reg-reg] _25217_/Q -> _25501_/D : -0.446892
[setup reg-reg] _25217_/Q -> _25505_/D : -0.444672
[setup reg-reg] _25217_/Q -> _25498_/D : -0.443485
[setup reg-reg] _25217_/Q -> _25499_/D : -0.442132
[setup reg-reg] _25059_/Q -> _25229_/D : -0.367386
Writing metric timing__hold_vio__count__corner:nom_tt_025C_5v00: 5
Writing metric timing__hold_r2r__ws__corner:nom_tt_025C_5v00: 0.913399
Writing metric timing__hold_r2r_vio__count__corner:nom_tt_025C_5v00: 0
Writing metric timing__setup_vio__count__corner:nom_tt_025C_5v00: 2687
Writing metric timing__setup_r2r__ws__corner:nom_tt_025C_5v00: -61.629692
Writing metric timing__setup_r2r_vio__count__corner:nom_tt_025C_5v00: 2558
