
===========================================================================
Violator List
============================================================================
[setup reg-reg] _25075_/Q -> _24856_/D : -4.875141
[setup reg-reg] _25075_/Q -> _24815_/D : -4.445667
[setup reg-reg] _25087_/Q -> _24857_/D : -4.425509
[setup reg-reg] _25075_/Q -> _25356_/D : -4.414074
[setup reg-reg] _25087_/Q -> _25338_/D : -4.304065
[setup reg-reg] _25075_/Q -> _26533_/D : -4.199071
[setup reg-reg] _25075_/Q -> _26501_/D : -4.191026
[setup reg-reg] _25087_/Q -> _25178_/D : -4.190337
[setup reg-reg] _25075_/Q -> _27461_/D : -4.184884
[setup reg-reg] _25075_/Q -> _26949_/D : -4.181180
[setup reg-reg] _25087_/Q -> _24852_/D : -4.178562
[setup reg-reg] _25075_/Q -> _27269_/D : -4.168845
[setup reg-reg] _25075_/Q -> _27301_/D : -4.168777
[setup reg-reg] _25075_/Q -> _26341_/D : -4.164992
[setup reg-reg] _25075_/Q -> _26981_/D : -4.160960
[setup reg-reg] _25075_/Q -> _26181_/D : -4.145971
[setup reg-reg] _25075_/Q -> _25765_/D : -4.135116
[setup reg-reg] _25075_/Q -> _27237_/D : -4.128119
[setup reg-reg] _25075_/Q -> _26053_/D : -4.127357
[setup reg-reg] _25075_/Q -> _26245_/D : -4.126385
[setup reg-reg] _25075_/Q -> _26789_/D : -4.124692
[setup reg-reg] _25075_/Q -> _25829_/D : -4.124077
[setup reg-reg] _25075_/Q -> _26469_/D : -4.120708
[setup reg-reg] _25075_/Q -> _26437_/D : -4.117837
[setup reg-reg] _25075_/Q -> _26149_/D : -4.116201
[setup reg-reg] _25075_/Q -> _26117_/D : -4.115584
[setup reg-reg] _25075_/Q -> _26373_/D : -4.114863
[setup reg-reg] _25075_/Q -> _25573_/D : -4.111638
[setup reg-reg] _25075_/Q -> _27333_/D : -4.110504
[setup reg-reg] _25075_/Q -> _27365_/D : -4.102226
[setup reg-reg] _25075_/Q -> _25989_/D : -4.082537
[setup reg-reg] _25087_/Q -> _25274_/D : -4.057258
[setup reg-reg] _25075_/Q -> _27109_/D : -4.048074
[setup reg-reg] _25087_/Q -> _24816_/D : -4.039739
[setup reg-reg] _25087_/Q -> _25183_/D : -4.033185
[setup reg-reg] _25087_/Q -> _25199_/D : -4.015236
[setup reg-reg] _25087_/Q -> _25203_/D : -4.003516
[setup reg-reg] _25075_/Q -> _26595_/D : -3.989927
[setup reg-reg] _25087_/Q -> _25227_/D : -3.987660
[setup reg-reg] _25087_/Q -> _25180_/D : -3.982521
[setup reg-reg] _25075_/Q -> _25667_/D : -3.969344
[setup reg-reg] _25075_/Q -> _26851_/D : -3.960777
[setup reg-reg] _25075_/Q -> _26243_/D : -3.955183
[setup reg-reg] _25087_/Q -> _25342_/D : -3.952611
[setup reg-reg] _25075_/Q -> _26947_/D : -3.944395
[setup reg-reg] _25075_/Q -> _25891_/D : -3.938942
[setup reg-reg] _25087_/Q -> _25190_/D : -3.912261
[setup reg-reg] _25087_/Q -> _25187_/D : -3.909687
[setup reg-reg] _25087_/Q -> _25163_/D : -3.908902
[setup reg-reg] _25075_/Q -> _27331_/D : -3.905020
[setup reg-reg] _25087_/Q -> _26815_/D : -3.902212
[setup reg-reg] _25075_/Q -> _25343_/D : -3.898817
[setup reg-reg] _25075_/Q -> _25347_/D : -3.897400
[setup reg-reg] _25087_/Q -> _25210_/D : -3.892625
[setup reg-reg] _25087_/Q -> _26751_/D : -3.888019
[setup reg-reg] _25087_/Q -> _27167_/D : -3.886667
[setup reg-reg] _25087_/Q -> _27295_/D : -3.886505
[setup reg-reg] _25087_/Q -> _25355_/D : -3.886381
[setup reg-reg] _25087_/Q -> _25195_/D : -3.884397
[setup reg-reg] _25087_/Q -> _26655_/D : -3.884223
[setup reg-reg] _25075_/Q -> _27075_/D : -3.881217
[setup reg-reg] _25087_/Q -> _27567_/D : -3.878791
[setup reg-reg] _25075_/Q -> _25603_/D : -3.876503
[setup reg-reg] _25087_/Q -> _24811_/D : -3.866202
[setup reg-reg] _25087_/Q -> _25198_/D : -3.865289
[setup reg-reg] _25087_/Q -> _26879_/D : -3.862514
[setup reg-reg] _25087_/Q -> _27103_/D : -3.860436
[setup reg-reg] _25087_/Q -> _25184_/D : -3.858888
[setup reg-reg] _25087_/Q -> _25188_/D : -3.837787
[setup reg-reg] _25087_/Q -> _25146_/D : -3.836194
[setup reg-reg] _25087_/Q -> _26719_/D : -3.835561
[setup reg-reg] _25075_/Q -> _25344_/D : -3.831367
[setup reg-reg] _25087_/Q -> _25951_/D : -3.806420
[setup reg-reg] _25087_/Q -> _25168_/D : -3.790183
[setup reg-reg] _25075_/Q -> _26531_/D : -3.789401
[setup reg-reg] _25087_/Q -> _25045_/D : -3.780459
[setup reg-reg] _25087_/Q -> _25162_/D : -3.772963
[setup reg-reg] _25075_/Q -> _25063_/D : -3.771765
[setup reg-reg] _25087_/Q -> _25194_/D : -3.720674
[setup reg-reg] _25087_/Q -> _25062_/D : -3.718357
[setup reg-reg] _25087_/Q -> _25235_/D : -3.678311
[setup reg-reg] _25087_/Q -> _25182_/D : -3.670001
[setup reg-reg] _25087_/Q -> _25173_/D : -3.665600
[setup reg-reg] _25087_/Q -> _25291_/D : -3.641663
[setup reg-reg] _25087_/Q -> _25179_/D : -3.594703
[setup reg-reg] _25087_/Q -> _25232_/D : -3.552035
[setup reg-reg] _25075_/Q -> _25279_/D : -3.550929
[setup reg-reg] _25087_/Q -> _25070_/D : -3.528085
[setup reg-reg] _25087_/Q -> _25192_/D : -3.517922
[setup reg-reg] _25087_/Q -> _25193_/D : -3.509557
[setup reg-reg] _25087_/Q -> _25058_/D : -3.507829
[setup reg-reg] _25075_/Q -> _25350_/D : -3.488451
[setup reg-reg] _25087_/Q -> _25351_/D : -3.469959
[setup reg-reg] _25087_/Q -> _25035_/D : -3.462468
[setup reg-reg] _25087_/Q -> _25204_/D : -3.452465
[setup reg-reg] _25087_/Q -> _26036_/D : -3.450006
[setup reg-reg] _25087_/Q -> _25049_/D : -3.443864
[setup reg-reg] _25087_/Q -> _25196_/D : -3.438778
[setup reg-reg] _25075_/Q -> _25222_/D : -3.437514
[setup reg-reg] _25075_/Q -> _26592_/D : -3.437396
[setup reg-reg] _25087_/Q -> _25363_/D : -3.435702
[setup reg-reg] _25087_/Q -> _25200_/D : -3.434048
[setup reg-reg] _25087_/Q -> _25191_/D : -3.433996
[setup reg-reg] _25075_/Q -> _26733_/D : -3.431328
[setup reg-reg] _25075_/Q -> _26829_/D : -3.428971
[setup reg-reg] _25075_/Q -> _26688_/D : -3.426811
[setup reg-reg] _25087_/Q -> _25214_/D : -3.426596
[setup reg-reg] _25087_/Q -> _25299_/D : -3.423194
[setup reg-reg] _25087_/Q -> _25143_/D : -3.421064
[setup reg-reg] _25075_/Q -> _27581_/D : -3.419531
[setup reg-reg] _25087_/Q -> _25156_/D : -3.413748
[setup reg-reg] _25075_/Q -> _25709_/D : -3.408088
[setup reg-reg] _25087_/Q -> _27380_/D : -3.407753
[setup reg-reg] _25075_/Q -> _25773_/D : -3.403264
[setup reg-reg] _25075_/Q -> _26432_/D : -3.402946
[setup reg-reg] _25087_/Q -> _27412_/D : -3.401949
[setup reg-reg] _25075_/Q -> _26029_/D : -3.389939
[setup reg-reg] _25075_/Q -> _25760_/D : -3.388388
[setup reg-reg] _25087_/Q -> _25159_/D : -3.386729
[setup reg-reg] _25087_/Q -> _27327_/D : -3.385298
[setup reg-reg] _25075_/Q -> _26893_/D : -3.383631
[setup reg-reg] _25087_/Q -> _25142_/D : -3.377792
[setup reg-reg] _25075_/Q -> _26752_/D : -3.375698
[setup reg-reg] _25087_/Q -> _25588_/D : -3.374071
[setup reg-reg] _25075_/Q -> _27200_/D : -3.372902
[setup reg-reg] _25075_/Q -> _25658_/D : -3.372636
[setup reg-reg] _25087_/Q -> _25171_/D : -3.371490
[setup reg-reg] _25087_/Q -> _25166_/D : -3.370916
[setup reg-reg] _25075_/Q -> _26624_/D : -3.370882
[setup reg-reg] _25075_/Q -> _26880_/D : -3.369006
[setup reg-reg] _25087_/Q -> _25160_/D : -3.368944
[setup reg-reg] _25087_/Q -> _25684_/D : -3.367099
[setup reg-reg] _25087_/Q -> _25716_/D : -3.363704
[setup reg-reg] _25087_/Q -> _25172_/D : -3.362643
[setup reg-reg] _25087_/Q -> _25151_/D : -3.360315
[setup reg-reg] _25087_/Q -> _25170_/D : -3.359982
[setup reg-reg] _25075_/Q -> _26477_/D : -3.359377
[setup reg-reg] _25075_/Q -> _26048_/D : -3.358334
[setup reg-reg] _25087_/Q -> _25161_/D : -3.358043
[setup reg-reg] _25075_/Q -> _26714_/D : -3.358032
[setup reg-reg] _25075_/Q -> _26989_/D : -3.357741
[setup reg-reg] _25087_/Q -> _26772_/D : -3.356435
[setup reg-reg] _25087_/Q -> _25157_/D : -3.354279
[setup reg-reg] _25087_/Q -> _25223_/D : -3.350779
[setup reg-reg] _25087_/Q -> _25158_/D : -3.348163
[setup reg-reg] _25075_/Q -> _27053_/D : -3.346157
[setup reg-reg] _25075_/Q -> _27264_/D : -3.344988
[setup reg-reg] _25075_/Q -> _27450_/D : -3.343910
[setup reg-reg] _25087_/Q -> _25175_/D : -3.337391
[setup reg-reg] _25075_/Q -> _26778_/D : -3.331072
[setup reg-reg] _25075_/Q -> _27072_/D : -3.330365
[setup reg-reg] _25075_/Q -> _25664_/D : -3.329829
[setup reg-reg] _25087_/Q -> _25983_/D : -3.329552
[setup reg-reg] _25087_/Q -> _25360_/D : -3.326656
[setup reg-reg] _25087_/Q -> _25759_/D : -3.326076
[setup reg-reg] _25075_/Q -> _26650_/D : -3.325573
[setup reg-reg] _25075_/Q -> _26656_/D : -3.325207
[setup reg-reg] _25087_/Q -> _26964_/D : -3.325146
[setup reg-reg] _25087_/Q -> _25055_/D : -3.323670
[setup reg-reg] _25075_/Q -> _26816_/D : -3.322351
[setup reg-reg] _25075_/Q -> _26304_/D : -3.321226
[setup reg-reg] _25075_/Q -> _25057_/D : -3.317407
[setup reg-reg] _25075_/Q -> _27290_/D : -3.316878
[setup reg-reg] _25087_/Q -> _26164_/D : -3.316714
[setup reg-reg] _25075_/Q -> _26112_/D : -3.315957
[setup reg-reg] _25075_/Q -> _25728_/D : -3.315700
[setup reg-reg] _25075_/Q -> _26176_/D : -3.315506
[setup reg-reg] _25075_/Q -> _26496_/D : -3.313645
[setup reg-reg] _25087_/Q -> _25242_/D : -3.312771
[setup reg-reg] _25087_/Q -> _25780_/D : -3.309168
[setup reg-reg] _25075_/Q -> _25568_/D : -3.309053
[setup reg-reg] _25087_/Q -> _25155_/D : -3.306917
[setup reg-reg] _25075_/Q -> _25818_/D : -3.302807
[setup reg-reg] _25075_/Q -> _26298_/D : -3.302086
[setup reg-reg] _25075_/Q -> _27104_/D : -3.301972
[setup reg-reg] _25075_/Q -> _26853_/D : -3.300030
[setup reg-reg] _25075_/Q -> _27130_/D : -3.299821
[setup reg-reg] _25075_/Q -> _26784_/D : -3.299588
[setup reg-reg] _25087_/Q -> _26476_/D : -3.299581
[setup reg-reg] _25075_/Q -> _26976_/D : -3.294893
[setup reg-reg] _25075_/Q -> _26458_/D : -3.294352
[setup reg-reg] _25075_/Q -> _25283_/D : -3.294233
[setup reg-reg] _25075_/Q -> _27136_/D : -3.292451
[setup reg-reg] _25087_/Q -> _26591_/D : -3.290136
[setup reg-reg] _25075_/Q -> _27568_/D : -3.288221
[setup reg-reg] _25087_/Q -> _26220_/D : -3.286047
[setup reg-reg] _25075_/Q -> _26016_/D : -3.284670
[setup reg-reg] _25075_/Q -> _25824_/D : -3.284127
[setup reg-reg] _25087_/Q -> _25186_/D : -3.283241
[setup reg-reg] _25087_/Q -> _27039_/D : -3.280754
[setup reg-reg] _25087_/Q -> _26047_/D : -3.280082
[setup reg-reg] _25087_/Q -> _26367_/D : -3.279778
[setup reg-reg] _25087_/Q -> _25174_/D : -3.278656
[setup reg-reg] _25075_/Q -> _27328_/D : -3.274787
[setup reg-reg] _25075_/Q -> _27456_/D : -3.272785
[setup reg-reg] _25075_/Q -> _27514_/D : -3.270234
[setup reg-reg] _25075_/Q -> _26240_/D : -3.269973
[setup reg-reg] _25087_/Q -> _25695_/D : -3.269943
[setup reg-reg] _25075_/Q -> _25797_/D : -3.268758
[setup reg-reg] _25087_/Q -> _25152_/D : -3.267232
[setup reg-reg] _25075_/Q -> _26309_/D : -3.266733
[setup reg-reg] _25087_/Q -> _25887_/D : -3.266704
[setup reg-reg] _25087_/Q -> _25900_/D : -3.264219
[setup reg-reg] _25075_/Q -> _25856_/D : -3.263081
[setup reg-reg] _25087_/Q -> _27487_/D : -3.262317
[setup reg-reg] _25075_/Q -> _25605_/D : -3.260048
[setup reg-reg] _25075_/Q -> _26144_/D : -3.259672
[setup reg-reg] _25087_/Q -> _25631_/D : -3.258906
[setup reg-reg] _25075_/Q -> _25984_/D : -3.255403
[setup reg-reg] _25075_/Q -> _26106_/D : -3.254414
[setup reg-reg] _25075_/Q -> _27397_/D : -3.252465
[setup reg-reg] _25075_/Q -> _26693_/D : -3.252316
[setup reg-reg] _25075_/Q -> _26597_/D : -3.249976
[setup reg-reg] _25087_/Q -> _25246_/D : -3.249276
[setup reg-reg] _25075_/Q -> _27194_/D : -3.248790
[setup reg-reg] _25087_/Q -> _27212_/D : -3.248619
[setup reg-reg] _25087_/Q -> _26239_/D : -3.247768
[setup reg-reg] _25087_/Q -> _26444_/D : -3.247516
[setup reg-reg] _25087_/Q -> _27391_/D : -3.246207
[setup reg-reg] _25075_/Q -> _25632_/D : -3.242015
[setup reg-reg] _25075_/Q -> _27429_/D : -3.240759
[setup reg-reg] _25075_/Q -> _27493_/D : -3.240103
[setup reg-reg] _25075_/Q -> _26021_/D : -3.239904
[setup reg-reg] _25075_/Q -> _25925_/D : -3.237226
[setup reg-reg] _25087_/Q -> _25267_/D : -3.237165
[setup reg-reg] _25087_/Q -> _26399_/D : -3.236654
[setup reg-reg] _25075_/Q -> _26725_/D : -3.235121
[setup reg-reg] _25087_/Q -> _25772_/D : -3.235110
[setup reg-reg] _25075_/Q -> _27045_/D : -3.234799
[setup reg-reg] _25087_/Q -> _25154_/D : -3.229786
[setup reg-reg] _25075_/Q -> _25888_/D : -3.229474
[setup reg-reg] _25075_/Q -> _26085_/D : -3.229373
[setup reg-reg] _25087_/Q -> _26111_/D : -3.228401
[setup reg-reg] _25075_/Q -> _27173_/D : -3.227982
[setup reg-reg] _25087_/Q -> _26956_/D : -3.227315
[setup reg-reg] _25087_/Q -> _25147_/D : -3.226043
[setup reg-reg] _25075_/Q -> _27141_/D : -3.225266
[setup reg-reg] _25075_/Q -> _26213_/D : -3.223788
[setup reg-reg] _25075_/Q -> _25957_/D : -3.223120
[setup reg-reg] _25075_/Q -> _25893_/D : -3.219293
[setup reg-reg] _25087_/Q -> _26559_/D : -3.219091
[setup reg-reg] _25075_/Q -> _25050_/D : -3.218371
[setup reg-reg] _25075_/Q -> _26405_/D : -3.215339
[setup reg-reg] _25087_/Q -> _26847_/D : -3.214861
[setup reg-reg] _25087_/Q -> _26687_/D : -3.214755
[setup reg-reg] _25075_/Q -> _26554_/D : -3.213408
[setup reg-reg] _25087_/Q -> _26828_/D : -3.210907
[setup reg-reg] _25075_/Q -> _27322_/D : -3.204757
[setup reg-reg] _25075_/Q -> _25690_/D : -3.203191
[setup reg-reg] _25087_/Q -> _25346_/D : -3.200917
[setup reg-reg] _25075_/Q -> _25850_/D : -3.200430
[setup reg-reg] _25075_/Q -> _26234_/D : -3.198631
[setup reg-reg] _25075_/Q -> _25914_/D : -3.189713
[setup reg-reg] _25075_/Q -> _26426_/D : -3.187250
[setup reg-reg] _25087_/Q -> _25804_/D : -3.186685
[setup reg-reg] _25075_/Q -> _27226_/D : -3.184830
[setup reg-reg] _25087_/Q -> _25836_/D : -3.184241
[setup reg-reg] _25075_/Q -> _25524_/D : -3.183962
[setup reg-reg] _25087_/Q -> _26175_/D : -3.181599
[setup reg-reg] _25075_/Q -> _26917_/D : -3.178345
[setup reg-reg] _25075_/Q -> _25054_/D : -3.177311
[setup reg-reg] _25075_/Q -> _27002_/D : -3.177226
[setup reg-reg] _25075_/Q -> _25946_/D : -3.174391
[setup reg-reg] _25075_/Q -> _27034_/D : -3.174186
[setup reg-reg] _25075_/Q -> _25978_/D : -3.172234
[setup reg-reg] _25075_/Q -> _24861_/D : -3.167964
[setup reg-reg] _25087_/Q -> _25612_/D : -3.166498
[setup reg-reg] _25087_/Q -> _25868_/D : -3.165873
[setup reg-reg] _25075_/Q -> _25701_/D : -3.164221
[setup reg-reg] _25075_/Q -> _25594_/D : -3.163036
[setup reg-reg] _25087_/Q -> _25181_/D : -3.162235
[setup reg-reg] _25087_/Q -> _25823_/D : -3.159002
[setup reg-reg] _25087_/Q -> _26316_/D : -3.155320
[setup reg-reg] _25075_/Q -> _26821_/D : -3.155010
[setup reg-reg] _25075_/Q -> _27013_/D : -3.154895
[setup reg-reg] _25087_/Q -> _25176_/D : -3.154799
[setup reg-reg] _25075_/Q -> _25669_/D : -3.153439
[setup reg-reg] _25075_/Q -> _26970_/D : -3.152596
[setup reg-reg] _25087_/Q -> _27468_/D : -3.146077
[setup reg-reg] _25087_/Q -> _25197_/D : -3.144063
[setup reg-reg] _25087_/Q -> _26156_/D : -3.143498
[setup reg-reg] _25087_/Q -> _27308_/D : -3.141262
[setup reg-reg] _25087_/Q -> _25996_/D : -3.139238
[setup reg-reg] _25075_/Q -> _26938_/D : -3.138363
[setup reg-reg] _25087_/Q -> _26124_/D : -3.134005
[setup reg-reg] _25087_/Q -> _25286_/D : -3.132492
[setup reg-reg] _25087_/Q -> _25932_/D : -3.131662
[setup reg-reg] _25075_/Q -> _25273_/D : -3.131300
[setup reg-reg] _25087_/Q -> _25259_/D : -3.129200
[setup reg-reg] _25075_/Q -> _27482_/D : -3.119375
[setup reg-reg] _25087_/Q -> _27500_/D : -3.114476
[setup reg-reg] _25075_/Q -> _26202_/D : -3.111291
[setup reg-reg] _25075_/Q -> _26757_/D : -3.108966
[setup reg-reg] _25075_/Q -> _24867_/D : -3.104351
[setup reg-reg] _25087_/Q -> _24878_/D : -3.098902
[setup reg-reg] _25075_/Q -> _25733_/D : -3.098449
[setup reg-reg] _25087_/Q -> _26097_/D : -3.096968
[setup reg-reg] _25075_/Q -> _25348_/D : -3.095139
[setup reg-reg] _25075_/Q -> _25626_/D : -3.092312
[setup reg-reg] _25075_/Q -> _25535_/D : -3.088990
[setup reg-reg] _25087_/Q -> _25278_/D : -3.086086
[setup reg-reg] _25075_/Q -> _26266_/D : -3.085520
[setup reg-reg] _25075_/Q -> _25164_/D : -3.082091
[setup reg-reg] _25075_/Q -> _26586_/D : -3.078240
[setup reg-reg] _25075_/Q -> _25245_/D : -3.073962
[setup reg-reg] _25087_/Q -> _25177_/D : -3.072499
[setup reg-reg] _25075_/Q -> _25051_/D : -3.069932
[setup reg-reg] _25087_/Q -> _25202_/D : -3.069442
[setup reg-reg] _25075_/Q -> _27098_/D : -3.063613
[setup reg-reg] _25087_/Q -> _25038_/D : -3.062482
[setup reg-reg] _25075_/Q -> _24869_/D : -3.062116
[setup reg-reg] _25087_/Q -> _25114_/D : -3.057773
[setup reg-reg] _25075_/Q -> _25219_/D : -3.051886
[setup reg-reg] _25075_/Q -> _26661_/D : -3.051754
[setup reg-reg] _25087_/Q -> _25067_/D : -3.041350
[setup reg-reg] _25075_/Q -> _25105_/D : -3.028481
[setup reg-reg] _25087_/Q -> _26801_/D : -3.028426
[setup reg-reg] _25087_/Q -> _25580_/D : -3.025329
[setup reg-reg] _25087_/Q -> _26575_/D : -3.025013
[setup reg-reg] _25075_/Q -> _25215_/D : -3.024727
[setup reg-reg] _25075_/Q -> _27077_/D : -3.022373
[setup reg-reg] _25075_/Q -> _26629_/D : -3.021114
[setup reg-reg] _25075_/Q -> _26565_/D : -3.019100
[setup reg-reg] _25075_/Q -> _27573_/D : -3.015476
[setup reg-reg] _25075_/Q -> _26755_/D : -3.014799
[setup reg-reg] _25087_/Q -> _25150_/D : -3.011172
[setup reg-reg] _25075_/Q -> _27205_/D : -3.010015
[setup reg-reg] _25075_/Q -> _25861_/D : -3.008211
[setup reg-reg] _25087_/Q -> _27215_/D : -3.001706
[setup reg-reg] _25087_/Q -> _26959_/D : -3.001649
[setup reg-reg] _25087_/Q -> _25189_/D : -3.000345
[setup reg-reg] _25087_/Q -> _27505_/D : -2.999093
[setup reg-reg] _25087_/Q -> _26092_/D : -2.994245
[setup reg-reg] _25075_/Q -> _26277_/D : -2.992472
[setup reg-reg] _25087_/Q -> _25284_/D : -2.991845
[setup reg-reg] _25087_/Q -> _25935_/D : -2.989939
[setup reg-reg] _25087_/Q -> _27404_/D : -2.989241
[setup reg-reg] _25087_/Q -> _27087_/D : -2.989136
[setup reg-reg] _25087_/Q -> _27151_/D : -2.986107
[setup reg-reg] _25087_/Q -> _27119_/D : -2.982354
[setup reg-reg] _25075_/Q -> _25260_/D : -2.981398
[setup reg-reg] _25087_/Q -> _27244_/D : -2.981377
[setup reg-reg] _25087_/Q -> _27345_/D : -2.979528
[setup reg-reg] _25087_/Q -> _26668_/D : -2.977675
[setup reg-reg] _25087_/Q -> _27052_/D : -2.977238
[setup reg-reg] _25087_/Q -> _25296_/D : -2.973454
[setup reg-reg] _25087_/Q -> _26860_/D : -2.973451
[setup reg-reg] _25075_/Q -> _26275_/D : -2.972602
[setup reg-reg] _25087_/Q -> _26927_/D : -2.969719
[setup reg-reg] _25087_/Q -> _25139_/D : -2.969379
[setup reg-reg] _25087_/Q -> _26351_/D : -2.967497
[setup reg-reg] _25087_/Q -> _27409_/D : -2.964619
[setup reg-reg] _25087_/Q -> _25839_/D : -2.962636
[setup reg-reg] _25075_/Q -> _25292_/D : -2.961821
[setup reg-reg] _25087_/Q -> _27343_/D : -2.958377
[setup reg-reg] _25075_/Q -> _26403_/D : -2.956336
[setup reg-reg] _25087_/Q -> _25711_/D : -2.954820
[setup reg-reg] _25087_/Q -> _25743_/D : -2.953844
[setup reg-reg] _25087_/Q -> _25013_/D : -2.952206
[setup reg-reg] _25087_/Q -> _25967_/D : -2.949205
[setup reg-reg] _25087_/Q -> _26735_/D : -2.948481
[setup reg-reg] _25087_/Q -> _27099_/D : -2.945548
[setup reg-reg] _25087_/Q -> _25915_/D : -2.944168
[setup reg-reg] _25087_/Q -> _26319_/D : -2.941418
[setup reg-reg] _25087_/Q -> _27135_/D : -2.937629
[setup reg-reg] _25087_/Q -> _25583_/D : -2.933254
[setup reg-reg] _25087_/Q -> _24879_/D : -2.933243
[setup reg-reg] _25087_/Q -> _26991_/D : -2.928923
[setup reg-reg] _25087_/Q -> _26289_/D : -2.927891
[setup reg-reg] _25087_/Q -> _27515_/D : -2.921512
[setup reg-reg] _25075_/Q -> _26339_/D : -2.915396
[setup reg-reg] _25075_/Q -> _25216_/D : -2.914064
[setup reg-reg] _25087_/Q -> _25691_/D : -2.911607
[setup reg-reg] _25075_/Q -> _25228_/D : -2.911236
[setup reg-reg] _25087_/Q -> _26609_/D : -2.905917
[setup reg-reg] _25087_/Q -> _26895_/D : -2.905823
[setup reg-reg] _25087_/Q -> _27455_/D : -2.905282
[setup reg-reg] _25087_/Q -> _26875_/D : -2.903161
[setup reg-reg] _25087_/Q -> _25851_/D : -2.902414
[setup reg-reg] _25087_/Q -> _25111_/D : -2.901924
[setup reg-reg] _25087_/Q -> _27055_/D : -2.901922
[setup reg-reg] _25087_/Q -> _25567_/D : -2.900221
[setup reg-reg] _25087_/Q -> _24820_/D : -2.899990
[setup reg-reg] _25087_/Q -> _24837_/D : -2.895803
[setup reg-reg] _25087_/Q -> _25120_/D : -2.895526
[setup reg-reg] _25087_/Q -> _26257_/D : -2.895517
[setup reg-reg] _25075_/Q -> _25337_/D : -2.894769
[setup reg-reg] _25087_/Q -> _26811_/D : -2.891607
[setup reg-reg] _25087_/Q -> _26683_/D : -2.886758
[setup reg-reg] _25087_/Q -> _26107_/D : -2.886427
[setup reg-reg] _25087_/Q -> _27153_/D : -2.878782
[setup reg-reg] _25087_/Q -> _25649_/D : -2.875579
[setup reg-reg] _25075_/Q -> _27427_/D : -2.873897
[setup reg-reg] _25075_/Q -> _26883_/D : -2.867831
[setup reg-reg] _25087_/Q -> _25109_/D : -2.866987
[setup reg-reg] _25075_/Q -> _25333_/D : -2.860507
[setup reg-reg] _25075_/Q -> _24826_/D : -2.858752
[setup reg-reg] _25075_/Q -> _25254_/D : -2.849749
[setup reg-reg] _25087_/Q -> _25287_/D : -2.843848
[setup reg-reg] _25087_/Q -> _25269_/D : -2.840912
[setup reg-reg] _25075_/Q -> _26371_/D : -2.835854
[setup reg-reg] _25087_/Q -> _27263_/D : -2.832041
[setup reg-reg] _25075_/Q -> _25280_/D : -2.829529
[setup reg-reg] _25075_/Q -> _26115_/D : -2.825976
[setup reg-reg] _25075_/Q -> _26147_/D : -2.825775
[setup reg-reg] _25087_/Q -> _25134_/D : -2.816877
[setup reg-reg] _25087_/Q -> _25053_/D : -2.805736
[setup reg-reg] _25075_/Q -> _25699_/D : -2.805132
[setup reg-reg] _25075_/Q -> _26211_/D : -2.799242
[setup reg-reg] _25075_/Q -> _25247_/D : -2.785099
[setup reg-reg] _25087_/Q -> _27486_/D : -2.781128
[setup reg-reg] _25075_/Q -> _24875_/D : -2.770161
[setup reg-reg] _25087_/Q -> _25854_/D : -2.767608
[setup reg-reg] _25087_/Q -> _25264_/D : -2.767006
[setup reg-reg] _25075_/Q -> _27203_/D : -2.755888
[setup reg-reg] _25087_/Q -> _25122_/D : -2.755625
[setup reg-reg] _25075_/Q -> _27139_/D : -2.753263
[setup reg-reg] _25087_/Q -> _27566_/D : -2.752685
[setup reg-reg] _25087_/Q -> _25135_/D : -2.751167
[setup reg-reg] _25087_/Q -> _25125_/D : -2.748440
[setup reg-reg] _25087_/Q -> _25117_/D : -2.747052
[setup reg-reg] _25075_/Q -> _26563_/D : -2.743905
[setup reg-reg] _25087_/Q -> _26814_/D : -2.743180
[setup reg-reg] _25087_/Q -> _26302_/D : -2.739160
[setup reg-reg] _25075_/Q -> _26467_/D : -2.739105
[setup reg-reg] _25087_/Q -> _25124_/D : -2.737170
[setup reg-reg] _25087_/Q -> _25167_/D : -2.736444
[setup reg-reg] _25075_/Q -> _25763_/D : -2.736041
[setup reg-reg] _25087_/Q -> _26494_/D : -2.735586
[setup reg-reg] _25075_/Q -> _25923_/D : -2.733756
[setup reg-reg] _25075_/Q -> _24862_/D : -2.733236
[setup reg-reg] _25075_/Q -> _25987_/D : -2.732692
[setup reg-reg] _25087_/Q -> _25127_/D : -2.732493
[setup reg-reg] _25087_/Q -> _25126_/D : -2.730426
[setup reg-reg] _25075_/Q -> _26723_/D : -2.729591
[setup reg-reg] _25075_/Q -> _25731_/D : -2.729371
[setup reg-reg] _25075_/Q -> _26659_/D : -2.728441
[setup reg-reg] _25087_/Q -> _25149_/D : -2.726530
[setup reg-reg] _25075_/Q -> _26051_/D : -2.725910
[setup reg-reg] _25075_/Q -> _24834_/D : -2.715076
[setup reg-reg] _25075_/Q -> _27395_/D : -2.713803
[setup reg-reg] _25075_/Q -> _26019_/D : -2.712790
[setup reg-reg] _25075_/Q -> _25859_/D : -2.711836
[setup reg-reg] _25087_/Q -> _26110_/D : -2.708507
[setup reg-reg] _25075_/Q -> _27107_/D : -2.706091
[setup reg-reg] _25087_/Q -> _25123_/D : -2.699252
[setup reg-reg] _25075_/Q -> _26915_/D : -2.696700
[setup reg-reg] _25087_/Q -> _25218_/D : -2.695771
[setup reg-reg] _25087_/Q -> _25918_/D : -2.694682
[setup reg-reg] _25087_/Q -> _24838_/D : -2.693801
[setup reg-reg] _25075_/Q -> _27299_/D : -2.691257
[setup reg-reg] _25087_/Q -> _26142_/D : -2.690264
[setup reg-reg] _25087_/Q -> _25019_/D : -2.686642
[setup reg-reg] _25087_/Q -> _25066_/D : -2.686017
[setup reg-reg] _25075_/Q -> _26307_/D : -2.677972
[setup reg-reg] _25075_/Q -> _26179_/D : -2.671982
[setup reg-reg] _25075_/Q -> _27267_/D : -2.661700
[setup reg-reg] _25075_/Q -> _27171_/D : -2.659920
[setup reg-reg] _25087_/Q -> _27454_/D : -2.657577
[setup reg-reg] _25087_/Q -> _25362_/D : -2.655419
[setup reg-reg] _25075_/Q -> _26787_/D : -2.652815
[setup reg-reg] _25087_/Q -> _25169_/D : -2.646360
[setup reg-reg] _25075_/Q -> _26819_/D : -2.643914
[setup reg-reg] _25075_/Q -> _27571_/D : -2.632705
[setup reg-reg] _25075_/Q -> _26372_/D : -2.631415
[setup reg-reg] _25075_/Q -> _24828_/D : -2.609172
[setup reg-reg] _25075_/Q -> _25282_/D : -2.600974
[setup reg-reg] _25075_/Q -> _26858_/D : -2.590257
[setup reg-reg] _25075_/Q -> _26116_/D : -2.588038
[setup reg-reg] _25087_/Q -> _25144_/D : -2.586967
[setup reg-reg] _25075_/Q -> _25044_/D : -2.586049
[setup reg-reg] _25087_/Q -> _25908_/D : -2.579158
[setup reg-reg] _25087_/Q -> _25136_/D : -2.577208
[setup reg-reg] _25075_/Q -> _25668_/D : -2.576989
[setup reg-reg] _25075_/Q -> _26794_/D : -2.576501
[setup reg-reg] _25075_/Q -> _26948_/D : -2.572886
[setup reg-reg] _25075_/Q -> _27239_/D : -2.570630
[setup reg-reg] _25087_/Q -> _25133_/D : -2.570619
[setup reg-reg] _25075_/Q -> _26979_/D : -2.568818
[setup reg-reg] _25087_/Q -> _25131_/D : -2.568253
[setup reg-reg] _25087_/Q -> _27156_/D : -2.565473
[setup reg-reg] _25075_/Q -> _25738_/D : -2.564855
[setup reg-reg] _25075_/Q -> _25828_/D : -2.563411
[setup reg-reg] _25087_/Q -> _25128_/D : -2.560563
[setup reg-reg] _25075_/Q -> _25671_/D : -2.557348
[setup reg-reg] _25087_/Q -> _24882_/D : -2.553478
[setup reg-reg] _25087_/Q -> _25040_/D : -2.553403
[setup reg-reg] _25075_/Q -> _26154_/D : -2.552264
[setup reg-reg] _25075_/Q -> _25764_/D : -2.551111
[setup reg-reg] _25075_/Q -> _26919_/D : -2.550605
[setup reg-reg] _25075_/Q -> _26954_/D : -2.550076
[setup reg-reg] _25075_/Q -> _27459_/D : -2.549857
[setup reg-reg] _25087_/Q -> _25359_/D : -2.549108
[setup reg-reg] _25087_/Q -> _25141_/D : -2.547871
[setup reg-reg] _25075_/Q -> _27175_/D : -2.546578
[setup reg-reg] _25075_/Q -> _26020_/D : -2.545791
[setup reg-reg] _25075_/Q -> _24821_/D : -2.543633
[setup reg-reg] _25087_/Q -> _26804_/D : -2.541812
[setup reg-reg] _25075_/Q -> _25636_/D : -2.536918
[setup reg-reg] _25087_/Q -> _25812_/D : -2.536558
[setup reg-reg] _25075_/Q -> _26532_/D : -2.535385
[setup reg-reg] _25087_/Q -> _25110_/D : -2.535346
[setup reg-reg] _25075_/Q -> _26724_/D : -2.534797
[setup reg-reg] _25075_/Q -> _26916_/D : -2.534183
[setup reg-reg] _25087_/Q -> _25620_/D : -2.531157
[setup reg-reg] _25087_/Q -> _26836_/D : -2.531074
[setup reg-reg] _25075_/Q -> _26628_/D : -2.530808
[setup reg-reg] _25087_/Q -> _25116_/D : -2.529387
[setup reg-reg] _25075_/Q -> _25209_/D : -2.528720
[setup reg-reg] _25075_/Q -> _27143_/D : -2.528681
[setup reg-reg] _25075_/Q -> _26311_/D : -2.525758
[setup reg-reg] _25075_/Q -> _26791_/D : -2.525036
[setup reg-reg] _25075_/Q -> _27303_/D : -2.524736
[setup reg-reg] _25087_/Q -> _27348_/D : -2.521404
[setup reg-reg] _25075_/Q -> _26343_/D : -2.521180
[setup reg-reg] _25075_/Q -> _27396_/D : -2.518673
[setup reg-reg] _25075_/Q -> _27140_/D : -2.517501
[setup reg-reg] _25087_/Q -> _26132_/D : -2.515153
[setup reg-reg] _25075_/Q -> _25677_/D : -2.514471
[setup reg-reg] _25087_/Q -> _25140_/D : -2.514080
[setup reg-reg] _25075_/Q -> _26826_/D : -2.513939
[setup reg-reg] _25087_/Q -> _26452_/D : -2.512811
[setup reg-reg] _25075_/Q -> _26759_/D : -2.511721
[setup reg-reg] _25075_/Q -> _27108_/D : -2.511587
[setup reg-reg] _25075_/Q -> _26951_/D : -2.510989
[setup reg-reg] _25075_/Q -> _25799_/D : -2.510896
[setup reg-reg] _25075_/Q -> _26442_/D : -2.510889
[setup reg-reg] _25075_/Q -> _26087_/D : -2.510417
[setup reg-reg] _25087_/Q -> _25153_/D : -2.509397
[setup reg-reg] _25087_/Q -> _26740_/D : -2.507489
[setup reg-reg] _25075_/Q -> _26503_/D : -2.507294
[setup reg-reg] _25075_/Q -> _27271_/D : -2.506026
[setup reg-reg] _25075_/Q -> _26023_/D : -2.505603
[setup reg-reg] _25075_/Q -> _26852_/D : -2.504805
[setup reg-reg] _25075_/Q -> _26567_/D : -2.504301
[setup reg-reg] _25087_/Q -> _26580_/D : -2.503327
[setup reg-reg] _25075_/Q -> _26727_/D : -2.503132
[setup reg-reg] _25087_/Q -> _25132_/D : -2.502017
[setup reg-reg] _25075_/Q -> _25534_/D : -2.500544
[setup reg-reg] _25087_/Q -> _27252_/D : -2.500171
[setup reg-reg] _25075_/Q -> _27242_/D : -2.499839
[setup reg-reg] _25075_/Q -> _27437_/D : -2.497936
[setup reg-reg] _25075_/Q -> _27021_/D : -2.497924
[setup reg-reg] _25075_/Q -> _25607_/D : -2.496265
[setup reg-reg] _25075_/Q -> _25962_/D : -2.496019
[setup reg-reg] _25075_/Q -> _26151_/D : -2.494604
[setup reg-reg] _25075_/Q -> _25674_/D : -2.494394
[setup reg-reg] _25075_/Q -> _26564_/D : -2.490195
[setup reg-reg] _25075_/Q -> _26788_/D : -2.488006
[setup reg-reg] _25075_/Q -> _26436_/D : -2.487148
[setup reg-reg] _25075_/Q -> _26375_/D : -2.486488
[setup reg-reg] _25075_/Q -> _27204_/D : -2.484324
[setup reg-reg] _25087_/Q -> _25034_/D : -2.481590
[setup reg-reg] _25087_/Q -> _26900_/D : -2.478450
[setup reg-reg] _25075_/Q -> _26052_/D : -2.478359
[setup reg-reg] _25075_/Q -> _26855_/D : -2.478068
[setup reg-reg] _25087_/Q -> _26548_/D : -2.474545
[setup reg-reg] _25087_/Q -> _25037_/D : -2.474495
[setup reg-reg] _25075_/Q -> _26276_/D : -2.470015
[setup reg-reg] _25075_/Q -> _26148_/D : -2.468477
[setup reg-reg] _25075_/Q -> _26340_/D : -2.468095
[setup reg-reg] _25087_/Q -> _26004_/D : -2.467116
[setup reg-reg] _25087_/Q -> _25652_/D : -2.465935
[setup reg-reg] _25075_/Q -> _25901_/D : -2.462782
[setup reg-reg] _25075_/Q -> _26381_/D : -2.461704
[setup reg-reg] _25087_/Q -> _27124_/D : -2.460618
[setup reg-reg] _25087_/Q -> _25341_/D : -2.457647
[setup reg-reg] _25075_/Q -> _27040_/D : -2.457336
[setup reg-reg] _25075_/Q -> _26125_/D : -2.451243
[setup reg-reg] _25075_/Q -> _25959_/D : -2.451023
[setup reg-reg] _25087_/Q -> _26708_/D : -2.449120
[setup reg-reg] _25087_/Q -> _26228_/D : -2.447234
[setup reg-reg] _25087_/Q -> _25748_/D : -2.446813
[setup reg-reg] _25075_/Q -> _27463_/D : -2.445935
[setup reg-reg] _25087_/Q -> _25129_/D : -2.445727
[setup reg-reg] _25075_/Q -> _27405_/D : -2.445043
[setup reg-reg] _25075_/Q -> _26573_/D : -2.444287
[setup reg-reg] _25087_/Q -> _25940_/D : -2.444024
[setup reg-reg] _25075_/Q -> _27181_/D : -2.443102
[setup reg-reg] _25075_/Q -> _24866_/D : -2.441260
[setup reg-reg] _25087_/Q -> _27220_/D : -2.439004
[setup reg-reg] _25087_/Q -> _27188_/D : -2.434952
[setup reg-reg] _25075_/Q -> _25543_/D : -2.433925
[setup reg-reg] _25087_/Q -> _25876_/D : -2.433282
[setup reg-reg] _25075_/Q -> _26221_/D : -2.432657
[setup reg-reg] _25075_/Q -> _26861_/D : -2.426972
[setup reg-reg] _25075_/Q -> _26797_/D : -2.424917
[setup reg-reg] _25087_/Q -> _25130_/D : -2.423905
[setup reg-reg] _25087_/Q -> _26420_/D : -2.423231
[setup reg-reg] _25087_/Q -> _27284_/D : -2.423121
[setup reg-reg] _25087_/Q -> _25972_/D : -2.413268
[setup reg-reg] _25075_/Q -> _25645_/D : -2.413055
[setup reg-reg] _25087_/Q -> _26676_/D : -2.412364
[setup reg-reg] _25075_/Q -> _26349_/D : -2.411993
[setup reg-reg] _25087_/Q -> _25165_/D : -2.410244
[setup reg-reg] _25087_/Q -> _26356_/D : -2.409063
[setup reg-reg] _25087_/Q -> _26516_/D : -2.406427
[setup reg-reg] _25075_/Q -> _26180_/D : -2.406152
[setup reg-reg] _25075_/Q -> _25145_/D : -2.404256
[setup reg-reg] _25075_/Q -> _27168_/D : -2.403580
[setup reg-reg] _25075_/Q -> _27366_/D : -2.401908
[setup reg-reg] _25075_/Q -> _25735_/D : -2.398416
[setup reg-reg] _25075_/Q -> _26093_/D : -2.396458
[setup reg-reg] _25087_/Q -> _24841_/D : -2.396330
[setup reg-reg] _25075_/Q -> _25213_/D : -2.395106
[setup reg-reg] _25087_/Q -> _25255_/D : -2.394659
[setup reg-reg] _25075_/Q -> _25252_/D : -2.393572
[setup reg-reg] _25087_/Q -> _27436_/D : -2.393200
[setup reg-reg] _25075_/Q -> _26336_/D : -2.390078
[setup reg-reg] _25087_/Q -> _27444_/D : -2.389092
[setup reg-reg] _25075_/Q -> _26637_/D : -2.388879
[setup reg-reg] _25075_/Q -> _26669_/D : -2.388694
[setup reg-reg] _25075_/Q -> _26317_/D : -2.387468
[setup reg-reg] _25087_/Q -> _25844_/D : -2.385526
[setup reg-reg] _25075_/Q -> _27277_/D : -2.385365
[setup reg-reg] _25075_/Q -> _26848_/D : -2.384784
[setup reg-reg] _25075_/Q -> _26528_/D : -2.382150
[setup reg-reg] _25087_/Q -> _27060_/D : -2.379719
[setup reg-reg] _25075_/Q -> _25805_/D : -2.379236
[setup reg-reg] _25075_/Q -> _27309_/D : -2.378787
[setup reg-reg] _25075_/Q -> _26470_/D : -2.378686
[setup reg-reg] _25075_/Q -> _26746_/D : -2.378197
[setup reg-reg] _25075_/Q -> _27149_/D : -2.377773
[setup reg-reg] _25087_/Q -> _26068_/D : -2.374058
[setup reg-reg] _25075_/Q -> _26404_/D : -2.373312
[setup reg-reg] _25075_/Q -> _26253_/D : -2.373224
[setup reg-reg] _25075_/Q -> _26464_/D : -2.372660
[setup reg-reg] _25075_/Q -> _26189_/D : -2.372138
[setup reg-reg] _25087_/Q -> _26868_/D : -2.370618
[setup reg-reg] _25075_/Q -> _25920_/D : -2.366367
[setup reg-reg] _25075_/Q -> _26522_/D : -2.366342
[setup reg-reg] _25087_/Q -> _26996_/D : -2.365827
[setup reg-reg] _25075_/Q -> _26906_/D : -2.365786
[setup reg-reg] _25087_/Q -> _26388_/D : -2.365722
[setup reg-reg] _25075_/Q -> _25032_/D : -2.365464
[setup reg-reg] _25075_/Q -> _26692_/D : -2.365267
[setup reg-reg] _25075_/Q -> _25048_/D : -2.364869
[setup reg-reg] _25075_/Q -> _25530_/D : -2.363086
[setup reg-reg] _25075_/Q -> _27418_/D : -2.362372
[setup reg-reg] _25075_/Q -> _25792_/D : -2.361611
[setup reg-reg] _25087_/Q -> _27020_/D : -2.360689
[setup reg-reg] _25087_/Q -> _26932_/D : -2.360291
[setup reg-reg] _25075_/Q -> _26490_/D : -2.359576
[setup reg-reg] _25087_/Q -> _26988_/D : -2.357988
[setup reg-reg] _25087_/Q -> _26484_/D : -2.357668
[setup reg-reg] _25087_/Q -> _27476_/D : -2.356867
[setup reg-reg] _25075_/Q -> _27232_/D : -2.354405
[setup reg-reg] _25075_/Q -> _27296_/D : -2.352987
[setup reg-reg] _25087_/Q -> _26636_/D : -2.352365
[setup reg-reg] _25075_/Q -> _26272_/D : -2.349786
[setup reg-reg] _25075_/Q -> _26208_/D : -2.346226
[setup reg-reg] _25075_/Q -> _26674_/D : -2.345271
[setup reg-reg] _25087_/Q -> _27588_/D : -2.344235
[setup reg-reg] _25087_/Q -> _26292_/D : -2.341892
[setup reg-reg] _25075_/Q -> _25293_/D : -2.340606
[setup reg-reg] _25087_/Q -> _27316_/D : -2.339338
[setup reg-reg] _25087_/Q -> _25118_/D : -2.339105
[setup reg-reg] _25087_/Q -> _25112_/D : -2.339091
[setup reg-reg] _25087_/Q -> _26412_/D : -2.336094
[setup reg-reg] _25075_/Q -> _27378_/D : -2.335994
[setup reg-reg] _25087_/Q -> _25148_/D : -2.335321
[setup reg-reg] _25087_/Q -> _26324_/D : -2.334193
[setup reg-reg] _25075_/Q -> _25956_/D : -2.333689
[setup reg-reg] _25075_/Q -> _26866_/D : -2.331811
[setup reg-reg] _25075_/Q -> _26898_/D : -2.330813
[setup reg-reg] _25075_/Q -> _27186_/D : -2.325415
[setup reg-reg] _25087_/Q -> _26732_/D : -2.322038
[setup reg-reg] _25075_/Q -> _25119_/D : -2.320567
[setup reg-reg] _25075_/Q -> _27392_/D : -2.319149
[setup reg-reg] _25075_/Q -> _25637_/D : -2.317973
[setup reg-reg] _25075_/Q -> _25696_/D : -2.316536
[setup reg-reg] _25075_/Q -> _25024_/D : -2.315680
[setup reg-reg] _25087_/Q -> _27148_/D : -2.312527
[setup reg-reg] _25075_/Q -> _26596_/D : -2.311364
[setup reg-reg] _25075_/Q -> _25754_/D : -2.310923
[setup reg-reg] _25075_/Q -> _25906_/D : -2.309625
[setup reg-reg] _25075_/Q -> _26682_/D : -2.308479
[setup reg-reg] _25075_/Q -> _25714_/D : -2.307036
[setup reg-reg] _25087_/Q -> _25137_/D : -2.306171
[setup reg-reg] _25075_/Q -> _26706_/D : -2.305885
[setup reg-reg] _25075_/Q -> _25353_/D : -2.305553
[setup reg-reg] _25087_/Q -> _26188_/D : -2.304791
[setup reg-reg] _25075_/Q -> _25700_/D : -2.302881
[setup reg-reg] _25075_/Q -> _27488_/D : -2.299281
[setup reg-reg] _25087_/Q -> _26431_/D : -2.298656
[setup reg-reg] _25075_/Q -> _25600_/D : -2.298244
[setup reg-reg] _25075_/Q -> _26885_/D : -2.296572
[setup reg-reg] _25087_/Q -> _26143_/D : -2.296254
[setup reg-reg] _25087_/Q -> _27116_/D : -2.293948
[setup reg-reg] _25075_/Q -> _26368_/D : -2.293229
[setup reg-reg] _25087_/Q -> _26060_/D : -2.291707
[setup reg-reg] _25075_/Q -> _27282_/D : -2.289674
[setup reg-reg] _25087_/Q -> _25231_/D : -2.287990
[setup reg-reg] _25087_/Q -> _26604_/D : -2.287820
[setup reg-reg] _25087_/Q -> _25358_/D : -2.286152
[setup reg-reg] _25087_/Q -> _27276_/D : -2.285512
[setup reg-reg] _25087_/Q -> _26303_/D : -2.284821
[setup reg-reg] _25075_/Q -> _27008_/D : -2.283699
[setup reg-reg] _25087_/Q -> _26028_/D : -2.283500
[setup reg-reg] _25087_/Q -> _25542_/D : -2.282677
[setup reg-reg] _25087_/Q -> _25345_/D : -2.281956
[setup reg-reg] _25075_/Q -> _25952_/D : -2.281380
[setup reg-reg] _25075_/Q -> _26720_/D : -2.281299
[setup reg-reg] _25087_/Q -> _26892_/D : -2.281125
[setup reg-reg] _25075_/Q -> _26308_/D : -2.280976
[setup reg-reg] _25075_/Q -> _27076_/D : -2.279490
[setup reg-reg] _25075_/Q -> _26400_/D : -2.279393
[setup reg-reg] _25087_/Q -> _25676_/D : -2.279039
[setup reg-reg] _25087_/Q -> _25855_/D : -2.278624
[setup reg-reg] _25087_/Q -> _27340_/D : -2.278418
[setup reg-reg] _25075_/Q -> _25860_/D : -2.275181
[setup reg-reg] _25087_/Q -> _26252_/D : -2.274160
[setup reg-reg] _25075_/Q -> _26912_/D : -2.273446
[setup reg-reg] _25075_/Q -> _26884_/D : -2.272831
[setup reg-reg] _25075_/Q -> _26514_/D : -2.272506
[setup reg-reg] _25075_/Q -> _26084_/D : -2.272245
[setup reg-reg] _25075_/Q -> _26560_/D : -2.271559
[setup reg-reg] _25087_/Q -> _26924_/D : -2.269486
[setup reg-reg] _25075_/Q -> _27334_/D : -2.269230
[setup reg-reg] _25075_/Q -> _26438_/D : -2.269044
[setup reg-reg] _25075_/Q -> _26170_/D : -2.268655
[setup reg-reg] _25087_/Q -> _27580_/D : -2.266177
[setup reg-reg] _25075_/Q -> _25250_/D : -2.265530
[setup reg-reg] _25087_/Q -> _25740_/D : -2.260583
[setup reg-reg] _25087_/Q -> _25138_/D : -2.260203
[setup reg-reg] _25075_/Q -> _26944_/D : -2.259586
[setup reg-reg] _25075_/Q -> _26080_/D : -2.257417
[setup reg-reg] _25075_/Q -> _25572_/D : -2.257302
[setup reg-reg] _25075_/Q -> _27424_/D : -2.256766
[setup reg-reg] _25075_/Q -> _27162_/D : -2.255973
[setup reg-reg] _25087_/Q -> _25708_/D : -2.252111
[setup reg-reg] _25087_/Q -> _27180_/D : -2.247917
[setup reg-reg] _25075_/Q -> _25016_/D : -2.247441
[setup reg-reg] _25075_/Q -> _27360_/D : -2.244018
[setup reg-reg] _25075_/Q -> _25604_/D : -2.243217
[setup reg-reg] _25087_/Q -> _25205_/D : -2.240668
[setup reg-reg] _25087_/Q -> _27372_/D : -2.237267
[setup reg-reg] _25075_/Q -> _27172_/D : -2.235073
[setup reg-reg] _25075_/Q -> _25924_/D : -2.229939
[setup reg-reg] _25087_/Q -> _26348_/D : -2.227226
[setup reg-reg] _25087_/Q -> _26700_/D : -2.226312
[setup reg-reg] _25075_/Q -> _26561_/D : -2.224633
[setup reg-reg] _25075_/Q -> _27460_/D : -2.221896
[setup reg-reg] _25075_/Q -> _27174_/D : -2.218194
[setup reg-reg] _25075_/Q -> _27364_/D : -2.217492
[setup reg-reg] _25075_/Q -> _25241_/D : -2.214920
[setup reg-reg] _25075_/Q -> _27236_/D : -2.214056
[setup reg-reg] _25075_/Q -> _27268_/D : -2.210028
[setup reg-reg] _25087_/Q -> _26088_/D : -2.207763
[setup reg-reg] _25075_/Q -> _25064_/D : -2.202492
[setup reg-reg] _25075_/Q -> _25638_/D : -2.202297
[setup reg-reg] _25075_/Q -> _27332_/D : -2.200231
[setup reg-reg] _25075_/Q -> _26081_/D : -2.197833
[setup reg-reg] _25075_/Q -> _25251_/D : -2.195060
[setup reg-reg] _25087_/Q -> _26792_/D : -2.194227
[setup reg-reg] _25075_/Q -> _26433_/D : -2.193152
[setup reg-reg] _25087_/Q -> _27240_/D : -2.190330
[setup reg-reg] _25075_/Q -> _26374_/D : -2.186711
[setup reg-reg] _25087_/Q -> _27387_/D : -2.181638
[setup reg-reg] _25087_/Q -> _25576_/D : -2.181443
[setup reg-reg] _25075_/Q -> _25357_/D : -2.180156
[setup reg-reg] _25075_/Q -> _26209_/D : -2.177522
[setup reg-reg] _25087_/Q -> _25249_/D : -2.175584
[setup reg-reg] _25075_/Q -> _25354_/D : -2.173454
[setup reg-reg] _25075_/Q -> _26022_/D : -2.172611
[setup reg-reg] _25075_/Q -> _25224_/D : -2.172452
[setup reg-reg] _25087_/Q -> _26203_/D : -2.166345
[setup reg-reg] _25075_/Q -> _26305_/D : -2.165670
[setup reg-reg] _25087_/Q -> _26472_/D : -2.163459
[setup reg-reg] _25087_/Q -> _27272_/D : -2.161123
[setup reg-reg] _25075_/Q -> _26074_/D : -2.160565
[setup reg-reg] _25087_/Q -> _27131_/D : -2.159270
[setup reg-reg] _25087_/Q -> _25297_/D : -2.157309
[setup reg-reg] _25075_/Q -> _27041_/D : -2.156291
[setup reg-reg] _25075_/Q -> _25830_/D : -2.156178
[setup reg-reg] _25075_/Q -> _27425_/D : -2.155986
[setup reg-reg] _25075_/Q -> _26657_/D : -2.155334
[setup reg-reg] _25075_/Q -> _26401_/D : -2.151888
[setup reg-reg] _25075_/Q -> _26842_/D : -2.151586
[setup reg-reg] _25075_/Q -> _26758_/D : -2.149850
[setup reg-reg] _25087_/Q -> _26284_/D : -2.148903
[setup reg-reg] _25075_/Q -> _26618_/D : -2.147271
[setup reg-reg] _25075_/Q -> _27354_/D : -2.145592
[setup reg-reg] _25075_/Q -> _25301_/D : -2.144566
[setup reg-reg] _25087_/Q -> _25220_/D : -2.144388
[setup reg-reg] _25087_/Q -> _27496_/D : -2.142230
[setup reg-reg] _25075_/Q -> _26145_/D : -2.140258
[setup reg-reg] _25087_/Q -> _25644_/D : -2.139233
[setup reg-reg] _25087_/Q -> _26024_/D : -2.135511
[setup reg-reg] _25087_/Q -> _26184_/D : -2.132646
[setup reg-reg] _25075_/Q -> _26241_/D : -2.132351
[setup reg-reg] _25087_/Q -> _26952_/D : -2.130774
[setup reg-reg] _25087_/Q -> _27084_/D : -2.130399
[setup reg-reg] _25087_/Q -> _26540_/D : -2.130395
[setup reg-reg] _25087_/Q -> _26764_/D : -2.130184
[setup reg-reg] _25075_/Q -> _27501_/D : -2.129323
[setup reg-reg] _25087_/Q -> _27112_/D : -2.127655
[setup reg-reg] _25075_/Q -> _27213_/D : -2.124118
[setup reg-reg] _25087_/Q -> _27176_/D : -2.122244
[setup reg-reg] _25075_/Q -> _27169_/D : -2.121734
[setup reg-reg] _25075_/Q -> _25581_/D : -2.120599
[setup reg-reg] _25075_/Q -> _25270_/D : -2.119668
[setup reg-reg] _25075_/Q -> _25729_/D : -2.117279
[setup reg-reg] _25087_/Q -> _24877_/D : -2.116694
[setup reg-reg] _25087_/Q -> _27035_/D : -2.113202
[setup reg-reg] _25075_/Q -> _26273_/D : -2.111692
[setup reg-reg] _25087_/Q -> _25896_/D : -2.105910
[setup reg-reg] _25075_/Q -> _25056_/D : -2.105228
[setup reg-reg] _25087_/Q -> _27304_/D : -2.105168
[setup reg-reg] _25075_/Q -> _26881_/D : -2.102865
[setup reg-reg] _25087_/Q -> _27432_/D : -2.101274
[setup reg-reg] _25087_/Q -> _25800_/D : -2.098798
[setup reg-reg] _25087_/Q -> _26508_/D : -2.097529
[setup reg-reg] _25075_/Q -> _25741_/D : -2.090698
[setup reg-reg] _25087_/Q -> _26971_/D : -2.090666
[setup reg-reg] _25075_/Q -> _25206_/D : -2.090419
[setup reg-reg] _25075_/Q -> _26817_/D : -2.089221
[setup reg-reg] _25087_/Q -> _27227_/D : -2.085159
[setup reg-reg] _25075_/Q -> _26945_/D : -2.083928
[setup reg-reg] _25087_/Q -> _25538_/D : -2.080995
[setup reg-reg] _25075_/Q -> _27201_/D : -2.079363
[setup reg-reg] _25087_/Q -> _24874_/D : -2.078092
[setup reg-reg] _25087_/Q -> _25819_/D : -2.077554
[setup reg-reg] _25087_/Q -> _25672_/D : -2.076213
[setup reg-reg] _25087_/Q -> _25960_/D : -2.075172
[setup reg-reg] _25087_/Q -> _26696_/D : -2.074163
[setup reg-reg] _25075_/Q -> _25103_/D : -2.073747
[setup reg-reg] _25087_/Q -> _26427_/D : -2.073151
[setup reg-reg] _25075_/Q -> _27457_/D : -2.064331
[setup reg-reg] _25075_/Q -> _27361_/D : -2.063730
[setup reg-reg] _25087_/Q -> _27183_/D : -2.063466
[setup reg-reg] _25087_/Q -> _26796_/D : -2.062846
[setup reg-reg] _25087_/Q -> _26043_/D : -2.061045
[setup reg-reg] _25087_/Q -> _26380_/D : -2.059917
[setup reg-reg] _25075_/Q -> _24871_/D : -2.050490
[setup reg-reg] _25087_/Q -> _24864_/D : -2.046553
[setup reg-reg] _25087_/Q -> _24836_/D : -2.045326
[setup reg-reg] _25087_/Q -> _27503_/D : -2.039236
[setup reg-reg] _24936_/Q -> _25552_/D : -2.036297
[setup reg-reg] _25075_/Q -> _25361_/D : -2.032406
[setup reg-reg] _25075_/Q -> _25025_/D : -2.032348
[setup reg-reg] _25087_/Q -> _26767_/D : -2.026093
[setup reg-reg] _25087_/Q -> _26063_/D : -2.024425
[setup reg-reg] _25087_/Q -> _25263_/D : -2.023020
[setup reg-reg] _25075_/Q -> _25349_/D : -2.015247
[setup reg-reg] _25087_/Q -> _26095_/D : -2.009914
[setup reg-reg] _24936_/Q -> _25554_/D : -2.009246
[setup reg-reg] _25075_/Q -> _25226_/D : -2.008996
[setup reg-reg] _25075_/Q -> _24825_/D : -2.008342
[setup reg-reg] _25087_/Q -> _27089_/D : -1.997078
[setup reg-reg] _25087_/Q -> _26447_/D : -1.993520
[setup reg-reg] _25075_/Q -> _25060_/D : -1.989585
[setup reg-reg] _25087_/Q -> _25030_/D : -1.987756
[setup reg-reg] _25087_/Q -> _26127_/D : -1.984061
[setup reg-reg] _25087_/Q -> _26639_/D : -1.983778
[setup reg-reg] _25087_/Q -> _26287_/D : -1.979121
[setup reg-reg] _25087_/Q -> _25052_/D : -1.972186
[setup reg-reg] _25087_/Q -> _26833_/D : -1.970440
[setup reg-reg] _25087_/Q -> _26511_/D : -1.963469
[setup reg-reg] _25087_/Q -> _27121_/D : -1.962052
[setup reg-reg] _25087_/Q -> _26479_/D : -1.961896
[setup reg-reg] _25075_/Q -> _25277_/D : -1.959290
[setup reg-reg] _25087_/Q -> _25871_/D : -1.958762
[setup reg-reg] _25087_/Q -> _25262_/D : -1.958222
[setup reg-reg] _25087_/Q -> _27471_/D : -1.957510
[setup reg-reg] _25087_/Q -> _26863_/D : -1.954072
[setup reg-reg] _25087_/Q -> _25679_/D : -1.953875
[setup reg-reg] _25087_/Q -> _27439_/D : -1.949500
[setup reg-reg] _25075_/Q -> _25248_/D : -1.947548
[setup reg-reg] _25087_/Q -> _27279_/D : -1.946043
[setup reg-reg] _25075_/Q -> _25036_/D : -1.944210
[setup reg-reg] _25087_/Q -> _25999_/D : -1.941691
[setup reg-reg] _25075_/Q -> _25571_/D : -1.940419
[setup reg-reg] _25087_/Q -> _25903_/D : -1.938476
[setup reg-reg] _25075_/Q -> _25237_/D : -1.936590
[setup reg-reg] _25087_/Q -> _26415_/D : -1.936487
[setup reg-reg] _25087_/Q -> _26255_/D : -1.934405
[setup reg-reg] _25087_/Q -> _26223_/D : -1.933209
[setup reg-reg] _25087_/Q -> _25017_/D : -1.932953
[setup reg-reg] _24936_/Q -> _25553_/D : -1.929788
[setup reg-reg] _25087_/Q -> _25647_/D : -1.929498
[setup reg-reg] _25087_/Q -> _26671_/D : -1.928715
[setup reg-reg] _25087_/Q -> _26831_/D : -1.921238
[setup reg-reg] _25075_/Q -> _25256_/D : -1.920441
[setup reg-reg] _25087_/Q -> _26607_/D : -1.920267
[setup reg-reg] _25087_/Q -> _26543_/D : -1.918485
[setup reg-reg] _25075_/Q -> _25225_/D : -1.912127
[setup reg-reg] _25087_/Q -> _26513_/D : -1.906551
[setup reg-reg] _25075_/Q -> _25201_/D : -1.901022
[setup reg-reg] _25075_/Q -> _25061_/D : -1.900720
[setup reg-reg] _25087_/Q -> _26385_/D : -1.900510
[setup reg-reg] _25075_/Q -> _25022_/D : -1.900201
[setup reg-reg] _25087_/Q -> _26001_/D : -1.899274
[setup reg-reg] _25087_/Q -> _26799_/D : -1.890383
[setup reg-reg] _25075_/Q -> _25272_/D : -1.888651
[setup reg-reg] _25087_/Q -> _25617_/D : -1.888621
[setup reg-reg] _25075_/Q -> _25253_/D : -1.880860
[setup reg-reg] _25087_/Q -> _25065_/D : -1.874115
[setup reg-reg] _25087_/Q -> _27217_/D : -1.870658
[setup reg-reg] _25075_/Q -> _26071_/D : -1.869653
[setup reg-reg] _25087_/Q -> _26225_/D : -1.866725
[setup reg-reg] _25087_/Q -> _26910_/D : -1.863299
[setup reg-reg] _25087_/Q -> _25969_/D : -1.857766
[setup reg-reg] _25087_/Q -> _25694_/D : -1.857009
[setup reg-reg] _25087_/Q -> _25982_/D : -1.856412
[setup reg-reg] _25075_/Q -> _25233_/D : -1.855485
[setup reg-reg] _25075_/Q -> _26435_/D : -1.850292
[setup reg-reg] _25087_/Q -> _26174_/D : -1.847223
[setup reg-reg] _25075_/Q -> _25047_/D : -1.846249
[setup reg-reg] _25075_/Q -> _27043_/D : -1.844066
[setup reg-reg] _25087_/Q -> _24859_/D : -1.842262
[setup reg-reg] _25075_/Q -> _26499_/D : -1.834893
[setup reg-reg] _25075_/Q -> _25827_/D : -1.833524
[setup reg-reg] _25087_/Q -> _25681_/D : -1.829735
[setup reg-reg] _25075_/Q -> _25795_/D : -1.823544
[setup reg-reg] _25087_/Q -> _26033_/D : -1.822157
[setup reg-reg] _25087_/Q -> _26718_/D : -1.821515
[setup reg-reg] _25075_/Q -> _26627_/D : -1.819664
[setup reg-reg] _25087_/Q -> _25726_/D : -1.819471
[setup reg-reg] _25087_/Q -> _24870_/D : -1.817050
[setup reg-reg] _25075_/Q -> _27523_/D : -1.817005
[setup reg-reg] _25087_/Q -> _27199_/D : -1.814483
[setup reg-reg] _25087_/Q -> _26654_/D : -1.810143
[setup reg-reg] _25087_/Q -> _26238_/D : -1.809340
[setup reg-reg] _25087_/Q -> _25043_/D : -1.804111
[setup reg-reg] _25075_/Q -> _26691_/D : -1.802555
[setup reg-reg] _25087_/Q -> _27422_/D : -1.800350
[setup reg-reg] _25087_/Q -> _25069_/D : -1.797822
[setup reg-reg] _25087_/Q -> _27230_/D : -1.794017
[setup reg-reg] _25087_/Q -> _25234_/D : -1.793740
[setup reg-reg] _25075_/Q -> _24868_/D : -1.792806
[setup reg-reg] _25087_/Q -> _25745_/D : -1.792760
[setup reg-reg] _25087_/Q -> _27006_/D : -1.792627
[setup reg-reg] _25087_/Q -> _25775_/D : -1.790273
[setup reg-reg] _25087_/Q -> _26079_/D : -1.788203
[setup reg-reg] _25087_/Q -> _25020_/D : -1.784715
[setup reg-reg] _24936_/Q -> _25555_/D : -1.784454
[setup reg-reg] _25087_/Q -> _25295_/D : -1.782359
[setup reg-reg] _25087_/Q -> _25663_/D : -1.780744
[setup reg-reg] _25087_/Q -> _26558_/D : -1.777980
[setup reg-reg] _25087_/Q -> _26974_/D : -1.775723
[setup reg-reg] _25087_/Q -> _27038_/D : -1.773927
[setup reg-reg] _25087_/Q -> _26878_/D : -1.770124
[setup reg-reg] _25087_/Q -> _27473_/D : -1.767257
[setup reg-reg] _25087_/Q -> _26622_/D : -1.766423
[setup reg-reg] _25087_/Q -> _25791_/D : -1.763572
[setup reg-reg] _25087_/Q -> _27311_/D : -1.762587
[setup reg-reg] _25087_/Q -> _25545_/D : -1.756051
[setup reg-reg] _25087_/Q -> _26782_/D : -1.752756
[setup reg-reg] _25075_/Q -> _25276_/D : -1.752078
[setup reg-reg] _25087_/Q -> _25185_/D : -1.751685
[setup reg-reg] _25075_/Q -> _25229_/D : -1.749404
[setup reg-reg] _25087_/Q -> _27390_/D : -1.749365
[setup reg-reg] _25087_/Q -> _25950_/D : -1.749324
[setup reg-reg] _25087_/Q -> _26623_/D : -1.748608
[setup reg-reg] _25087_/Q -> _26191_/D : -1.747839
[setup reg-reg] _25075_/Q -> _25031_/D : -1.747061
[setup reg-reg] _25087_/Q -> _25615_/D : -1.740560
[setup reg-reg] _25075_/Q -> _25221_/D : -1.739902
[setup reg-reg] _25087_/Q -> _27023_/D : -1.738016
[setup reg-reg] _25087_/Q -> _26449_/D : -1.737369
[setup reg-reg] _25087_/Q -> _26335_/D : -1.737165
[setup reg-reg] _25087_/Q -> _25790_/D : -1.735471
[setup reg-reg] _25087_/Q -> _26000_/D : -1.734870
[setup reg-reg] _25075_/Q -> _25113_/D : -1.733207
[setup reg-reg] _25087_/Q -> _26271_/D : -1.733097
[setup reg-reg] _25087_/Q -> _26943_/D : -1.731141
[setup reg-reg] _25087_/Q -> _26703_/D : -1.730891
[setup reg-reg] _25087_/Q -> _26078_/D : -1.727845
[setup reg-reg] _25087_/Q -> _25026_/D : -1.727324
[setup reg-reg] _25075_/Q -> _24873_/D : -1.725100
[setup reg-reg] _25087_/Q -> _26673_/D : -1.723731
[setup reg-reg] _25087_/Q -> _25294_/D : -1.723636
[setup reg-reg] _25087_/Q -> _27102_/D : -1.722921
[setup reg-reg] _25087_/Q -> _26737_/D : -1.721963
[setup reg-reg] _25087_/Q -> _25230_/D : -1.717172
[setup reg-reg] _25075_/Q -> _26083_/D : -1.716927
[setup reg-reg] _25087_/Q -> _26481_/D : -1.715270
[setup reg-reg] _25087_/Q -> _27377_/D : -1.714909
[setup reg-reg] _25075_/Q -> _27011_/D : -1.714380
[setup reg-reg] _25087_/Q -> _26641_/D : -1.713497
[setup reg-reg] _25087_/Q -> _26961_/D : -1.712039
[setup reg-reg] _25087_/Q -> _25585_/D : -1.709559
[setup reg-reg] _25087_/Q -> _26897_/D : -1.708841
[setup reg-reg] _25087_/Q -> _25777_/D : -1.704306
[setup reg-reg] _25087_/Q -> _26065_/D : -1.703965
[setup reg-reg] _25087_/Q -> _26865_/D : -1.703592
[setup reg-reg] _25087_/Q -> _25841_/D : -1.703205
[setup reg-reg] _25087_/Q -> _27057_/D : -1.703066
[setup reg-reg] _25087_/Q -> _25659_/D : -1.699903
[setup reg-reg] _25087_/Q -> _25285_/D : -1.699679
[setup reg-reg] _25087_/Q -> _25340_/D : -1.699007
[setup reg-reg] _25087_/Q -> _26320_/D : -1.696344
[setup reg-reg] _25087_/Q -> _26321_/D : -1.696176
[setup reg-reg] _25087_/Q -> _26419_/D : -1.695716
[setup reg-reg] _25087_/Q -> _26193_/D : -1.694247
[setup reg-reg] _25075_/Q -> _25635_/D : -1.694211
[setup reg-reg] _25087_/Q -> _26545_/D : -1.693810
[setup reg-reg] _25087_/Q -> _26992_/D : -1.693026
[setup reg-reg] _25087_/Q -> _25727_/D : -1.692152
[setup reg-reg] _25087_/Q -> _25919_/D : -1.689616
[setup reg-reg] _25087_/Q -> _27584_/D : -1.689495
[setup reg-reg] _25075_/Q -> _27235_/D : -1.689415
[setup reg-reg] _25087_/Q -> _25905_/D : -1.688321
[setup reg-reg] _25087_/Q -> _26544_/D : -1.687114
[setup reg-reg] _25087_/Q -> _27184_/D : -1.686589
[setup reg-reg] _24936_/Q -> _25374_/D : -1.684382
[setup reg-reg] _25087_/Q -> _25971_/D : -1.684073
[setup reg-reg] _25087_/Q -> _24833_/D : -1.683500
[setup reg-reg] _25087_/Q -> _25239_/D : -1.683118
[setup reg-reg] _25087_/Q -> _26353_/D : -1.681904
[setup reg-reg] _25087_/Q -> _26577_/D : -1.680920
[setup reg-reg] _25075_/Q -> _26231_/D : -1.680832
[setup reg-reg] _25087_/Q -> _26096_/D : -1.678767
[setup reg-reg] _25087_/Q -> _27441_/D : -1.678668
[setup reg-reg] _25087_/Q -> _25843_/D : -1.678398
[setup reg-reg] _25087_/Q -> _26161_/D : -1.677243
[setup reg-reg] _25087_/Q -> _27587_/D : -1.676337
[setup reg-reg] _25075_/Q -> _25521_/D : -1.671618
[setup reg-reg] _25087_/Q -> _27472_/D : -1.671406
[setup reg-reg] _25087_/Q -> _26576_/D : -1.671033
[setup reg-reg] _25087_/Q -> _25840_/D : -1.670781
[setup reg-reg] _25087_/Q -> _27091_/D : -1.670307
[setup reg-reg] _25087_/Q -> _26480_/D : -1.669209
[setup reg-reg] _25087_/Q -> _25713_/D : -1.669077
[setup reg-reg] _25087_/Q -> _26166_/D : -1.668902
[setup reg-reg] _25075_/Q -> _26599_/D : -1.668498
[setup reg-reg] _25087_/Q -> _27280_/D : -1.667804
[setup reg-reg] _25087_/Q -> _27007_/D : -1.666972
[setup reg-reg] _25087_/Q -> _26267_/D : -1.666873
[setup reg-reg] _25087_/Q -> _26417_/D : -1.666445
[setup reg-reg] _25087_/Q -> _27062_/D : -1.666175
[setup reg-reg] _25087_/Q -> _25878_/D : -1.665773
[setup reg-reg] _25087_/Q -> _25779_/D : -1.665095
[setup reg-reg] _25075_/Q -> _25041_/D : -1.663327
[setup reg-reg] _25087_/Q -> _27446_/D : -1.662853
[setup reg-reg] _25087_/Q -> _26046_/D : -1.662690
[setup reg-reg] _25087_/Q -> _25872_/D : -1.662519
[setup reg-reg] _25087_/Q -> _25033_/D : -1.661574
[setup reg-reg] _25087_/Q -> _27510_/D : -1.659020
[setup reg-reg] _25087_/Q -> _25937_/D : -1.658401
[setup reg-reg] _25087_/Q -> _26323_/D : -1.658030
[setup reg-reg] _25087_/Q -> _26800_/D : -1.657087
[setup reg-reg] _25075_/Q -> _26695_/D : -1.656462
[setup reg-reg] _25075_/Q -> _25927_/D : -1.656382
[setup reg-reg] _25087_/Q -> _27166_/D : -1.656213
[setup reg-reg] _25087_/Q -> _27056_/D : -1.655970
[setup reg-reg] _25087_/Q -> _27440_/D : -1.655925
[setup reg-reg] _25087_/Q -> _27376_/D : -1.655291
[setup reg-reg] _25075_/Q -> _25018_/D : -1.654556
[setup reg-reg] _25087_/Q -> _27152_/D : -1.654483
[setup reg-reg] _25087_/Q -> _25776_/D : -1.653760
[setup reg-reg] _25087_/Q -> _27216_/D : -1.652763
[setup reg-reg] _25075_/Q -> _25300_/D : -1.651722
[setup reg-reg] _25075_/Q -> _26247_/D : -1.651477
[setup reg-reg] _25075_/Q -> _27575_/D : -1.650720
[setup reg-reg] _25087_/Q -> _26704_/D : -1.650019
[setup reg-reg] _25087_/Q -> _26993_/D : -1.649584
[setup reg-reg] _25087_/Q -> _26064_/D : -1.649468
[setup reg-reg] _25087_/Q -> _24858_/D : -1.649326
[setup reg-reg] _25087_/Q -> _27248_/D : -1.647042
[setup reg-reg] _25075_/Q -> _25266_/D : -1.646791
[setup reg-reg] _25075_/Q -> _25767_/D : -1.646605
[setup reg-reg] _25075_/Q -> _25965_/D : -1.645228
[setup reg-reg] _25087_/Q -> _26686_/D : -1.644764
[setup reg-reg] _25087_/Q -> _26929_/D : -1.644201
[setup reg-reg] _25075_/Q -> _25815_/D : -1.643519
[setup reg-reg] _25075_/Q -> _27154_/D : -1.642460
[setup reg-reg] _25087_/Q -> _25939_/D : -1.642357
[setup reg-reg] _25087_/Q -> _27347_/D : -1.642189
[setup reg-reg] _25087_/Q -> _25968_/D : -1.641654
[setup reg-reg] _25075_/Q -> _26279_/D : -1.641421
[setup reg-reg] _25087_/Q -> _26230_/D : -1.640837
[setup reg-reg] _25087_/Q -> _27313_/D : -1.638563
[setup reg-reg] _25087_/Q -> _25558_/D : -1.638190
[setup reg-reg] _25087_/Q -> _27219_/D : -1.637600
[setup reg-reg] _25087_/Q -> _26032_/D : -1.636675
[setup reg-reg] _25075_/Q -> _26663_/D : -1.635883
[setup reg-reg] _25087_/Q -> _26710_/D : -1.635422
[setup reg-reg] _25087_/Q -> _26928_/D : -1.635018
[setup reg-reg] _25087_/Q -> _27094_/D : -1.633554
[setup reg-reg] _25087_/Q -> _26705_/D : -1.632856
[setup reg-reg] _25087_/Q -> _25910_/D : -1.632621
[setup reg-reg] _25087_/Q -> _25718_/D : -1.632566
[setup reg-reg] _25087_/Q -> _25217_/D : -1.630895
[setup reg-reg] _25075_/Q -> _27117_/D : -1.627765
[setup reg-reg] _25075_/Q -> _27207_/D : -1.626855
[setup reg-reg] _25075_/Q -> _26519_/D : -1.626363
[setup reg-reg] _25087_/Q -> _27198_/D : -1.626308
[setup reg-reg] _25087_/Q -> _26129_/D : -1.625331
[setup reg-reg] _25087_/Q -> _26366_/D : -1.624969
[setup reg-reg] _25087_/Q -> _25331_/D : -1.624578
[setup reg-reg] _25075_/Q -> _27218_/D : -1.624105
[setup reg-reg] _25075_/Q -> _25703_/D : -1.623388
[setup reg-reg] _25075_/Q -> _26130_/D : -1.623210
[setup reg-reg] _25075_/Q -> _26999_/D : -1.623198
[setup reg-reg] _25075_/Q -> _24853_/D : -1.622546
[setup reg-reg] _25075_/Q -> _26445_/D : -1.622356
[setup reg-reg] _25087_/Q -> _26430_/D : -1.622130
[setup reg-reg] _25087_/Q -> _26832_/D : -1.621233
[setup reg-reg] _25075_/Q -> _25575_/D : -1.619915
[setup reg-reg] _25087_/Q -> _26846_/D : -1.618909
[setup reg-reg] _25087_/Q -> _26736_/D : -1.618835
[setup reg-reg] _25075_/Q -> _25842_/D : -1.618522
[setup reg-reg] _25075_/Q -> _25548_/D : -1.617407
[setup reg-reg] _25087_/Q -> _25566_/D : -1.617156
[setup reg-reg] _25075_/Q -> _25997_/D : -1.617137
[setup reg-reg] _25087_/Q -> _27423_/D : -1.615646
[setup reg-reg] _25087_/Q -> _25662_/D : -1.614374
[setup reg-reg] _25075_/Q -> _26631_/D : -1.613236
[setup reg-reg] _25075_/Q -> _26263_/D : -1.612017
[setup reg-reg] _25075_/Q -> _27367_/D : -1.611637
[setup reg-reg] _25075_/Q -> _26583_/D : -1.609857
[setup reg-reg] _25087_/Q -> _26942_/D : -1.607159
[setup reg-reg] _25075_/Q -> _27431_/D : -1.606189
[setup reg-reg] _25087_/Q -> _26390_/D : -1.606166
[setup reg-reg] _25075_/Q -> _27469_/D : -1.604381
[setup reg-reg] _25087_/Q -> _24823_/D : -1.603240
[setup reg-reg] _25075_/Q -> _26957_/D : -1.603118
[setup reg-reg] _25087_/Q -> _26911_/D : -1.602363
[setup reg-reg] _25087_/Q -> _26398_/D : -1.602126
[setup reg-reg] _25087_/Q -> _26462_/D : -1.601805
[setup reg-reg] _25075_/Q -> _27586_/D : -1.600283
[setup reg-reg] _25087_/Q -> _26006_/D : -1.599894
[setup reg-reg] _25087_/Q -> _26128_/D : -1.599025
[setup reg-reg] _25087_/Q -> _25630_/D : -1.598428
[setup reg-reg] _25075_/Q -> _26887_/D : -1.598036
[setup reg-reg] _25087_/Q -> _25288_/D : -1.597932
[setup reg-reg] _25087_/Q -> _27071_/D : -1.596934
[setup reg-reg] _25075_/Q -> _27533_/D : -1.596515
[setup reg-reg] _25087_/Q -> _26334_/D : -1.596494
[setup reg-reg] _25087_/Q -> _27134_/D : -1.595494
[setup reg-reg] _25087_/Q -> _27024_/D : -1.595204
[setup reg-reg] _25075_/Q -> _26810_/D : -1.593643
[setup reg-reg] _25075_/Q -> _25238_/D : -1.591110
[setup reg-reg] _25075_/Q -> _25837_/D : -1.589063
[setup reg-reg] _25075_/Q -> _27341_/D : -1.587749
[setup reg-reg] _25087_/Q -> _27030_/D : -1.586665
[setup reg-reg] _25075_/Q -> _25244_/D : -1.586333
[setup reg-reg] _25087_/Q -> _25529_/D : -1.585386
[setup reg-reg] _25075_/Q -> _26701_/D : -1.585184
[setup reg-reg] _25087_/Q -> _26750_/D : -1.584540
[setup reg-reg] _25087_/Q -> _27222_/D : -1.583183
[setup reg-reg] _25075_/Q -> _26026_/D : -1.582531
[setup reg-reg] _25075_/Q -> _26802_/D : -1.580879
[setup reg-reg] _25087_/Q -> _27190_/D : -1.580055
[setup reg-reg] _25075_/Q -> _27474_/D : -1.577394
[setup reg-reg] _25075_/Q -> _26738_/D : -1.574870
[setup reg-reg] _25087_/Q -> _25528_/D : -1.573762
[setup reg-reg] _25075_/Q -> _27386_/D : -1.573351
[setup reg-reg] _25075_/Q -> _26157_/D : -1.573076
[setup reg-reg] _25075_/Q -> _25786_/D : -1.572484
[setup reg-reg] _25087_/Q -> _25598_/D : -1.570214
[setup reg-reg] _25087_/Q -> _27478_/D : -1.568225
[setup reg-reg] _25087_/Q -> _26196_/D : -1.568223
[setup reg-reg] _25087_/Q -> _26207_/D : -1.566962
[setup reg-reg] _25087_/Q -> _25550_/D : -1.566782
[setup reg-reg] _25075_/Q -> _27085_/D : -1.565175
[setup reg-reg] _25087_/Q -> _25281_/D : -1.563672
[setup reg-reg] _25087_/Q -> _25822_/D : -1.562944
[setup reg-reg] _25075_/Q -> _25869_/D : -1.561808
[setup reg-reg] _25087_/Q -> _27158_/D : -1.561704
[setup reg-reg] _25087_/Q -> _27519_/D : -1.559052
[setup reg-reg] _25087_/Q -> _27358_/D : -1.558778
[setup reg-reg] _25087_/Q -> _25298_/D : -1.557888
[setup reg-reg] _25087_/Q -> _25974_/D : -1.557440
[setup reg-reg] _25087_/Q -> _26590_/D : -1.555451
[setup reg-reg] _25075_/Q -> _26061_/D : -1.554570
[setup reg-reg] _25075_/Q -> _25642_/D : -1.554195
[setup reg-reg] _25075_/Q -> _26359_/D : -1.553758
[setup reg-reg] _25087_/Q -> _26526_/D : -1.553620
[setup reg-reg] _25087_/Q -> _26975_/D : -1.553353
[setup reg-reg] _25075_/Q -> _26413_/D : -1.553318
[setup reg-reg] _25075_/Q -> _26541_/D : -1.552799
[setup reg-reg] _25075_/Q -> _25562_/D : -1.552756
[setup reg-reg] _25075_/Q -> _27018_/D : -1.552358
[setup reg-reg] _25075_/Q -> _26922_/D : -1.550140
[setup reg-reg] _25075_/Q -> _26962_/D : -1.549701
[setup reg-reg] _25075_/Q -> _26730_/D : -1.548992
[setup reg-reg] _25075_/Q -> _27245_/D : -1.547623
[setup reg-reg] _25075_/Q -> _26807_/D : -1.543841
[setup reg-reg] _25075_/Q -> _26215_/D : -1.543667
[setup reg-reg] _25075_/Q -> _26378_/D : -1.540837
[setup reg-reg] _25075_/Q -> _27434_/D : -1.539410
[setup reg-reg] _25087_/Q -> _26260_/D : -1.538634
[setup reg-reg] _25075_/Q -> _26925_/D : -1.538632
[setup reg-reg] _25087_/Q -> _27003_/D : -1.536209
[setup reg-reg] _25087_/Q -> _26100_/D : -1.531831
[setup reg-reg] _25075_/Q -> _27015_/D : -1.529754
[setup reg-reg] _25075_/Q -> _26122_/D : -1.529658
[setup reg-reg] _25075_/Q -> _26509_/D : -1.527951
[setup reg-reg] _25075_/Q -> _25610_/D : -1.526811
[setup reg-reg] _25087_/Q -> _27508_/D : -1.525335
[setup reg-reg] _25075_/Q -> _26605_/D : -1.525125
[setup reg-reg] _25075_/Q -> _26285_/D : -1.524874
[setup reg-reg] _25087_/Q -> _26587_/D : -1.523555
[setup reg-reg] _25087_/Q -> _25306_/D : -1.522594
[setup reg-reg] _25075_/Q -> _26042_/D : -1.522466
[setup reg-reg] _25075_/Q -> _26346_/D : -1.521123
[setup reg-reg] _25075_/Q -> _27146_/D : -1.519714
[setup reg-reg] _25075_/Q -> _25866_/D : -1.517032
[setup reg-reg] _25075_/Q -> _25261_/D : -1.516842
[setup reg-reg] _25087_/Q -> _26270_/D : -1.515092
[setup reg-reg] _25087_/Q -> _27092_/D : -1.515025
[setup reg-reg] _25075_/Q -> _27402_/D : -1.513214
[setup reg-reg] _25075_/Q -> _24830_/D : -1.512698
[setup reg-reg] _25075_/Q -> _26330_/D : -1.510204
[setup reg-reg] _25087_/Q -> _25008_/D : -1.508372
[setup reg-reg] _25075_/Q -> _25271_/D : -1.507647
[setup reg-reg] _25075_/Q -> _27095_/D : -1.503548
[setup reg-reg] _25075_/Q -> _26986_/D : -1.497682
[setup reg-reg] _25075_/Q -> _25334_/D : -1.497664
[setup reg-reg] _25075_/Q -> _26980_/D : -1.496748
[setup reg-reg] _25087_/Q -> _25289_/D : -1.494641
[setup reg-reg] _25075_/Q -> _25613_/D : -1.487770
[setup reg-reg] _25087_/Q -> _26619_/D : -1.487139
[setup reg-reg] _25087_/Q -> _26612_/D : -1.486480
[setup reg-reg] _25075_/Q -> _25265_/D : -1.485411
[setup reg-reg] _25075_/Q -> _26167_/D : -1.483535
[setup reg-reg] _25087_/Q -> _26235_/D : -1.483430
[setup reg-reg] _25087_/Q -> _25243_/D : -1.482459
[setup reg-reg] _25087_/Q -> _26939_/D : -1.482192
[setup reg-reg] _25087_/Q -> _25015_/D : -1.481071
[setup reg-reg] _25087_/Q -> _27323_/D : -1.480359
[setup reg-reg] _25087_/Q -> _25627_/D : -1.478192
[setup reg-reg] _25087_/Q -> _25339_/D : -1.475563
[setup reg-reg] _25087_/Q -> _27563_/D : -1.474033
[setup reg-reg] _25087_/Q -> _27195_/D : -1.470974
[setup reg-reg] _25087_/Q -> _25021_/D : -1.465001
[setup reg-reg] _25087_/Q -> _26491_/D : -1.460286
[setup reg-reg] _25075_/Q -> _27206_/D : -1.458288
[setup reg-reg] _25075_/Q -> _25796_/D : -1.457604
[setup reg-reg] _25087_/Q -> _26644_/D : -1.455859
[setup reg-reg] _25087_/Q -> _25947_/D : -1.449600
[setup reg-reg] _25087_/Q -> _26395_/D : -1.446178
[setup reg-reg] _25075_/Q -> _25023_/D : -1.445915
[setup reg-reg] _25075_/Q -> _26871_/D : -1.444340
[setup reg-reg] _25087_/Q -> _27028_/D : -1.441460
[setup reg-reg] _25075_/Q -> _25990_/D : -1.438972
[setup reg-reg] _25075_/Q -> _25722_/D : -1.438304
[setup reg-reg] _25075_/Q -> _26775_/D : -1.430168
[setup reg-reg] _25075_/Q -> _26212_/D : -1.426617
[setup reg-reg] _25075_/Q -> _25784_/D : -1.424418
[setup reg-reg] _25075_/Q -> _26918_/D : -1.409820
[setup reg-reg] _25087_/Q -> _25755_/D : -1.408326
[setup reg-reg] _25075_/Q -> _27110_/D : -1.404954
[setup reg-reg] _25075_/Q -> _26362_/D : -1.401265
[setup reg-reg] _25087_/Q -> _25328_/D : -1.399327
[setup reg-reg] _25075_/Q -> _26194_/D : -1.392381
[setup reg-reg] _24936_/Q -> _25375_/D : -1.391653
[setup reg-reg] _25087_/Q -> _26715_/D : -1.391445
[setup reg-reg] _25075_/Q -> _27258_/D : -1.391328
[setup reg-reg] _25087_/Q -> _25599_/D : -1.389557
[setup reg-reg] _25075_/Q -> _27562_/D : -1.388505
[setup reg-reg] _25075_/Q -> _25862_/D : -1.385411
[setup reg-reg] _25075_/Q -> _26534_/D : -1.384787
[setup reg-reg] _25087_/Q -> _26783_/D : -1.384555
[setup reg-reg] _25075_/Q -> _25618_/D : -1.383830
[setup reg-reg] _25087_/Q -> _26015_/D : -1.380265
[setup reg-reg] _25075_/Q -> _25522_/D : -1.378671
[setup reg-reg] _25075_/Q -> _25882_/D : -1.377423
[setup reg-reg] _25075_/Q -> _26904_/D : -1.375396
[setup reg-reg] _25075_/Q -> _27410_/D : -1.375028
[setup reg-reg] _25075_/Q -> _26456_/D : -1.370506
[setup reg-reg] _25075_/Q -> _27319_/D : -1.369649
[setup reg-reg] _25075_/Q -> _27494_/D : -1.369141
[setup reg-reg] _25075_/Q -> _26776_/D : -1.369051
[setup reg-reg] _25075_/Q -> _25848_/D : -1.368152
[setup reg-reg] _25075_/Q -> _25810_/D : -1.368022
[setup reg-reg] _25075_/Q -> _26744_/D : -1.367376
[setup reg-reg] _25075_/Q -> _25943_/D : -1.367372
[setup reg-reg] _25075_/Q -> _25847_/D : -1.366871
[setup reg-reg] _25075_/Q -> _26968_/D : -1.363294
[setup reg-reg] _25087_/Q -> _24818_/D : -1.361837
[setup reg-reg] _25087_/Q -> _25525_/D : -1.361837
[setup reg-reg] _25075_/Q -> _25586_/D : -1.361631
[setup reg-reg] _25075_/Q -> _26054_/D : -1.360631
[setup reg-reg] _25075_/Q -> _26066_/D : -1.360496
[setup reg-reg] _25075_/Q -> _25798_/D : -1.359828
[setup reg-reg] _25087_/Q -> _26572_/D : -1.358181
[setup reg-reg] _25075_/Q -> _26874_/D : -1.357408
[setup reg-reg] _25075_/Q -> _27026_/D : -1.357115
[setup reg-reg] _25087_/Q -> _26463_/D : -1.356645
[setup reg-reg] _25087_/Q -> _27359_/D : -1.356097
[setup reg-reg] _25087_/Q -> _25964_/D : -1.356080
[setup reg-reg] _25075_/Q -> _27078_/D : -1.353731
[setup reg-reg] _25075_/Q -> _26712_/D : -1.352461
[setup reg-reg] _25075_/Q -> _25944_/D : -1.350131
[setup reg-reg] _25075_/Q -> _27250_/D : -1.349880
[setup reg-reg] _25075_/Q -> _25938_/D : -1.349713
[setup reg-reg] _25075_/Q -> _25894_/D : -1.349514
[setup reg-reg] _25075_/Q -> _27462_/D : -1.346942
[setup reg-reg] _25075_/Q -> _27574_/D : -1.346677
[setup reg-reg] _25075_/Q -> _26886_/D : -1.345391
[setup reg-reg] _25075_/Q -> _26694_/D : -1.343228
[setup reg-reg] _25087_/Q -> _26527_/D : -1.342157
[setup reg-reg] _25075_/Q -> _25068_/D : -1.340963
[setup reg-reg] _25087_/Q -> _25290_/D : -1.340832
[setup reg-reg] _25075_/Q -> _27572_/D : -1.340810
[setup reg-reg] _25075_/Q -> _25958_/D : -1.339373
[setup reg-reg] _25075_/Q -> _26354_/D : -1.337204
[setup reg-reg] _25075_/Q -> _26726_/D : -1.336486
[setup reg-reg] _25075_/Q -> _25734_/D : -1.336044
[setup reg-reg] _25075_/Q -> _27430_/D : -1.333689
[setup reg-reg] _25075_/Q -> _26290_/D : -1.333671
[setup reg-reg] _25075_/Q -> _26982_/D : -1.333017
[setup reg-reg] _25075_/Q -> _27238_/D : -1.332062
[setup reg-reg] _25075_/Q -> _26662_/D : -1.329319
[setup reg-reg] _25075_/Q -> _26615_/D : -1.328768
[setup reg-reg] _25075_/Q -> _26500_/D : -1.327285
[setup reg-reg] _25075_/Q -> _26790_/D : -1.326301
[setup reg-reg] _25075_/Q -> _26118_/D : -1.323906
[setup reg-reg] _25087_/Q -> _26632_/D : -1.323070
[setup reg-reg] _25075_/Q -> _27442_/D : -1.322681
[setup reg-reg] _25075_/Q -> _25702_/D : -1.322061
[setup reg-reg] _25075_/Q -> _25536_/D : -1.321062
[setup reg-reg] _25075_/Q -> _26135_/D : -1.320673
[setup reg-reg] _25087_/Q -> _26536_/D : -1.320668
[setup reg-reg] _25075_/Q -> _25926_/D : -1.320616
[setup reg-reg] _25075_/Q -> _26502_/D : -1.320496
[setup reg-reg] _25075_/Q -> _26756_/D : -1.319707
[setup reg-reg] _25075_/Q -> _25012_/D : -1.318593
[setup reg-reg] _25075_/Q -> _26854_/D : -1.318067
[setup reg-reg] _25075_/Q -> _25670_/D : -1.317540
[setup reg-reg] _25087_/Q -> _26152_/D : -1.317432
[setup reg-reg] _25087_/Q -> _26344_/D : -1.316140
[setup reg-reg] _25075_/Q -> _27398_/D : -1.316074
[setup reg-reg] _25075_/Q -> _26010_/D : -1.315037
[setup reg-reg] _25075_/Q -> _27012_/D : -1.313856
[setup reg-reg] _25087_/Q -> _25736_/D : -1.313007
[setup reg-reg] _25075_/Q -> _26630_/D : -1.304741
[setup reg-reg] _25087_/Q -> _25787_/D : -1.304022
[setup reg-reg] _25087_/Q -> _27048_/D : -1.303704
[setup reg-reg] _25075_/Q -> _26049_/D : -1.303224
[setup reg-reg] _25087_/Q -> _24829_/D : -1.302968
[setup reg-reg] _25075_/Q -> _26610_/D : -1.302801
[setup reg-reg] _25075_/Q -> _26244_/D : -1.301814
[setup reg-reg] _25075_/Q -> _24812_/D : -1.301739
[setup reg-reg] _25075_/Q -> _27351_/D : -1.298892
[setup reg-reg] _25087_/Q -> _27400_/D : -1.298195
[setup reg-reg] _25075_/Q -> _26546_/D : -1.295081
[setup reg-reg] _25087_/Q -> _27144_/D : -1.295030
[setup reg-reg] _25075_/Q -> _27428_/D : -1.294156
[setup reg-reg] _25075_/Q -> _26482_/D : -1.293710
[setup reg-reg] _25075_/Q -> _26994_/D : -1.292911
[setup reg-reg] _25075_/Q -> _26642_/D : -1.291982
[setup reg-reg] _25087_/Q -> _26555_/D : -1.290694
[setup reg-reg] _25087_/Q -> _26664_/D : -1.289521
[setup reg-reg] _25075_/Q -> _25766_/D : -1.288736
[setup reg-reg] _25075_/Q -> _25783_/D : -1.287251
[setup reg-reg] _25087_/Q -> _26120_/D : -1.286862
[setup reg-reg] _25087_/Q -> _26312_/D : -1.284731
[setup reg-reg] _25075_/Q -> _25988_/D : -1.284221
[setup reg-reg] _25075_/Q -> _25606_/D : -1.283317
[setup reg-reg] _25075_/Q -> _27191_/D : -1.283022
[setup reg-reg] _25075_/Q -> _26660_/D : -1.282197
[setup reg-reg] _25087_/Q -> _27576_/D : -1.281421
[setup reg-reg] _25075_/Q -> _27300_/D : -1.281272
[setup reg-reg] _25075_/Q -> _26418_/D : -1.278648
[setup reg-reg] _25075_/Q -> _27044_/D : -1.277270
[setup reg-reg] _25087_/Q -> _25335_/D : -1.275852
[setup reg-reg] _25075_/Q -> _26820_/D : -1.273438
[setup reg-reg] _25087_/Q -> _26888_/D : -1.273214
[setup reg-reg] _25075_/Q -> _25892_/D : -1.271356
[setup reg-reg] _25075_/Q -> _26765_/D : -1.270685
[setup reg-reg] _25075_/Q -> _24832_/D : -1.268456
[setup reg-reg] _25075_/Q -> _25732_/D : -1.264839
[setup reg-reg] _25087_/Q -> _24817_/D : -1.262347
[setup reg-reg] _25075_/Q -> _27492_/D : -1.260668
[setup reg-reg] _25087_/Q -> _26856_/D : -1.256035
[setup reg-reg] _25087_/Q -> _25595_/D : -1.253772
[setup reg-reg] _25087_/Q -> _25608_/D : -1.251609
[setup reg-reg] _25087_/Q -> _27355_/D : -1.250557
[setup reg-reg] _25087_/Q -> _26376_/D : -1.244892
[setup reg-reg] _25075_/Q -> _27159_/D : -1.243652
[setup reg-reg] _25087_/Q -> _26568_/D : -1.238409
[setup reg-reg] _25087_/Q -> _25832_/D : -1.235186
[setup reg-reg] _25087_/Q -> _26984_/D : -1.234698
[setup reg-reg] _25087_/Q -> _26459_/D : -1.232705
[setup reg-reg] _25087_/Q -> _25121_/D : -1.232301
[setup reg-reg] _25087_/Q -> _26171_/D : -1.232275
[setup reg-reg] _25075_/Q -> _26391_/D : -1.231449
[setup reg-reg] _25075_/Q -> _27046_/D : -1.226972
[setup reg-reg] _25075_/Q -> _24827_/D : -1.225791
[setup reg-reg] _25075_/Q -> _26711_/D : -1.224755
[setup reg-reg] _25075_/Q -> _26903_/D : -1.222565
[setup reg-reg] _25087_/Q -> _26331_/D : -1.221876
[setup reg-reg] _25087_/Q -> _25115_/D : -1.221132
[setup reg-reg] _25075_/Q -> _26342_/D : -1.220924
[setup reg-reg] _25075_/Q -> _26214_/D : -1.218174
[setup reg-reg] _24936_/Q -> _25372_/D : -1.215895
[setup reg-reg] _25087_/Q -> _26728_/D : -1.213863
[setup reg-reg] _25087_/Q -> _25979_/D : -1.212483
[setup reg-reg] _25075_/Q -> _25236_/D : -1.211671
[setup reg-reg] _25087_/Q -> _27419_/D : -1.209749
[setup reg-reg] _25075_/Q -> _27287_/D : -1.202693
[setup reg-reg] _25087_/Q -> _26075_/D : -1.193886
[setup reg-reg] _25075_/Q -> _25889_/D : -1.192648
[setup reg-reg] _25087_/Q -> _26011_/D : -1.191950
[setup reg-reg] _25087_/Q -> _27163_/D : -1.191472
[setup reg-reg] _25087_/Q -> _26363_/D : -1.189447
[setup reg-reg] _25087_/Q -> _26843_/D : -1.187484
[setup reg-reg] _25087_/Q -> _25563_/D : -1.186836
[setup reg-reg] _25087_/Q -> _26523_/D : -1.185816
[setup reg-reg] _25075_/Q -> _27479_/D : -1.184960
[setup reg-reg] _25075_/Q -> _27073_/D : -1.184572
[setup reg-reg] _25075_/Q -> _25665_/D : -1.184349
[setup reg-reg] _25087_/Q -> _25046_/D : -1.182499
[setup reg-reg] _25075_/Q -> _27525_/D : -1.180672
[setup reg-reg] _25087_/Q -> _27451_/D : -1.180537
[setup reg-reg] _25087_/Q -> _24881_/D : -1.179636
[setup reg-reg] _25075_/Q -> _26785_/D : -1.176900
[setup reg-reg] _25075_/Q -> _26941_/D : -1.176733
[setup reg-reg] _25087_/Q -> _26747_/D : -1.175899
[setup reg-reg] _25087_/Q -> _27259_/D : -1.174859
[setup reg-reg] _25075_/Q -> _27559_/D : -1.173047
[setup reg-reg] _25075_/Q -> _25761_/D : -1.172058
[setup reg-reg] _25087_/Q -> _25211_/D : -1.171596
[setup reg-reg] _25075_/Q -> _26781_/D : -1.171250
[setup reg-reg] _25075_/Q -> _25793_/D : -1.165093
[setup reg-reg] _25075_/Q -> _26621_/D : -1.159934
[setup reg-reg] _25087_/Q -> _26428_/D : -1.159833
[setup reg-reg] _25075_/Q -> _27489_/D : -1.158412
[setup reg-reg] _25075_/Q -> _26913_/D : -1.157460
[setup reg-reg] _25075_/Q -> _27302_/D : -1.155192
[setup reg-reg] _25075_/Q -> _27137_/D : -1.152067
[setup reg-reg] _25075_/Q -> _27265_/D : -1.150340
[setup reg-reg] _25075_/Q -> _25697_/D : -1.150095
[setup reg-reg] _25087_/Q -> _25883_/D : -1.149544
[setup reg-reg] _25075_/Q -> _25601_/D : -1.148852
[setup reg-reg] _25087_/Q -> _27336_/D : -1.148688
[setup reg-reg] _25087_/Q -> _26907_/D : -1.146512
[setup reg-reg] _25075_/Q -> _25985_/D : -1.145500
[setup reg-reg] _25087_/Q -> _26408_/D : -1.144695
[setup reg-reg] _25075_/Q -> _25009_/D : -1.144288
[setup reg-reg] _25075_/Q -> _26039_/D : -1.140844
[setup reg-reg] _25075_/Q -> _26977_/D : -1.140272
[setup reg-reg] _25075_/Q -> _24883_/D : -1.138886
[setup reg-reg] _25075_/Q -> _27105_/D : -1.137819
[setup reg-reg] _25075_/Q -> _26593_/D : -1.135339
[setup reg-reg] _25075_/Q -> _27569_/D : -1.132655
[setup reg-reg] _25075_/Q -> _27014_/D : -1.132355
[setup reg-reg] _25087_/Q -> _26812_/D : -1.129797
[setup reg-reg] _25075_/Q -> _24863_/D : -1.125503
[setup reg-reg] _25087_/Q -> _25323_/D : -1.125446
[setup reg-reg] _25087_/Q -> _27080_/D : -1.124796
[setup reg-reg] _25075_/Q -> _27233_/D : -1.123077
[setup reg-reg] _25075_/Q -> _27297_/D : -1.123006
[setup reg-reg] _25075_/Q -> _25629_/D : -1.121551
[setup reg-reg] _25075_/Q -> _27009_/D : -1.121443
[setup reg-reg] _25075_/Q -> _26007_/D : -1.120583
[setup reg-reg] _25087_/Q -> _26139_/D : -1.115824
[setup reg-reg] _25075_/Q -> _26013_/D : -1.114897
[setup reg-reg] _25075_/Q -> _25655_/D : -1.114044
[setup reg-reg] _25087_/Q -> _26769_/D : -1.112362
[setup reg-reg] _25075_/Q -> _25981_/D : -1.111232
[setup reg-reg] _25087_/Q -> _27016_/D : -1.110989
[setup reg-reg] _25075_/Q -> _26529_/D : -1.109781
[setup reg-reg] _25075_/Q -> _26625_/D : -1.108468
[setup reg-reg] _25087_/Q -> _25212_/D : -1.108221
[setup reg-reg] _25075_/Q -> _27520_/D : -1.105610
[setup reg-reg] _25087_/Q -> _26600_/D : -1.103905
[setup reg-reg] _25075_/Q -> _26753_/D : -1.103306
[setup reg-reg] _25075_/Q -> _25531_/D : -1.101549
[setup reg-reg] _25087_/Q -> _25756_/D : -1.101355
[setup reg-reg] _25075_/Q -> _27069_/D : -1.099972
[setup reg-reg] _25087_/Q -> _25980_/D : -1.099625
[setup reg-reg] _25075_/Q -> _26551_/D : -1.099345
[setup reg-reg] _25087_/Q -> _26684_/D : -1.098728
[setup reg-reg] _25075_/Q -> _27393_/D : -1.097954
[setup reg-reg] _25075_/Q -> _25857_/D : -1.097238
[setup reg-reg] _25087_/Q -> _27100_/D : -1.096861
[setup reg-reg] _25087_/Q -> _25820_/D : -1.093650
[setup reg-reg] _25087_/Q -> _25042_/D : -1.093225
[setup reg-reg] _25087_/Q -> _27585_/D : -1.092523
[setup reg-reg] _25075_/Q -> _25559_/D : -1.092268
[setup reg-reg] _25087_/Q -> _25948_/D : -1.088724
[setup reg-reg] _25087_/Q -> _26204_/D : -1.087216
[setup reg-reg] _25087_/Q -> _25692_/D : -1.086951
[setup reg-reg] _25075_/Q -> _26849_/D : -1.085141
[setup reg-reg] _25075_/Q -> _26301_/D : -1.080016
[setup reg-reg] _25087_/Q -> _27228_/D : -1.075270
[setup reg-reg] _25087_/Q -> _27324_/D : -1.072953
[setup reg-reg] _25075_/Q -> _25311_/D : -1.070711
[setup reg-reg] _25087_/Q -> _27249_/D : -1.067944
[setup reg-reg] _25087_/Q -> _25364_/D : -1.067344
[setup reg-reg] _25087_/Q -> _26557_/D : -1.064704
[setup reg-reg] _25075_/Q -> _26109_/D : -1.061315
[setup reg-reg] _25075_/Q -> _24872_/D : -1.056790
[setup reg-reg] _25087_/Q -> _25704_/D : -1.056414
[setup reg-reg] _25075_/Q -> _25917_/D : -1.056232
[setup reg-reg] _25075_/Q -> _25751_/D : -1.052241
[setup reg-reg] _25087_/Q -> _26504_/D : -1.051635
[setup reg-reg] _25075_/Q -> _25352_/D : -1.049569
[setup reg-reg] _25075_/Q -> _26653_/D : -1.047951
[setup reg-reg] _25087_/Q -> _26383_/D : -1.047882
[setup reg-reg] _25075_/Q -> _25853_/D : -1.043480
[setup reg-reg] _25087_/Q -> _27025_/D : -1.043262
[setup reg-reg] _25087_/Q -> _26056_/D : -1.041606
[setup reg-reg] _25087_/Q -> _26216_/D : -1.040336
[setup reg-reg] _25087_/Q -> _25928_/D : -1.033932
[setup reg-reg] _25087_/Q -> _27133_/D : -1.033003
[setup reg-reg] _25075_/Q -> _25318_/D : -1.031719
[setup reg-reg] _25075_/Q -> _25885_/D : -1.027491
[setup reg-reg] _25087_/Q -> _26779_/D : -1.025009
[setup reg-reg] _25087_/Q -> _27101_/D : -1.022171
[setup reg-reg] _25087_/Q -> _25809_/D : -1.014449
[setup reg-reg] _25087_/Q -> _25873_/D : -1.009390
[setup reg-reg] _25075_/Q -> _24865_/D : -1.004924
[setup reg-reg] _25087_/Q -> _26299_/D : -1.002418
[setup reg-reg] _25087_/Q -> _27368_/D : -1.001897
[setup reg-reg] _25087_/Q -> _27291_/D : -1.001807
[setup reg-reg] _25087_/Q -> _25762_/D : -0.997748
[setup reg-reg] _25087_/Q -> _26306_/D : -0.995211
[setup reg-reg] _25087_/Q -> _27067_/D : -0.995192
[setup reg-reg] _25087_/Q -> _27298_/D : -0.995000
[setup reg-reg] _25087_/Q -> _27570_/D : -0.994760
[setup reg-reg] _25087_/Q -> _26274_/D : -0.992411
[setup reg-reg] _25087_/Q -> _25723_/D : -0.991271
[setup reg-reg] _25075_/Q -> _24842_/D : -0.990665
[setup reg-reg] _25087_/Q -> _27483_/D : -0.984624
[setup reg-reg] _25087_/Q -> _27202_/D : -0.981512
[setup reg-reg] _25087_/Q -> _27490_/D : -0.981297
[setup reg-reg] _25087_/Q -> _26141_/D : -0.976144
[setup reg-reg] _25087_/Q -> _26658_/D : -0.974964
[setup reg-reg] _25087_/Q -> _27185_/D : -0.973202
[setup reg-reg] _25087_/Q -> _25794_/D : -0.972774
[setup reg-reg] _25087_/Q -> _26690_/D : -0.971955
[setup reg-reg] _25087_/Q -> _26594_/D : -0.967741
[setup reg-reg] _25087_/Q -> _26946_/D : -0.962112
[setup reg-reg] _25087_/Q -> _26498_/D : -0.961494
[setup reg-reg] _25087_/Q -> _27266_/D : -0.960345
[setup reg-reg] _25087_/Q -> _25570_/D : -0.958718
[setup reg-reg] _25087_/Q -> _27394_/D : -0.955211
[setup reg-reg] _25087_/Q -> _27229_/D : -0.951937
[setup reg-reg] _25087_/Q -> _27010_/D : -0.949095
[setup reg-reg] _25075_/Q -> _26877_/D : -0.948047
[setup reg-reg] _25087_/Q -> _26210_/D : -0.946514
[setup reg-reg] _25087_/Q -> _27458_/D : -0.942929
[setup reg-reg] _25087_/Q -> _26269_/D : -0.941784
[setup reg-reg] _25087_/Q -> _26786_/D : -0.938847
[setup reg-reg] _25087_/Q -> _25602_/D : -0.937911
[setup reg-reg] _25087_/Q -> _26626_/D : -0.936513
[setup reg-reg] _25087_/Q -> _25826_/D : -0.935922
[setup reg-reg] _25087_/Q -> _26242_/D : -0.935838
[setup reg-reg] _25087_/Q -> _27042_/D : -0.934769
[setup reg-reg] _25087_/Q -> _26178_/D : -0.932934
[setup reg-reg] _25087_/Q -> _26365_/D : -0.932273
[setup reg-reg] _25075_/Q -> _26965_/D : -0.931516
[setup reg-reg] _25087_/Q -> _25532_/D : -0.930147
[setup reg-reg] _25075_/Q -> _26333_/D : -0.927837
[setup reg-reg] _25087_/Q -> _26402_/D : -0.925253
[setup reg-reg] _25087_/Q -> _26050_/D : -0.921995
[setup reg-reg] _25075_/Q -> _25749_/D : -0.920856
[setup reg-reg] _25075_/Q -> _26837_/D : -0.919417
[setup reg-reg] _25087_/Q -> _25698_/D : -0.913577
[setup reg-reg] _25087_/Q -> _25890_/D : -0.913165
[setup reg-reg] _25087_/Q -> _26850_/D : -0.912399
[setup reg-reg] _25087_/Q -> _27362_/D : -0.912342
[setup reg-reg] _25075_/Q -> _26517_/D : -0.911214
[setup reg-reg] _25087_/Q -> _27074_/D : -0.910887
[setup reg-reg] _25075_/Q -> _27093_/D : -0.906008
[setup reg-reg] _25075_/Q -> _27317_/D : -0.905926
[setup reg-reg] _25087_/Q -> _27234_/D : -0.905775
[setup reg-reg] _25075_/Q -> _25258_/D : -0.904938
[setup reg-reg] _25075_/Q -> _26525_/D : -0.901995
[setup reg-reg] _25087_/Q -> _27170_/D : -0.900499
[setup reg-reg] _25075_/Q -> _27509_/D : -0.899101
[setup reg-reg] _25087_/Q -> _27197_/D : -0.898263
[setup reg-reg] _25087_/Q -> _26608_/D : -0.897890
[setup reg-reg] _25075_/Q -> _27349_/D : -0.895312
[setup reg-reg] _25075_/Q -> _27029_/D : -0.894145
[setup reg-reg] _25075_/Q -> _25717_/D : -0.892108
[setup reg-reg] _25075_/Q -> _25207_/D : -0.889566
[setup reg-reg] _25075_/Q -> _25551_/D : -0.888866
[setup reg-reg] _25075_/Q -> _26845_/D : -0.883370
[setup reg-reg] _25087_/Q -> _24860_/D : -0.881030
[setup reg-reg] _25087_/Q -> _24840_/D : -0.880078
[setup reg-reg] _25087_/Q -> _25326_/D : -0.873467
[setup reg-reg] _25075_/Q -> _27325_/D : -0.873021
[setup reg-reg] _25075_/Q -> _26749_/D : -0.867447
[setup reg-reg] _25075_/Q -> _25725_/D : -0.867145
[setup reg-reg] _25075_/Q -> _26773_/D : -0.866823
[setup reg-reg] _25075_/Q -> _26261_/D : -0.857556
[setup reg-reg] _25075_/Q -> _25208_/D : -0.856446
[setup reg-reg] _25087_/Q -> _25680_/D : -0.851049
[setup reg-reg] _25075_/Q -> _26133_/D : -0.838821
[setup reg-reg] _25075_/Q -> _25877_/D : -0.835579
[setup reg-reg] _25087_/Q -> _25108_/D : -0.831264
[setup reg-reg] _25075_/Q -> _25039_/D : -0.826176
[setup reg-reg] _25087_/Q -> _26300_/D : -0.821741
[setup reg-reg] _25087_/Q -> _25584_/D : -0.819469
[setup reg-reg] _25087_/Q -> _26651_/D : -0.818256
[setup reg-reg] _25087_/Q -> _25789_/D : -0.817165
[setup reg-reg] _25087_/Q -> _27281_/D : -0.815419
[setup reg-reg] _25087_/Q -> _25547_/D : -0.812957
[setup reg-reg] _25075_/Q -> _26325_/D : -0.809818
[setup reg-reg] _25087_/Q -> _26173_/D : -0.807109
[setup reg-reg] _25075_/Q -> _27491_/D : -0.804677
[setup reg-reg] _25087_/Q -> _26236_/D : -0.801746
[setup reg-reg] _25075_/Q -> _25257_/D : -0.795378
[setup reg-reg] _25087_/Q -> _26268_/D : -0.794246
[setup reg-reg] _25087_/Q -> _25329_/D : -0.790026
[setup reg-reg] _25075_/Q -> _24831_/D : -0.789971
[setup reg-reg] _25087_/Q -> _26397_/D : -0.789957
[setup reg-reg] _25087_/Q -> _27027_/D : -0.789637
[setup reg-reg] _25087_/Q -> _26014_/D : -0.789411
[setup reg-reg] _25087_/Q -> _26352_/D : -0.787711
[setup reg-reg] _25087_/Q -> _25319_/D : -0.784429
[setup reg-reg] _25087_/Q -> _25724_/D : -0.783688
[setup reg-reg] _25087_/Q -> _25875_/D : -0.783590
[setup reg-reg] _25087_/Q -> _26429_/D : -0.782441
[setup reg-reg] _25087_/Q -> _27408_/D : -0.777339
[setup reg-reg] _25087_/Q -> _26864_/D : -0.776627
[setup reg-reg] _25087_/Q -> _25546_/D : -0.773939
[setup reg-reg] _25087_/Q -> _26492_/D : -0.771898
[setup reg-reg] _25087_/Q -> _27485_/D : -0.771136
[setup reg-reg] _25087_/Q -> _26768_/D : -0.768956
[setup reg-reg] _25087_/Q -> _26205_/D : -0.768145
[setup reg-reg] _25087_/Q -> _27357_/D : -0.766422
[setup reg-reg] _25087_/Q -> _26448_/D : -0.764942
[setup reg-reg] _25087_/Q -> _26803_/D : -0.764574
[setup reg-reg] _25087_/Q -> _26160_/D : -0.763857
[setup reg-reg] _25087_/Q -> _25744_/D : -0.763842
[setup reg-reg] _25087_/Q -> _27164_/D : -0.762393
[setup reg-reg] _25087_/Q -> _27504_/D : -0.760568
[setup reg-reg] _25087_/Q -> _27165_/D : -0.759535
[setup reg-reg] _25087_/Q -> _26672_/D : -0.756792
[setup reg-reg] _25087_/Q -> _25275_/D : -0.756604
[setup reg-reg] _25087_/Q -> _27356_/D : -0.755561
[setup reg-reg] _25087_/Q -> _26288_/D : -0.753275
[setup reg-reg] _25087_/Q -> _26495_/D : -0.752273
[setup reg-reg] _25087_/Q -> _26512_/D : -0.752218
[setup reg-reg] _25087_/Q -> _26960_/D : -0.752014
[setup reg-reg] _25087_/Q -> _25661_/D : -0.750717
[setup reg-reg] _25075_/Q -> _25336_/D : -0.748429
[setup reg-reg] _25087_/Q -> _26909_/D : -0.748322
[setup reg-reg] _25075_/Q -> _27363_/D : -0.747340
[setup reg-reg] _25087_/Q -> _25852_/D : -0.747082
[setup reg-reg] _25087_/Q -> _26224_/D : -0.743379
[setup reg-reg] _25087_/Q -> _25597_/D : -0.742187
[setup reg-reg] _25087_/Q -> _27344_/D : -0.742016
[setup reg-reg] _25075_/Q -> _25955_/D : -0.740881
[setup reg-reg] _25087_/Q -> _27187_/D : -0.740860
[setup reg-reg] _25075_/Q -> _25533_/D : -0.738137
[setup reg-reg] _25087_/Q -> _26995_/D : -0.736955
[setup reg-reg] _25087_/Q -> _26640_/D : -0.736026
[setup reg-reg] _25087_/Q -> _27294_/D : -0.733754
[setup reg-reg] _25087_/Q -> _27070_/D : -0.731795
[setup reg-reg] _25087_/Q -> _26326_/D : -0.727882
[setup reg-reg] _25087_/Q -> _27120_/D : -0.727246
[setup reg-reg] _25087_/Q -> _25886_/D : -0.727013
[setup reg-reg] _25075_/Q -> _26823_/D : -0.726168
[setup reg-reg] _25087_/Q -> _27262_/D : -0.725615
[setup reg-reg] _25087_/Q -> _27536_/D : -0.720588
[setup reg-reg] _25087_/Q -> _26384_/D : -0.714028
[setup reg-reg] _25075_/Q -> _25933_/D : -0.713854
[setup reg-reg] _25075_/Q -> _25682_/D : -0.712724
[setup reg-reg] _25075_/Q -> _26983_/D : -0.708891
[setup reg-reg] _25075_/Q -> _24822_/D : -0.707166
[setup reg-reg] _25087_/Q -> _26077_/D : -0.707093
[setup reg-reg] _25075_/Q -> _24855_/D : -0.705795
[setup reg-reg] _25087_/Q -> _27208_/D : -0.704270
[setup reg-reg] _25087_/Q -> _26358_/D : -0.702936
[setup reg-reg] _25087_/Q -> _25565_/D : -0.701998
[setup reg-reg] _25087_/Q -> _26237_/D : -0.700055
[setup reg-reg] _25087_/Q -> _27421_/D : -0.698622
[setup reg-reg] _25087_/Q -> _26206_/D : -0.698453
[setup reg-reg] _25075_/Q -> _26119_/D : -0.697877
[setup reg-reg] _25075_/Q -> _25991_/D : -0.696454
[setup reg-reg] _25087_/Q -> _27312_/D : -0.692829
[setup reg-reg] _25087_/Q -> _26902_/D : -0.692816
[setup reg-reg] _25087_/Q -> _27350_/D : -0.692271
[setup reg-reg] _25087_/Q -> _25310_/D : -0.692261
[setup reg-reg] _25087_/Q -> _27518_/D : -0.690385
[setup reg-reg] _25075_/Q -> _26055_/D : -0.689820
[setup reg-reg] _25087_/Q -> _26416_/D : -0.689491
[setup reg-reg] _25087_/Q -> _27261_/D : -0.689491
[setup reg-reg] _25087_/Q -> _26589_/D : -0.689070
[setup reg-reg] _25075_/Q -> _26407_/D : -0.688663
[setup reg-reg] _25075_/Q -> _27314_/D : -0.686844
[setup reg-reg] _25075_/Q -> _27335_/D : -0.685979
[setup reg-reg] _25087_/Q -> _25616_/D : -0.681926
[setup reg-reg] _25075_/Q -> _26183_/D : -0.681920
[setup reg-reg] _25087_/Q -> _27088_/D : -0.681274
[setup reg-reg] _25087_/Q -> _26131_/D : -0.680714
[setup reg-reg] _25087_/Q -> _26256_/D : -0.680151
[setup reg-reg] _25087_/Q -> _25808_/D : -0.679563
[setup reg-reg] _25075_/Q -> _25639_/D : -0.678993
[setup reg-reg] _25087_/Q -> _25712_/D : -0.678192
[setup reg-reg] _25087_/Q -> _26896_/D : -0.678110
[setup reg-reg] _25087_/Q -> _26835_/D : -0.677181
[setup reg-reg] _25087_/Q -> _25758_/D : -0.676103
[setup reg-reg] _25087_/Q -> _26259_/D : -0.675131
[setup reg-reg] _25087_/Q -> _26192_/D : -0.671664
[setup reg-reg] _25075_/Q -> _27047_/D : -0.669994
[setup reg-reg] _25075_/Q -> _27079_/D : -0.666944
[setup reg-reg] _25087_/Q -> _27315_/D : -0.666706
[setup reg-reg] _25087_/Q -> _26998_/D : -0.664883
[setup reg-reg] _25075_/Q -> _27111_/D : -0.662549
[setup reg-reg] _25075_/Q -> _26226_/D : -0.661659
[setup reg-reg] _25075_/Q -> _27495_/D : -0.659574
[setup reg-reg] _25075_/Q -> _26535_/D : -0.658519
[setup reg-reg] _25075_/Q -> _27122_/D : -0.657217
[setup reg-reg] _25087_/Q -> _26931_/D : -0.654529
[setup reg-reg] _25087_/Q -> _26611_/D : -0.653081
[setup reg-reg] _25075_/Q -> _26439_/D : -0.649932
[setup reg-reg] _25075_/Q -> _25941_/D : -0.647114
[setup reg-reg] _25075_/Q -> _26677_/D : -0.641451
[setup reg-reg] _25075_/Q -> _26258_/D : -0.640783
[setup reg-reg] _25075_/Q -> _27506_/D : -0.640746
[setup reg-reg] _25075_/Q -> _25746_/D : -0.637373
[setup reg-reg] _25075_/Q -> _26386_/D : -0.636474
[setup reg-reg] _25087_/Q -> _27123_/D : -0.636057
[setup reg-reg] _25087_/Q -> _25268_/D : -0.635582
[setup reg-reg] _25075_/Q -> _26389_/D : -0.634053
[setup reg-reg] _25087_/Q -> _26867_/D : -0.632612
[setup reg-reg] _25075_/Q -> _25874_/D : -0.631740
[setup reg-reg] _25075_/Q -> _25781_/D : -0.630777
[setup reg-reg] _25075_/Q -> _25537_/D : -0.629944
[setup reg-reg] _25075_/Q -> _25895_/D : -0.627866
[setup reg-reg] _25075_/Q -> _24824_/D : -0.625970
[setup reg-reg] _25075_/Q -> _26005_/D : -0.622579
[setup reg-reg] _25087_/Q -> _26067_/D : -0.621148
[setup reg-reg] _25075_/Q -> _26126_/D : -0.620432
[setup reg-reg] _25075_/Q -> _25324_/D : -0.618741
[setup reg-reg] _25075_/Q -> _26990_/D : -0.616032
[setup reg-reg] _25075_/Q -> _27527_/D : -0.615904
[setup reg-reg] _25087_/Q -> _26387_/D : -0.615378
[setup reg-reg] _25075_/Q -> _26638_/D : -0.614785
[setup reg-reg] _25087_/Q -> _26035_/D : -0.614538
[setup reg-reg] _25075_/Q -> _27373_/D : -0.613687
[setup reg-reg] _25075_/Q -> _26421_/D : -0.613579
[setup reg-reg] _25075_/Q -> _26162_/D : -0.612925
[setup reg-reg] _25075_/Q -> _26450_/D : -0.609525
[setup reg-reg] _25075_/Q -> _27285_/D : -0.606979
[setup reg-reg] _25087_/Q -> _26291_/D : -0.606221
[setup reg-reg] _25075_/Q -> _26069_/D : -0.605048
[setup reg-reg] _25075_/Q -> _27413_/D : -0.604615
[setup reg-reg] _25087_/Q -> _24819_/D : -0.603860
[setup reg-reg] _25075_/Q -> _25059_/D : -0.601814
[setup reg-reg] _25087_/Q -> _27379_/D : -0.601508
[setup reg-reg] _25075_/Q -> _27399_/D : -0.601348
[setup reg-reg] _25075_/Q -> _26613_/D : -0.600519
[setup reg-reg] _25075_/Q -> _26101_/D : -0.600259
[setup reg-reg] _25075_/Q -> _25589_/D : -0.598519
[setup reg-reg] _25075_/Q -> _25650_/D : -0.597765
[setup reg-reg] _25075_/Q -> _26997_/D : -0.596138
[setup reg-reg] _25087_/Q -> _26646_/D : -0.594317
[setup reg-reg] _25075_/Q -> _26709_/D : -0.592875
[setup reg-reg] _25075_/Q -> _26581_/D : -0.592772
[setup reg-reg] _25075_/Q -> _26098_/D : -0.590168
[setup reg-reg] _25075_/Q -> _25027_/D : -0.589431
[setup reg-reg] _25087_/Q -> _26771_/D : -0.588285
[setup reg-reg] _25075_/Q -> _25646_/D : -0.587500
[setup reg-reg] _25075_/Q -> _26197_/D : -0.586729
[setup reg-reg] _25075_/Q -> _27342_/D : -0.584953
[setup reg-reg] _25075_/Q -> _24814_/D : -0.582794
[setup reg-reg] _25075_/Q -> _26322_/D : -0.582043
[setup reg-reg] _25075_/Q -> _26037_/D : -0.582034
[setup reg-reg] _25087_/Q -> _27318_/D : -0.581817
[setup reg-reg] _25075_/Q -> _26933_/D : -0.581442
[setup reg-reg] _25075_/Q -> _26357_/D : -0.581224
[setup reg-reg] _25075_/Q -> _26645_/D : -0.579705
[setup reg-reg] _25075_/Q -> _25314_/D : -0.579329
[setup reg-reg] _25087_/Q -> _27251_/D : -0.579121
[setup reg-reg] _25087_/Q -> _25811_/D : -0.577808
[setup reg-reg] _25075_/Q -> _26901_/D : -0.577364
[setup reg-reg] _25087_/Q -> _26579_/D : -0.577277
[setup reg-reg] _25087_/Q -> _26547_/D : -0.576275
[setup reg-reg] _25075_/Q -> _25973_/D : -0.575618
[setup reg-reg] _25075_/Q -> _25621_/D : -0.571998
[setup reg-reg] _25075_/Q -> _26741_/D : -0.571582
[setup reg-reg] _25087_/Q -> _26739_/D : -0.568592
[setup reg-reg] _25075_/Q -> _27221_/D : -0.567606
[setup reg-reg] _25087_/Q -> _27443_/D : -0.565230
[setup reg-reg] _25075_/Q -> _25970_/D : -0.565199
[setup reg-reg] _25087_/Q -> _27059_/D : -0.564851
[setup reg-reg] _25075_/Q -> _27090_/D : -0.564086
[setup reg-reg] _25087_/Q -> _26227_/D : -0.563457
[setup reg-reg] _25087_/Q -> _26742_/D : -0.562709
[setup reg-reg] _25087_/Q -> _27382_/D : -0.562070
[setup reg-reg] _25075_/Q -> _26229_/D : -0.562009
[setup reg-reg] _25075_/Q -> _26958_/D : -0.561236
[setup reg-reg] _25087_/Q -> _25308_/D : -0.560814
[setup reg-reg] _25075_/Q -> _26770_/D : -0.557970
[setup reg-reg] _25087_/Q -> _25715_/D : -0.556108
[setup reg-reg] _25075_/Q -> _27118_/D : -0.554838
[setup reg-reg] _25075_/Q -> _26254_/D : -0.554769
[setup reg-reg] _25087_/Q -> _26294_/D : -0.553657
[setup reg-reg] _25075_/Q -> _26648_/D : -0.552920
[setup reg-reg] _25087_/Q -> _26899_/D : -0.550948
[setup reg-reg] _25087_/Q -> _27507_/D : -0.550658
[setup reg-reg] _25087_/Q -> _27326_/D : -0.547892
[setup reg-reg] _25075_/Q -> _26062_/D : -0.547256
[setup reg-reg] _25087_/Q -> _26454_/D : -0.546708
[setup reg-reg] _25087_/Q -> _26806_/D : -0.544780
[setup reg-reg] _25087_/Q -> _26483_/D : -0.544576
[setup reg-reg] _25075_/Q -> _26578_/D : -0.538824
[setup reg-reg] _25075_/Q -> _27246_/D : -0.538050
[setup reg-reg] _25087_/Q -> _25622_/D : -0.536755
[setup reg-reg] _25075_/Q -> _25582_/D : -0.533694
[setup reg-reg] _25075_/Q -> _27032_/D : -0.531438
[setup reg-reg] _25087_/Q -> _26643_/D : -0.528527
[setup reg-reg] _25075_/Q -> _27582_/D : -0.527077
[setup reg-reg] _25075_/Q -> _26734_/D : -0.526837
[setup reg-reg] _25075_/Q -> _26034_/D : -0.526805
[setup reg-reg] _25075_/Q -> _27470_/D : -0.526772
[setup reg-reg] _25087_/Q -> _27411_/D : -0.521306
[setup reg-reg] _25075_/Q -> _25302_/D : -0.521231
[setup reg-reg] _25075_/Q -> _25934_/D : -0.519036
[setup reg-reg] _25075_/Q -> _25863_/D : -0.518876
[setup reg-reg] _25075_/Q -> _26872_/D : -0.518138
[setup reg-reg] _25075_/Q -> _26310_/D : -0.518126
[setup reg-reg] _25075_/Q -> _26471_/D : -0.516657
[setup reg-reg] _25075_/Q -> _27534_/D : -0.515719
[setup reg-reg] _25087_/Q -> _27231_/D : -0.515211
[setup reg-reg] _25087_/Q -> _26422_/D : -0.512493
[setup reg-reg] _25087_/Q -> _27540_/D : -0.512090
[setup reg-reg] _25075_/Q -> _25998_/D : -0.511177
[setup reg-reg] _25075_/Q -> _26830_/D : -0.507519
[setup reg-reg] _25075_/Q -> _27310_/D : -0.507292
[setup reg-reg] _25075_/Q -> _25831_/D : -0.506555
[setup reg-reg] _25075_/Q -> _26474_/D : -0.502403
[setup reg-reg] _25075_/Q -> _26808_/D : -0.502196
[setup reg-reg] _25075_/Q -> _26186_/D : -0.501986
[setup reg-reg] _25087_/Q -> _26515_/D : -0.500455
[setup reg-reg] _25075_/Q -> _26414_/D : -0.499725
[setup reg-reg] _25075_/Q -> _27182_/D : -0.498414
[setup reg-reg] _25075_/Q -> _27160_/D : -0.496531
[setup reg-reg] _25075_/Q -> _26104_/D : -0.494895
[setup reg-reg] _25075_/Q -> _25802_/D : -0.494785
[setup reg-reg] _25087_/Q -> _25907_/D : -0.493595
[setup reg-reg] _25075_/Q -> _27288_/D : -0.491172
[setup reg-reg] _25075_/Q -> _26190_/D : -0.490447
[setup reg-reg] _25075_/Q -> _26478_/D : -0.490274
[setup reg-reg] _25075_/Q -> _25774_/D : -0.487278
[setup reg-reg] _25075_/Q -> _26318_/D : -0.486711
[setup reg-reg] _25075_/Q -> _27142_/D : -0.485933
[setup reg-reg] _25075_/Q -> _26086_/D : -0.485180
[setup reg-reg] _25075_/Q -> _26350_/D : -0.484329
[setup reg-reg] _25075_/Q -> _25688_/D : -0.483482
[setup reg-reg] _25075_/Q -> _26138_/D : -0.482784
[setup reg-reg] _25075_/Q -> _27560_/D : -0.481887
[setup reg-reg] _25075_/Q -> _26967_/D : -0.477046
[setup reg-reg] _25075_/Q -> _27150_/D : -0.471562
[setup reg-reg] _25075_/Q -> _27466_/D : -0.470168
[setup reg-reg] _25075_/Q -> _27054_/D : -0.470147
[setup reg-reg] _25075_/Q -> _27114_/D : -0.464953
[setup reg-reg] _25075_/Q -> _25742_/D : -0.462178
[setup reg-reg] _25075_/Q -> _26094_/D : -0.460787
[setup reg-reg] _25075_/Q -> _26286_/D : -0.459007
[setup reg-reg] _25075_/Q -> _26406_/D : -0.457058
[setup reg-reg] _25075_/Q -> _26926_/D : -0.456586
[setup reg-reg] _25075_/Q -> _27406_/D : -0.456245
[setup reg-reg] _25075_/Q -> _26566_/D : -0.455778
[setup reg-reg] _25075_/Q -> _26246_/D : -0.455641
[setup reg-reg] _25075_/Q -> _27502_/D : -0.455438
[setup reg-reg] _25075_/Q -> _25316_/D : -0.450955
[setup reg-reg] _25075_/Q -> _27050_/D : -0.449910
[setup reg-reg] _25075_/Q -> _27086_/D : -0.449354
[setup reg-reg] _25075_/Q -> _26297_/D : -0.444471
[setup reg-reg] _25075_/Q -> _27058_/D : -0.443039
[setup reg-reg] _25075_/Q -> _24876_/D : -0.441608
[setup reg-reg] _25075_/Q -> _27270_/D : -0.440522
[setup reg-reg] _25075_/Q -> _25315_/D : -0.440366
[setup reg-reg] _25075_/Q -> _25778_/D : -0.439929
[setup reg-reg] _25075_/Q -> _25966_/D : -0.438098
[setup reg-reg] _25075_/Q -> _26278_/D : -0.432033
[setup reg-reg] _25075_/Q -> _27449_/D : -0.429585
[setup reg-reg] _25075_/Q -> _25930_/D : -0.427429
[setup reg-reg] _25075_/Q -> _27338_/D : -0.426825
[setup reg-reg] _25075_/Q -> _27374_/D : -0.425867
[setup reg-reg] _25075_/Q -> _27066_/D : -0.423260
[setup reg-reg] _25075_/Q -> _26200_/D : -0.418369
[setup reg-reg] _25087_/Q -> _25322_/D : -0.412035
[setup reg-reg] _25075_/Q -> _26950_/D : -0.404700
[setup reg-reg] _24936_/Q -> _25373_/D : -0.397252
[setup reg-reg] _25075_/Q -> _26617_/D : -0.396991
[setup reg-reg] _25075_/Q -> _26182_/D : -0.389262
[setup reg-reg] _25075_/Q -> _26585_/D : -0.386819
[setup reg-reg] _25075_/Q -> _25625_/D : -0.381187
[setup reg-reg] _25075_/Q -> _26073_/D : -0.378661
[setup reg-reg] _25075_/Q -> _26394_/D : -0.372964
[setup reg-reg] _25075_/Q -> _26265_/D : -0.372628
[setup reg-reg] _25075_/Q -> _26822_/D : -0.372378
[setup reg-reg] _25075_/Q -> _26647_/D : -0.368368
[setup reg-reg] _25075_/Q -> _25657_/D : -0.367402
[setup reg-reg] _25075_/Q -> _25977_/D : -0.365414
[setup reg-reg] _25075_/Q -> _26295_/D : -0.362673
[setup reg-reg] _25075_/Q -> _27481_/D : -0.358106
[setup reg-reg] _25075_/Q -> _26598_/D : -0.357179
[setup reg-reg] _25075_/Q -> _25912_/D : -0.356362
[setup reg-reg] _25075_/Q -> _26002_/D : -0.346255
[setup reg-reg] _25075_/Q -> _26930_/D : -0.345933
[setup reg-reg] _25087_/Q -> _26760_/D : -0.344430
[setup reg-reg] _25087_/Q -> _26108_/D : -0.336147
[setup reg-reg] _25087_/Q -> _27464_/D : -0.331225
[setup reg-reg] _25087_/Q -> _26824_/D : -0.329292
[setup reg-reg] _25087_/Q -> _25640_/D : -0.328502
[setup reg-reg] _25075_/Q -> _26468_/D : -0.327427
[setup reg-reg] _25087_/Q -> _26248_/D : -0.323489
[setup reg-reg] _25075_/Q -> _25560_/D : -0.322967
[setup reg-reg] _25075_/Q -> _26935_/D : -0.320322
[setup reg-reg] _25087_/Q -> _25029_/D : -0.314303
[setup reg-reg] _25087_/Q -> _25864_/D : -0.312205
[setup reg-reg] _25087_/Q -> _26685_/D : -0.309182
[setup reg-reg] _25087_/Q -> _27389_/D : -0.307502
[setup reg-reg] _25075_/Q -> _25312_/D : -0.305970
[setup reg-reg] _25087_/Q -> _26280_/D : -0.303499
[setup reg-reg] _25075_/Q -> _26766_/D : -0.303404
[setup reg-reg] _25075_/Q -> _25010_/D : -0.302638
[setup reg-reg] _25087_/Q -> _25949_/D : -0.298076
[setup reg-reg] _25087_/Q -> _26524_/D : -0.297820
[setup reg-reg] _25087_/Q -> _26876_/D : -0.296204
[setup reg-reg] _25087_/Q -> _25014_/D : -0.295845
[setup reg-reg] _25087_/Q -> _26440_/D : -0.294039
[setup reg-reg] _25087_/Q -> _26844_/D : -0.293923
[setup reg-reg] _25075_/Q -> _26446_/D : -0.293173
[setup reg-reg] _25075_/Q -> _25752_/D : -0.291175
[setup reg-reg] _25087_/Q -> _25327_/D : -0.291083
[setup reg-reg] _25075_/Q -> _27524_/D : -0.287045
[setup reg-reg] _25075_/Q -> _24839_/D : -0.285699
[setup reg-reg] _25075_/Q -> _25305_/D : -0.282595
[setup reg-reg] _25075_/Q -> _27022_/D : -0.282103
[setup reg-reg] _25075_/Q -> _27096_/D : -0.276771
[setup reg-reg] _25087_/Q -> _26748_/D : -0.276131
[setup reg-reg] _25075_/Q -> _24835_/D : -0.275834
[setup reg-reg] _25075_/Q -> _26702_/D : -0.275264
[setup reg-reg] _25087_/Q -> _27068_/D : -0.274806
[setup reg-reg] _25087_/Q -> _25884_/D : -0.273623
[setup reg-reg] _25075_/Q -> _25544_/D : -0.273108
[setup reg-reg] _25075_/Q -> _26839_/D : -0.269560
[setup reg-reg] _25087_/Q -> _26920_/D : -0.267505
[setup reg-reg] _25087_/Q -> _25821_/D : -0.264414
[setup reg-reg] _25087_/Q -> _27565_/D : -0.262377
[setup reg-reg] _25075_/Q -> _25673_/D : -0.261535
[setup reg-reg] _25087_/Q -> _25992_/D : -0.260835
[setup reg-reg] _25075_/Q -> _27526_/D : -0.259751
[setup reg-reg] _25087_/Q -> _26045_/D : -0.258183
[setup reg-reg] _25087_/Q -> _25693_/D : -0.258106
[setup reg-reg] _25087_/Q -> _27583_/D : -0.257286
[setup reg-reg] _25075_/Q -> _25838_/D : -0.256836
[setup reg-reg] _25075_/Q -> _24880_/D : -0.256675
[setup reg-reg] _25075_/Q -> _25678_/D : -0.255715
[setup reg-reg] _25087_/Q -> _26972_/D : -0.255346
[setup reg-reg] _25075_/Q -> _25976_/D : -0.254905
[setup reg-reg] _25075_/Q -> _27352_/D : -0.254436
[setup reg-reg] _25075_/Q -> _26281_/D : -0.253573
[setup reg-reg] _25087_/Q -> _27292_/D : -0.252708
[setup reg-reg] _25087_/Q -> _26364_/D : -0.251648
[setup reg-reg] _25075_/Q -> _27511_/D : -0.250628
[setup reg-reg] _25087_/Q -> _26908_/D : -0.250424
[setup reg-reg] _25087_/Q -> _27453_/D : -0.250385
[setup reg-reg] _25087_/Q -> _25768_/D : -0.246798
[setup reg-reg] _25075_/Q -> _25880_/D : -0.246038
[setup reg-reg] _25087_/Q -> _26716_/D : -0.244444
[setup reg-reg] _25075_/Q -> _26185_/D : -0.242551
[setup reg-reg] _25087_/Q -> _27247_/D : -0.241469
[setup reg-reg] _25087_/Q -> _25564_/D : -0.241048
[setup reg-reg] _25087_/Q -> _26332_/D : -0.239780
[setup reg-reg] _25087_/Q -> _26780_/D : -0.238986
[setup reg-reg] _25087_/Q -> _27420_/D : -0.238892
[setup reg-reg] _25075_/Q -> _25975_/D : -0.238728
[setup reg-reg] _25075_/Q -> _26199_/D : -0.237421
[setup reg-reg] _25087_/Q -> _27407_/D : -0.236186
[setup reg-reg] _25087_/Q -> _26140_/D : -0.235307
[setup reg-reg] _25087_/Q -> _27517_/D : -0.235104
[setup reg-reg] _25087_/Q -> _26076_/D : -0.234698
[setup reg-reg] _25075_/Q -> _26670_/D : -0.234142
[setup reg-reg] _25075_/Q -> _26222_/D : -0.230454
[setup reg-reg] _25087_/Q -> _26620_/D : -0.229871
[setup reg-reg] _25087_/Q -> _26159_/D : -0.229699
[setup reg-reg] _25087_/Q -> _26031_/D : -0.228239
[setup reg-reg] _25087_/Q -> _25788_/D : -0.227855
[setup reg-reg] _25087_/Q -> _27516_/D : -0.226304
[setup reg-reg] _25087_/Q -> _26460_/D : -0.226054
[setup reg-reg] _25075_/Q -> _25710_/D : -0.225233
[setup reg-reg] _25075_/Q -> _26542_/D : -0.224825
[setup reg-reg] _25075_/Q -> _26936_/D : -0.223318
[setup reg-reg] _25075_/Q -> _27438_/D : -0.222929
[setup reg-reg] _25087_/Q -> _27004_/D : -0.220840
[setup reg-reg] _25087_/Q -> _25526_/D : -0.220599
[setup reg-reg] _25087_/Q -> _25028_/D : -0.218780
[setup reg-reg] _25087_/Q -> _26172_/D : -0.217053
[setup reg-reg] _25087_/Q -> _25807_/D : -0.216877
[setup reg-reg] _25087_/Q -> _25660_/D : -0.215925
[setup reg-reg] _25075_/Q -> _27128_/D : -0.214893
[setup reg-reg] _25087_/Q -> _27132_/D : -0.210216
[setup reg-reg] _25075_/Q -> _25641_/D : -0.209475
[setup reg-reg] _25075_/Q -> _26729_/D : -0.208974
[setup reg-reg] _25075_/Q -> _26840_/D : -0.206509
[setup reg-reg] _25087_/Q -> _26556_/D : -0.205873
[setup reg-reg] _25087_/Q -> _27452_/D : -0.205809
[setup reg-reg] _25075_/Q -> _26665_/D : -0.205651
[setup reg-reg] _25087_/Q -> _27036_/D : -0.205368
[setup reg-reg] _25075_/Q -> _27017_/D : -0.205311
[setup reg-reg] _25087_/Q -> _25634_/D : -0.204640
[setup reg-reg] _25075_/Q -> _26488_/D : -0.203213
[setup reg-reg] _25087_/Q -> _25916_/D : -0.201720
[setup reg-reg] _25087_/Q -> _27388_/D : -0.201576
[setup reg-reg] _25075_/Q -> _27255_/D : -0.201055
[setup reg-reg] _25087_/Q -> _26012_/D : -0.199547
[setup reg-reg] _25087_/Q -> _27375_/D : -0.199288
[setup reg-reg] _25075_/Q -> _25879_/D : -0.197833
[setup reg-reg] _25075_/Q -> _26487_/D : -0.195927
[setup reg-reg] _25075_/Q -> _26158_/D : -0.194419
[setup reg-reg] _25087_/Q -> _27260_/D : -0.193408
[setup reg-reg] _25087_/Q -> _27535_/D : -0.193001
[setup reg-reg] _25075_/Q -> _26455_/D : -0.190663
[setup reg-reg] _25075_/Q -> _25911_/D : -0.190102
[setup reg-reg] _25075_/Q -> _25833_/D : -0.188635
[setup reg-reg] _25087_/Q -> _26813_/D : -0.186573
[setup reg-reg] _25075_/Q -> _27064_/D : -0.186498
[setup reg-reg] _25075_/Q -> _26679_/D : -0.186137
[setup reg-reg] _25087_/Q -> _27564_/D : -0.182295
[setup reg-reg] _25075_/Q -> _26569_/D : -0.180217
[setup reg-reg] _25075_/Q -> _26602_/D : -0.179762
[setup reg-reg] _25075_/Q -> _26072_/D : -0.179083
[setup reg-reg] _25087_/Q -> _26978_/D : -0.179030
[setup reg-reg] _25075_/Q -> _27127_/D : -0.177085
[setup reg-reg] _25075_/Q -> _26743_/D : -0.176678
[setup reg-reg] _25087_/Q -> _26722_/D : -0.175460
[setup reg-reg] _25075_/Q -> _25719_/D : -0.174365
[setup reg-reg] _25075_/Q -> _25592_/D : -0.170347
[setup reg-reg] _25087_/Q -> _26818_/D : -0.168098
[setup reg-reg] _25075_/Q -> _27577_/D : -0.167370
[setup reg-reg] _25075_/Q -> _26025_/D : -0.166505
[setup reg-reg] _25075_/Q -> _25816_/D : -0.166153
[setup reg-reg] _25075_/Q -> _25011_/D : -0.165189
[setup reg-reg] _25075_/Q -> _26465_/D : -0.162668
[setup reg-reg] _25075_/Q -> _26698_/D : -0.161823
[setup reg-reg] _25075_/Q -> _26633_/D : -0.161295
[setup reg-reg] _25087_/Q -> _26082_/D : -0.161252
[setup reg-reg] _25075_/Q -> _27177_/D : -0.160853
[setup reg-reg] _25075_/Q -> _25769_/D : -0.160288
[setup reg-reg] _25075_/Q -> _26249_/D : -0.158920
[setup reg-reg] _25075_/Q -> _27578_/D : -0.157410
[setup reg-reg] _25075_/Q -> _25623_/D : -0.156433
[setup reg-reg] _25075_/Q -> _25757_/D : -0.153991
[setup reg-reg] _25075_/Q -> _27329_/D : -0.153635
[setup reg-reg] _25075_/Q -> _26666_/D : -0.153095
[setup reg-reg] _25075_/Q -> _27370_/D : -0.151921
[setup reg-reg] _25075_/Q -> _26441_/D : -0.151445
[setup reg-reg] _25087_/Q -> _26882_/D : -0.150962
[setup reg-reg] _25075_/Q -> _27401_/D : -0.146457
[setup reg-reg] _25075_/Q -> _25705_/D : -0.144555
[setup reg-reg] _25087_/Q -> _27106_/D : -0.144494
[setup reg-reg] _25075_/Q -> _26410_/D : -0.143856
[setup reg-reg] _25087_/Q -> _26370_/D : -0.143556
[setup reg-reg] _25087_/Q -> _25527_/D : -0.142867
[setup reg-reg] _25075_/Q -> _25994_/D : -0.141625
[setup reg-reg] _25087_/Q -> _27330_/D : -0.141398
[setup reg-reg] _25075_/Q -> _26497_/D : -0.141064
[setup reg-reg] _25075_/Q -> _26634_/D : -0.139963
[setup reg-reg] _25075_/Q -> _27306_/D : -0.139526
[setup reg-reg] _25075_/Q -> _27529_/D : -0.138929
[setup reg-reg] _25075_/Q -> _25825_/D : -0.135735
[setup reg-reg] _25075_/Q -> _27178_/D : -0.133085
[setup reg-reg] _25075_/Q -> _26121_/D : -0.131260
[setup reg-reg] _25075_/Q -> _26017_/D : -0.130607
[setup reg-reg] _25075_/Q -> _26953_/D : -0.129392
[setup reg-reg] _25087_/Q -> _25730_/D : -0.128248
[setup reg-reg] _25075_/Q -> _25633_/D : -0.127534
[setup reg-reg] _25075_/Q -> _26177_/D : -0.125828
[setup reg-reg] _25075_/Q -> _25569_/D : -0.125446
[setup reg-reg] _25075_/Q -> _27498_/D : -0.124958
[setup reg-reg] _25075_/Q -> _26369_/D : -0.123565
[setup reg-reg] _25075_/Q -> _25898_/D : -0.123224
[setup reg-reg] _25075_/Q -> _26337_/D : -0.120806
[setup reg-reg] _25075_/Q -> _25770_/D : -0.119883
[setup reg-reg] _25087_/Q -> _26914_/D : -0.119691
[setup reg-reg] _25087_/Q -> _26466_/D : -0.119481
[setup reg-reg] _25075_/Q -> _27223_/D : -0.118417
[setup reg-reg] _25087_/Q -> _26338_/D : -0.116641
[setup reg-reg] _25075_/Q -> _26857_/D : -0.115003
[setup reg-reg] _25075_/Q -> _26113_/D : -0.114127
[setup reg-reg] _25075_/Q -> _25540_/D : -0.113793
[setup reg-reg] _25075_/Q -> _26282_/D : -0.113673
[setup reg-reg] _25087_/Q -> _26114_/D : -0.113401
[setup reg-reg] _25087_/Q -> _27522_/D : -0.111250
[setup reg-reg] _25075_/Q -> _25687_/D : -0.108265
[setup reg-reg] _25075_/Q -> _26721_/D : -0.107629
[setup reg-reg] _25075_/Q -> _27447_/D : -0.106482
[setup reg-reg] _25075_/Q -> _27031_/D : -0.104981
[setup reg-reg] _25087_/Q -> _25986_/D : -0.104253
[setup reg-reg] _25087_/Q -> _26562_/D : -0.103784
[setup reg-reg] _25075_/Q -> _25865_/D : -0.103297
[setup reg-reg] _25087_/Q -> _25858_/D : -0.100833
[setup reg-reg] _25075_/Q -> _27465_/D : -0.099533
[setup reg-reg] _25075_/Q -> _25921_/D : -0.099474
[setup reg-reg] _25087_/Q -> _25954_/D : -0.096337
[setup reg-reg] _25087_/Q -> _27537_/D : -0.093113
[setup reg-reg] _25075_/Q -> _26689_/D : -0.089347
[setup reg-reg] _25087_/Q -> _25922_/D : -0.089136
[setup reg-reg] _25075_/Q -> _26103_/D : -0.086017
[setup reg-reg] _25087_/Q -> _27005_/D : -0.080570
[setup reg-reg] _25075_/Q -> _27369_/D : -0.079401
[setup reg-reg] _25087_/Q -> _26018_/D : -0.078463
[setup reg-reg] _25075_/Q -> _25577_/D : -0.077334
[setup reg-reg] _25087_/Q -> _25666_/D : -0.075895
[setup reg-reg] _25087_/Q -> _27532_/D : -0.072104
[setup reg-reg] _25075_/Q -> _25953_/D : -0.064277
[setup reg-reg] _25087_/Q -> _26434_/D : -0.059861
[setup reg-reg] _25075_/Q -> _27433_/D : -0.051035
[setup reg-reg] _25075_/Q -> _26473_/D : -0.046658
[setup reg-reg] _25075_/Q -> _26057_/D : -0.043908
[setup reg-reg] _25075_/Q -> _25801_/D : -0.038114
[setup reg-reg] _25075_/Q -> _25609_/D : -0.037090
[setup reg-reg] _25075_/Q -> _26505_/D : -0.015692
[setup reg-reg] _25087_/Q -> _27293_/D : -0.014504
[setup reg-reg] _25075_/Q -> _26889_/D : -0.014325
[setup reg-reg] _25075_/Q -> _27273_/D : -0.002824
[setup reg-reg] _25075_/Q -> _25591_/D : -0.002739
