
===========================================================================
Violator List
============================================================================
[setup in-reg] rst -> _26038_/D : -63.859001
[setup in-reg] rst -> _26039_/D : -63.859001
[setup in-reg] rst -> _26040_/D : -63.859001
[setup in-reg] rst -> _26041_/D : -63.859001
[setup in-reg] rst -> _26042_/D : -63.859001
[setup in-reg] rst -> _26043_/D : -63.859001
[setup in-reg] rst -> _26044_/D : -63.859001
[setup in-reg] rst -> _26045_/D : -63.859001
[setup in-reg] rst -> _26046_/D : -63.859001
[setup in-reg] rst -> _26047_/D : -63.859001
[setup in-reg] rst -> _26048_/D : -63.859001
[setup in-reg] rst -> _26049_/D : -63.859001
[setup in-reg] rst -> _26050_/D : -63.859001
[setup in-reg] rst -> _26051_/D : -63.859001
[setup in-reg] rst -> _26052_/D : -63.859001
[setup in-reg] rst -> _26053_/D : -63.859001
[setup in-reg] rst -> _26054_/D : -63.859001
[setup in-reg] rst -> _26055_/D : -63.859001
[setup in-reg] rst -> _26056_/D : -63.859001
[setup in-reg] rst -> _26057_/D : -63.859001
[setup in-reg] rst -> _26058_/D : -63.859001
[setup in-reg] rst -> _26059_/D : -63.859001
[setup in-reg] rst -> _26060_/D : -63.859001
[setup in-reg] rst -> _26061_/D : -63.859001
[setup in-reg] rst -> _26062_/D : -63.859001
[setup in-reg] rst -> _26063_/D : -63.859001
[setup in-reg] rst -> _26064_/D : -63.859001
[setup in-reg] rst -> _26065_/D : -63.859001
[setup in-reg] rst -> _26066_/D : -63.859001
[setup in-reg] rst -> _26067_/D : -63.859001
[setup in-reg] rst -> _26068_/D : -63.859001
[setup in-reg] rst -> _26069_/D : -63.859001
[setup in-reg] rst -> _26070_/D : -63.859001
[setup in-reg] rst -> _26071_/D : -63.859001
[setup in-reg] rst -> _26072_/D : -63.859001
[setup in-reg] rst -> _26073_/D : -63.859001
[setup in-reg] rst -> _26074_/D : -63.859001
[setup in-reg] rst -> _26075_/D : -63.859001
[setup in-reg] rst -> _26076_/D : -63.859001
[setup in-reg] rst -> _26077_/D : -63.859001
[setup in-reg] rst -> _26078_/D : -63.859001
[setup in-reg] rst -> _26079_/D : -63.859001
[setup in-reg] rst -> _26080_/D : -63.859001
[setup in-reg] rst -> _26081_/D : -63.859001
[setup in-reg] rst -> _26082_/D : -63.859001
[setup in-reg] rst -> _26083_/D : -63.859001
[setup in-reg] rst -> _26084_/D : -63.859001
[setup in-reg] rst -> _26085_/D : -63.859001
[setup in-reg] rst -> _26086_/D : -63.859001
[setup in-reg] rst -> _26087_/D : -63.859001
[setup in-reg] rst -> _26088_/D : -63.859001
[setup in-reg] rst -> _26089_/D : -63.859001
[setup in-reg] rst -> _26090_/D : -63.859001
[setup in-reg] rst -> _26091_/D : -63.859001
[setup in-reg] rst -> _26092_/D : -63.859001
[setup in-reg] rst -> _26093_/D : -63.859001
[setup in-reg] rst -> _26094_/D : -63.859001
[setup in-reg] rst -> _26095_/D : -63.859001
[setup in-reg] rst -> _26096_/D : -63.859001
[setup in-reg] rst -> _26097_/D : -63.859001
[setup in-reg] rst -> _26098_/D : -63.859001
[setup in-reg] rst -> _26099_/D : -63.859001
[setup in-reg] rst -> _26100_/D : -63.859001
[setup in-reg] rst -> _26101_/D : -63.859001
[setup in-reg] rst -> _26102_/D : -63.859001
[setup in-reg] rst -> _26103_/D : -63.859001
[setup in-reg] rst -> _26104_/D : -63.859001
[setup in-reg] rst -> _26105_/D : -63.859001
[setup in-reg] rst -> _26106_/D : -63.859001
[setup in-reg] rst -> _26107_/D : -63.859001
[setup in-reg] rst -> _26108_/D : -63.859001
[setup in-reg] rst -> _26109_/D : -63.859001
[setup in-reg] rst -> _26110_/D : -63.859001
[setup in-reg] rst -> _26111_/D : -63.859001
[setup in-reg] rst -> _26112_/D : -63.859001
[setup in-reg] rst -> _26113_/D : -63.859001
[setup in-reg] rst -> _26114_/D : -63.859001
[setup in-reg] rst -> _26115_/D : -63.859001
[setup in-reg] rst -> _26116_/D : -63.859001
[setup in-reg] rst -> _26117_/D : -63.859001
[setup in-reg] rst -> _26118_/D : -63.859001
[setup in-reg] rst -> _26119_/D : -63.859001
[setup in-reg] rst -> _26120_/D : -63.859001
[setup in-reg] rst -> _26121_/D : -63.859001
[setup in-reg] rst -> _26122_/D : -63.859001
[setup in-reg] rst -> _26123_/D : -63.859001
[setup in-reg] rst -> _26124_/D : -63.859001
[setup in-reg] rst -> _26125_/D : -63.859001
[setup in-reg] rst -> _26126_/D : -63.859001
[setup in-reg] rst -> _26127_/D : -63.859001
[setup in-reg] rst -> _26128_/D : -63.859001
[setup in-reg] rst -> _26129_/D : -63.859001
[setup in-reg] rst -> _26130_/D : -63.859001
[setup in-reg] rst -> _26131_/D : -63.859001
[setup in-reg] rst -> _26132_/D : -63.859001
[setup in-reg] rst -> _26133_/D : -63.859001
[setup in-reg] rst -> _26134_/D : -63.858994
[setup in-reg] rst -> _26135_/D : -63.858994
[setup in-reg] rst -> _26136_/D : -63.858994
[setup in-reg] rst -> _26137_/D : -63.858994
[setup in-reg] rst -> _26138_/D : -63.858994
[setup in-reg] rst -> _26139_/D : -63.858994
[setup in-reg] rst -> _26140_/D : -63.858994
[setup in-reg] rst -> _26141_/D : -63.858994
[setup in-reg] rst -> _26142_/D : -63.858994
[setup in-reg] rst -> _26143_/D : -63.858994
[setup in-reg] rst -> _26144_/D : -63.858994
[setup in-reg] rst -> _26145_/D : -63.858994
[setup in-reg] rst -> _26146_/D : -63.858994
[setup in-reg] rst -> _26147_/D : -63.858994
[setup in-reg] rst -> _26148_/D : -63.858994
[setup in-reg] rst -> _26149_/D : -63.858994
[setup in-reg] rst -> _26150_/D : -63.858994
[setup in-reg] rst -> _26151_/D : -63.858994
[setup in-reg] rst -> _26152_/D : -63.858994
[setup in-reg] rst -> _26153_/D : -63.858994
[setup in-reg] rst -> _26154_/D : -63.858994
[setup in-reg] rst -> _26155_/D : -63.858994
[setup in-reg] rst -> _26156_/D : -63.858994
[setup in-reg] rst -> _26157_/D : -63.858994
[setup in-reg] rst -> _26158_/D : -63.858994
[setup in-reg] rst -> _26159_/D : -63.858994
[setup in-reg] rst -> _26160_/D : -63.858994
[setup in-reg] rst -> _26161_/D : -63.858994
[setup in-reg] rst -> _26162_/D : -63.858994
[setup in-reg] rst -> _26163_/D : -63.858994
[setup in-reg] rst -> _26164_/D : -63.858994
[setup in-reg] rst -> _26165_/D : -63.858994
[setup in-reg] rst -> _26166_/D : -63.859001
[setup in-reg] rst -> _26167_/D : -63.859001
[setup in-reg] rst -> _26168_/D : -63.859001
[setup in-reg] rst -> _26169_/D : -63.859001
[setup in-reg] rst -> _26170_/D : -63.859001
[setup in-reg] rst -> _26171_/D : -63.859001
[setup in-reg] rst -> _26172_/D : -63.859001
[setup in-reg] rst -> _26173_/D : -63.859001
[setup in-reg] rst -> _26174_/D : -63.859001
[setup in-reg] rst -> _26175_/D : -63.859001
[setup in-reg] rst -> _26176_/D : -63.859001
[setup in-reg] rst -> _26177_/D : -63.859001
[setup in-reg] rst -> _26178_/D : -63.859001
[setup in-reg] rst -> _26179_/D : -63.859001
[setup in-reg] rst -> _26180_/D : -63.859001
[setup in-reg] rst -> _26181_/D : -63.859001
[setup in-reg] rst -> _26182_/D : -63.859001
[setup in-reg] rst -> _26183_/D : -63.859001
[setup in-reg] rst -> _26184_/D : -63.859001
[setup in-reg] rst -> _26185_/D : -63.859001
[setup in-reg] rst -> _26186_/D : -63.859001
[setup in-reg] rst -> _26187_/D : -63.859001
[setup in-reg] rst -> _26188_/D : -63.859001
[setup in-reg] rst -> _26189_/D : -63.859001
[setup in-reg] rst -> _26190_/D : -63.859001
[setup in-reg] rst -> _26191_/D : -63.859001
[setup in-reg] rst -> _26192_/D : -63.859001
[setup in-reg] rst -> _26193_/D : -63.859001
[setup in-reg] rst -> _26194_/D : -63.859001
[setup in-reg] rst -> _26195_/D : -63.859001
[setup in-reg] rst -> _26196_/D : -63.859001
[setup in-reg] rst -> _26197_/D : -63.859001
[setup in-reg] rst -> _26198_/D : -63.858994
[setup in-reg] rst -> _26199_/D : -63.858994
[setup in-reg] rst -> _26200_/D : -63.858994
[setup in-reg] rst -> _26201_/D : -63.858994
[setup in-reg] rst -> _26202_/D : -63.858994
[setup in-reg] rst -> _26203_/D : -63.858994
[setup in-reg] rst -> _26204_/D : -63.858994
[setup in-reg] rst -> _26205_/D : -63.858994
[setup in-reg] rst -> _26206_/D : -63.858994
[setup in-reg] rst -> _26207_/D : -63.858994
[setup in-reg] rst -> _26208_/D : -63.858994
[setup in-reg] rst -> _26209_/D : -63.858994
[setup in-reg] rst -> _26210_/D : -63.858994
[setup in-reg] rst -> _26211_/D : -63.858994
[setup in-reg] rst -> _26212_/D : -63.858994
[setup in-reg] rst -> _26213_/D : -63.858994
[setup in-reg] rst -> _26214_/D : -63.858994
[setup in-reg] rst -> _26215_/D : -63.858994
[setup in-reg] rst -> _26216_/D : -63.858994
[setup in-reg] rst -> _26217_/D : -63.858994
[setup in-reg] rst -> _26218_/D : -63.858994
[setup in-reg] rst -> _26219_/D : -63.858994
[setup in-reg] rst -> _26220_/D : -63.858994
[setup in-reg] rst -> _26221_/D : -63.858994
[setup in-reg] rst -> _26222_/D : -63.858994
[setup in-reg] rst -> _26223_/D : -63.858994
[setup in-reg] rst -> _26224_/D : -63.858994
[setup in-reg] rst -> _26225_/D : -63.858994
[setup in-reg] rst -> _26226_/D : -63.858994
[setup in-reg] rst -> _26227_/D : -63.858994
[setup in-reg] rst -> _26228_/D : -63.858994
[setup in-reg] rst -> _26229_/D : -63.858994
[setup in-reg] rst -> _26230_/D : -63.858994
[setup in-reg] rst -> _26231_/D : -63.858994
[setup in-reg] rst -> _26232_/D : -63.858994
[setup in-reg] rst -> _26233_/D : -63.858994
[setup in-reg] rst -> _26234_/D : -63.858994
[setup in-reg] rst -> _26235_/D : -63.858994
[setup in-reg] rst -> _26236_/D : -63.858994
[setup in-reg] rst -> _26237_/D : -63.858994
[setup in-reg] rst -> _26238_/D : -63.858994
[setup in-reg] rst -> _26239_/D : -63.858994
[setup in-reg] rst -> _26240_/D : -63.858994
[setup in-reg] rst -> _26241_/D : -63.858994
[setup in-reg] rst -> _26242_/D : -63.858994
[setup in-reg] rst -> _26243_/D : -63.858994
[setup in-reg] rst -> _26244_/D : -63.858994
[setup in-reg] rst -> _26245_/D : -63.858994
[setup in-reg] rst -> _26246_/D : -63.858994
[setup in-reg] rst -> _26247_/D : -63.858994
[setup in-reg] rst -> _26248_/D : -63.858994
[setup in-reg] rst -> _26249_/D : -63.858994
[setup in-reg] rst -> _26250_/D : -63.858994
[setup in-reg] rst -> _26251_/D : -63.858994
[setup in-reg] rst -> _26252_/D : -63.858994
[setup in-reg] rst -> _26253_/D : -63.858994
[setup in-reg] rst -> _26254_/D : -63.858994
[setup in-reg] rst -> _26255_/D : -63.858994
[setup in-reg] rst -> _26256_/D : -63.858994
[setup in-reg] rst -> _26257_/D : -63.858994
[setup in-reg] rst -> _26258_/D : -63.858994
[setup in-reg] rst -> _26259_/D : -63.858994
[setup in-reg] rst -> _26260_/D : -63.858994
[setup in-reg] rst -> _26261_/D : -63.858994
[setup in-reg] rst -> _26262_/D : -63.858994
[setup in-reg] rst -> _26263_/D : -63.858994
[setup in-reg] rst -> _26264_/D : -63.858994
[setup in-reg] rst -> _26265_/D : -63.858994
[setup in-reg] rst -> _26266_/D : -63.858994
[setup in-reg] rst -> _26267_/D : -63.858994
[setup in-reg] rst -> _26268_/D : -63.858994
[setup in-reg] rst -> _26269_/D : -63.858994
[setup in-reg] rst -> _26270_/D : -63.858994
[setup in-reg] rst -> _26271_/D : -63.858994
[setup in-reg] rst -> _26272_/D : -63.858994
[setup in-reg] rst -> _26273_/D : -63.858994
[setup in-reg] rst -> _26274_/D : -63.858994
[setup in-reg] rst -> _26275_/D : -63.858994
[setup in-reg] rst -> _26276_/D : -63.858994
[setup in-reg] rst -> _26277_/D : -63.858994
[setup in-reg] rst -> _26278_/D : -63.858994
[setup in-reg] rst -> _26279_/D : -63.858994
[setup in-reg] rst -> _26280_/D : -63.858994
[setup in-reg] rst -> _26281_/D : -63.858994
[setup in-reg] rst -> _26282_/D : -63.858994
[setup in-reg] rst -> _26283_/D : -63.858994
[setup in-reg] rst -> _26284_/D : -63.858994
[setup in-reg] rst -> _26285_/D : -63.858994
[setup in-reg] rst -> _26286_/D : -63.858994
[setup in-reg] rst -> _26287_/D : -63.858994
[setup in-reg] rst -> _26288_/D : -63.858994
[setup in-reg] rst -> _26289_/D : -63.858994
[setup in-reg] rst -> _26290_/D : -63.858994
[setup in-reg] rst -> _26291_/D : -63.858994
[setup in-reg] rst -> _26292_/D : -63.858994
[setup in-reg] rst -> _26293_/D : -63.858994
[setup in-reg] rst -> _26294_/D : -63.859001
[setup in-reg] rst -> _26295_/D : -63.859001
[setup in-reg] rst -> _26296_/D : -63.859001
[setup in-reg] rst -> _26297_/D : -63.859001
[setup in-reg] rst -> _26298_/D : -63.859001
[setup in-reg] rst -> _26299_/D : -63.859001
[setup in-reg] rst -> _26300_/D : -63.859001
[setup in-reg] rst -> _26301_/D : -63.859001
[setup in-reg] rst -> _26302_/D : -63.859001
[setup in-reg] rst -> _26303_/D : -63.859001
[setup in-reg] rst -> _26304_/D : -63.859001
[setup in-reg] rst -> _26305_/D : -63.859001
[setup in-reg] rst -> _26306_/D : -63.859001
[setup in-reg] rst -> _26307_/D : -63.859001
[setup in-reg] rst -> _26308_/D : -63.859001
[setup in-reg] rst -> _26309_/D : -63.859001
[setup in-reg] rst -> _26310_/D : -63.859001
[setup in-reg] rst -> _26311_/D : -63.859001
[setup in-reg] rst -> _26312_/D : -63.859001
[setup in-reg] rst -> _26313_/D : -63.859001
[setup in-reg] rst -> _26314_/D : -63.859001
[setup in-reg] rst -> _26315_/D : -63.859001
[setup in-reg] rst -> _26316_/D : -63.859001
[setup in-reg] rst -> _26317_/D : -63.859001
[setup in-reg] rst -> _26318_/D : -63.859001
[setup in-reg] rst -> _26319_/D : -63.859001
[setup in-reg] rst -> _26320_/D : -63.859001
[setup in-reg] rst -> _26321_/D : -63.859001
[setup in-reg] rst -> _26322_/D : -63.859001
[setup in-reg] rst -> _26323_/D : -63.859001
[setup in-reg] rst -> _26324_/D : -63.859001
[setup in-reg] rst -> _26325_/D : -63.859001
[setup in-reg] rst -> _26326_/D : -63.859001
[setup in-reg] rst -> _26327_/D : -63.859001
[setup in-reg] rst -> _26328_/D : -63.859001
[setup in-reg] rst -> _26329_/D : -63.859001
[setup in-reg] rst -> _26330_/D : -63.859001
[setup in-reg] rst -> _26331_/D : -63.859001
[setup in-reg] rst -> _26332_/D : -63.859001
[setup in-reg] rst -> _26333_/D : -63.859001
[setup in-reg] rst -> _26334_/D : -63.859001
[setup in-reg] rst -> _26335_/D : -63.859001
[setup in-reg] rst -> _26336_/D : -63.859001
[setup in-reg] rst -> _26337_/D : -63.859001
[setup in-reg] rst -> _26338_/D : -63.859001
[setup in-reg] rst -> _26339_/D : -63.859001
[setup in-reg] rst -> _26340_/D : -63.859001
[setup in-reg] rst -> _26341_/D : -63.859001
[setup in-reg] rst -> _26342_/D : -63.859001
[setup in-reg] rst -> _26343_/D : -63.859001
[setup in-reg] rst -> _26344_/D : -63.859001
[setup in-reg] rst -> _26345_/D : -63.859001
[setup in-reg] rst -> _26346_/D : -63.859001
[setup in-reg] rst -> _26347_/D : -63.859001
[setup in-reg] rst -> _26348_/D : -63.859001
[setup in-reg] rst -> _26349_/D : -63.859001
[setup in-reg] rst -> _26350_/D : -63.859001
[setup in-reg] rst -> _26351_/D : -63.859001
[setup in-reg] rst -> _26352_/D : -63.859001
[setup in-reg] rst -> _26353_/D : -63.859001
[setup in-reg] rst -> _26354_/D : -63.859001
[setup in-reg] rst -> _26355_/D : -63.859001
[setup in-reg] rst -> _26356_/D : -63.859001
[setup in-reg] rst -> _26357_/D : -63.859001
[setup in-reg] rst -> _26358_/D : -63.859001
[setup in-reg] rst -> _26359_/D : -63.859001
[setup in-reg] rst -> _26360_/D : -63.859001
[setup in-reg] rst -> _26361_/D : -63.859001
[setup in-reg] rst -> _26362_/D : -63.859001
[setup in-reg] rst -> _26363_/D : -63.859001
[setup in-reg] rst -> _26364_/D : -63.859001
[setup in-reg] rst -> _26365_/D : -63.859001
[setup in-reg] rst -> _26366_/D : -63.859001
[setup in-reg] rst -> _26367_/D : -63.859001
[setup in-reg] rst -> _26368_/D : -63.859001
[setup in-reg] rst -> _26369_/D : -63.859001
[setup in-reg] rst -> _26370_/D : -63.859001
[setup in-reg] rst -> _26371_/D : -63.859001
[setup in-reg] rst -> _26372_/D : -63.859001
[setup in-reg] rst -> _26373_/D : -63.859001
[setup in-reg] rst -> _26374_/D : -63.859001
[setup in-reg] rst -> _26375_/D : -63.859001
[setup in-reg] rst -> _26376_/D : -63.859001
[setup in-reg] rst -> _26377_/D : -63.859001
[setup in-reg] rst -> _26378_/D : -63.859001
[setup in-reg] rst -> _26379_/D : -63.859001
[setup in-reg] rst -> _26380_/D : -63.859001
[setup in-reg] rst -> _26381_/D : -63.859001
[setup in-reg] rst -> _26382_/D : -63.859001
[setup in-reg] rst -> _26383_/D : -63.859001
[setup in-reg] rst -> _26384_/D : -63.859001
[setup in-reg] rst -> _26385_/D : -63.859001
[setup in-reg] rst -> _26386_/D : -63.859001
[setup in-reg] rst -> _26387_/D : -63.859001
[setup in-reg] rst -> _26388_/D : -63.859001
[setup in-reg] rst -> _26389_/D : -63.859001
[setup in-reg] rst -> _26390_/D : -63.858994
[setup in-reg] rst -> _26391_/D : -63.858994
[setup in-reg] rst -> _26392_/D : -63.858994
[setup in-reg] rst -> _26393_/D : -63.858994
[setup in-reg] rst -> _26394_/D : -63.858994
[setup in-reg] rst -> _26395_/D : -63.858994
[setup in-reg] rst -> _26396_/D : -63.858994
[setup in-reg] rst -> _26397_/D : -63.858994
[setup in-reg] rst -> _26398_/D : -63.858994
[setup in-reg] rst -> _26399_/D : -63.858994
[setup in-reg] rst -> _26400_/D : -63.858994
[setup in-reg] rst -> _26401_/D : -63.858994
[setup in-reg] rst -> _26402_/D : -63.858994
[setup in-reg] rst -> _26403_/D : -63.858994
[setup in-reg] rst -> _26404_/D : -63.858994
[setup in-reg] rst -> _26405_/D : -63.858994
[setup in-reg] rst -> _26406_/D : -63.858994
[setup in-reg] rst -> _26407_/D : -63.858994
[setup in-reg] rst -> _26408_/D : -63.858994
[setup in-reg] rst -> _26409_/D : -63.858994
[setup in-reg] rst -> _26410_/D : -63.858994
[setup in-reg] rst -> _26411_/D : -63.858994
[setup in-reg] rst -> _26412_/D : -63.858994
[setup in-reg] rst -> _26413_/D : -63.858994
[setup in-reg] rst -> _26414_/D : -63.858994
[setup in-reg] rst -> _26415_/D : -63.858994
[setup in-reg] rst -> _26416_/D : -63.858994
[setup in-reg] rst -> _26417_/D : -63.858994
[setup in-reg] rst -> _26418_/D : -63.858994
[setup in-reg] rst -> _26419_/D : -63.858994
[setup in-reg] rst -> _26420_/D : -63.858994
[setup in-reg] rst -> _26421_/D : -63.858994
[setup in-reg] rst -> _26422_/D : -63.859001
[setup in-reg] rst -> _26423_/D : -63.859001
[setup in-reg] rst -> _26424_/D : -63.859001
[setup in-reg] rst -> _26425_/D : -63.859001
[setup in-reg] rst -> _26426_/D : -63.859001
[setup in-reg] rst -> _26427_/D : -63.859001
[setup in-reg] rst -> _26428_/D : -63.859001
[setup in-reg] rst -> _26429_/D : -63.859001
[setup in-reg] rst -> _26430_/D : -63.859001
[setup in-reg] rst -> _26431_/D : -63.859001
[setup in-reg] rst -> _26432_/D : -63.859001
[setup in-reg] rst -> _26433_/D : -63.859001
[setup in-reg] rst -> _26434_/D : -63.859001
[setup in-reg] rst -> _26435_/D : -63.859001
[setup in-reg] rst -> _26436_/D : -63.859001
[setup in-reg] rst -> _26437_/D : -63.859001
[setup in-reg] rst -> _26438_/D : -63.859001
[setup in-reg] rst -> _26439_/D : -63.859001
[setup in-reg] rst -> _26440_/D : -63.859001
[setup in-reg] rst -> _26441_/D : -63.859001
[setup in-reg] rst -> _26442_/D : -63.859001
[setup in-reg] rst -> _26443_/D : -63.859001
[setup in-reg] rst -> _26444_/D : -63.859001
[setup in-reg] rst -> _26445_/D : -63.859001
[setup in-reg] rst -> _26446_/D : -63.859001
[setup in-reg] rst -> _26447_/D : -63.859001
[setup in-reg] rst -> _26448_/D : -63.859001
[setup in-reg] rst -> _26449_/D : -63.859001
[setup in-reg] rst -> _26450_/D : -63.859001
[setup in-reg] rst -> _26451_/D : -63.859001
[setup in-reg] rst -> _26452_/D : -63.859001
[setup in-reg] rst -> _26453_/D : -63.859001
[setup in-reg] rst -> _26454_/D : -63.858994
[setup in-reg] rst -> _26455_/D : -63.858994
[setup in-reg] rst -> _26456_/D : -63.858994
[setup in-reg] rst -> _26457_/D : -63.858994
[setup in-reg] rst -> _26458_/D : -63.858994
[setup in-reg] rst -> _26459_/D : -63.858994
[setup in-reg] rst -> _26460_/D : -63.858994
[setup in-reg] rst -> _26461_/D : -63.858994
[setup in-reg] rst -> _26462_/D : -63.858994
[setup in-reg] rst -> _26463_/D : -63.858994
[setup in-reg] rst -> _26464_/D : -63.858994
[setup in-reg] rst -> _26465_/D : -63.858994
[setup in-reg] rst -> _26466_/D : -63.858994
[setup in-reg] rst -> _26467_/D : -63.858994
[setup in-reg] rst -> _26468_/D : -63.858994
[setup in-reg] rst -> _26469_/D : -63.858994
[setup in-reg] rst -> _26470_/D : -63.858994
[setup in-reg] rst -> _26471_/D : -63.858994
[setup in-reg] rst -> _26472_/D : -63.858994
[setup in-reg] rst -> _26473_/D : -63.858994
[setup in-reg] rst -> _26474_/D : -63.858994
[setup in-reg] rst -> _26475_/D : -63.858994
[setup in-reg] rst -> _26476_/D : -63.858994
[setup in-reg] rst -> _26477_/D : -63.858994
[setup in-reg] rst -> _26478_/D : -63.858994
[setup in-reg] rst -> _26479_/D : -63.858994
[setup in-reg] rst -> _26480_/D : -63.858994
[setup in-reg] rst -> _26481_/D : -63.858994
[setup in-reg] rst -> _26482_/D : -63.858994
[setup in-reg] rst -> _26483_/D : -63.858994
[setup in-reg] rst -> _26484_/D : -63.858994
[setup in-reg] rst -> _26485_/D : -63.858994
[setup in-reg] rst -> _26486_/D : -63.858994
[setup in-reg] rst -> _26487_/D : -63.858994
[setup in-reg] rst -> _26488_/D : -63.858994
[setup in-reg] rst -> _26489_/D : -63.858994
[setup in-reg] rst -> _26490_/D : -63.858994
[setup in-reg] rst -> _26491_/D : -63.858994
[setup in-reg] rst -> _26492_/D : -63.858994
[setup in-reg] rst -> _26493_/D : -63.858994
[setup in-reg] rst -> _26494_/D : -63.858994
[setup in-reg] rst -> _26495_/D : -63.858994
[setup in-reg] rst -> _26496_/D : -63.858994
[setup in-reg] rst -> _26497_/D : -63.858994
[setup in-reg] rst -> _26498_/D : -63.858994
[setup in-reg] rst -> _26499_/D : -63.858994
[setup in-reg] rst -> _26500_/D : -63.858994
[setup in-reg] rst -> _26501_/D : -63.858994
[setup in-reg] rst -> _26502_/D : -63.858994
[setup in-reg] rst -> _26503_/D : -63.858994
[setup in-reg] rst -> _26504_/D : -63.858994
[setup in-reg] rst -> _26505_/D : -63.858994
[setup in-reg] rst -> _26506_/D : -63.858994
[setup in-reg] rst -> _26507_/D : -63.858994
[setup in-reg] rst -> _26508_/D : -63.858994
[setup in-reg] rst -> _26509_/D : -63.858994
[setup in-reg] rst -> _26510_/D : -63.858994
[setup in-reg] rst -> _26511_/D : -63.858994
[setup in-reg] rst -> _26512_/D : -63.858994
[setup in-reg] rst -> _26513_/D : -63.858994
[setup in-reg] rst -> _26514_/D : -63.858994
[setup in-reg] rst -> _26515_/D : -63.858994
[setup in-reg] rst -> _26516_/D : -63.858994
[setup in-reg] rst -> _26517_/D : -63.858994
[setup in-reg] rst -> _26518_/D : -63.858994
[setup in-reg] rst -> _26519_/D : -63.858994
[setup in-reg] rst -> _26520_/D : -63.858994
[setup in-reg] rst -> _26521_/D : -63.858994
[setup in-reg] rst -> _26522_/D : -63.858994
[setup in-reg] rst -> _26523_/D : -63.858994
[setup in-reg] rst -> _26524_/D : -63.858994
[setup in-reg] rst -> _26525_/D : -63.858994
[setup in-reg] rst -> _26526_/D : -63.858994
[setup in-reg] rst -> _26527_/D : -63.858994
[setup in-reg] rst -> _26528_/D : -63.858994
[setup in-reg] rst -> _26529_/D : -63.858994
[setup in-reg] rst -> _26530_/D : -63.858994
[setup in-reg] rst -> _26531_/D : -63.858994
[setup in-reg] rst -> _26532_/D : -63.858994
[setup in-reg] rst -> _26533_/D : -63.858994
[setup in-reg] rst -> _26534_/D : -63.858994
[setup in-reg] rst -> _26535_/D : -63.858994
[setup in-reg] rst -> _26536_/D : -63.858994
[setup in-reg] rst -> _26537_/D : -63.858994
[setup in-reg] rst -> _26538_/D : -63.858994
[setup in-reg] rst -> _26539_/D : -63.858994
[setup in-reg] rst -> _26540_/D : -63.858994
[setup in-reg] rst -> _26541_/D : -63.858994
[setup in-reg] rst -> _26542_/D : -63.858994
[setup in-reg] rst -> _26543_/D : -63.858994
[setup in-reg] rst -> _26544_/D : -63.858994
[setup in-reg] rst -> _26545_/D : -63.858994
[setup in-reg] rst -> _26546_/D : -63.858994
[setup in-reg] rst -> _26547_/D : -63.858994
[setup in-reg] rst -> _26548_/D : -63.858994
[setup in-reg] rst -> _26549_/D : -63.858994
[setup in-reg] rst -> _25520_/D : -41.967453
[setup in-reg] rst -> _25521_/D : -41.967453
[setup in-reg] rst -> _25522_/D : -41.967453
[setup in-reg] rst -> _25523_/D : -41.967453
[setup in-reg] rst -> _25524_/D : -41.967453
[setup in-reg] rst -> _25525_/D : -41.967453
[setup in-reg] rst -> _25526_/D : -41.967453
[setup in-reg] rst -> _25527_/D : -41.967453
[setup in-reg] rst -> _25528_/D : -41.967453
[setup in-reg] rst -> _25529_/D : -41.967453
[setup in-reg] rst -> _25530_/D : -41.967453
[setup in-reg] rst -> _25531_/D : -41.967453
[setup in-reg] rst -> _25532_/D : -41.967453
[setup in-reg] rst -> _25533_/D : -41.967453
[setup in-reg] rst -> _25534_/D : -41.967453
[setup in-reg] rst -> _25535_/D : -41.967453
[setup in-reg] rst -> _25536_/D : -41.967453
[setup in-reg] rst -> _25537_/D : -41.967453
[setup in-reg] rst -> _25538_/D : -41.967453
[setup in-reg] rst -> _25539_/D : -41.967453
[setup in-reg] rst -> _25540_/D : -41.967453
[setup in-reg] rst -> _25541_/D : -41.967453
[setup in-reg] rst -> _25542_/D : -41.967453
[setup in-reg] rst -> _25543_/D : -41.967453
[setup in-reg] rst -> _25544_/D : -41.967453
[setup in-reg] rst -> _25545_/D : -41.967453
[setup in-reg] rst -> _25546_/D : -41.967453
[setup in-reg] rst -> _25547_/D : -41.967453
[setup in-reg] rst -> _25548_/D : -41.967453
[setup in-reg] rst -> _25549_/D : -41.967453
[setup in-reg] rst -> _25550_/D : -41.967453
[setup in-reg] rst -> _25551_/D : -41.967453
[setup in-reg] rst -> _26550_/D : -41.967453
[setup in-reg] rst -> _26551_/D : -41.967453
[setup in-reg] rst -> _26552_/D : -41.967453
[setup in-reg] rst -> _26553_/D : -41.967453
[setup in-reg] rst -> _26554_/D : -41.967453
[setup in-reg] rst -> _26555_/D : -41.967453
[setup in-reg] rst -> _26556_/D : -41.967453
[setup in-reg] rst -> _26557_/D : -41.967453
[setup in-reg] rst -> _26558_/D : -41.967453
[setup in-reg] rst -> _26559_/D : -41.967453
[setup in-reg] rst -> _26560_/D : -41.967453
[setup in-reg] rst -> _26561_/D : -41.967453
[setup in-reg] rst -> _26562_/D : -41.967453
[setup in-reg] rst -> _26563_/D : -41.967453
[setup in-reg] rst -> _26564_/D : -41.967453
[setup in-reg] rst -> _26565_/D : -41.967453
[setup in-reg] rst -> _26566_/D : -41.967453
[setup in-reg] rst -> _26567_/D : -41.967453
[setup in-reg] rst -> _26568_/D : -41.967453
[setup in-reg] rst -> _26569_/D : -41.967453
[setup in-reg] rst -> _26570_/D : -41.967453
[setup in-reg] rst -> _26571_/D : -41.967453
[setup in-reg] rst -> _26572_/D : -41.967453
[setup in-reg] rst -> _26573_/D : -41.967453
[setup in-reg] rst -> _26574_/D : -41.967453
[setup in-reg] rst -> _26575_/D : -41.967453
[setup in-reg] rst -> _26576_/D : -41.967453
[setup in-reg] rst -> _26577_/D : -41.967453
[setup in-reg] rst -> _26578_/D : -41.967453
[setup in-reg] rst -> _26579_/D : -41.967453
[setup in-reg] rst -> _26580_/D : -41.967453
[setup in-reg] rst -> _26581_/D : -41.967453
[setup in-reg] rst -> _26582_/D : -41.938549
[setup in-reg] rst -> _26583_/D : -41.938549
[setup in-reg] rst -> _26584_/D : -41.938549
[setup in-reg] rst -> _26585_/D : -41.938549
[setup in-reg] rst -> _26586_/D : -41.938549
[setup in-reg] rst -> _26587_/D : -41.938549
[setup in-reg] rst -> _26588_/D : -41.938549
[setup in-reg] rst -> _26589_/D : -41.938549
[setup in-reg] rst -> _26590_/D : -41.938549
[setup in-reg] rst -> _26591_/D : -41.938549
[setup in-reg] rst -> _26592_/D : -41.938549
[setup in-reg] rst -> _26593_/D : -41.938549
[setup in-reg] rst -> _26594_/D : -41.938549
[setup in-reg] rst -> _26595_/D : -41.938549
[setup in-reg] rst -> _26596_/D : -41.938549
[setup in-reg] rst -> _26597_/D : -41.938549
[setup in-reg] rst -> _26598_/D : -41.938549
[setup in-reg] rst -> _26599_/D : -41.938549
[setup in-reg] rst -> _26600_/D : -41.938549
[setup in-reg] rst -> _26601_/D : -41.938549
[setup in-reg] rst -> _26602_/D : -41.938549
[setup in-reg] rst -> _26603_/D : -41.938549
[setup in-reg] rst -> _26604_/D : -41.938549
[setup in-reg] rst -> _26605_/D : -41.938549
[setup in-reg] rst -> _26606_/D : -41.938549
[setup in-reg] rst -> _26607_/D : -41.938549
[setup in-reg] rst -> _26608_/D : -41.938549
[setup in-reg] rst -> _26609_/D : -41.938549
[setup in-reg] rst -> _26610_/D : -41.938549
[setup in-reg] rst -> _26611_/D : -41.938549
[setup in-reg] rst -> _26612_/D : -41.938549
[setup in-reg] rst -> _26613_/D : -41.938549
[setup in-reg] rst -> _26614_/D : -41.938549
[setup in-reg] rst -> _26615_/D : -41.938549
[setup in-reg] rst -> _26616_/D : -41.938549
[setup in-reg] rst -> _26617_/D : -41.938549
[setup in-reg] rst -> _26618_/D : -41.938549
[setup in-reg] rst -> _26619_/D : -41.938549
[setup in-reg] rst -> _26620_/D : -41.938549
[setup in-reg] rst -> _26621_/D : -41.938549
[setup in-reg] rst -> _26622_/D : -41.938549
[setup in-reg] rst -> _26623_/D : -41.938549
[setup in-reg] rst -> _26624_/D : -41.938549
[setup in-reg] rst -> _26625_/D : -41.938549
[setup in-reg] rst -> _26626_/D : -41.938549
[setup in-reg] rst -> _26627_/D : -41.938549
[setup in-reg] rst -> _26628_/D : -41.938549
[setup in-reg] rst -> _26629_/D : -41.938549
[setup in-reg] rst -> _26630_/D : -41.938549
[setup in-reg] rst -> _26631_/D : -41.938549
[setup in-reg] rst -> _26632_/D : -41.938549
[setup in-reg] rst -> _26633_/D : -41.938549
[setup in-reg] rst -> _26634_/D : -41.938549
[setup in-reg] rst -> _26635_/D : -41.938549
[setup in-reg] rst -> _26636_/D : -41.938549
[setup in-reg] rst -> _26637_/D : -41.938549
[setup in-reg] rst -> _26638_/D : -41.938549
[setup in-reg] rst -> _26639_/D : -41.938549
[setup in-reg] rst -> _26640_/D : -41.938549
[setup in-reg] rst -> _26641_/D : -41.938549
[setup in-reg] rst -> _26642_/D : -41.938549
[setup in-reg] rst -> _26643_/D : -41.938549
[setup in-reg] rst -> _26644_/D : -41.938549
[setup in-reg] rst -> _26645_/D : -41.938549
[setup in-reg] rst -> _26646_/D : -41.938557
[setup in-reg] rst -> _26647_/D : -41.938557
[setup in-reg] rst -> _26648_/D : -41.938557
[setup in-reg] rst -> _26649_/D : -41.938557
[setup in-reg] rst -> _26650_/D : -41.938557
[setup in-reg] rst -> _26651_/D : -41.938557
[setup in-reg] rst -> _26652_/D : -41.938557
[setup in-reg] rst -> _26653_/D : -41.938557
[setup in-reg] rst -> _26654_/D : -41.938557
[setup in-reg] rst -> _26655_/D : -41.938557
[setup in-reg] rst -> _26656_/D : -41.938557
[setup in-reg] rst -> _26657_/D : -41.938557
[setup in-reg] rst -> _26658_/D : -41.938557
[setup in-reg] rst -> _26659_/D : -41.938557
[setup in-reg] rst -> _26660_/D : -41.938557
[setup in-reg] rst -> _26661_/D : -41.938557
[setup in-reg] rst -> _26662_/D : -41.938557
[setup in-reg] rst -> _26663_/D : -41.938557
[setup in-reg] rst -> _26664_/D : -41.938557
[setup in-reg] rst -> _26665_/D : -41.938557
[setup in-reg] rst -> _26666_/D : -41.938557
[setup in-reg] rst -> _26667_/D : -41.938557
[setup in-reg] rst -> _26668_/D : -41.938557
[setup in-reg] rst -> _26669_/D : -41.938557
[setup in-reg] rst -> _26670_/D : -41.938557
[setup in-reg] rst -> _26671_/D : -41.938557
[setup in-reg] rst -> _26672_/D : -41.938557
[setup in-reg] rst -> _26673_/D : -41.938557
[setup in-reg] rst -> _26674_/D : -41.938557
[setup in-reg] rst -> _26675_/D : -41.938557
[setup in-reg] rst -> _26676_/D : -41.938557
[setup in-reg] rst -> _26677_/D : -41.938557
[setup in-reg] rst -> _26678_/D : -41.938549
[setup in-reg] rst -> _26679_/D : -41.938549
[setup in-reg] rst -> _26680_/D : -41.938549
[setup in-reg] rst -> _26681_/D : -41.938549
[setup in-reg] rst -> _26682_/D : -41.938549
[setup in-reg] rst -> _26683_/D : -41.938549
[setup in-reg] rst -> _26684_/D : -41.938549
[setup in-reg] rst -> _26685_/D : -41.938549
[setup in-reg] rst -> _26686_/D : -41.938549
[setup in-reg] rst -> _26687_/D : -41.938549
[setup in-reg] rst -> _26688_/D : -41.938549
[setup in-reg] rst -> _26689_/D : -41.938549
[setup in-reg] rst -> _26690_/D : -41.938549
[setup in-reg] rst -> _26691_/D : -41.938549
[setup in-reg] rst -> _26692_/D : -41.938549
[setup in-reg] rst -> _26693_/D : -41.938549
[setup in-reg] rst -> _26694_/D : -41.938549
[setup in-reg] rst -> _26695_/D : -41.938549
[setup in-reg] rst -> _26696_/D : -41.938549
[setup in-reg] rst -> _26697_/D : -41.938549
[setup in-reg] rst -> _26698_/D : -41.938549
[setup in-reg] rst -> _26699_/D : -41.938549
[setup in-reg] rst -> _26700_/D : -41.938549
[setup in-reg] rst -> _26701_/D : -41.938549
[setup in-reg] rst -> _26702_/D : -41.938549
[setup in-reg] rst -> _26703_/D : -41.938549
[setup in-reg] rst -> _26704_/D : -41.938549
[setup in-reg] rst -> _26705_/D : -41.938549
[setup in-reg] rst -> _26706_/D : -41.938549
[setup in-reg] rst -> _26707_/D : -41.938549
[setup in-reg] rst -> _26708_/D : -41.938549
[setup in-reg] rst -> _26709_/D : -41.938549
[setup in-reg] rst -> _26710_/D : -41.938557
[setup in-reg] rst -> _26711_/D : -41.938557
[setup in-reg] rst -> _26712_/D : -41.938557
[setup in-reg] rst -> _26713_/D : -41.938557
[setup in-reg] rst -> _26714_/D : -41.938557
[setup in-reg] rst -> _26715_/D : -41.938557
[setup in-reg] rst -> _26716_/D : -41.938557
[setup in-reg] rst -> _26717_/D : -41.938557
[setup in-reg] rst -> _26718_/D : -41.938557
[setup in-reg] rst -> _26719_/D : -41.938557
[setup in-reg] rst -> _26720_/D : -41.938557
[setup in-reg] rst -> _26721_/D : -41.938557
[setup in-reg] rst -> _26722_/D : -41.938557
[setup in-reg] rst -> _26723_/D : -41.938557
[setup in-reg] rst -> _26724_/D : -41.938557
[setup in-reg] rst -> _26725_/D : -41.938557
[setup in-reg] rst -> _26726_/D : -41.938557
[setup in-reg] rst -> _26727_/D : -41.938557
[setup in-reg] rst -> _26728_/D : -41.938557
[setup in-reg] rst -> _26729_/D : -41.938557
[setup in-reg] rst -> _26730_/D : -41.938557
[setup in-reg] rst -> _26731_/D : -41.938557
[setup in-reg] rst -> _26732_/D : -41.938557
[setup in-reg] rst -> _26733_/D : -41.938557
[setup in-reg] rst -> _26734_/D : -41.938557
[setup in-reg] rst -> _26735_/D : -41.938557
[setup in-reg] rst -> _26736_/D : -41.938557
[setup in-reg] rst -> _26737_/D : -41.938557
[setup in-reg] rst -> _26738_/D : -41.938557
[setup in-reg] rst -> _26739_/D : -41.938557
[setup in-reg] rst -> _26740_/D : -41.938557
[setup in-reg] rst -> _26741_/D : -41.938557
[setup in-reg] rst -> _26742_/D : -41.938557
[setup in-reg] rst -> _26743_/D : -41.938557
[setup in-reg] rst -> _26744_/D : -41.938557
[setup in-reg] rst -> _26745_/D : -41.938557
[setup in-reg] rst -> _26746_/D : -41.938557
[setup in-reg] rst -> _26747_/D : -41.938557
[setup in-reg] rst -> _26748_/D : -41.938557
[setup in-reg] rst -> _26749_/D : -41.938557
[setup in-reg] rst -> _26750_/D : -41.938557
[setup in-reg] rst -> _26751_/D : -41.938557
[setup in-reg] rst -> _26752_/D : -41.938557
[setup in-reg] rst -> _26753_/D : -41.938557
[setup in-reg] rst -> _26754_/D : -41.938557
[setup in-reg] rst -> _26755_/D : -41.938557
[setup in-reg] rst -> _26756_/D : -41.938557
[setup in-reg] rst -> _26757_/D : -41.938557
[setup in-reg] rst -> _26758_/D : -41.938557
[setup in-reg] rst -> _26759_/D : -41.938557
[setup in-reg] rst -> _26760_/D : -41.938557
[setup in-reg] rst -> _26761_/D : -41.938557
[setup in-reg] rst -> _26762_/D : -41.938557
[setup in-reg] rst -> _26763_/D : -41.938557
[setup in-reg] rst -> _26764_/D : -41.938557
[setup in-reg] rst -> _26765_/D : -41.938557
[setup in-reg] rst -> _26766_/D : -41.938557
[setup in-reg] rst -> _26767_/D : -41.938557
[setup in-reg] rst -> _26768_/D : -41.938557
[setup in-reg] rst -> _26769_/D : -41.938557
[setup in-reg] rst -> _26770_/D : -41.938557
[setup in-reg] rst -> _26771_/D : -41.938557
[setup in-reg] rst -> _26772_/D : -41.938557
[setup in-reg] rst -> _26773_/D : -41.938557
[setup in-reg] rst -> _26774_/D : -41.938557
[setup in-reg] rst -> _26775_/D : -41.938557
[setup in-reg] rst -> _26776_/D : -41.938557
[setup in-reg] rst -> _26777_/D : -41.938557
[setup in-reg] rst -> _26778_/D : -41.938557
[setup in-reg] rst -> _26779_/D : -41.938557
[setup in-reg] rst -> _26780_/D : -41.938557
[setup in-reg] rst -> _26781_/D : -41.938557
[setup in-reg] rst -> _26782_/D : -41.938557
[setup in-reg] rst -> _26783_/D : -41.938557
[setup in-reg] rst -> _26784_/D : -41.938557
[setup in-reg] rst -> _26785_/D : -41.938557
[setup in-reg] rst -> _26786_/D : -41.938557
[setup in-reg] rst -> _26787_/D : -41.938557
[setup in-reg] rst -> _26788_/D : -41.938557
[setup in-reg] rst -> _26789_/D : -41.938557
[setup in-reg] rst -> _26790_/D : -41.938557
[setup in-reg] rst -> _26791_/D : -41.938557
[setup in-reg] rst -> _26792_/D : -41.938557
[setup in-reg] rst -> _26793_/D : -41.938557
[setup in-reg] rst -> _26794_/D : -41.938557
[setup in-reg] rst -> _26795_/D : -41.938557
[setup in-reg] rst -> _26796_/D : -41.938557
[setup in-reg] rst -> _26797_/D : -41.938557
[setup in-reg] rst -> _26798_/D : -41.938557
[setup in-reg] rst -> _26799_/D : -41.938557
[setup in-reg] rst -> _26800_/D : -41.938557
[setup in-reg] rst -> _26801_/D : -41.938557
[setup in-reg] rst -> _26802_/D : -41.938557
[setup in-reg] rst -> _26803_/D : -41.938557
[setup in-reg] rst -> _26804_/D : -41.938557
[setup in-reg] rst -> _26805_/D : -41.938557
[setup in-reg] rst -> _26806_/D : -41.938549
[setup in-reg] rst -> _26807_/D : -41.938549
[setup in-reg] rst -> _26808_/D : -41.938549
[setup in-reg] rst -> _26809_/D : -41.938549
[setup in-reg] rst -> _26810_/D : -41.938549
[setup in-reg] rst -> _26811_/D : -41.938549
[setup in-reg] rst -> _26812_/D : -41.938549
[setup in-reg] rst -> _26813_/D : -41.938549
[setup in-reg] rst -> _26814_/D : -41.938549
[setup in-reg] rst -> _26815_/D : -41.938549
[setup in-reg] rst -> _26816_/D : -41.938549
[setup in-reg] rst -> _26817_/D : -41.938549
[setup in-reg] rst -> _26818_/D : -41.938549
[setup in-reg] rst -> _26819_/D : -41.938549
[setup in-reg] rst -> _26820_/D : -41.938549
[setup in-reg] rst -> _26821_/D : -41.938549
[setup in-reg] rst -> _26822_/D : -41.938549
[setup in-reg] rst -> _26823_/D : -41.938549
[setup in-reg] rst -> _26824_/D : -41.938549
[setup in-reg] rst -> _26825_/D : -41.938549
[setup in-reg] rst -> _26826_/D : -41.938549
[setup in-reg] rst -> _26827_/D : -41.938549
[setup in-reg] rst -> _26828_/D : -41.938549
[setup in-reg] rst -> _26829_/D : -41.938549
[setup in-reg] rst -> _26830_/D : -41.938549
[setup in-reg] rst -> _26831_/D : -41.938549
[setup in-reg] rst -> _26832_/D : -41.938549
[setup in-reg] rst -> _26833_/D : -41.938549
[setup in-reg] rst -> _26834_/D : -41.938549
[setup in-reg] rst -> _26835_/D : -41.938549
[setup in-reg] rst -> _26836_/D : -41.938549
[setup in-reg] rst -> _26837_/D : -41.938549
[setup in-reg] rst -> _26838_/D : -41.938557
[setup in-reg] rst -> _26839_/D : -41.938557
[setup in-reg] rst -> _26840_/D : -41.938557
[setup in-reg] rst -> _26841_/D : -41.938557
[setup in-reg] rst -> _26842_/D : -41.938557
[setup in-reg] rst -> _26843_/D : -41.938557
[setup in-reg] rst -> _26844_/D : -41.938557
[setup in-reg] rst -> _26845_/D : -41.938557
[setup in-reg] rst -> _26846_/D : -41.938557
[setup in-reg] rst -> _26847_/D : -41.938557
[setup in-reg] rst -> _26848_/D : -41.938557
[setup in-reg] rst -> _26849_/D : -41.938557
[setup in-reg] rst -> _26850_/D : -41.938557
[setup in-reg] rst -> _26851_/D : -41.938557
[setup in-reg] rst -> _26852_/D : -41.938557
[setup in-reg] rst -> _26853_/D : -41.938557
[setup in-reg] rst -> _26854_/D : -41.938557
[setup in-reg] rst -> _26855_/D : -41.938557
[setup in-reg] rst -> _26856_/D : -41.938557
[setup in-reg] rst -> _26857_/D : -41.938557
[setup in-reg] rst -> _26858_/D : -41.938557
[setup in-reg] rst -> _26859_/D : -41.938557
[setup in-reg] rst -> _26860_/D : -41.938557
[setup in-reg] rst -> _26861_/D : -41.938557
[setup in-reg] rst -> _26862_/D : -41.938557
[setup in-reg] rst -> _26863_/D : -41.938557
[setup in-reg] rst -> _26864_/D : -41.938557
[setup in-reg] rst -> _26865_/D : -41.938557
[setup in-reg] rst -> _26866_/D : -41.938557
[setup in-reg] rst -> _26867_/D : -41.938557
[setup in-reg] rst -> _26868_/D : -41.938557
[setup in-reg] rst -> _26869_/D : -41.938557
[setup in-reg] rst -> _26870_/D : -41.938557
[setup in-reg] rst -> _26871_/D : -41.938557
[setup in-reg] rst -> _26872_/D : -41.938557
[setup in-reg] rst -> _26873_/D : -41.938557
[setup in-reg] rst -> _26874_/D : -41.938557
[setup in-reg] rst -> _26875_/D : -41.938557
[setup in-reg] rst -> _26876_/D : -41.938557
[setup in-reg] rst -> _26877_/D : -41.938557
[setup in-reg] rst -> _26878_/D : -41.938557
[setup in-reg] rst -> _26879_/D : -41.938557
[setup in-reg] rst -> _26880_/D : -41.938557
[setup in-reg] rst -> _26881_/D : -41.938557
[setup in-reg] rst -> _26882_/D : -41.938557
[setup in-reg] rst -> _26883_/D : -41.938557
[setup in-reg] rst -> _26884_/D : -41.938557
[setup in-reg] rst -> _26885_/D : -41.938557
[setup in-reg] rst -> _26886_/D : -41.938557
[setup in-reg] rst -> _26887_/D : -41.938557
[setup in-reg] rst -> _26888_/D : -41.938557
[setup in-reg] rst -> _26889_/D : -41.938557
[setup in-reg] rst -> _26890_/D : -41.938557
[setup in-reg] rst -> _26891_/D : -41.938557
[setup in-reg] rst -> _26892_/D : -41.938557
[setup in-reg] rst -> _26893_/D : -41.938557
[setup in-reg] rst -> _26894_/D : -41.938557
[setup in-reg] rst -> _26895_/D : -41.938557
[setup in-reg] rst -> _26896_/D : -41.938557
[setup in-reg] rst -> _26897_/D : -41.938557
[setup in-reg] rst -> _26898_/D : -41.938557
[setup in-reg] rst -> _26899_/D : -41.938557
[setup in-reg] rst -> _26900_/D : -41.938557
[setup in-reg] rst -> _26901_/D : -41.938557
[setup in-reg] rst -> _26902_/D : -41.938549
[setup in-reg] rst -> _26903_/D : -41.938549
[setup in-reg] rst -> _26904_/D : -41.938549
[setup in-reg] rst -> _26905_/D : -41.938549
[setup in-reg] rst -> _26906_/D : -41.938549
[setup in-reg] rst -> _26907_/D : -41.938549
[setup in-reg] rst -> _26908_/D : -41.938549
[setup in-reg] rst -> _26909_/D : -41.938549
[setup in-reg] rst -> _26910_/D : -41.938549
[setup in-reg] rst -> _26911_/D : -41.938549
[setup in-reg] rst -> _26912_/D : -41.938549
[setup in-reg] rst -> _26913_/D : -41.938549
[setup in-reg] rst -> _26914_/D : -41.938549
[setup in-reg] rst -> _26915_/D : -41.938549
[setup in-reg] rst -> _26916_/D : -41.938549
[setup in-reg] rst -> _26917_/D : -41.938549
[setup in-reg] rst -> _26918_/D : -41.938549
[setup in-reg] rst -> _26919_/D : -41.938549
[setup in-reg] rst -> _26920_/D : -41.938549
[setup in-reg] rst -> _26921_/D : -41.938549
[setup in-reg] rst -> _26922_/D : -41.938549
[setup in-reg] rst -> _26923_/D : -41.938549
[setup in-reg] rst -> _26924_/D : -41.938549
[setup in-reg] rst -> _26925_/D : -41.938549
[setup in-reg] rst -> _26926_/D : -41.938549
[setup in-reg] rst -> _26927_/D : -41.938549
[setup in-reg] rst -> _26928_/D : -41.938549
[setup in-reg] rst -> _26929_/D : -41.938549
[setup in-reg] rst -> _26930_/D : -41.938549
[setup in-reg] rst -> _26931_/D : -41.938549
[setup in-reg] rst -> _26932_/D : -41.938549
[setup in-reg] rst -> _26933_/D : -41.938549
[setup in-reg] rst -> _26934_/D : -41.938557
[setup in-reg] rst -> _26935_/D : -41.938557
[setup in-reg] rst -> _26936_/D : -41.938557
[setup in-reg] rst -> _26937_/D : -41.938557
[setup in-reg] rst -> _26938_/D : -41.938557
[setup in-reg] rst -> _26939_/D : -41.938557
[setup in-reg] rst -> _26940_/D : -41.938557
[setup in-reg] rst -> _26941_/D : -41.938557
[setup in-reg] rst -> _26942_/D : -41.938557
[setup in-reg] rst -> _26943_/D : -41.938557
[setup in-reg] rst -> _26944_/D : -41.938557
[setup in-reg] rst -> _26945_/D : -41.938557
[setup in-reg] rst -> _26946_/D : -41.938557
[setup in-reg] rst -> _26947_/D : -41.938557
[setup in-reg] rst -> _26948_/D : -41.938557
[setup in-reg] rst -> _26949_/D : -41.938557
[setup in-reg] rst -> _26950_/D : -41.938557
[setup in-reg] rst -> _26951_/D : -41.938557
[setup in-reg] rst -> _26952_/D : -41.938557
[setup in-reg] rst -> _26953_/D : -41.938557
[setup in-reg] rst -> _26954_/D : -41.938557
[setup in-reg] rst -> _26955_/D : -41.938557
[setup in-reg] rst -> _26956_/D : -41.938557
[setup in-reg] rst -> _26957_/D : -41.938557
[setup in-reg] rst -> _26958_/D : -41.938557
[setup in-reg] rst -> _26959_/D : -41.938557
[setup in-reg] rst -> _26960_/D : -41.938557
[setup in-reg] rst -> _26961_/D : -41.938557
[setup in-reg] rst -> _26962_/D : -41.938557
[setup in-reg] rst -> _26963_/D : -41.938557
[setup in-reg] rst -> _26964_/D : -41.938557
[setup in-reg] rst -> _26965_/D : -41.938557
[setup in-reg] rst -> _26966_/D : -41.938557
[setup in-reg] rst -> _26967_/D : -41.938557
[setup in-reg] rst -> _26968_/D : -41.938557
[setup in-reg] rst -> _26969_/D : -41.938557
[setup in-reg] rst -> _26970_/D : -41.938557
[setup in-reg] rst -> _26971_/D : -41.938557
[setup in-reg] rst -> _26972_/D : -41.938557
[setup in-reg] rst -> _26973_/D : -41.938557
[setup in-reg] rst -> _26974_/D : -41.938557
[setup in-reg] rst -> _26975_/D : -41.938557
[setup in-reg] rst -> _26976_/D : -41.938557
[setup in-reg] rst -> _26977_/D : -41.938557
[setup in-reg] rst -> _26978_/D : -41.938557
[setup in-reg] rst -> _26979_/D : -41.938557
[setup in-reg] rst -> _26980_/D : -41.938557
[setup in-reg] rst -> _26981_/D : -41.938557
[setup in-reg] rst -> _26982_/D : -41.938557
[setup in-reg] rst -> _26983_/D : -41.938557
[setup in-reg] rst -> _26984_/D : -41.938557
[setup in-reg] rst -> _26985_/D : -41.938557
[setup in-reg] rst -> _26986_/D : -41.938557
[setup in-reg] rst -> _26987_/D : -41.938557
[setup in-reg] rst -> _26988_/D : -41.938557
[setup in-reg] rst -> _26989_/D : -41.938557
[setup in-reg] rst -> _26990_/D : -41.938557
[setup in-reg] rst -> _26991_/D : -41.938557
[setup in-reg] rst -> _26992_/D : -41.938557
[setup in-reg] rst -> _26993_/D : -41.938557
[setup in-reg] rst -> _26994_/D : -41.938557
[setup in-reg] rst -> _26995_/D : -41.938557
[setup in-reg] rst -> _26996_/D : -41.938557
[setup in-reg] rst -> _26997_/D : -41.938557
[setup in-reg] rst -> _26998_/D : -41.938557
[setup in-reg] rst -> _26999_/D : -41.938557
[setup in-reg] rst -> _27000_/D : -41.938557
[setup in-reg] rst -> _27001_/D : -41.938557
[setup in-reg] rst -> _27002_/D : -41.938557
[setup in-reg] rst -> _27003_/D : -41.938557
[setup in-reg] rst -> _27004_/D : -41.938557
[setup in-reg] rst -> _27005_/D : -41.938557
[setup in-reg] rst -> _27006_/D : -41.938557
[setup in-reg] rst -> _27007_/D : -41.938557
[setup in-reg] rst -> _27008_/D : -41.938557
[setup in-reg] rst -> _27009_/D : -41.938557
[setup in-reg] rst -> _27010_/D : -41.938557
[setup in-reg] rst -> _27011_/D : -41.938557
[setup in-reg] rst -> _27012_/D : -41.938557
[setup in-reg] rst -> _27013_/D : -41.938557
[setup in-reg] rst -> _27014_/D : -41.938557
[setup in-reg] rst -> _27015_/D : -41.938557
[setup in-reg] rst -> _27016_/D : -41.938557
[setup in-reg] rst -> _27017_/D : -41.938557
[setup in-reg] rst -> _27018_/D : -41.938557
[setup in-reg] rst -> _27019_/D : -41.938557
[setup in-reg] rst -> _27020_/D : -41.938557
[setup in-reg] rst -> _27021_/D : -41.938557
[setup in-reg] rst -> _27022_/D : -41.938557
[setup in-reg] rst -> _27023_/D : -41.938557
[setup in-reg] rst -> _27024_/D : -41.938557
[setup in-reg] rst -> _27025_/D : -41.938557
[setup in-reg] rst -> _27026_/D : -41.938557
[setup in-reg] rst -> _27027_/D : -41.938557
[setup in-reg] rst -> _27028_/D : -41.938557
[setup in-reg] rst -> _27029_/D : -41.938557
[setup in-reg] rst -> _25558_/D : -41.553566
[setup in-reg] rst -> _25559_/D : -41.553566
[setup in-reg] rst -> _25560_/D : -41.553566
[setup in-reg] rst -> _25561_/D : -41.553566
[setup in-reg] rst -> _25562_/D : -41.553566
[setup in-reg] rst -> _25563_/D : -41.553566
[setup in-reg] rst -> _25564_/D : -41.553566
[setup in-reg] rst -> _25565_/D : -41.553566
[setup in-reg] rst -> _25566_/D : -41.553566
[setup in-reg] rst -> _25567_/D : -41.553566
[setup in-reg] rst -> _25568_/D : -41.553566
[setup in-reg] rst -> _25569_/D : -41.553566
[setup in-reg] rst -> _25570_/D : -41.553566
[setup in-reg] rst -> _25571_/D : -41.553566
[setup in-reg] rst -> _25572_/D : -41.553566
[setup in-reg] rst -> _25573_/D : -41.553566
[setup in-reg] rst -> _25574_/D : -41.553566
[setup in-reg] rst -> _25575_/D : -41.553566
[setup in-reg] rst -> _25576_/D : -41.553566
[setup in-reg] rst -> _25577_/D : -41.553566
[setup in-reg] rst -> _25578_/D : -41.553566
[setup in-reg] rst -> _25579_/D : -41.553566
[setup in-reg] rst -> _25580_/D : -41.553566
[setup in-reg] rst -> _25581_/D : -41.553566
[setup in-reg] rst -> _25582_/D : -41.553566
[setup in-reg] rst -> _25583_/D : -41.553566
[setup in-reg] rst -> _25584_/D : -41.553566
[setup in-reg] rst -> _25585_/D : -41.553566
[setup in-reg] rst -> _25586_/D : -41.553566
[setup in-reg] rst -> _25587_/D : -41.553566
[setup in-reg] rst -> _25588_/D : -41.553566
[setup in-reg] rst -> _25589_/D : -41.553566
[setup in-reg] rst -> _25878_/D : -41.553566
[setup in-reg] rst -> _25879_/D : -41.553566
[setup in-reg] rst -> _25880_/D : -41.553566
[setup in-reg] rst -> _25881_/D : -41.553566
[setup in-reg] rst -> _25882_/D : -41.553566
[setup in-reg] rst -> _25883_/D : -41.553566
[setup in-reg] rst -> _25884_/D : -41.553566
[setup in-reg] rst -> _25885_/D : -41.553566
[setup in-reg] rst -> _25886_/D : -41.553566
[setup in-reg] rst -> _25887_/D : -41.553566
[setup in-reg] rst -> _25888_/D : -41.553566
[setup in-reg] rst -> _25889_/D : -41.553566
[setup in-reg] rst -> _25890_/D : -41.553566
[setup in-reg] rst -> _25891_/D : -41.553566
[setup in-reg] rst -> _25892_/D : -41.553566
[setup in-reg] rst -> _25893_/D : -41.553566
[setup in-reg] rst -> _25894_/D : -41.553566
[setup in-reg] rst -> _25895_/D : -41.553566
[setup in-reg] rst -> _25896_/D : -41.553566
[setup in-reg] rst -> _25897_/D : -41.553566
[setup in-reg] rst -> _25898_/D : -41.553566
[setup in-reg] rst -> _25899_/D : -41.553566
[setup in-reg] rst -> _25900_/D : -41.553566
[setup in-reg] rst -> _25901_/D : -41.553566
[setup in-reg] rst -> _25902_/D : -41.553566
[setup in-reg] rst -> _25903_/D : -41.553566
[setup in-reg] rst -> _25904_/D : -41.553566
[setup in-reg] rst -> _25905_/D : -41.553566
[setup in-reg] rst -> _25906_/D : -41.553566
[setup in-reg] rst -> _25907_/D : -41.553566
[setup in-reg] rst -> _25908_/D : -41.553566
[setup in-reg] rst -> _25909_/D : -41.553566
[setup in-reg] rst -> _27558_/D : -41.553566
[setup in-reg] rst -> _27559_/D : -41.553566
[setup in-reg] rst -> _27560_/D : -41.553566
[setup in-reg] rst -> _27561_/D : -41.553566
[setup in-reg] rst -> _27562_/D : -41.553566
[setup in-reg] rst -> _27563_/D : -41.553566
[setup in-reg] rst -> _27564_/D : -41.553566
[setup in-reg] rst -> _27565_/D : -41.553566
[setup in-reg] rst -> _27566_/D : -41.553566
[setup in-reg] rst -> _27567_/D : -41.553566
[setup in-reg] rst -> _27568_/D : -41.553566
[setup in-reg] rst -> _27569_/D : -41.553566
[setup in-reg] rst -> _27570_/D : -41.553566
[setup in-reg] rst -> _27571_/D : -41.553566
[setup in-reg] rst -> _27572_/D : -41.553566
[setup in-reg] rst -> _27573_/D : -41.553566
[setup in-reg] rst -> _27574_/D : -41.553566
[setup in-reg] rst -> _27575_/D : -41.553566
[setup in-reg] rst -> _27576_/D : -41.553566
[setup in-reg] rst -> _27577_/D : -41.553566
[setup in-reg] rst -> _27578_/D : -41.553566
[setup in-reg] rst -> _27579_/D : -41.553566
[setup in-reg] rst -> _27580_/D : -41.553566
[setup in-reg] rst -> _27581_/D : -41.553566
[setup in-reg] rst -> _27582_/D : -41.553566
[setup in-reg] rst -> _27583_/D : -41.553566
[setup in-reg] rst -> _27584_/D : -41.553566
[setup in-reg] rst -> _27585_/D : -41.553566
[setup in-reg] rst -> _27586_/D : -41.553566
[setup in-reg] rst -> _27587_/D : -41.553566
[setup in-reg] rst -> _27588_/D : -41.553566
[setup in-reg] rst -> _27589_/D : -41.553566
[setup in-reg] rst -> _25590_/D : -41.524090
[setup in-reg] rst -> _25591_/D : -41.524090
[setup in-reg] rst -> _25592_/D : -41.524090
[setup in-reg] rst -> _25593_/D : -41.524090
[setup in-reg] rst -> _25594_/D : -41.524090
[setup in-reg] rst -> _25595_/D : -41.524090
[setup in-reg] rst -> _25596_/D : -41.524090
[setup in-reg] rst -> _25597_/D : -41.524090
[setup in-reg] rst -> _25598_/D : -41.524090
[setup in-reg] rst -> _25599_/D : -41.524090
[setup in-reg] rst -> _25600_/D : -41.524090
[setup in-reg] rst -> _25601_/D : -41.524090
[setup in-reg] rst -> _25602_/D : -41.524090
[setup in-reg] rst -> _25603_/D : -41.524090
[setup in-reg] rst -> _25604_/D : -41.524090
[setup in-reg] rst -> _25605_/D : -41.524090
[setup in-reg] rst -> _25606_/D : -41.524090
[setup in-reg] rst -> _25607_/D : -41.524090
[setup in-reg] rst -> _25608_/D : -41.524090
[setup in-reg] rst -> _25609_/D : -41.524090
[setup in-reg] rst -> _25610_/D : -41.524090
[setup in-reg] rst -> _25611_/D : -41.524090
[setup in-reg] rst -> _25612_/D : -41.524090
[setup in-reg] rst -> _25613_/D : -41.524090
[setup in-reg] rst -> _25614_/D : -41.524090
[setup in-reg] rst -> _25615_/D : -41.524090
[setup in-reg] rst -> _25616_/D : -41.524090
[setup in-reg] rst -> _25617_/D : -41.524090
[setup in-reg] rst -> _25618_/D : -41.524090
[setup in-reg] rst -> _25619_/D : -41.524090
[setup in-reg] rst -> _25620_/D : -41.524090
[setup in-reg] rst -> _25621_/D : -41.524090
[setup in-reg] rst -> _25622_/D : -41.524097
[setup in-reg] rst -> _25623_/D : -41.524097
[setup in-reg] rst -> _25624_/D : -41.524097
[setup in-reg] rst -> _25625_/D : -41.524097
[setup in-reg] rst -> _25626_/D : -41.524097
[setup in-reg] rst -> _25627_/D : -41.524097
[setup in-reg] rst -> _25628_/D : -41.524097
[setup in-reg] rst -> _25629_/D : -41.524097
[setup in-reg] rst -> _25630_/D : -41.524097
[setup in-reg] rst -> _25631_/D : -41.524097
[setup in-reg] rst -> _25632_/D : -41.524097
[setup in-reg] rst -> _25633_/D : -41.524097
[setup in-reg] rst -> _25634_/D : -41.524097
[setup in-reg] rst -> _25635_/D : -41.524097
[setup in-reg] rst -> _25636_/D : -41.524097
[setup in-reg] rst -> _25637_/D : -41.524097
[setup in-reg] rst -> _25638_/D : -41.524097
[setup in-reg] rst -> _25639_/D : -41.524097
[setup in-reg] rst -> _25640_/D : -41.524097
[setup in-reg] rst -> _25641_/D : -41.524097
[setup in-reg] rst -> _25642_/D : -41.524097
[setup in-reg] rst -> _25643_/D : -41.524097
[setup in-reg] rst -> _25644_/D : -41.524097
[setup in-reg] rst -> _25645_/D : -41.524097
[setup in-reg] rst -> _25646_/D : -41.524097
[setup in-reg] rst -> _25647_/D : -41.524097
[setup in-reg] rst -> _25648_/D : -41.524097
[setup in-reg] rst -> _25649_/D : -41.524097
[setup in-reg] rst -> _25650_/D : -41.524097
[setup in-reg] rst -> _25651_/D : -41.524097
[setup in-reg] rst -> _25652_/D : -41.524097
[setup in-reg] rst -> _25653_/D : -41.524097
[setup in-reg] rst -> _25654_/D : -41.524090
[setup in-reg] rst -> _25655_/D : -41.524090
[setup in-reg] rst -> _25656_/D : -41.524090
[setup in-reg] rst -> _25657_/D : -41.524090
[setup in-reg] rst -> _25658_/D : -41.524090
[setup in-reg] rst -> _25659_/D : -41.524090
[setup in-reg] rst -> _25660_/D : -41.524090
[setup in-reg] rst -> _25661_/D : -41.524090
[setup in-reg] rst -> _25662_/D : -41.524090
[setup in-reg] rst -> _25663_/D : -41.524090
[setup in-reg] rst -> _25664_/D : -41.524090
[setup in-reg] rst -> _25665_/D : -41.524090
[setup in-reg] rst -> _25666_/D : -41.524090
[setup in-reg] rst -> _25667_/D : -41.524090
[setup in-reg] rst -> _25668_/D : -41.524090
[setup in-reg] rst -> _25669_/D : -41.524090
[setup in-reg] rst -> _25670_/D : -41.524090
[setup in-reg] rst -> _25671_/D : -41.524090
[setup in-reg] rst -> _25672_/D : -41.524090
[setup in-reg] rst -> _25673_/D : -41.524090
[setup in-reg] rst -> _25674_/D : -41.524090
[setup in-reg] rst -> _25675_/D : -41.524090
[setup in-reg] rst -> _25676_/D : -41.524090
[setup in-reg] rst -> _25677_/D : -41.524090
[setup in-reg] rst -> _25678_/D : -41.524090
[setup in-reg] rst -> _25679_/D : -41.524090
[setup in-reg] rst -> _25680_/D : -41.524090
[setup in-reg] rst -> _25681_/D : -41.524090
[setup in-reg] rst -> _25682_/D : -41.524090
[setup in-reg] rst -> _25683_/D : -41.524090
[setup in-reg] rst -> _25684_/D : -41.524090
[setup in-reg] rst -> _25685_/D : -41.524090
[setup in-reg] rst -> _25686_/D : -41.524097
[setup in-reg] rst -> _25687_/D : -41.524097
[setup in-reg] rst -> _25688_/D : -41.524097
[setup in-reg] rst -> _25689_/D : -41.524097
[setup in-reg] rst -> _25690_/D : -41.524097
[setup in-reg] rst -> _25691_/D : -41.524097
[setup in-reg] rst -> _25692_/D : -41.524097
[setup in-reg] rst -> _25693_/D : -41.524097
[setup in-reg] rst -> _25694_/D : -41.524097
[setup in-reg] rst -> _25695_/D : -41.524097
[setup in-reg] rst -> _25696_/D : -41.524097
[setup in-reg] rst -> _25697_/D : -41.524097
[setup in-reg] rst -> _25698_/D : -41.524097
[setup in-reg] rst -> _25699_/D : -41.524097
[setup in-reg] rst -> _25700_/D : -41.524097
[setup in-reg] rst -> _25701_/D : -41.524097
[setup in-reg] rst -> _25702_/D : -41.524097
[setup in-reg] rst -> _25703_/D : -41.524097
[setup in-reg] rst -> _25704_/D : -41.524097
[setup in-reg] rst -> _25705_/D : -41.524097
[setup in-reg] rst -> _25706_/D : -41.524097
[setup in-reg] rst -> _25707_/D : -41.524097
[setup in-reg] rst -> _25708_/D : -41.524097
[setup in-reg] rst -> _25709_/D : -41.524097
[setup in-reg] rst -> _25710_/D : -41.524097
[setup in-reg] rst -> _25711_/D : -41.524097
[setup in-reg] rst -> _25712_/D : -41.524097
[setup in-reg] rst -> _25713_/D : -41.524097
[setup in-reg] rst -> _25714_/D : -41.524097
[setup in-reg] rst -> _25715_/D : -41.524097
[setup in-reg] rst -> _25716_/D : -41.524097
[setup in-reg] rst -> _25717_/D : -41.524097
[setup in-reg] rst -> _25718_/D : -41.524097
[setup in-reg] rst -> _25719_/D : -41.524097
[setup in-reg] rst -> _25720_/D : -41.524097
[setup in-reg] rst -> _25721_/D : -41.524097
[setup in-reg] rst -> _25722_/D : -41.524097
[setup in-reg] rst -> _25723_/D : -41.524097
[setup in-reg] rst -> _25724_/D : -41.524097
[setup in-reg] rst -> _25725_/D : -41.524097
[setup in-reg] rst -> _25726_/D : -41.524097
[setup in-reg] rst -> _25727_/D : -41.524097
[setup in-reg] rst -> _25728_/D : -41.524097
[setup in-reg] rst -> _25729_/D : -41.524097
[setup in-reg] rst -> _25730_/D : -41.524097
[setup in-reg] rst -> _25731_/D : -41.524097
[setup in-reg] rst -> _25732_/D : -41.524097
[setup in-reg] rst -> _25733_/D : -41.524097
[setup in-reg] rst -> _25734_/D : -41.524097
[setup in-reg] rst -> _25735_/D : -41.524097
[setup in-reg] rst -> _25736_/D : -41.524097
[setup in-reg] rst -> _25737_/D : -41.524097
[setup in-reg] rst -> _25738_/D : -41.524097
[setup in-reg] rst -> _25739_/D : -41.524097
[setup in-reg] rst -> _25740_/D : -41.524097
[setup in-reg] rst -> _25741_/D : -41.524097
[setup in-reg] rst -> _25742_/D : -41.524097
[setup in-reg] rst -> _25743_/D : -41.524097
[setup in-reg] rst -> _25744_/D : -41.524097
[setup in-reg] rst -> _25745_/D : -41.524097
[setup in-reg] rst -> _25746_/D : -41.524097
[setup in-reg] rst -> _25747_/D : -41.524097
[setup in-reg] rst -> _25748_/D : -41.524097
[setup in-reg] rst -> _25749_/D : -41.524097
[setup in-reg] rst -> _25750_/D : -41.524097
[setup in-reg] rst -> _25751_/D : -41.524097
[setup in-reg] rst -> _25752_/D : -41.524097
[setup in-reg] rst -> _25753_/D : -41.524097
[setup in-reg] rst -> _25754_/D : -41.524097
[setup in-reg] rst -> _25755_/D : -41.524097
[setup in-reg] rst -> _25756_/D : -41.524097
[setup in-reg] rst -> _25757_/D : -41.524097
[setup in-reg] rst -> _25758_/D : -41.524097
[setup in-reg] rst -> _25759_/D : -41.524097
[setup in-reg] rst -> _25760_/D : -41.524097
[setup in-reg] rst -> _25761_/D : -41.524097
[setup in-reg] rst -> _25762_/D : -41.524097
[setup in-reg] rst -> _25763_/D : -41.524097
[setup in-reg] rst -> _25764_/D : -41.524097
[setup in-reg] rst -> _25765_/D : -41.524097
[setup in-reg] rst -> _25766_/D : -41.524097
[setup in-reg] rst -> _25767_/D : -41.524097
[setup in-reg] rst -> _25768_/D : -41.524097
[setup in-reg] rst -> _25769_/D : -41.524097
[setup in-reg] rst -> _25770_/D : -41.524097
[setup in-reg] rst -> _25771_/D : -41.524097
[setup in-reg] rst -> _25772_/D : -41.524097
[setup in-reg] rst -> _25773_/D : -41.524097
[setup in-reg] rst -> _25774_/D : -41.524097
[setup in-reg] rst -> _25775_/D : -41.524097
[setup in-reg] rst -> _25776_/D : -41.524097
[setup in-reg] rst -> _25777_/D : -41.524097
[setup in-reg] rst -> _25778_/D : -41.524097
[setup in-reg] rst -> _25779_/D : -41.524097
[setup in-reg] rst -> _25780_/D : -41.524097
[setup in-reg] rst -> _25781_/D : -41.524097
[setup in-reg] rst -> _25782_/D : -41.524090
[setup in-reg] rst -> _25783_/D : -41.524090
[setup in-reg] rst -> _25784_/D : -41.524090
[setup in-reg] rst -> _25785_/D : -41.524090
[setup in-reg] rst -> _25786_/D : -41.524090
[setup in-reg] rst -> _25787_/D : -41.524090
[setup in-reg] rst -> _25788_/D : -41.524090
[setup in-reg] rst -> _25789_/D : -41.524090
[setup in-reg] rst -> _25790_/D : -41.524090
[setup in-reg] rst -> _25791_/D : -41.524090
[setup in-reg] rst -> _25792_/D : -41.524090
[setup in-reg] rst -> _25793_/D : -41.524090
[setup in-reg] rst -> _25794_/D : -41.524090
[setup in-reg] rst -> _25795_/D : -41.524090
[setup in-reg] rst -> _25796_/D : -41.524090
[setup in-reg] rst -> _25797_/D : -41.524090
[setup in-reg] rst -> _25798_/D : -41.524090
[setup in-reg] rst -> _25799_/D : -41.524090
[setup in-reg] rst -> _25800_/D : -41.524090
[setup in-reg] rst -> _25801_/D : -41.524090
[setup in-reg] rst -> _25802_/D : -41.524090
[setup in-reg] rst -> _25803_/D : -41.524090
[setup in-reg] rst -> _25804_/D : -41.524090
[setup in-reg] rst -> _25805_/D : -41.524090
[setup in-reg] rst -> _25806_/D : -41.524090
[setup in-reg] rst -> _25807_/D : -41.524090
[setup in-reg] rst -> _25808_/D : -41.524090
[setup in-reg] rst -> _25809_/D : -41.524090
[setup in-reg] rst -> _25810_/D : -41.524090
[setup in-reg] rst -> _25811_/D : -41.524090
[setup in-reg] rst -> _25812_/D : -41.524090
[setup in-reg] rst -> _25813_/D : -41.524090
[setup in-reg] rst -> _25814_/D : -41.524097
[setup in-reg] rst -> _25815_/D : -41.524097
[setup in-reg] rst -> _25816_/D : -41.524097
[setup in-reg] rst -> _25817_/D : -41.524097
[setup in-reg] rst -> _25818_/D : -41.524097
[setup in-reg] rst -> _25819_/D : -41.524097
[setup in-reg] rst -> _25820_/D : -41.524097
[setup in-reg] rst -> _25821_/D : -41.524097
[setup in-reg] rst -> _25822_/D : -41.524097
[setup in-reg] rst -> _25823_/D : -41.524097
[setup in-reg] rst -> _25824_/D : -41.524097
[setup in-reg] rst -> _25825_/D : -41.524097
[setup in-reg] rst -> _25826_/D : -41.524097
[setup in-reg] rst -> _25827_/D : -41.524097
[setup in-reg] rst -> _25828_/D : -41.524097
[setup in-reg] rst -> _25829_/D : -41.524097
[setup in-reg] rst -> _25830_/D : -41.524097
[setup in-reg] rst -> _25831_/D : -41.524097
[setup in-reg] rst -> _25832_/D : -41.524097
[setup in-reg] rst -> _25833_/D : -41.524097
[setup in-reg] rst -> _25834_/D : -41.524097
[setup in-reg] rst -> _25835_/D : -41.524097
[setup in-reg] rst -> _25836_/D : -41.524097
[setup in-reg] rst -> _25837_/D : -41.524097
[setup in-reg] rst -> _25838_/D : -41.524097
[setup in-reg] rst -> _25839_/D : -41.524097
[setup in-reg] rst -> _25840_/D : -41.524097
[setup in-reg] rst -> _25841_/D : -41.524097
[setup in-reg] rst -> _25842_/D : -41.524097
[setup in-reg] rst -> _25843_/D : -41.524097
[setup in-reg] rst -> _25844_/D : -41.524097
[setup in-reg] rst -> _25845_/D : -41.524097
[setup in-reg] rst -> _25846_/D : -41.524097
[setup in-reg] rst -> _25847_/D : -41.524097
[setup in-reg] rst -> _25848_/D : -41.524097
[setup in-reg] rst -> _25849_/D : -41.524097
[setup in-reg] rst -> _25850_/D : -41.524097
[setup in-reg] rst -> _25851_/D : -41.524097
[setup in-reg] rst -> _25852_/D : -41.524097
[setup in-reg] rst -> _25853_/D : -41.524097
[setup in-reg] rst -> _25854_/D : -41.524097
[setup in-reg] rst -> _25855_/D : -41.524097
[setup in-reg] rst -> _25856_/D : -41.524097
[setup in-reg] rst -> _25857_/D : -41.524097
[setup in-reg] rst -> _25858_/D : -41.524097
[setup in-reg] rst -> _25859_/D : -41.524097
[setup in-reg] rst -> _25860_/D : -41.524097
[setup in-reg] rst -> _25861_/D : -41.524097
[setup in-reg] rst -> _25862_/D : -41.524097
[setup in-reg] rst -> _25863_/D : -41.524097
[setup in-reg] rst -> _25864_/D : -41.524097
[setup in-reg] rst -> _25865_/D : -41.524097
[setup in-reg] rst -> _25866_/D : -41.524097
[setup in-reg] rst -> _25867_/D : -41.524097
[setup in-reg] rst -> _25868_/D : -41.524097
[setup in-reg] rst -> _25869_/D : -41.524097
[setup in-reg] rst -> _25870_/D : -41.524097
[setup in-reg] rst -> _25871_/D : -41.524097
[setup in-reg] rst -> _25872_/D : -41.524097
[setup in-reg] rst -> _25873_/D : -41.524097
[setup in-reg] rst -> _25874_/D : -41.524097
[setup in-reg] rst -> _25875_/D : -41.524097
[setup in-reg] rst -> _25876_/D : -41.524097
[setup in-reg] rst -> _25877_/D : -41.524097
[setup in-reg] rst -> _25910_/D : -41.524090
[setup in-reg] rst -> _25911_/D : -41.524090
[setup in-reg] rst -> _25912_/D : -41.524090
[setup in-reg] rst -> _25913_/D : -41.524090
[setup in-reg] rst -> _25914_/D : -41.524090
[setup in-reg] rst -> _25915_/D : -41.524090
[setup in-reg] rst -> _25916_/D : -41.524090
[setup in-reg] rst -> _25917_/D : -41.524090
[setup in-reg] rst -> _25918_/D : -41.524090
[setup in-reg] rst -> _25919_/D : -41.524090
[setup in-reg] rst -> _25920_/D : -41.524090
[setup in-reg] rst -> _25921_/D : -41.524090
[setup in-reg] rst -> _25922_/D : -41.524090
[setup in-reg] rst -> _25923_/D : -41.524090
[setup in-reg] rst -> _25924_/D : -41.524090
[setup in-reg] rst -> _25925_/D : -41.524090
[setup in-reg] rst -> _25926_/D : -41.524090
[setup in-reg] rst -> _25927_/D : -41.524090
[setup in-reg] rst -> _25928_/D : -41.524090
[setup in-reg] rst -> _25929_/D : -41.524090
[setup in-reg] rst -> _25930_/D : -41.524090
[setup in-reg] rst -> _25931_/D : -41.524090
[setup in-reg] rst -> _25932_/D : -41.524090
[setup in-reg] rst -> _25933_/D : -41.524090
[setup in-reg] rst -> _25934_/D : -41.524090
[setup in-reg] rst -> _25935_/D : -41.524090
[setup in-reg] rst -> _25936_/D : -41.524090
[setup in-reg] rst -> _25937_/D : -41.524090
[setup in-reg] rst -> _25938_/D : -41.524090
[setup in-reg] rst -> _25939_/D : -41.524090
[setup in-reg] rst -> _25940_/D : -41.524090
[setup in-reg] rst -> _25941_/D : -41.524090
[setup in-reg] rst -> _25942_/D : -41.524097
[setup in-reg] rst -> _25943_/D : -41.524097
[setup in-reg] rst -> _25944_/D : -41.524097
[setup in-reg] rst -> _25945_/D : -41.524097
[setup in-reg] rst -> _25946_/D : -41.524097
[setup in-reg] rst -> _25947_/D : -41.524097
[setup in-reg] rst -> _25948_/D : -41.524097
[setup in-reg] rst -> _25949_/D : -41.524097
[setup in-reg] rst -> _25950_/D : -41.524097
[setup in-reg] rst -> _25951_/D : -41.524097
[setup in-reg] rst -> _25952_/D : -41.524097
[setup in-reg] rst -> _25953_/D : -41.524097
[setup in-reg] rst -> _25954_/D : -41.524097
[setup in-reg] rst -> _25955_/D : -41.524097
[setup in-reg] rst -> _25956_/D : -41.524097
[setup in-reg] rst -> _25957_/D : -41.524097
[setup in-reg] rst -> _25958_/D : -41.524097
[setup in-reg] rst -> _25959_/D : -41.524097
[setup in-reg] rst -> _25960_/D : -41.524097
[setup in-reg] rst -> _25961_/D : -41.524097
[setup in-reg] rst -> _25962_/D : -41.524097
[setup in-reg] rst -> _25963_/D : -41.524097
[setup in-reg] rst -> _25964_/D : -41.524097
[setup in-reg] rst -> _25965_/D : -41.524097
[setup in-reg] rst -> _25966_/D : -41.524097
[setup in-reg] rst -> _25967_/D : -41.524097
[setup in-reg] rst -> _25968_/D : -41.524097
[setup in-reg] rst -> _25969_/D : -41.524097
[setup in-reg] rst -> _25970_/D : -41.524097
[setup in-reg] rst -> _25971_/D : -41.524097
[setup in-reg] rst -> _25972_/D : -41.524097
[setup in-reg] rst -> _25973_/D : -41.524097
[setup in-reg] rst -> _25974_/D : -41.524097
[setup in-reg] rst -> _25975_/D : -41.524097
[setup in-reg] rst -> _25976_/D : -41.524097
[setup in-reg] rst -> _25977_/D : -41.524097
[setup in-reg] rst -> _25978_/D : -41.524097
[setup in-reg] rst -> _25979_/D : -41.524097
[setup in-reg] rst -> _25980_/D : -41.524097
[setup in-reg] rst -> _25981_/D : -41.524097
[setup in-reg] rst -> _25982_/D : -41.524097
[setup in-reg] rst -> _25983_/D : -41.524097
[setup in-reg] rst -> _25984_/D : -41.524097
[setup in-reg] rst -> _25985_/D : -41.524097
[setup in-reg] rst -> _25986_/D : -41.524097
[setup in-reg] rst -> _25987_/D : -41.524097
[setup in-reg] rst -> _25988_/D : -41.524097
[setup in-reg] rst -> _25989_/D : -41.524097
[setup in-reg] rst -> _25990_/D : -41.524097
[setup in-reg] rst -> _25991_/D : -41.524097
[setup in-reg] rst -> _25992_/D : -41.524097
[setup in-reg] rst -> _25993_/D : -41.524097
[setup in-reg] rst -> _25994_/D : -41.524097
[setup in-reg] rst -> _25995_/D : -41.524097
[setup in-reg] rst -> _25996_/D : -41.524097
[setup in-reg] rst -> _25997_/D : -41.524097
[setup in-reg] rst -> _25998_/D : -41.524097
[setup in-reg] rst -> _25999_/D : -41.524097
[setup in-reg] rst -> _26000_/D : -41.524097
[setup in-reg] rst -> _26001_/D : -41.524097
[setup in-reg] rst -> _26002_/D : -41.524097
[setup in-reg] rst -> _26003_/D : -41.524097
[setup in-reg] rst -> _26004_/D : -41.524097
[setup in-reg] rst -> _26005_/D : -41.524097
[setup in-reg] rst -> _26006_/D : -41.524097
[setup in-reg] rst -> _26007_/D : -41.524097
[setup in-reg] rst -> _26008_/D : -41.524097
[setup in-reg] rst -> _26009_/D : -41.524097
[setup in-reg] rst -> _26010_/D : -41.524097
[setup in-reg] rst -> _26011_/D : -41.524097
[setup in-reg] rst -> _26012_/D : -41.524097
[setup in-reg] rst -> _26013_/D : -41.524097
[setup in-reg] rst -> _26014_/D : -41.524097
[setup in-reg] rst -> _26015_/D : -41.524097
[setup in-reg] rst -> _26016_/D : -41.524097
[setup in-reg] rst -> _26017_/D : -41.524097
[setup in-reg] rst -> _26018_/D : -41.524097
[setup in-reg] rst -> _26019_/D : -41.524097
[setup in-reg] rst -> _26020_/D : -41.524097
[setup in-reg] rst -> _26021_/D : -41.524097
[setup in-reg] rst -> _26022_/D : -41.524097
[setup in-reg] rst -> _26023_/D : -41.524097
[setup in-reg] rst -> _26024_/D : -41.524097
[setup in-reg] rst -> _26025_/D : -41.524097
[setup in-reg] rst -> _26026_/D : -41.524097
[setup in-reg] rst -> _26027_/D : -41.524097
[setup in-reg] rst -> _26028_/D : -41.524097
[setup in-reg] rst -> _26029_/D : -41.524097
[setup in-reg] rst -> _26030_/D : -41.524097
[setup in-reg] rst -> _26031_/D : -41.524097
[setup in-reg] rst -> _26032_/D : -41.524097
[setup in-reg] rst -> _26033_/D : -41.524097
[setup in-reg] rst -> _26034_/D : -41.524097
[setup in-reg] rst -> _26035_/D : -41.524097
[setup in-reg] rst -> _26036_/D : -41.524097
[setup in-reg] rst -> _26037_/D : -41.524097
[setup in-reg] rst -> _27030_/D : -41.206905
[setup in-reg] rst -> _27031_/D : -41.206905
[setup in-reg] rst -> _27032_/D : -41.206905
[setup in-reg] rst -> _27033_/D : -41.206905
[setup in-reg] rst -> _27034_/D : -41.206905
[setup in-reg] rst -> _27035_/D : -41.206905
[setup in-reg] rst -> _27036_/D : -41.206905
[setup in-reg] rst -> _27037_/D : -41.206905
[setup in-reg] rst -> _27038_/D : -41.206905
[setup in-reg] rst -> _27039_/D : -41.206905
[setup in-reg] rst -> _27040_/D : -41.206905
[setup in-reg] rst -> _27041_/D : -41.206905
[setup in-reg] rst -> _27042_/D : -41.206905
[setup in-reg] rst -> _27043_/D : -41.206905
[setup in-reg] rst -> _27044_/D : -41.206905
[setup in-reg] rst -> _27045_/D : -41.206905
[setup in-reg] rst -> _27046_/D : -41.206905
[setup in-reg] rst -> _27047_/D : -41.206905
[setup in-reg] rst -> _27048_/D : -41.206905
[setup in-reg] rst -> _27049_/D : -41.206905
[setup in-reg] rst -> _27050_/D : -41.206905
[setup in-reg] rst -> _27051_/D : -41.206905
[setup in-reg] rst -> _27052_/D : -41.206905
[setup in-reg] rst -> _27053_/D : -41.206905
[setup in-reg] rst -> _27054_/D : -41.206905
[setup in-reg] rst -> _27055_/D : -41.206905
[setup in-reg] rst -> _27056_/D : -41.206905
[setup in-reg] rst -> _27057_/D : -41.206905
[setup in-reg] rst -> _27058_/D : -41.206905
[setup in-reg] rst -> _27059_/D : -41.206905
[setup in-reg] rst -> _27060_/D : -41.206905
[setup in-reg] rst -> _27061_/D : -41.206905
[setup in-reg] rst -> _27062_/D : -41.206905
[setup in-reg] rst -> _27063_/D : -41.206905
[setup in-reg] rst -> _27064_/D : -41.206905
[setup in-reg] rst -> _27065_/D : -41.206905
[setup in-reg] rst -> _27066_/D : -41.206905
[setup in-reg] rst -> _27067_/D : -41.206905
[setup in-reg] rst -> _27068_/D : -41.206905
[setup in-reg] rst -> _27069_/D : -41.206905
[setup in-reg] rst -> _27070_/D : -41.206905
[setup in-reg] rst -> _27071_/D : -41.206905
[setup in-reg] rst -> _27072_/D : -41.206905
[setup in-reg] rst -> _27073_/D : -41.206905
[setup in-reg] rst -> _27074_/D : -41.206905
[setup in-reg] rst -> _27075_/D : -41.206905
[setup in-reg] rst -> _27076_/D : -41.206905
[setup in-reg] rst -> _27077_/D : -41.206905
[setup in-reg] rst -> _27078_/D : -41.206905
[setup in-reg] rst -> _27079_/D : -41.206905
[setup in-reg] rst -> _27080_/D : -41.206905
[setup in-reg] rst -> _27081_/D : -41.206905
[setup in-reg] rst -> _27082_/D : -41.206905
[setup in-reg] rst -> _27083_/D : -41.206905
[setup in-reg] rst -> _27084_/D : -41.206905
[setup in-reg] rst -> _27085_/D : -41.206905
[setup in-reg] rst -> _27086_/D : -41.206905
[setup in-reg] rst -> _27087_/D : -41.206905
[setup in-reg] rst -> _27088_/D : -41.206905
[setup in-reg] rst -> _27089_/D : -41.206905
[setup in-reg] rst -> _27090_/D : -41.206905
[setup in-reg] rst -> _27091_/D : -41.206905
[setup in-reg] rst -> _27092_/D : -41.206905
[setup in-reg] rst -> _27093_/D : -41.206905
[setup in-reg] rst -> _27094_/D : -41.206905
[setup in-reg] rst -> _27095_/D : -41.206905
[setup in-reg] rst -> _27096_/D : -41.206905
[setup in-reg] rst -> _27097_/D : -41.206905
[setup in-reg] rst -> _27098_/D : -41.206905
[setup in-reg] rst -> _27099_/D : -41.206905
[setup in-reg] rst -> _27100_/D : -41.206905
[setup in-reg] rst -> _27101_/D : -41.206905
[setup in-reg] rst -> _27102_/D : -41.206905
[setup in-reg] rst -> _27103_/D : -41.206905
[setup in-reg] rst -> _27104_/D : -41.206905
[setup in-reg] rst -> _27105_/D : -41.206905
[setup in-reg] rst -> _27106_/D : -41.206905
[setup in-reg] rst -> _27107_/D : -41.206905
[setup in-reg] rst -> _27108_/D : -41.206905
[setup in-reg] rst -> _27109_/D : -41.206905
[setup in-reg] rst -> _27110_/D : -41.206905
[setup in-reg] rst -> _27111_/D : -41.206905
[setup in-reg] rst -> _27112_/D : -41.206905
[setup in-reg] rst -> _27113_/D : -41.206905
[setup in-reg] rst -> _27114_/D : -41.206905
[setup in-reg] rst -> _27115_/D : -41.206905
[setup in-reg] rst -> _27116_/D : -41.206905
[setup in-reg] rst -> _27117_/D : -41.206905
[setup in-reg] rst -> _27118_/D : -41.206905
[setup in-reg] rst -> _27119_/D : -41.206905
[setup in-reg] rst -> _27120_/D : -41.206905
[setup in-reg] rst -> _27121_/D : -41.206905
[setup in-reg] rst -> _27122_/D : -41.206905
[setup in-reg] rst -> _27123_/D : -41.206905
[setup in-reg] rst -> _27124_/D : -41.206905
[setup in-reg] rst -> _27125_/D : -41.206905
[setup in-reg] rst -> _27126_/D : -41.206905
[setup in-reg] rst -> _27127_/D : -41.206905
[setup in-reg] rst -> _27128_/D : -41.206905
[setup in-reg] rst -> _27129_/D : -41.206905
[setup in-reg] rst -> _27130_/D : -41.206905
[setup in-reg] rst -> _27131_/D : -41.206905
[setup in-reg] rst -> _27132_/D : -41.206905
[setup in-reg] rst -> _27133_/D : -41.206905
[setup in-reg] rst -> _27134_/D : -41.206905
[setup in-reg] rst -> _27135_/D : -41.206905
[setup in-reg] rst -> _27136_/D : -41.206905
[setup in-reg] rst -> _27137_/D : -41.206905
[setup in-reg] rst -> _27138_/D : -41.206905
[setup in-reg] rst -> _27139_/D : -41.206905
[setup in-reg] rst -> _27140_/D : -41.206905
[setup in-reg] rst -> _27141_/D : -41.206905
[setup in-reg] rst -> _27142_/D : -41.206905
[setup in-reg] rst -> _27143_/D : -41.206905
[setup in-reg] rst -> _27144_/D : -41.206905
[setup in-reg] rst -> _27145_/D : -41.206905
[setup in-reg] rst -> _27146_/D : -41.206905
[setup in-reg] rst -> _27147_/D : -41.206905
[setup in-reg] rst -> _27148_/D : -41.206905
[setup in-reg] rst -> _27149_/D : -41.206905
[setup in-reg] rst -> _27150_/D : -41.206905
[setup in-reg] rst -> _27151_/D : -41.206905
[setup in-reg] rst -> _27152_/D : -41.206905
[setup in-reg] rst -> _27153_/D : -41.206905
[setup in-reg] rst -> _27154_/D : -41.206905
[setup in-reg] rst -> _27155_/D : -41.206905
[setup in-reg] rst -> _27156_/D : -41.206905
[setup in-reg] rst -> _27157_/D : -41.206905
[setup in-reg] rst -> _27158_/D : -41.206905
[setup in-reg] rst -> _27159_/D : -41.206905
[setup in-reg] rst -> _27160_/D : -41.206905
[setup in-reg] rst -> _27161_/D : -41.206905
[setup in-reg] rst -> _27162_/D : -41.206905
[setup in-reg] rst -> _27163_/D : -41.206905
[setup in-reg] rst -> _27164_/D : -41.206905
[setup in-reg] rst -> _27165_/D : -41.206905
[setup in-reg] rst -> _27166_/D : -41.206905
[setup in-reg] rst -> _27167_/D : -41.206905
[setup in-reg] rst -> _27168_/D : -41.206905
[setup in-reg] rst -> _27169_/D : -41.206905
[setup in-reg] rst -> _27170_/D : -41.206905
[setup in-reg] rst -> _27171_/D : -41.206905
[setup in-reg] rst -> _27172_/D : -41.206905
[setup in-reg] rst -> _27173_/D : -41.206905
[setup in-reg] rst -> _27174_/D : -41.206905
[setup in-reg] rst -> _27175_/D : -41.206905
[setup in-reg] rst -> _27176_/D : -41.206905
[setup in-reg] rst -> _27177_/D : -41.206905
[setup in-reg] rst -> _27178_/D : -41.206905
[setup in-reg] rst -> _27179_/D : -41.206905
[setup in-reg] rst -> _27180_/D : -41.206905
[setup in-reg] rst -> _27181_/D : -41.206905
[setup in-reg] rst -> _27182_/D : -41.206905
[setup in-reg] rst -> _27183_/D : -41.206905
[setup in-reg] rst -> _27184_/D : -41.206905
[setup in-reg] rst -> _27185_/D : -41.206905
[setup in-reg] rst -> _27186_/D : -41.206905
[setup in-reg] rst -> _27187_/D : -41.206905
[setup in-reg] rst -> _27188_/D : -41.206905
[setup in-reg] rst -> _27189_/D : -41.206905
[setup in-reg] rst -> _27190_/D : -41.206905
[setup in-reg] rst -> _27191_/D : -41.206905
[setup in-reg] rst -> _27192_/D : -41.206905
[setup in-reg] rst -> _27193_/D : -41.206905
[setup in-reg] rst -> _27194_/D : -41.206905
[setup in-reg] rst -> _27195_/D : -41.206905
[setup in-reg] rst -> _27196_/D : -41.206905
[setup in-reg] rst -> _27197_/D : -41.206905
[setup in-reg] rst -> _27198_/D : -41.206905
[setup in-reg] rst -> _27199_/D : -41.206905
[setup in-reg] rst -> _27200_/D : -41.206905
[setup in-reg] rst -> _27201_/D : -41.206905
[setup in-reg] rst -> _27202_/D : -41.206905
[setup in-reg] rst -> _27203_/D : -41.206905
[setup in-reg] rst -> _27204_/D : -41.206905
[setup in-reg] rst -> _27205_/D : -41.206905
[setup in-reg] rst -> _27206_/D : -41.206905
[setup in-reg] rst -> _27207_/D : -41.206905
[setup in-reg] rst -> _27208_/D : -41.206905
[setup in-reg] rst -> _27209_/D : -41.206905
[setup in-reg] rst -> _27210_/D : -41.206905
[setup in-reg] rst -> _27211_/D : -41.206905
[setup in-reg] rst -> _27212_/D : -41.206905
[setup in-reg] rst -> _27213_/D : -41.206905
[setup in-reg] rst -> _27214_/D : -41.206905
[setup in-reg] rst -> _27215_/D : -41.206905
[setup in-reg] rst -> _27216_/D : -41.206905
[setup in-reg] rst -> _27217_/D : -41.206905
[setup in-reg] rst -> _27218_/D : -41.206905
[setup in-reg] rst -> _27219_/D : -41.206905
[setup in-reg] rst -> _27220_/D : -41.206905
[setup in-reg] rst -> _27221_/D : -41.206905
[setup in-reg] rst -> _27222_/D : -41.206905
[setup in-reg] rst -> _27223_/D : -41.206905
[setup in-reg] rst -> _27224_/D : -41.206905
[setup in-reg] rst -> _27225_/D : -41.206905
[setup in-reg] rst -> _27226_/D : -41.206905
[setup in-reg] rst -> _27227_/D : -41.206905
[setup in-reg] rst -> _27228_/D : -41.206905
[setup in-reg] rst -> _27229_/D : -41.206905
[setup in-reg] rst -> _27230_/D : -41.206905
[setup in-reg] rst -> _27231_/D : -41.206905
[setup in-reg] rst -> _27232_/D : -41.206905
[setup in-reg] rst -> _27233_/D : -41.206905
[setup in-reg] rst -> _27234_/D : -41.206905
[setup in-reg] rst -> _27235_/D : -41.206905
[setup in-reg] rst -> _27236_/D : -41.206905
[setup in-reg] rst -> _27237_/D : -41.206905
[setup in-reg] rst -> _27238_/D : -41.206905
[setup in-reg] rst -> _27239_/D : -41.206905
[setup in-reg] rst -> _27240_/D : -41.206905
[setup in-reg] rst -> _27241_/D : -41.206905
[setup in-reg] rst -> _27242_/D : -41.206905
[setup in-reg] rst -> _27243_/D : -41.206905
[setup in-reg] rst -> _27244_/D : -41.206905
[setup in-reg] rst -> _27245_/D : -41.206905
[setup in-reg] rst -> _27246_/D : -41.206905
[setup in-reg] rst -> _27247_/D : -41.206905
[setup in-reg] rst -> _27248_/D : -41.206905
[setup in-reg] rst -> _27249_/D : -41.206905
[setup in-reg] rst -> _27250_/D : -41.206905
[setup in-reg] rst -> _27251_/D : -41.206905
[setup in-reg] rst -> _27252_/D : -41.206905
[setup in-reg] rst -> _27253_/D : -41.206905
[setup in-reg] rst -> _27254_/D : -41.206905
[setup in-reg] rst -> _27255_/D : -41.206905
[setup in-reg] rst -> _27256_/D : -41.206905
[setup in-reg] rst -> _27257_/D : -41.206905
[setup in-reg] rst -> _27258_/D : -41.206905
[setup in-reg] rst -> _27259_/D : -41.206905
[setup in-reg] rst -> _27260_/D : -41.206905
[setup in-reg] rst -> _27261_/D : -41.206905
[setup in-reg] rst -> _27262_/D : -41.206905
[setup in-reg] rst -> _27263_/D : -41.206905
[setup in-reg] rst -> _27264_/D : -41.206905
[setup in-reg] rst -> _27265_/D : -41.206905
[setup in-reg] rst -> _27266_/D : -41.206905
[setup in-reg] rst -> _27267_/D : -41.206905
[setup in-reg] rst -> _27268_/D : -41.206905
[setup in-reg] rst -> _27269_/D : -41.206905
[setup in-reg] rst -> _27270_/D : -41.206905
[setup in-reg] rst -> _27271_/D : -41.206905
[setup in-reg] rst -> _27272_/D : -41.206905
[setup in-reg] rst -> _27273_/D : -41.206905
[setup in-reg] rst -> _27274_/D : -41.206905
[setup in-reg] rst -> _27275_/D : -41.206905
[setup in-reg] rst -> _27276_/D : -41.206905
[setup in-reg] rst -> _27277_/D : -41.206905
[setup in-reg] rst -> _27278_/D : -41.206905
[setup in-reg] rst -> _27279_/D : -41.206905
[setup in-reg] rst -> _27280_/D : -41.206905
[setup in-reg] rst -> _27281_/D : -41.206905
[setup in-reg] rst -> _27282_/D : -41.206905
[setup in-reg] rst -> _27283_/D : -41.206905
[setup in-reg] rst -> _27284_/D : -41.206905
[setup in-reg] rst -> _27285_/D : -41.206905
[setup in-reg] rst -> _27286_/D : -41.206905
[setup in-reg] rst -> _27287_/D : -41.206905
[setup in-reg] rst -> _27288_/D : -41.206905
[setup in-reg] rst -> _27289_/D : -41.206905
[setup in-reg] rst -> _27290_/D : -41.206905
[setup in-reg] rst -> _27291_/D : -41.206905
[setup in-reg] rst -> _27292_/D : -41.206905
[setup in-reg] rst -> _27293_/D : -41.206905
[setup in-reg] rst -> _27294_/D : -41.206905
[setup in-reg] rst -> _27295_/D : -41.206905
[setup in-reg] rst -> _27296_/D : -41.206905
[setup in-reg] rst -> _27297_/D : -41.206905
[setup in-reg] rst -> _27298_/D : -41.206905
[setup in-reg] rst -> _27299_/D : -41.206905
[setup in-reg] rst -> _27300_/D : -41.206905
[setup in-reg] rst -> _27301_/D : -41.206905
[setup in-reg] rst -> _27302_/D : -41.206905
[setup in-reg] rst -> _27303_/D : -41.206905
[setup in-reg] rst -> _27304_/D : -41.206905
[setup in-reg] rst -> _27305_/D : -41.206905
[setup in-reg] rst -> _27306_/D : -41.206905
[setup in-reg] rst -> _27307_/D : -41.206905
[setup in-reg] rst -> _27308_/D : -41.206905
[setup in-reg] rst -> _27309_/D : -41.206905
[setup in-reg] rst -> _27310_/D : -41.206905
[setup in-reg] rst -> _27311_/D : -41.206905
[setup in-reg] rst -> _27312_/D : -41.206905
[setup in-reg] rst -> _27313_/D : -41.206905
[setup in-reg] rst -> _27314_/D : -41.206905
[setup in-reg] rst -> _27315_/D : -41.206905
[setup in-reg] rst -> _27316_/D : -41.206905
[setup in-reg] rst -> _27317_/D : -41.206905
[setup in-reg] rst -> _27318_/D : -41.206905
[setup in-reg] rst -> _27319_/D : -41.206905
[setup in-reg] rst -> _27320_/D : -41.206905
[setup in-reg] rst -> _27321_/D : -41.206905
[setup in-reg] rst -> _27322_/D : -41.206905
[setup in-reg] rst -> _27323_/D : -41.206905
[setup in-reg] rst -> _27324_/D : -41.206905
[setup in-reg] rst -> _27325_/D : -41.206905
[setup in-reg] rst -> _27326_/D : -41.206905
[setup in-reg] rst -> _27327_/D : -41.206905
[setup in-reg] rst -> _27328_/D : -41.206905
[setup in-reg] rst -> _27329_/D : -41.206905
[setup in-reg] rst -> _27330_/D : -41.206905
[setup in-reg] rst -> _27331_/D : -41.206905
[setup in-reg] rst -> _27332_/D : -41.206905
[setup in-reg] rst -> _27333_/D : -41.206905
[setup in-reg] rst -> _27334_/D : -41.206905
[setup in-reg] rst -> _27335_/D : -41.206905
[setup in-reg] rst -> _27336_/D : -41.206905
[setup in-reg] rst -> _27337_/D : -41.206905
[setup in-reg] rst -> _27338_/D : -41.206905
[setup in-reg] rst -> _27339_/D : -41.206905
[setup in-reg] rst -> _27340_/D : -41.206905
[setup in-reg] rst -> _27341_/D : -41.206905
[setup in-reg] rst -> _27342_/D : -41.206905
[setup in-reg] rst -> _27343_/D : -41.206905
[setup in-reg] rst -> _27344_/D : -41.206905
[setup in-reg] rst -> _27345_/D : -41.206905
[setup in-reg] rst -> _27346_/D : -41.206905
[setup in-reg] rst -> _27347_/D : -41.206905
[setup in-reg] rst -> _27348_/D : -41.206905
[setup in-reg] rst -> _27349_/D : -41.206905
[setup in-reg] rst -> _27350_/D : -41.206905
[setup in-reg] rst -> _27351_/D : -41.206905
[setup in-reg] rst -> _27352_/D : -41.206905
[setup in-reg] rst -> _27353_/D : -41.206905
[setup in-reg] rst -> _27354_/D : -41.206905
[setup in-reg] rst -> _27355_/D : -41.206905
[setup in-reg] rst -> _27356_/D : -41.206905
[setup in-reg] rst -> _27357_/D : -41.206905
[setup in-reg] rst -> _27358_/D : -41.206905
[setup in-reg] rst -> _27359_/D : -41.206905
[setup in-reg] rst -> _27360_/D : -41.206905
[setup in-reg] rst -> _27361_/D : -41.206905
[setup in-reg] rst -> _27362_/D : -41.206905
[setup in-reg] rst -> _27363_/D : -41.206905
[setup in-reg] rst -> _27364_/D : -41.206905
[setup in-reg] rst -> _27365_/D : -41.206905
[setup in-reg] rst -> _27366_/D : -41.206905
[setup in-reg] rst -> _27367_/D : -41.206905
[setup in-reg] rst -> _27368_/D : -41.206905
[setup in-reg] rst -> _27369_/D : -41.206905
[setup in-reg] rst -> _27370_/D : -41.206905
[setup in-reg] rst -> _27371_/D : -41.206905
[setup in-reg] rst -> _27372_/D : -41.206905
[setup in-reg] rst -> _27373_/D : -41.206905
[setup in-reg] rst -> _27374_/D : -41.206905
[setup in-reg] rst -> _27375_/D : -41.206905
[setup in-reg] rst -> _27376_/D : -41.206905
[setup in-reg] rst -> _27377_/D : -41.206905
[setup in-reg] rst -> _27378_/D : -41.206905
[setup in-reg] rst -> _27379_/D : -41.206905
[setup in-reg] rst -> _27380_/D : -41.206905
[setup in-reg] rst -> _27381_/D : -41.206905
[setup in-reg] rst -> _27382_/D : -41.206905
[setup in-reg] rst -> _27383_/D : -41.206905
[setup in-reg] rst -> _27384_/D : -41.206905
[setup in-reg] rst -> _27385_/D : -41.206905
[setup in-reg] rst -> _27386_/D : -41.206905
[setup in-reg] rst -> _27387_/D : -41.206905
[setup in-reg] rst -> _27388_/D : -41.206905
[setup in-reg] rst -> _27389_/D : -41.206905
[setup in-reg] rst -> _27390_/D : -41.206905
[setup in-reg] rst -> _27391_/D : -41.206905
[setup in-reg] rst -> _27392_/D : -41.206905
[setup in-reg] rst -> _27393_/D : -41.206905
[setup in-reg] rst -> _27394_/D : -41.206905
[setup in-reg] rst -> _27395_/D : -41.206905
[setup in-reg] rst -> _27396_/D : -41.206905
[setup in-reg] rst -> _27397_/D : -41.206905
[setup in-reg] rst -> _27398_/D : -41.206905
[setup in-reg] rst -> _27399_/D : -41.206905
[setup in-reg] rst -> _27400_/D : -41.206905
[setup in-reg] rst -> _27401_/D : -41.206905
[setup in-reg] rst -> _27402_/D : -41.206905
[setup in-reg] rst -> _27403_/D : -41.206905
[setup in-reg] rst -> _27404_/D : -41.206905
[setup in-reg] rst -> _27405_/D : -41.206905
[setup in-reg] rst -> _27406_/D : -41.206905
[setup in-reg] rst -> _27407_/D : -41.206905
[setup in-reg] rst -> _27408_/D : -41.206905
[setup in-reg] rst -> _27409_/D : -41.206905
[setup in-reg] rst -> _27410_/D : -41.206905
[setup in-reg] rst -> _27411_/D : -41.206905
[setup in-reg] rst -> _27412_/D : -41.206905
[setup in-reg] rst -> _27413_/D : -41.206905
[setup in-reg] rst -> _27414_/D : -41.206905
[setup in-reg] rst -> _27415_/D : -41.206905
[setup in-reg] rst -> _27416_/D : -41.206905
[setup in-reg] rst -> _27417_/D : -41.206905
[setup in-reg] rst -> _27418_/D : -41.206905
[setup in-reg] rst -> _27419_/D : -41.206905
[setup in-reg] rst -> _27420_/D : -41.206905
[setup in-reg] rst -> _27421_/D : -41.206905
[setup in-reg] rst -> _27422_/D : -41.206905
[setup in-reg] rst -> _27423_/D : -41.206905
[setup in-reg] rst -> _27424_/D : -41.206905
[setup in-reg] rst -> _27425_/D : -41.206905
[setup in-reg] rst -> _27426_/D : -41.206905
[setup in-reg] rst -> _27427_/D : -41.206905
[setup in-reg] rst -> _27428_/D : -41.206905
[setup in-reg] rst -> _27429_/D : -41.206905
[setup in-reg] rst -> _27430_/D : -41.206905
[setup in-reg] rst -> _27431_/D : -41.206905
[setup in-reg] rst -> _27432_/D : -41.206905
[setup in-reg] rst -> _27433_/D : -41.206905
[setup in-reg] rst -> _27434_/D : -41.206905
[setup in-reg] rst -> _27435_/D : -41.206905
[setup in-reg] rst -> _27436_/D : -41.206905
[setup in-reg] rst -> _27437_/D : -41.206905
[setup in-reg] rst -> _27438_/D : -41.206905
[setup in-reg] rst -> _27439_/D : -41.206905
[setup in-reg] rst -> _27440_/D : -41.206905
[setup in-reg] rst -> _27441_/D : -41.206905
[setup in-reg] rst -> _27442_/D : -41.206905
[setup in-reg] rst -> _27443_/D : -41.206905
[setup in-reg] rst -> _27444_/D : -41.206905
[setup in-reg] rst -> _27445_/D : -41.206905
[setup in-reg] rst -> _27446_/D : -41.206905
[setup in-reg] rst -> _27447_/D : -41.206905
[setup in-reg] rst -> _27448_/D : -41.206905
[setup in-reg] rst -> _27449_/D : -41.206905
[setup in-reg] rst -> _27450_/D : -41.206905
[setup in-reg] rst -> _27451_/D : -41.206905
[setup in-reg] rst -> _27452_/D : -41.206905
[setup in-reg] rst -> _27453_/D : -41.206905
[setup in-reg] rst -> _27454_/D : -41.206905
[setup in-reg] rst -> _27455_/D : -41.206905
[setup in-reg] rst -> _27456_/D : -41.206905
[setup in-reg] rst -> _27457_/D : -41.206905
[setup in-reg] rst -> _27458_/D : -41.206905
[setup in-reg] rst -> _27459_/D : -41.206905
[setup in-reg] rst -> _27460_/D : -41.206905
[setup in-reg] rst -> _27461_/D : -41.206905
[setup in-reg] rst -> _27462_/D : -41.206905
[setup in-reg] rst -> _27463_/D : -41.206905
[setup in-reg] rst -> _27464_/D : -41.206905
[setup in-reg] rst -> _27465_/D : -41.206905
[setup in-reg] rst -> _27466_/D : -41.206905
[setup in-reg] rst -> _27467_/D : -41.206905
[setup in-reg] rst -> _27468_/D : -41.206905
[setup in-reg] rst -> _27469_/D : -41.206905
[setup in-reg] rst -> _27470_/D : -41.206905
[setup in-reg] rst -> _27471_/D : -41.206905
[setup in-reg] rst -> _27472_/D : -41.206905
[setup in-reg] rst -> _27473_/D : -41.206905
[setup in-reg] rst -> _27474_/D : -41.206905
[setup in-reg] rst -> _27475_/D : -41.206905
[setup in-reg] rst -> _27476_/D : -41.206905
[setup in-reg] rst -> _27477_/D : -41.206905
[setup in-reg] rst -> _27478_/D : -41.206905
[setup in-reg] rst -> _27479_/D : -41.206905
[setup in-reg] rst -> _27480_/D : -41.206905
[setup in-reg] rst -> _27481_/D : -41.206905
[setup in-reg] rst -> _27482_/D : -41.206905
[setup in-reg] rst -> _27483_/D : -41.206905
[setup in-reg] rst -> _27484_/D : -41.206905
[setup in-reg] rst -> _27485_/D : -41.206905
[setup in-reg] rst -> _27486_/D : -41.206905
[setup in-reg] rst -> _27487_/D : -41.206905
[setup in-reg] rst -> _27488_/D : -41.206905
[setup in-reg] rst -> _27489_/D : -41.206905
[setup in-reg] rst -> _27490_/D : -41.206905
[setup in-reg] rst -> _27491_/D : -41.206905
[setup in-reg] rst -> _27492_/D : -41.206905
[setup in-reg] rst -> _27493_/D : -41.206905
[setup in-reg] rst -> _27494_/D : -41.206905
[setup in-reg] rst -> _27495_/D : -41.206905
[setup in-reg] rst -> _27496_/D : -41.206905
[setup in-reg] rst -> _27497_/D : -41.206905
[setup in-reg] rst -> _27498_/D : -41.206905
[setup in-reg] rst -> _27499_/D : -41.206905
[setup in-reg] rst -> _27500_/D : -41.206905
[setup in-reg] rst -> _27501_/D : -41.206905
[setup in-reg] rst -> _27502_/D : -41.206905
[setup in-reg] rst -> _27503_/D : -41.206905
[setup in-reg] rst -> _27504_/D : -41.206905
[setup in-reg] rst -> _27505_/D : -41.206905
[setup in-reg] rst -> _27506_/D : -41.206905
[setup in-reg] rst -> _27507_/D : -41.206905
[setup in-reg] rst -> _27508_/D : -41.206905
[setup in-reg] rst -> _27509_/D : -41.206905
[setup in-reg] rst -> _27510_/D : -41.206905
[setup in-reg] rst -> _27511_/D : -41.206905
[setup in-reg] rst -> _27512_/D : -41.206905
[setup in-reg] rst -> _27513_/D : -41.206905
[setup in-reg] rst -> _27514_/D : -41.206905
[setup in-reg] rst -> _27515_/D : -41.206905
[setup in-reg] rst -> _27516_/D : -41.206905
[setup in-reg] rst -> _27517_/D : -41.206905
[setup in-reg] rst -> _27518_/D : -41.206905
[setup in-reg] rst -> _27519_/D : -41.206905
[setup in-reg] rst -> _27520_/D : -41.206905
[setup in-reg] rst -> _27521_/D : -41.206905
[setup in-reg] rst -> _27522_/D : -41.206905
[setup in-reg] rst -> _27523_/D : -41.206905
[setup in-reg] rst -> _27524_/D : -41.206905
[setup in-reg] rst -> _27525_/D : -41.206905
[setup in-reg] rst -> _27526_/D : -41.206905
[setup in-reg] rst -> _27527_/D : -41.206905
[setup in-reg] rst -> _27528_/D : -41.206905
[setup in-reg] rst -> _27529_/D : -41.206905
[setup in-reg] rst -> _27530_/D : -41.206905
[setup in-reg] rst -> _27531_/D : -41.206905
[setup in-reg] rst -> _27532_/D : -41.206905
[setup in-reg] rst -> _27533_/D : -41.206905
[setup in-reg] rst -> _27534_/D : -41.206905
[setup in-reg] rst -> _27535_/D : -41.206905
[setup in-reg] rst -> _27536_/D : -41.206905
[setup in-reg] rst -> _27537_/D : -41.206905
[setup in-reg] rst -> _27538_/D : -41.206905
[setup in-reg] rst -> _27539_/D : -41.206905
[setup in-reg] rst -> _27540_/D : -41.206905
[setup in-reg] rst -> _27541_/D : -41.206905
[setup in-reg] rst -> _24788_/RN : -22.764587
[setup in-reg] rst -> _24789_/RN : -22.764587
[setup in-reg] rst -> _24790_/RN : -22.764587
[setup in-reg] rst -> _24791_/RN : -22.764587
[setup in-reg] rst -> _24792_/RN : -22.764587
[setup in-reg] rst -> _24793_/RN : -22.764587
[setup in-reg] rst -> _24794_/RN : -22.764587
[setup in-reg] rst -> _24795_/RN : -22.764587
[setup in-reg] rst -> _24796_/RN : -22.764587
[setup in-reg] rst -> _24797_/RN : -22.764587
[setup in-reg] rst -> _24798_/RN : -22.764587
[setup in-reg] rst -> _24799_/RN : -22.764587
[setup in-reg] rst -> _24800_/RN : -22.764587
[setup in-reg] rst -> _24801_/RN : -22.764587
[setup in-reg] rst -> _24802_/RN : -22.764587
[setup in-reg] rst -> _24803_/RN : -22.764587
[setup in-reg] rst -> _24804_/RN : -22.764587
[setup in-reg] rst -> _24805_/RN : -22.764587
[setup in-reg] rst -> _24806_/RN : -22.764587
[setup in-reg] rst -> _24807_/RN : -22.764587
[setup in-reg] rst -> _24808_/RN : -22.764587
[setup in-reg] rst -> _24809_/RN : -22.764587
[setup in-reg] rst -> _24810_/RN : -22.764587
[setup in-reg] rst -> _24811_/RN : -22.764587
[setup in-reg] rst -> _24812_/RN : -22.764587
[setup in-reg] rst -> _24813_/RN : -22.764587
[setup in-reg] rst -> _24814_/RN : -22.764587
[setup in-reg] rst -> _24815_/RN : -22.764587
[setup in-reg] rst -> _24816_/RN : -22.764587
[setup in-reg] rst -> _24817_/RN : -22.764587
[setup in-reg] rst -> _24818_/RN : -22.764587
[setup in-reg] rst -> _24819_/RN : -22.764587
[setup in-reg] rst -> _24820_/RN : -22.764587
[setup in-reg] rst -> _24821_/RN : -22.764587
[setup in-reg] rst -> _24822_/RN : -22.764587
[setup in-reg] rst -> _24823_/RN : -22.764587
[setup in-reg] rst -> _24824_/RN : -22.764587
[setup in-reg] rst -> _24825_/RN : -22.764587
[setup in-reg] rst -> _24826_/RN : -22.764587
[setup in-reg] rst -> _24827_/RN : -22.764587
[setup in-reg] rst -> _24828_/RN : -22.764587
[setup in-reg] rst -> _24829_/RN : -22.764587
[setup in-reg] rst -> _24830_/RN : -22.764587
[setup in-reg] rst -> _24831_/RN : -22.764587
[setup in-reg] rst -> _24832_/RN : -22.764587
[setup in-reg] rst -> _24833_/RN : -22.764587
[setup in-reg] rst -> _24834_/RN : -22.764587
[setup in-reg] rst -> _24835_/RN : -22.764587
[setup in-reg] rst -> _24836_/RN : -22.764587
[setup in-reg] rst -> _24837_/RN : -22.764587
[setup in-reg] rst -> _24838_/RN : -22.764587
[setup in-reg] rst -> _24839_/RN : -22.764587
[setup in-reg] rst -> _24840_/RN : -22.764587
[setup in-reg] rst -> _24841_/RN : -22.764587
[setup in-reg] rst -> _24842_/RN : -22.764587
[setup in-reg] rst -> _24843_/RN : -22.764587
[setup in-reg] rst -> _24844_/RN : -22.764587
[setup in-reg] rst -> _24845_/RN : -22.764587
[setup in-reg] rst -> _24846_/RN : -22.764587
[setup in-reg] rst -> _24847_/RN : -22.764587
[setup in-reg] rst -> _24848_/RN : -22.764587
[setup in-reg] rst -> _24849_/RN : -22.764587
[setup in-reg] rst -> _24850_/RN : -22.764587
[setup in-reg] rst -> _24851_/RN : -22.764587
[setup in-reg] rst -> _24852_/RN : -22.764587
[setup in-reg] rst -> _24853_/RN : -22.764587
[setup in-reg] rst -> _24854_/RN : -22.764587
[setup in-reg] rst -> _24855_/RN : -22.764587
[setup in-reg] rst -> _24856_/RN : -22.764587
[setup in-reg] rst -> _24857_/RN : -22.764587
[setup in-reg] rst -> _24858_/RN : -22.764587
[setup in-reg] rst -> _24859_/RN : -22.764587
[setup in-reg] rst -> _24860_/RN : -22.764587
[setup in-reg] rst -> _24861_/RN : -22.764587
[setup in-reg] rst -> _24862_/RN : -22.764587
[setup in-reg] rst -> _24863_/RN : -22.764587
[setup in-reg] rst -> _24864_/RN : -22.764587
[setup in-reg] rst -> _24865_/RN : -22.764587
[setup in-reg] rst -> _24866_/RN : -22.764587
[setup in-reg] rst -> _24867_/RN : -22.764587
[setup in-reg] rst -> _24868_/RN : -22.764587
[setup in-reg] rst -> _24869_/RN : -22.764587
[setup in-reg] rst -> _24870_/RN : -22.764587
[setup in-reg] rst -> _24871_/RN : -22.764587
[setup in-reg] rst -> _24872_/RN : -22.764587
[setup in-reg] rst -> _24873_/RN : -22.764587
[setup in-reg] rst -> _24874_/RN : -22.764587
[setup in-reg] rst -> _24875_/RN : -22.764587
[setup in-reg] rst -> _24876_/RN : -22.764587
[setup in-reg] rst -> _24877_/RN : -22.764587
[setup in-reg] rst -> _24878_/RN : -22.764587
[setup in-reg] rst -> _24879_/RN : -22.764587
[setup in-reg] rst -> _24880_/RN : -22.764587
[setup in-reg] rst -> _24881_/RN : -22.764587
[setup in-reg] rst -> _24882_/RN : -22.764587
[setup in-reg] rst -> _24883_/RN : -22.764587
[setup in-reg] rst -> _24884_/RN : -22.764587
[setup in-reg] rst -> _24885_/RN : -22.764587
[setup in-reg] rst -> _24886_/RN : -22.764587
[setup in-reg] rst -> _24887_/RN : -22.764587
[setup in-reg] rst -> _24888_/RN : -22.764587
[setup in-reg] rst -> _24889_/RN : -22.764587
[setup in-reg] rst -> _24890_/RN : -22.764587
[setup in-reg] rst -> _24891_/RN : -22.764587
[setup in-reg] rst -> _24892_/RN : -22.764587
[setup in-reg] rst -> _24893_/RN : -22.764587
[setup in-reg] rst -> _24894_/RN : -22.764587
[setup in-reg] rst -> _24895_/RN : -22.764587
[setup in-reg] rst -> _24896_/RN : -22.764587
[setup in-reg] rst -> _24897_/RN : -22.764587
[setup in-reg] rst -> _24898_/RN : -22.764587
[setup in-reg] rst -> _24899_/RN : -22.764587
[setup in-reg] rst -> _24900_/RN : -22.764587
[setup in-reg] rst -> _24901_/RN : -22.764587
[setup in-reg] rst -> _24902_/RN : -22.764587
[setup in-reg] rst -> _24903_/RN : -22.764587
[setup in-reg] rst -> _24904_/RN : -22.764587
[setup in-reg] rst -> _24905_/RN : -22.764587
[setup in-reg] rst -> _24906_/RN : -22.764587
[setup in-reg] rst -> _24907_/RN : -22.764587
[setup in-reg] rst -> _24908_/RN : -22.764587
[setup in-reg] rst -> _24909_/RN : -22.764587
[setup in-reg] rst -> _24910_/RN : -22.764587
[setup in-reg] rst -> _24911_/RN : -22.764587
[setup in-reg] rst -> _24912_/RN : -22.764587
[setup in-reg] rst -> _24913_/RN : -22.764587
[setup in-reg] rst -> _24914_/RN : -22.764587
[setup in-reg] rst -> _24915_/RN : -22.764587
[setup in-reg] rst -> _24916_/RN : -22.764587
[setup in-reg] rst -> _24917_/RN : -22.764587
[setup in-reg] rst -> _24918_/RN : -22.764587
[setup in-reg] rst -> _24919_/RN : -22.764587
[setup in-reg] rst -> _24920_/RN : -22.764587
[setup in-reg] rst -> _24921_/RN : -22.764587
[setup in-reg] rst -> _24922_/RN : -22.764587
[setup in-reg] rst -> _24923_/RN : -22.764587
[setup in-reg] rst -> _24924_/RN : -22.764587
[setup in-reg] rst -> _24925_/RN : -22.764587
[setup in-reg] rst -> _24926_/RN : -22.764587
[setup in-reg] rst -> _24927_/RN : -22.764587
[setup in-reg] rst -> _24928_/RN : -22.764587
[setup in-reg] rst -> _24929_/RN : -22.764587
[setup in-reg] rst -> _24930_/RN : -22.764587
[setup in-reg] rst -> _24931_/RN : -22.764587
[setup in-reg] rst -> _24932_/RN : -22.764587
[setup in-reg] rst -> _24933_/RN : -22.764587
[setup in-reg] rst -> _24934_/RN : -22.764587
[setup in-reg] rst -> _24935_/RN : -22.764587
[setup in-reg] rst -> _24936_/RN : -22.764587
[setup in-reg] rst -> _24937_/RN : -22.764587
[setup in-reg] rst -> _24938_/RN : -22.764587
[setup in-reg] rst -> _24939_/RN : -22.764587
[setup in-reg] rst -> _24940_/RN : -22.764587
[setup in-reg] rst -> _24941_/RN : -22.764587
[setup in-reg] rst -> _24942_/RN : -22.764587
[setup in-reg] rst -> _24943_/RN : -22.764587
[setup in-reg] rst -> _24944_/RN : -22.764587
[setup in-reg] rst -> _24945_/RN : -22.764587
[setup in-reg] rst -> _24946_/RN : -22.764587
[setup in-reg] rst -> _24947_/RN : -22.764587
[setup in-reg] rst -> _24948_/RN : -22.764587
[setup in-reg] rst -> _24949_/RN : -22.764587
[setup in-reg] rst -> _24950_/RN : -22.764587
[setup in-reg] rst -> _24951_/RN : -22.764587
[setup in-reg] rst -> _24952_/RN : -22.764587
[setup in-reg] rst -> _24953_/RN : -22.764587
[setup in-reg] rst -> _24954_/RN : -22.764587
[setup in-reg] rst -> _24955_/RN : -22.764587
[setup in-reg] rst -> _24956_/RN : -22.764587
[setup in-reg] rst -> _24957_/RN : -22.764587
[setup in-reg] rst -> _24958_/RN : -22.764587
[setup in-reg] rst -> _24959_/RN : -22.764587
[setup in-reg] rst -> _24960_/RN : -22.764587
[setup in-reg] rst -> _24961_/RN : -22.764587
[setup in-reg] rst -> _24962_/RN : -22.764587
[setup in-reg] rst -> _24963_/RN : -22.764587
[setup in-reg] rst -> _24964_/RN : -22.764587
[setup in-reg] rst -> _24965_/RN : -22.764587
[setup in-reg] rst -> _24966_/RN : -22.764587
[setup in-reg] rst -> _24967_/RN : -22.764587
[setup in-reg] rst -> _24968_/RN : -22.764587
[setup in-reg] rst -> _24969_/RN : -22.764587
[setup in-reg] rst -> _24970_/RN : -22.764587
[setup in-reg] rst -> _24971_/RN : -22.764587
[setup in-reg] rst -> _24972_/RN : -22.764587
[setup in-reg] rst -> _24973_/RN : -22.764587
[setup in-reg] rst -> _24974_/RN : -22.764587
[setup in-reg] rst -> _24975_/RN : -22.764587
[setup in-reg] rst -> _24976_/RN : -22.764587
[setup in-reg] rst -> _24977_/RN : -22.764587
[setup in-reg] rst -> _24978_/RN : -22.764587
[setup in-reg] rst -> _24979_/RN : -22.764587
[setup in-reg] rst -> _24980_/RN : -22.764587
[setup in-reg] rst -> _24981_/RN : -22.764587
[setup in-reg] rst -> _24982_/RN : -22.764587
[setup in-reg] rst -> _24983_/RN : -22.764587
[setup in-reg] rst -> _24984_/RN : -22.764587
[setup in-reg] rst -> _24985_/RN : -22.764587
[setup in-reg] rst -> _24986_/RN : -22.764587
[setup in-reg] rst -> _24987_/RN : -22.764587
[setup in-reg] rst -> _24988_/RN : -22.764587
[setup in-reg] rst -> _24989_/RN : -22.764587
[setup in-reg] rst -> _24990_/RN : -22.764587
[setup in-reg] rst -> _24991_/RN : -22.764587
[setup in-reg] rst -> _24992_/RN : -22.764587
[setup in-reg] rst -> _24993_/RN : -22.764587
[setup in-reg] rst -> _24994_/RN : -22.764587
[setup in-reg] rst -> _24995_/RN : -22.764587
[setup in-reg] rst -> _24996_/RN : -22.764587
[setup in-reg] rst -> _24997_/RN : -22.764587
[setup in-reg] rst -> _24998_/RN : -22.764587
[setup in-reg] rst -> _24999_/RN : -22.764587
[setup in-reg] rst -> _25000_/RN : -22.764587
[setup in-reg] rst -> _25001_/RN : -22.764587
[setup in-reg] rst -> _25002_/RN : -22.764587
[setup in-reg] rst -> _25003_/RN : -22.764587
[setup in-reg] rst -> _25004_/RN : -22.764587
[setup in-reg] rst -> _25005_/RN : -22.764587
[setup in-reg] rst -> _25006_/RN : -22.764587
[setup in-reg] rst -> _25007_/RN : -22.764587
[setup in-reg] rst -> _25008_/RN : -22.764587
[setup in-reg] rst -> _25009_/RN : -22.764587
[setup in-reg] rst -> _25010_/RN : -22.764587
[setup in-reg] rst -> _25011_/RN : -22.764587
[setup in-reg] rst -> _25012_/RN : -22.764587
[setup in-reg] rst -> _25013_/RN : -22.764587
[setup in-reg] rst -> _25014_/RN : -22.764587
[setup in-reg] rst -> _25015_/RN : -22.764587
[setup in-reg] rst -> _25016_/RN : -22.764587
[setup in-reg] rst -> _25017_/RN : -22.764587
[setup in-reg] rst -> _25018_/RN : -22.764587
[setup in-reg] rst -> _25019_/RN : -22.764587
[setup in-reg] rst -> _25020_/RN : -22.764587
[setup in-reg] rst -> _25021_/RN : -22.764587
[setup in-reg] rst -> _25022_/RN : -22.764587
[setup in-reg] rst -> _25023_/RN : -22.764587
[setup in-reg] rst -> _25024_/RN : -22.764587
[setup in-reg] rst -> _25025_/RN : -22.764587
[setup in-reg] rst -> _25026_/RN : -22.764587
[setup in-reg] rst -> _25027_/RN : -22.764587
[setup in-reg] rst -> _25028_/RN : -22.764587
[setup in-reg] rst -> _25029_/RN : -22.764587
[setup in-reg] rst -> _25030_/RN : -22.764587
[setup in-reg] rst -> _25031_/RN : -22.764587
[setup in-reg] rst -> _25032_/RN : -22.764587
[setup in-reg] rst -> _25033_/RN : -22.764587
[setup in-reg] rst -> _25034_/RN : -22.764587
[setup in-reg] rst -> _25035_/RN : -22.764587
[setup in-reg] rst -> _25036_/RN : -22.764587
[setup in-reg] rst -> _25037_/RN : -22.764587
[setup in-reg] rst -> _25038_/RN : -22.764587
[setup in-reg] rst -> _25039_/RN : -22.764587
[setup in-reg] rst -> _25040_/RN : -22.764587
[setup in-reg] rst -> _25041_/RN : -22.764587
[setup in-reg] rst -> _25042_/RN : -22.764587
[setup in-reg] rst -> _25043_/RN : -22.764587
[setup in-reg] rst -> _25044_/RN : -22.764587
[setup in-reg] rst -> _25045_/RN : -22.764587
[setup in-reg] rst -> _25046_/RN : -22.764587
[setup in-reg] rst -> _25047_/RN : -22.764587
[setup in-reg] rst -> _25048_/RN : -22.764587
[setup in-reg] rst -> _25049_/RN : -22.764587
[setup in-reg] rst -> _25050_/RN : -22.764587
[setup in-reg] rst -> _25051_/RN : -22.764587
[setup in-reg] rst -> _25052_/RN : -22.764587
[setup in-reg] rst -> _25053_/RN : -22.764587
[setup in-reg] rst -> _25054_/RN : -22.764587
[setup in-reg] rst -> _25055_/RN : -22.764587
[setup in-reg] rst -> _25056_/RN : -22.764587
[setup in-reg] rst -> _25057_/RN : -22.764587
[setup in-reg] rst -> _25058_/RN : -22.764587
[setup in-reg] rst -> _25059_/RN : -22.764587
[setup in-reg] rst -> _25060_/RN : -22.764587
[setup in-reg] rst -> _25061_/RN : -22.764587
[setup in-reg] rst -> _25062_/RN : -22.764587
[setup in-reg] rst -> _25063_/RN : -22.764587
[setup in-reg] rst -> _25064_/RN : -22.764587
[setup in-reg] rst -> _25065_/RN : -22.764587
[setup in-reg] rst -> _25066_/RN : -22.764587
[setup in-reg] rst -> _25067_/RN : -22.764587
[setup in-reg] rst -> _25068_/RN : -22.764587
[setup in-reg] rst -> _25069_/RN : -22.764587
[setup in-reg] rst -> _25070_/RN : -22.764587
[setup in-reg] rst -> _25075_/RN : -22.764587
[setup in-reg] rst -> _25076_/RN : -22.764587
[setup in-reg] rst -> _25077_/RN : -22.764587
[setup in-reg] rst -> _25078_/RN : -22.764587
[setup in-reg] rst -> _25079_/RN : -22.764587
[setup in-reg] rst -> _25080_/RN : -22.764587
[setup in-reg] rst -> _25081_/RN : -22.764587
[setup in-reg] rst -> _25082_/RN : -22.764587
[setup in-reg] rst -> _25083_/RN : -22.764587
[setup in-reg] rst -> _25084_/RN : -22.764587
[setup in-reg] rst -> _25085_/RN : -22.764587
[setup in-reg] rst -> _25086_/RN : -22.764587
[setup in-reg] rst -> _25087_/RN : -22.764587
[setup in-reg] rst -> _25088_/RN : -22.764587
[setup in-reg] rst -> _25089_/RN : -22.764587
[setup in-reg] rst -> _25090_/RN : -22.764587
[setup in-reg] rst -> _25092_/RN : -22.764587
[setup in-reg] rst -> _25093_/RN : -22.764587
[setup in-reg] rst -> _25094_/RN : -22.764587
[setup in-reg] rst -> _25095_/RN : -22.764587
[setup in-reg] rst -> _25096_/RN : -22.764587
[setup in-reg] rst -> _25097_/RN : -22.764587
[setup in-reg] rst -> _25098_/RN : -22.764587
[setup in-reg] rst -> _25099_/RN : -22.764587
[setup in-reg] rst -> _25100_/RN : -22.764587
[setup in-reg] rst -> _25101_/RN : -22.764587
[setup in-reg] rst -> _25102_/RN : -22.764587
[setup in-reg] rst -> _25103_/RN : -22.764587
[setup in-reg] rst -> _25104_/RN : -22.764587
[setup in-reg] rst -> _25105_/RN : -22.764587
[setup in-reg] rst -> _25106_/RN : -22.764587
[setup in-reg] rst -> _25107_/RN : -22.764587
[setup in-reg] rst -> _25108_/RN : -22.764587
[setup in-reg] rst -> _25109_/RN : -22.764587
[setup in-reg] rst -> _25110_/RN : -22.764587
[setup in-reg] rst -> _25111_/RN : -22.764587
[setup in-reg] rst -> _25112_/RN : -22.764587
[setup in-reg] rst -> _25113_/RN : -22.764587
[setup in-reg] rst -> _25114_/RN : -22.764587
[setup in-reg] rst -> _25115_/RN : -22.764587
[setup in-reg] rst -> _25116_/RN : -22.764587
[setup in-reg] rst -> _25117_/RN : -22.764587
[setup in-reg] rst -> _25118_/RN : -22.764587
[setup in-reg] rst -> _25119_/RN : -22.764587
[setup in-reg] rst -> _25120_/RN : -22.764587
[setup in-reg] rst -> _25121_/RN : -22.764587
[setup in-reg] rst -> _25122_/RN : -22.764587
[setup in-reg] rst -> _25123_/RN : -22.764587
[setup in-reg] rst -> _25124_/RN : -22.764587
[setup in-reg] rst -> _25125_/RN : -22.764587
[setup in-reg] rst -> _25126_/RN : -22.764587
[setup in-reg] rst -> _25127_/RN : -22.764587
[setup in-reg] rst -> _25128_/RN : -22.764587
[setup in-reg] rst -> _25129_/RN : -22.764587
[setup in-reg] rst -> _25130_/RN : -22.764587
[setup in-reg] rst -> _25131_/RN : -22.764587
[setup in-reg] rst -> _25132_/RN : -22.764587
[setup in-reg] rst -> _25133_/RN : -22.764587
[setup in-reg] rst -> _25134_/RN : -22.764587
[setup in-reg] rst -> _25135_/RN : -22.764587
[setup in-reg] rst -> _25136_/RN : -22.764587
[setup in-reg] rst -> _25137_/RN : -22.764587
[setup in-reg] rst -> _25138_/RN : -22.764587
[setup in-reg] rst -> _25139_/RN : -22.764587
[setup in-reg] rst -> _25140_/RN : -22.764587
[setup in-reg] rst -> _25141_/RN : -22.764587
[setup in-reg] rst -> _25142_/RN : -22.764587
[setup in-reg] rst -> _25143_/RN : -22.764587
[setup in-reg] rst -> _25144_/RN : -22.764587
[setup in-reg] rst -> _25145_/RN : -22.764587
[setup in-reg] rst -> _25146_/RN : -22.764587
[setup in-reg] rst -> _25147_/RN : -22.764587
[setup in-reg] rst -> _25148_/RN : -22.764587
[setup in-reg] rst -> _25149_/RN : -22.764587
[setup in-reg] rst -> _25150_/RN : -22.764587
[setup in-reg] rst -> _25151_/RN : -22.764587
[setup in-reg] rst -> _25152_/RN : -22.764587
[setup in-reg] rst -> _25153_/RN : -22.764587
[setup in-reg] rst -> _25154_/RN : -22.764587
[setup in-reg] rst -> _25155_/RN : -22.764587
[setup in-reg] rst -> _25156_/RN : -22.764587
[setup in-reg] rst -> _25157_/RN : -22.764587
[setup in-reg] rst -> _25158_/RN : -22.764587
[setup in-reg] rst -> _25159_/RN : -22.764587
[setup in-reg] rst -> _25160_/RN : -22.764587
[setup in-reg] rst -> _25161_/RN : -22.764587
[setup in-reg] rst -> _25162_/RN : -22.764587
[setup in-reg] rst -> _25163_/RN : -22.764587
[setup in-reg] rst -> _25164_/RN : -22.764587
[setup in-reg] rst -> _25165_/RN : -22.764587
[setup in-reg] rst -> _25166_/RN : -22.764587
[setup in-reg] rst -> _25167_/RN : -22.764587
[setup in-reg] rst -> _25168_/RN : -22.764587
[setup in-reg] rst -> _25169_/RN : -22.764587
[setup in-reg] rst -> _25170_/RN : -22.764587
[setup in-reg] rst -> _25171_/RN : -22.764587
[setup in-reg] rst -> _25172_/RN : -22.764587
[setup in-reg] rst -> _25173_/RN : -22.764587
[setup in-reg] rst -> _25174_/RN : -22.764587
[setup in-reg] rst -> _25175_/RN : -22.764587
[setup in-reg] rst -> _25176_/RN : -22.764587
[setup in-reg] rst -> _25177_/RN : -22.764587
[setup in-reg] rst -> _25178_/RN : -22.764587
[setup in-reg] rst -> _25179_/RN : -22.764587
[setup in-reg] rst -> _25180_/RN : -22.764587
[setup in-reg] rst -> _25181_/RN : -22.764587
[setup in-reg] rst -> _25182_/RN : -22.764587
[setup in-reg] rst -> _25183_/RN : -22.764587
[setup in-reg] rst -> _25184_/RN : -22.764587
[setup in-reg] rst -> _25185_/RN : -22.764587
[setup in-reg] rst -> _25186_/RN : -22.764587
[setup in-reg] rst -> _25187_/RN : -22.764587
[setup in-reg] rst -> _25188_/RN : -22.764587
[setup in-reg] rst -> _25189_/RN : -22.764587
[setup in-reg] rst -> _25190_/RN : -22.764587
[setup in-reg] rst -> _25191_/RN : -22.764587
[setup in-reg] rst -> _25192_/RN : -22.764587
[setup in-reg] rst -> _25193_/RN : -22.764587
[setup in-reg] rst -> _25194_/RN : -22.764587
[setup in-reg] rst -> _25195_/RN : -22.764587
[setup in-reg] rst -> _25196_/RN : -22.764587
[setup in-reg] rst -> _25197_/RN : -22.764587
[setup in-reg] rst -> _25198_/RN : -22.764587
[setup in-reg] rst -> _25199_/RN : -22.764587
[setup in-reg] rst -> _25200_/RN : -22.764587
[setup in-reg] rst -> _25201_/RN : -22.764587
[setup in-reg] rst -> _25202_/RN : -22.764587
[setup in-reg] rst -> _25203_/RN : -22.764587
[setup in-reg] rst -> _25204_/RN : -22.764587
[setup in-reg] rst -> _25205_/RN : -22.764587
[setup in-reg] rst -> _25206_/RN : -22.764587
[setup in-reg] rst -> _25207_/RN : -22.764587
[setup in-reg] rst -> _25208_/RN : -22.764587
[setup in-reg] rst -> _25209_/RN : -22.764587
[setup in-reg] rst -> _25210_/RN : -22.764587
[setup in-reg] rst -> _25211_/RN : -22.764587
[setup in-reg] rst -> _25212_/RN : -22.764587
[setup in-reg] rst -> _25213_/RN : -22.764587
[setup in-reg] rst -> _25214_/RN : -22.764587
[setup in-reg] rst -> _25215_/RN : -22.764587
[setup in-reg] rst -> _25216_/RN : -22.764587
[setup in-reg] rst -> _25217_/RN : -22.764587
[setup in-reg] rst -> _25218_/RN : -22.764587
[setup in-reg] rst -> _25219_/RN : -22.764587
[setup in-reg] rst -> _25220_/RN : -22.764587
[setup in-reg] rst -> _25221_/RN : -22.764587
[setup in-reg] rst -> _25222_/RN : -22.764587
[setup in-reg] rst -> _25223_/RN : -22.764587
[setup in-reg] rst -> _25224_/RN : -22.764587
[setup in-reg] rst -> _25225_/RN : -22.764587
[setup in-reg] rst -> _25226_/RN : -22.764587
[setup in-reg] rst -> _25227_/RN : -22.764587
[setup in-reg] rst -> _25228_/RN : -22.764587
[setup in-reg] rst -> _25229_/RN : -22.764587
[setup in-reg] rst -> _25230_/RN : -22.764587
[setup in-reg] rst -> _25231_/RN : -22.764587
[setup in-reg] rst -> _25232_/RN : -22.764587
[setup in-reg] rst -> _25233_/RN : -22.764587
[setup in-reg] rst -> _25234_/RN : -22.764587
[setup in-reg] rst -> _25235_/RN : -22.764587
[setup in-reg] rst -> _25236_/RN : -22.764587
[setup in-reg] rst -> _25237_/RN : -22.764587
[setup in-reg] rst -> _25238_/RN : -22.764587
[setup in-reg] rst -> _25239_/RN : -22.764587
[setup in-reg] rst -> _25240_/RN : -22.764587
[setup in-reg] rst -> _25241_/RN : -22.764587
[setup in-reg] rst -> _25242_/RN : -22.764587
[setup in-reg] rst -> _25243_/RN : -22.764587
[setup in-reg] rst -> _25244_/RN : -22.764587
[setup in-reg] rst -> _25245_/RN : -22.764587
[setup in-reg] rst -> _25246_/RN : -22.764587
[setup in-reg] rst -> _25247_/RN : -22.764587
[setup in-reg] rst -> _25248_/RN : -22.764587
[setup in-reg] rst -> _25249_/RN : -22.764587
[setup in-reg] rst -> _25250_/RN : -22.764587
[setup in-reg] rst -> _25251_/RN : -22.764587
[setup in-reg] rst -> _25252_/RN : -22.764587
[setup in-reg] rst -> _25253_/RN : -22.764587
[setup in-reg] rst -> _25254_/RN : -22.764587
[setup in-reg] rst -> _25255_/RN : -22.764587
[setup in-reg] rst -> _25256_/RN : -22.764587
[setup in-reg] rst -> _25257_/RN : -22.764587
[setup in-reg] rst -> _25258_/RN : -22.764587
[setup in-reg] rst -> _25259_/RN : -22.764587
[setup in-reg] rst -> _25260_/RN : -22.764587
[setup in-reg] rst -> _25261_/RN : -22.764587
[setup in-reg] rst -> _25262_/RN : -22.764587
[setup in-reg] rst -> _25263_/RN : -22.764587
[setup in-reg] rst -> _25264_/RN : -22.764587
[setup in-reg] rst -> _25265_/RN : -22.764587
[setup in-reg] rst -> _25266_/RN : -22.764587
[setup in-reg] rst -> _25267_/RN : -22.764587
[setup in-reg] rst -> _25268_/RN : -22.764587
[setup in-reg] rst -> _25269_/RN : -22.764587
[setup in-reg] rst -> _25270_/RN : -22.764587
[setup in-reg] rst -> _25271_/RN : -22.764587
[setup in-reg] rst -> _25272_/RN : -22.764587
[setup in-reg] rst -> _25273_/RN : -22.764587
[setup in-reg] rst -> _25274_/RN : -22.764587
[setup in-reg] rst -> _25275_/RN : -22.764587
[setup in-reg] rst -> _25276_/RN : -22.764587
[setup in-reg] rst -> _25277_/RN : -22.764587
[setup in-reg] rst -> _25278_/RN : -22.764587
[setup in-reg] rst -> _25279_/RN : -22.764587
[setup in-reg] rst -> _25280_/RN : -22.764587
[setup in-reg] rst -> _25281_/RN : -22.764587
[setup in-reg] rst -> _25282_/RN : -22.764587
[setup in-reg] rst -> _25283_/RN : -22.764587
[setup in-reg] rst -> _25284_/RN : -22.764587
[setup in-reg] rst -> _25285_/RN : -22.764587
[setup in-reg] rst -> _25286_/RN : -22.764587
[setup in-reg] rst -> _25287_/RN : -22.764587
[setup in-reg] rst -> _25288_/RN : -22.764587
[setup in-reg] rst -> _25289_/RN : -22.764587
[setup in-reg] rst -> _25290_/RN : -22.764587
[setup in-reg] rst -> _25291_/RN : -22.764587
[setup in-reg] rst -> _25292_/RN : -22.764587
[setup in-reg] rst -> _25293_/RN : -22.764587
[setup in-reg] rst -> _25294_/RN : -22.764587
[setup in-reg] rst -> _25295_/RN : -22.764587
[setup in-reg] rst -> _25296_/RN : -22.764587
[setup in-reg] rst -> _25297_/RN : -22.764587
[setup in-reg] rst -> _25298_/RN : -22.764587
[setup in-reg] rst -> _25299_/RN : -22.764587
[setup in-reg] rst -> _25300_/RN : -22.764587
[setup in-reg] rst -> _25301_/RN : -22.764587
[setup in-reg] rst -> _25302_/RN : -22.764587
[setup in-reg] rst -> _25303_/RN : -22.764587
[setup in-reg] rst -> _25304_/RN : -22.764587
[setup in-reg] rst -> _25305_/RN : -22.764587
[setup in-reg] rst -> _25306_/RN : -22.764587
[setup in-reg] rst -> _25307_/RN : -22.764587
[setup in-reg] rst -> _25308_/RN : -22.764587
[setup in-reg] rst -> _25309_/RN : -22.764587
[setup in-reg] rst -> _25310_/RN : -22.764587
[setup in-reg] rst -> _25311_/RN : -22.764587
[setup in-reg] rst -> _25312_/RN : -22.764587
[setup in-reg] rst -> _25313_/RN : -22.764587
[setup in-reg] rst -> _25314_/RN : -22.764587
[setup in-reg] rst -> _25315_/RN : -22.764587
[setup in-reg] rst -> _25316_/RN : -22.764587
[setup in-reg] rst -> _25317_/RN : -22.764587
[setup in-reg] rst -> _25318_/RN : -22.764587
[setup in-reg] rst -> _25319_/RN : -22.764587
[setup in-reg] rst -> _25320_/RN : -22.764587
[setup in-reg] rst -> _25321_/RN : -22.764587
[setup in-reg] rst -> _25322_/RN : -22.764587
[setup in-reg] rst -> _25323_/RN : -22.764587
[setup in-reg] rst -> _25324_/RN : -22.764587
[setup in-reg] rst -> _25325_/RN : -22.764587
[setup in-reg] rst -> _25326_/RN : -22.764587
[setup in-reg] rst -> _25327_/RN : -22.764587
[setup in-reg] rst -> _25328_/RN : -22.764587
[setup in-reg] rst -> _25329_/RN : -22.764587
[setup in-reg] rst -> _25330_/RN : -22.764587
[setup in-reg] rst -> _25331_/RN : -22.764587
[setup in-reg] rst -> _25332_/RN : -22.764587
[setup in-reg] rst -> _25333_/RN : -22.764587
[setup in-reg] rst -> _25334_/RN : -22.764587
[setup in-reg] rst -> _25335_/RN : -22.764587
[setup in-reg] rst -> _25336_/RN : -22.764587
[setup in-reg] rst -> _25337_/RN : -22.764587
[setup in-reg] rst -> _25338_/RN : -22.764587
[setup in-reg] rst -> _25339_/RN : -22.764587
[setup in-reg] rst -> _25340_/RN : -22.764587
[setup in-reg] rst -> _25341_/RN : -22.764587
[setup in-reg] rst -> _25342_/RN : -22.764587
[setup in-reg] rst -> _25343_/RN : -22.764587
[setup in-reg] rst -> _25344_/RN : -22.764587
[setup in-reg] rst -> _25345_/RN : -22.764587
[setup in-reg] rst -> _25346_/RN : -22.764587
[setup in-reg] rst -> _25347_/RN : -22.764587
[setup in-reg] rst -> _25348_/RN : -22.764587
[setup in-reg] rst -> _25349_/RN : -22.764587
[setup in-reg] rst -> _25350_/RN : -22.764587
[setup in-reg] rst -> _25351_/RN : -22.764587
[setup in-reg] rst -> _25352_/RN : -22.764587
[setup in-reg] rst -> _25353_/RN : -22.764587
[setup in-reg] rst -> _25354_/RN : -22.764587
[setup in-reg] rst -> _25355_/RN : -22.764587
[setup in-reg] rst -> _25356_/RN : -22.764587
[setup in-reg] rst -> _25357_/RN : -22.764587
[setup in-reg] rst -> _25358_/RN : -22.764587
[setup in-reg] rst -> _25359_/RN : -22.764587
[setup in-reg] rst -> _25360_/RN : -22.764587
[setup in-reg] rst -> _25361_/RN : -22.764587
[setup in-reg] rst -> _25362_/RN : -22.764587
[setup in-reg] rst -> _25363_/RN : -22.764587
[setup in-reg] rst -> _25364_/RN : -22.764587
[setup in-reg] rst -> _25365_/RN : -22.764587
[setup in-reg] rst -> _25366_/RN : -22.764587
[setup in-reg] rst -> _25367_/RN : -22.764587
[setup in-reg] rst -> _25368_/RN : -22.764587
[setup in-reg] rst -> _25369_/RN : -22.764587
[setup in-reg] rst -> _25370_/RN : -22.764587
[setup in-reg] rst -> _25371_/RN : -22.764587
[setup in-reg] rst -> _25372_/RN : -22.764587
[setup in-reg] rst -> _25373_/RN : -22.764587
[setup in-reg] rst -> _25374_/RN : -22.764587
[setup in-reg] rst -> _25375_/RN : -22.764587
[setup in-reg] rst -> _25376_/RN : -22.764587
[setup in-reg] rst -> _25377_/RN : -22.764587
[setup in-reg] rst -> _25378_/RN : -22.764587
[setup in-reg] rst -> _25379_/RN : -22.764587
[setup in-reg] rst -> _25380_/RN : -22.764587
[setup in-reg] rst -> _25381_/RN : -22.764587
[setup in-reg] rst -> _25382_/RN : -22.764587
[setup in-reg] rst -> _25383_/RN : -22.764587
[setup in-reg] rst -> _25384_/RN : -22.764587
[setup in-reg] rst -> _25385_/RN : -22.764587
[setup in-reg] rst -> _25386_/RN : -22.764587
[setup in-reg] rst -> _25387_/RN : -22.764587
[setup in-reg] rst -> _25388_/RN : -22.764587
[setup in-reg] rst -> _25389_/RN : -22.764587
[setup in-reg] rst -> _25390_/RN : -22.764587
[setup in-reg] rst -> _25391_/RN : -22.764587
[setup in-reg] rst -> _25392_/RN : -22.764587
[setup in-reg] rst -> _25393_/RN : -22.764587
[setup in-reg] rst -> _25394_/RN : -22.764587
[setup in-reg] rst -> _25395_/RN : -22.764587
[setup in-reg] rst -> _25396_/RN : -22.764587
[setup in-reg] rst -> _25397_/RN : -22.764587
[setup in-reg] rst -> _25398_/RN : -22.764587
[setup in-reg] rst -> _25399_/RN : -22.764587
[setup in-reg] rst -> _25400_/RN : -22.764587
[setup in-reg] rst -> _25401_/RN : -22.764587
[setup in-reg] rst -> _25402_/RN : -22.764587
[setup in-reg] rst -> _25403_/RN : -22.764587
[setup in-reg] rst -> _25404_/RN : -22.764587
[setup in-reg] rst -> _25405_/RN : -22.764587
[setup in-reg] rst -> _25406_/RN : -22.764587
[setup in-reg] rst -> _25407_/RN : -22.764587
[setup in-reg] rst -> _25408_/RN : -22.764587
[setup in-reg] rst -> _25409_/RN : -22.764587
[setup in-reg] rst -> _25410_/RN : -22.764587
[setup in-reg] rst -> _25411_/RN : -22.764587
[setup in-reg] rst -> _25412_/RN : -22.764587
[setup in-reg] rst -> _25413_/RN : -22.764587
[setup in-reg] rst -> _25414_/RN : -22.764587
[setup in-reg] rst -> _25415_/RN : -22.764587
[setup in-reg] rst -> _25416_/RN : -22.764587
[setup in-reg] rst -> _25417_/RN : -22.764587
[setup in-reg] rst -> _25418_/RN : -22.764587
[setup in-reg] rst -> _25419_/RN : -22.764587
[setup in-reg] rst -> _25420_/RN : -22.764587
[setup in-reg] rst -> _25421_/RN : -22.764587
[setup in-reg] rst -> _25422_/RN : -22.764587
[setup in-reg] rst -> _25423_/RN : -22.764587
[setup in-reg] rst -> _25424_/RN : -22.764587
[setup in-reg] rst -> _25425_/RN : -22.764587
[setup in-reg] rst -> _25426_/RN : -22.764587
[setup in-reg] rst -> _25427_/RN : -22.764587
[setup in-reg] rst -> _25428_/RN : -22.764587
[setup in-reg] rst -> _25429_/RN : -22.764587
[setup in-reg] rst -> _25430_/RN : -22.764587
[setup in-reg] rst -> _25431_/RN : -22.764587
[setup in-reg] rst -> _25432_/RN : -22.764587
[setup in-reg] rst -> _25433_/RN : -22.764587
[setup in-reg] rst -> _25434_/RN : -22.764587
[setup in-reg] rst -> _25435_/RN : -22.764587
[setup in-reg] rst -> _25436_/RN : -22.764587
[setup in-reg] rst -> _25437_/RN : -22.764587
[setup in-reg] rst -> _25438_/RN : -22.764587
[setup in-reg] rst -> _25439_/RN : -22.764587
[setup in-reg] rst -> _25440_/RN : -22.764587
[setup in-reg] rst -> _25441_/RN : -22.764587
[setup in-reg] rst -> _25442_/RN : -22.764587
[setup in-reg] rst -> _25443_/RN : -22.764587
[setup in-reg] rst -> _25444_/RN : -22.764587
[setup in-reg] rst -> _25445_/RN : -22.764587
[setup in-reg] rst -> _25446_/RN : -22.764587
[setup in-reg] rst -> _25447_/RN : -22.764587
[setup in-reg] rst -> _25448_/RN : -22.764587
[setup in-reg] rst -> _25449_/RN : -22.764587
[setup in-reg] rst -> _25450_/RN : -22.764587
[setup in-reg] rst -> _25451_/RN : -22.764587
[setup in-reg] rst -> _25452_/RN : -22.764587
[setup in-reg] rst -> _25453_/RN : -22.764587
[setup in-reg] rst -> _25454_/RN : -22.764587
[setup in-reg] rst -> _25455_/RN : -22.764587
[setup in-reg] rst -> _25456_/RN : -22.764587
[setup in-reg] rst -> _25457_/RN : -22.764587
[setup in-reg] rst -> _25458_/RN : -22.764587
[setup in-reg] rst -> _25459_/RN : -22.764587
[setup in-reg] rst -> _25460_/RN : -22.764587
[setup in-reg] rst -> _25461_/RN : -22.764587
[setup in-reg] rst -> _25462_/RN : -22.764587
[setup in-reg] rst -> _25463_/RN : -22.764587
[setup in-reg] rst -> _25464_/RN : -22.764587
[setup in-reg] rst -> _25465_/RN : -22.764587
[setup in-reg] rst -> _25466_/RN : -22.764587
[setup in-reg] rst -> _25467_/RN : -22.764587
[setup in-reg] rst -> _25468_/RN : -22.764587
[setup in-reg] rst -> _25469_/RN : -22.764587
[setup in-reg] rst -> _25470_/RN : -22.764587
[setup in-reg] rst -> _25471_/RN : -22.764587
[setup in-reg] rst -> _25472_/RN : -22.764587
[setup in-reg] rst -> _25473_/RN : -22.764587
[setup in-reg] rst -> _25474_/RN : -22.764587
[setup in-reg] rst -> _25475_/RN : -22.764587
[setup in-reg] rst -> _25476_/RN : -22.764587
[setup in-reg] rst -> _25477_/RN : -22.764587
[setup in-reg] rst -> _25478_/RN : -22.764587
[setup in-reg] rst -> _25479_/RN : -22.764587
[setup in-reg] rst -> _25480_/RN : -22.764587
[setup in-reg] rst -> _25481_/RN : -22.764587
[setup in-reg] rst -> _25482_/RN : -22.764587
[setup in-reg] rst -> _25483_/RN : -22.764587
[setup in-reg] rst -> _25484_/RN : -22.764587
[setup in-reg] rst -> _25485_/RN : -22.764587
[setup in-reg] rst -> _25486_/RN : -22.764587
[setup in-reg] rst -> _25487_/RN : -22.764587
[setup in-reg] rst -> _25488_/RN : -22.764587
[setup in-reg] rst -> _25489_/RN : -22.764587
[setup in-reg] rst -> _25490_/RN : -22.764587
[setup in-reg] rst -> _25491_/RN : -22.764587
[setup in-reg] rst -> _25492_/RN : -22.764587
[setup in-reg] rst -> _25493_/RN : -22.764587
[setup in-reg] rst -> _25494_/RN : -22.764587
[setup in-reg] rst -> _25495_/RN : -22.764587
[setup in-reg] rst -> _25496_/RN : -22.764587
[setup in-reg] rst -> _25497_/RN : -22.764587
[setup in-reg] rst -> _25498_/RN : -22.764587
[setup in-reg] rst -> _25499_/RN : -22.764587
[setup in-reg] rst -> _25500_/RN : -22.764587
[setup in-reg] rst -> _25501_/RN : -22.764587
[setup in-reg] rst -> _25502_/RN : -22.764587
[setup in-reg] rst -> _25503_/RN : -22.764587
[setup in-reg] rst -> _25504_/RN : -22.764587
[setup in-reg] rst -> _25505_/RN : -22.764587
[setup in-reg] rst -> _25506_/RN : -22.764587
[setup in-reg] rst -> _25507_/RN : -22.764587
[setup in-reg] rst -> _25508_/RN : -22.764587
[setup in-reg] rst -> _25509_/RN : -22.764587
[setup in-reg] rst -> _25510_/RN : -22.764587
[setup in-reg] rst -> _25511_/RN : -22.764587
[setup in-reg] rst -> _25512_/RN : -22.764587
[setup in-reg] rst -> _25513_/RN : -22.764587
[setup in-reg] rst -> _25514_/RN : -22.764587
[setup in-reg] rst -> _25515_/RN : -22.764587
[setup in-reg] rst -> _25516_/RN : -22.764587
[setup in-reg] rst -> _25517_/RN : -22.764587
[setup in-reg] rst -> _25518_/RN : -22.764587
[setup in-reg] rst -> _25519_/RN : -22.764587
[setup in-reg] rst -> _25552_/RN : -22.764587
[setup in-reg] rst -> _25553_/RN : -22.764587
[setup in-reg] rst -> _25554_/RN : -22.764587
[setup in-reg] rst -> _25555_/RN : -22.764587
[setup in-reg] rst -> _25556_/RN : -22.764587
[setup in-reg] rst -> _25557_/RN : -22.764587
[setup in-reg] rst -> _27542_/RN : -22.764587
[setup in-reg] rst -> _27543_/RN : -22.764587
[setup in-reg] rst -> _27544_/RN : -22.764587
[setup in-reg] rst -> _27545_/RN : -22.764587
[setup in-reg] rst -> _27546_/RN : -22.764587
[setup in-reg] rst -> _27547_/RN : -22.764587
[setup in-reg] rst -> _27548_/RN : -22.764587
[setup in-reg] rst -> _27549_/RN : -22.764587
[setup in-reg] rst -> _27550_/RN : -22.764587
[setup in-reg] rst -> _27551_/RN : -22.764587
[setup in-reg] rst -> _27552_/RN : -22.764587
[setup in-reg] rst -> _27553_/RN : -22.764587
[setup in-reg] rst -> _27554_/RN : -22.764587
[setup in-reg] rst -> _27555_/RN : -22.764587
[setup in-reg] rst -> _27556_/RN : -22.764587
[setup in-reg] rst -> _27557_/RN : -22.764587
[setup in-reg] rst -> _27590_/RN : -22.764587
[setup in-reg] rst -> _27591_/RN : -22.764587
[setup in-reg] rst -> _27592_/RN : -22.764587
[setup in-reg] rst -> _27593_/RN : -22.764587
[setup in-reg] rst -> _25071_/SETN : -22.462482
[setup in-reg] rst -> _25072_/SETN : -22.462482
[setup in-reg] rst -> _25073_/SETN : -22.462482
[setup in-reg] rst -> _25074_/SETN : -22.462482
[setup in-reg] rst -> _25091_/SETN : -22.462482
[setup reg-reg] _25086_/Q -> _25190_/D : -12.466195
[setup reg-reg] _25086_/Q -> _25194_/D : -12.466195
[setup reg-reg] _25086_/Q -> _25226_/D : -12.466195
[setup reg-reg] _25086_/Q -> _25235_/D : -12.466195
[setup reg-reg] _25086_/Q -> _25245_/D : -12.466195
[setup reg-reg] _25086_/Q -> _25265_/D : -12.466195
[setup reg-reg] _25086_/Q -> _25281_/D : -12.466195
[setup reg-reg] _25086_/Q -> _25174_/D : -11.089580
[setup reg-reg] _25086_/Q -> _25175_/D : -11.089580
[setup reg-reg] _25086_/Q -> _25177_/D : -11.089580
[setup reg-reg] _25086_/Q -> _25178_/D : -11.089580
[setup reg-reg] _25086_/Q -> _25179_/D : -11.089580
[setup reg-reg] _25086_/Q -> _25183_/D : -11.089580
[setup reg-reg] _25086_/Q -> _25184_/D : -11.089580
[setup reg-reg] _25086_/Q -> _25186_/D : -11.089580
[setup reg-reg] _25086_/Q -> _25187_/D : -11.089580
[setup reg-reg] _25086_/Q -> _25188_/D : -11.089580
[setup reg-reg] _25086_/Q -> _25191_/D : -11.089580
[setup reg-reg] _25086_/Q -> _25193_/D : -11.089580
[setup reg-reg] _25086_/Q -> _25195_/D : -11.089580
[setup reg-reg] _25086_/Q -> _25202_/D : -11.089580
[setup reg-reg] _25086_/Q -> _25203_/D : -11.089580
[setup reg-reg] _25086_/Q -> _25205_/D : -11.089580
[setup reg-reg] _25086_/Q -> _25207_/D : -11.089580
[setup reg-reg] _25086_/Q -> _25209_/D : -11.089580
[setup reg-reg] _25086_/Q -> _25210_/D : -11.089580
[setup reg-reg] _25086_/Q -> _25211_/D : -11.089580
[setup reg-reg] _25086_/Q -> _25213_/D : -11.089580
[setup reg-reg] _25086_/Q -> _25214_/D : -11.089580
[setup reg-reg] _25086_/Q -> _25215_/D : -11.089580
[setup reg-reg] _25086_/Q -> _25216_/D : -11.089580
[setup reg-reg] _25086_/Q -> _25218_/D : -11.089580
[setup reg-reg] _25086_/Q -> _25219_/D : -11.089580
[setup reg-reg] _25086_/Q -> _25220_/D : -11.089580
[setup reg-reg] _25086_/Q -> _25221_/D : -11.089580
[setup reg-reg] _25086_/Q -> _25222_/D : -11.089580
[setup reg-reg] _25086_/Q -> _25224_/D : -11.089580
[setup reg-reg] _25086_/Q -> _25225_/D : -11.089580
[setup reg-reg] _25086_/Q -> _25227_/D : -11.089580
[setup reg-reg] _25086_/Q -> _25230_/D : -11.089580
[setup reg-reg] _25086_/Q -> _25231_/D : -11.089580
[setup reg-reg] _25086_/Q -> _25232_/D : -11.089580
[setup reg-reg] _25086_/Q -> _25233_/D : -11.089580
[setup reg-reg] _25086_/Q -> _25234_/D : -11.089580
[setup reg-reg] _25086_/Q -> _25264_/D : -11.089580
[setup reg-reg] _25086_/Q -> _25269_/D : -11.089580
[setup reg-reg] _25086_/Q -> _25271_/D : -11.089580
[setup reg-reg] _25086_/Q -> _25278_/D : -11.089580
[setup reg-reg] _25086_/Q -> _25280_/D : -11.089580
[setup reg-reg] _25086_/Q -> _25553_/D : -10.904699
[setup reg-reg] _25086_/Q -> _25555_/D : -10.670072
[setup reg-reg] _25086_/Q -> _25552_/D : -10.667018
[setup reg-reg] _25086_/Q -> _25554_/D : -10.646187
[setup reg-reg] _25075_/Q -> _25276_/D : -10.596227
[setup reg-reg] _25075_/Q -> _25300_/D : -10.553455
[setup reg-reg] _25075_/Q -> _25197_/D : -10.506934
[setup reg-reg] _25086_/Q -> _25182_/D : -10.445426
[setup reg-reg] _25086_/Q -> _25192_/D : -10.445426
[setup reg-reg] _25086_/Q -> _25204_/D : -10.445426
[setup reg-reg] _25086_/Q -> _25223_/D : -10.445426
[setup reg-reg] _25086_/Q -> _25374_/D : -10.444092
[setup reg-reg] _25075_/Q -> _25244_/D : -10.414912
[setup reg-reg] _25075_/Q -> _25032_/D : -10.407055
[setup reg-reg] _25086_/Q -> _25176_/D : -10.345659
[setup reg-reg] _25086_/Q -> _25199_/D : -10.345659
[setup reg-reg] _25086_/Q -> _25200_/D : -10.345659
[setup reg-reg] _25086_/Q -> _25201_/D : -10.345659
[setup reg-reg] _25086_/Q -> _25206_/D : -10.345659
[setup reg-reg] _25086_/Q -> _25208_/D : -10.345659
[setup reg-reg] _25086_/Q -> _25212_/D : -10.345659
[setup reg-reg] _25086_/Q -> _25228_/D : -10.345659
[setup reg-reg] _25086_/Q -> _25229_/D : -10.345659
[setup reg-reg] _25086_/Q -> _25248_/D : -10.345659
[setup reg-reg] _25086_/Q -> _25249_/D : -10.345659
[setup reg-reg] _25086_/Q -> _25256_/D : -10.345659
[setup reg-reg] _25086_/Q -> _25257_/D : -10.345659
[setup reg-reg] _25086_/Q -> _25258_/D : -10.345659
[setup reg-reg] _25086_/Q -> _25260_/D : -10.345659
[setup reg-reg] _25086_/Q -> _25263_/D : -10.345659
[setup reg-reg] _25086_/Q -> _25266_/D : -10.345659
[setup reg-reg] _25086_/Q -> _25277_/D : -10.345659
[setup reg-reg] _25075_/Q -> _25180_/D : -10.317284
[setup reg-reg] _25075_/Q -> _25262_/D : -10.261414
[setup reg-reg] _25075_/Q -> _25158_/D : -10.254109
[setup reg-reg] _25075_/Q -> _25286_/D : -10.243431
[setup reg-reg] _25075_/Q -> _25237_/D : -10.231866
[setup reg-reg] _25075_/Q -> _25273_/D : -10.185526
[setup reg-reg] _25075_/Q -> _25239_/D : -10.160317
[setup reg-reg] _25075_/Q -> _25241_/D : -10.160317
[setup reg-reg] _25075_/Q -> _25242_/D : -10.160317
[setup reg-reg] _25075_/Q -> _25246_/D : -10.160317
[setup reg-reg] _25075_/Q -> _25247_/D : -10.160317
[setup reg-reg] _25075_/Q -> _25250_/D : -10.160317
[setup reg-reg] _25075_/Q -> _25251_/D : -10.160317
[setup reg-reg] _25075_/Q -> _25252_/D : -10.160317
[setup reg-reg] _25075_/Q -> _25253_/D : -10.160317
[setup reg-reg] _25075_/Q -> _25254_/D : -10.160317
[setup reg-reg] _25075_/Q -> _25255_/D : -10.160317
[setup reg-reg] _25075_/Q -> _25259_/D : -10.160317
[setup reg-reg] _25075_/Q -> _25267_/D : -10.160317
[setup reg-reg] _25075_/Q -> _25268_/D : -10.160317
[setup reg-reg] _25086_/Q -> _25375_/D : -10.159778
[setup reg-reg] _25075_/Q -> _25064_/D : -10.096668
[setup reg-reg] _25075_/Q -> _25160_/D : -10.070712
[setup reg-reg] _25086_/Q -> _25173_/D : -10.056583
[setup reg-reg] _25075_/Q -> _25069_/D : -10.034450
[setup reg-reg] _25075_/Q -> _25270_/D : -9.995773
[setup reg-reg] _25075_/Q -> _25299_/D : -9.977395
[setup reg-reg] _25075_/Q -> _25056_/D : -9.977285
[setup reg-reg] _25075_/Q -> _25236_/D : -9.956249
[setup reg-reg] _25075_/Q -> _25061_/D : -9.953918
[setup reg-reg] _25075_/Q -> _25279_/D : -9.943272
[setup reg-reg] _25086_/Q -> _25372_/D : -9.921575
[setup reg-reg] _25075_/Q -> _24862_/D : -9.916496
[setup reg-reg] _25075_/Q -> _25275_/D : -9.914336
[setup reg-reg] _25075_/Q -> _25058_/D : -9.913283
[setup reg-reg] _25075_/Q -> _25261_/D : -9.892159
[setup reg-reg] _25075_/Q -> _25171_/D : -9.874357
[setup reg-reg] _25075_/Q -> _25283_/D : -9.853808
[setup reg-reg] _25075_/Q -> _24821_/D : -9.838253
[setup reg-reg] _25075_/Q -> _25301_/D : -9.827403
[setup reg-reg] _25075_/Q -> _25055_/D : -9.823880
[setup reg-reg] _25086_/Q -> _25185_/D : -9.815163
[setup reg-reg] _25086_/Q -> _25196_/D : -9.815163
[setup reg-reg] _25086_/Q -> _25198_/D : -9.815163
[setup reg-reg] _25086_/Q -> _25217_/D : -9.815163
[setup reg-reg] _25075_/Q -> _24863_/D : -9.789802
[setup reg-reg] _25075_/Q -> _25049_/D : -9.788544
[setup reg-reg] _25075_/Q -> _24866_/D : -9.786540
[setup reg-reg] _25075_/Q -> _24872_/D : -9.778472
[setup reg-reg] _25075_/Q -> _25282_/D : -9.753610
[setup reg-reg] _25075_/Q -> _24822_/D : -9.711558
[setup reg-reg] _25075_/Q -> _24825_/D : -9.708297
[setup reg-reg] _25075_/Q -> _25059_/D : -9.704392
[setup reg-reg] _25075_/Q -> _25053_/D : -9.700943
[setup reg-reg] _25075_/Q -> _24831_/D : -9.700229
[setup reg-reg] _25075_/Q -> _25170_/D : -9.682666
[setup reg-reg] _25075_/Q -> _25070_/D : -9.651667
[setup reg-reg] _25075_/Q -> _25057_/D : -9.644653
[setup reg-reg] _25075_/Q -> _25274_/D : -9.618601
[setup reg-reg] _25075_/Q -> _25172_/D : -9.613014
[setup reg-reg] _25075_/Q -> _25162_/D : -9.602133
[setup reg-reg] _25075_/Q -> _25159_/D : -9.552299
[setup reg-reg] _25075_/Q -> _25272_/D : -9.532858
[setup reg-reg] _25075_/Q -> _25362_/D : -9.526525
[setup reg-reg] _25075_/Q -> _25293_/D : -9.481211
[setup reg-reg] _25075_/Q -> _25143_/D : -9.438962
[setup reg-reg] _25075_/Q -> _25150_/D : -9.436899
[setup reg-reg] _25075_/Q -> _25157_/D : -9.429123
[setup reg-reg] _25075_/Q -> _25354_/D : -9.421134
[setup reg-reg] _25075_/Q -> _25288_/D : -9.411705
[setup reg-reg] _25075_/Q -> _25145_/D : -9.394592
[setup reg-reg] _25075_/Q -> _25051_/D : -9.392988
[setup reg-reg] _25075_/Q -> _25148_/D : -9.389523
[setup reg-reg] _25075_/Q -> _25350_/D : -9.387533
[setup reg-reg] _25086_/Q -> _25373_/D : -9.386794
[setup reg-reg] _25075_/Q -> _25156_/D : -9.380667
[setup reg-reg] _25075_/Q -> _25060_/D : -9.379422
[setup reg-reg] _25075_/Q -> _25047_/D : -9.371039
[setup reg-reg] _25075_/Q -> _25146_/D : -9.346733
[setup reg-reg] _25075_/Q -> _25154_/D : -9.324925
[setup reg-reg] _25075_/Q -> _25125_/D : -9.319516
[setup reg-reg] _25075_/Q -> _25063_/D : -9.317866
[setup reg-reg] _25075_/Q -> _25042_/D : -9.299287
[setup reg-reg] _25075_/Q -> _25163_/D : -9.291927
[setup reg-reg] _25075_/Q -> _25342_/D : -9.280620
[setup reg-reg] _25075_/Q -> _25045_/D : -9.231366
[setup reg-reg] _25075_/Q -> _25189_/D : -9.194059
[setup reg-reg] _25075_/Q -> _25346_/D : -9.193018
[setup reg-reg] _25075_/Q -> _25308_/D : -9.191307
[setup reg-reg] _25075_/Q -> _25348_/D : -9.165044
[setup reg-reg] _25075_/Q -> _25284_/D : -9.161944
[setup reg-reg] _25075_/Q -> _25024_/D : -9.156782
[setup reg-reg] _25075_/Q -> _25062_/D : -9.152322
[setup reg-reg] _25075_/Q -> _25238_/D : -9.150312
[setup reg-reg] _25075_/Q -> _25243_/D : -9.150312
[setup reg-reg] _25075_/Q -> _25151_/D : -9.141641
[setup reg-reg] _25075_/Q -> _25043_/D : -9.140067
[setup reg-reg] _25075_/Q -> _25135_/D : -9.099473
[setup reg-reg] _25075_/Q -> _25291_/D : -9.045318
[setup reg-reg] _25075_/Q -> _25152_/D : -9.041344
[setup reg-reg] _25075_/Q -> _25352_/D : -9.037229
[setup reg-reg] _25075_/Q -> _25161_/D : -9.027637
[setup reg-reg] _25075_/Q -> _25298_/D : -9.023657
[setup reg-reg] _25075_/Q -> _25166_/D : -9.011395
[setup reg-reg] _25075_/Q -> _25050_/D : -9.001967
[setup reg-reg] _25075_/Q -> _25121_/D : -8.996921
[setup reg-reg] _25075_/Q -> _25358_/D : -8.986721
[setup reg-reg] _25075_/Q -> _25155_/D : -8.984184
[setup reg-reg] _25075_/Q -> _25126_/D : -8.981855
[setup reg-reg] _25075_/Q -> _25153_/D : -8.978791
[setup reg-reg] _25075_/Q -> _25109_/D : -8.964534
[setup reg-reg] _25075_/Q -> _25169_/D : -8.959867
[setup reg-reg] _25075_/Q -> _25297_/D : -8.959742
[setup reg-reg] _25075_/Q -> _25290_/D : -8.943124
[setup reg-reg] _25075_/Q -> _25052_/D : -8.932297
[setup reg-reg] _25075_/Q -> _25017_/D : -8.930571
[setup reg-reg] _25075_/Q -> _25134_/D : -8.930091
[setup reg-reg] _25075_/Q -> _24875_/D : -8.898036
[setup reg-reg] _25075_/Q -> _24834_/D : -8.894176
[setup reg-reg] _25075_/Q -> _25287_/D : -8.893290
[setup reg-reg] _25075_/Q -> _25340_/D : -8.881884
[setup reg-reg] _25075_/Q -> _25117_/D : -8.871794
[setup reg-reg] _25075_/Q -> _25111_/D : -8.828995
[setup reg-reg] _25075_/Q -> _25113_/D : -8.828995
[setup reg-reg] _25075_/Q -> _25114_/D : -8.828995
[setup reg-reg] _25075_/Q -> _25118_/D : -8.828995
[setup reg-reg] _25075_/Q -> _25119_/D : -8.828995
[setup reg-reg] _25075_/Q -> _25120_/D : -8.828995
[setup reg-reg] _25075_/Q -> _25122_/D : -8.828995
[setup reg-reg] _25075_/Q -> _25123_/D : -8.828995
[setup reg-reg] _25075_/Q -> _25124_/D : -8.828995
[setup reg-reg] _25075_/Q -> _25127_/D : -8.828995
[setup reg-reg] _25075_/Q -> _25128_/D : -8.828995
[setup reg-reg] _25075_/Q -> _25129_/D : -8.828995
[setup reg-reg] _25075_/Q -> _25130_/D : -8.828995
[setup reg-reg] _25075_/Q -> _25131_/D : -8.828995
[setup reg-reg] _25075_/Q -> _25139_/D : -8.828995
[setup reg-reg] _25075_/Q -> _25140_/D : -8.828995
[setup reg-reg] _25075_/Q -> _25347_/D : -8.827904
[setup reg-reg] _25075_/Q -> _25036_/D : -8.823155
[setup reg-reg] _25075_/Q -> _25020_/D : -8.819763
[setup reg-reg] _25075_/Q -> _25344_/D : -8.806447
[setup reg-reg] _25075_/Q -> _25353_/D : -8.792881
[setup reg-reg] _25075_/Q -> _25142_/D : -8.789069
[setup reg-reg] _25075_/Q -> _25044_/D : -8.785068
[setup reg-reg] _25075_/Q -> _25294_/D : -8.780214
[setup reg-reg] _25075_/Q -> _25065_/D : -8.780191
[setup reg-reg] _25075_/Q -> _25046_/D : -8.760043
[setup reg-reg] _25075_/Q -> _25025_/D : -8.757185
[setup reg-reg] _25075_/Q -> _25147_/D : -8.740371
[setup reg-reg] _25075_/Q -> _25356_/D : -8.722287
[setup reg-reg] _25075_/Q -> _25027_/D : -8.710706
[setup reg-reg] _25075_/Q -> _24876_/D : -8.685658
[setup reg-reg] _25075_/Q -> _25110_/D : -8.677187
[setup reg-reg] _25075_/Q -> _25115_/D : -8.677187
[setup reg-reg] _25075_/Q -> _25136_/D : -8.677187
[setup reg-reg] _25075_/Q -> _25137_/D : -8.677187
[setup reg-reg] _25075_/Q -> _25339_/D : -8.673988
[setup reg-reg] _25075_/Q -> _25285_/D : -8.671874
[setup reg-reg] _25075_/Q -> _25335_/D : -8.659802
[setup reg-reg] _25075_/Q -> _24836_/D : -8.657527
[setup reg-reg] _25075_/Q -> _25332_/D : -8.644952
[setup reg-reg] _25075_/Q -> _25054_/D : -8.641328
[setup reg-reg] _25075_/Q -> _25048_/D : -8.626357
[setup reg-reg] _25075_/Q -> _25337_/D : -8.613377
[setup reg-reg] _25075_/Q -> _24835_/D : -8.602467
[setup reg-reg] _25075_/Q -> _25351_/D : -8.598665
[setup reg-reg] _25075_/Q -> _25181_/D : -8.590200
[setup reg-reg] _25075_/Q -> _24865_/D : -8.582902
[setup reg-reg] _25075_/Q -> _25138_/D : -8.579802
[setup reg-reg] _25075_/Q -> _25019_/D : -8.579154
[setup reg-reg] _25075_/Q -> _25345_/D : -8.571830
[setup reg-reg] _25075_/Q -> _25141_/D : -8.566275
[setup reg-reg] _25075_/Q -> _24868_/D : -8.561515
[setup reg-reg] _25075_/Q -> _25357_/D : -8.547931
[setup reg-reg] _25075_/Q -> _24877_/D : -8.534668
[setup reg-reg] _25075_/Q -> _25334_/D : -8.512622
[setup reg-reg] _25075_/Q -> _25338_/D : -8.504395
[setup reg-reg] _25075_/Q -> _25289_/D : -8.500369
[setup reg-reg] _25075_/Q -> _24882_/D : -8.438184
[setup reg-reg] _25075_/Q -> _24871_/D : -8.430855
[setup reg-reg] _25075_/Q -> _25133_/D : -8.430196
[setup reg-reg] _25075_/Q -> _25355_/D : -8.425351
[setup reg-reg] _25075_/Q -> _24869_/D : -8.417246
[setup reg-reg] _25075_/Q -> _25343_/D : -8.411616
[setup reg-reg] _25075_/Q -> _24859_/D : -8.406868
[setup reg-reg] _25075_/Q -> _25038_/D : -8.406349
[setup reg-reg] _25075_/Q -> _25363_/D : -8.393542
[setup reg-reg] _25075_/Q -> _25039_/D : -8.393055
[setup reg-reg] _25075_/Q -> _25112_/D : -8.392231
[setup reg-reg] _25075_/Q -> _25349_/D : -8.370552
[setup reg-reg] _25075_/Q -> _24841_/D : -8.370300
[setup reg-reg] _25075_/Q -> _25026_/D : -8.352406
[setup reg-reg] _25086_/Q -> _25292_/D : -8.351051
[setup reg-reg] _25086_/Q -> _25295_/D : -8.351051
[setup reg-reg] _25086_/Q -> _25296_/D : -8.351051
[setup reg-reg] _25075_/Q -> _25313_/D : -8.331985
[setup reg-reg] _25075_/Q -> _24818_/D : -8.328625
[setup reg-reg] _25075_/Q -> _25023_/D : -8.318688
[setup reg-reg] _25075_/Q -> _25037_/D : -8.316189
[setup reg-reg] _25075_/Q -> _25164_/D : -8.309877
[setup reg-reg] _25075_/Q -> _24860_/D : -8.294238
[setup reg-reg] _25075_/Q -> _25364_/D : -8.272783
[setup reg-reg] _25075_/Q -> _25041_/D : -8.265121
[setup reg-reg] _25075_/Q -> _25319_/D : -8.215082
[setup reg-reg] _25075_/Q -> _25320_/D : -8.215082
[setup reg-reg] _25075_/Q -> _24855_/D : -8.207947
[setup reg-reg] _25075_/Q -> _25167_/D : -8.205298
[setup reg-reg] _25075_/Q -> _25168_/D : -8.205298
[setup reg-reg] _25075_/Q -> _24814_/D : -8.204086
[setup reg-reg] _25075_/Q -> _25324_/D : -8.192608
[setup reg-reg] _25075_/Q -> _24842_/D : -8.188605
[setup reg-reg] _25075_/Q -> _25307_/D : -8.188515
[setup reg-reg] _25075_/Q -> _25040_/D : -8.186908
[setup reg-reg] _25075_/Q -> _24839_/D : -8.182602
[setup reg-reg] _25075_/Q -> _24853_/D : -8.163818
[setup reg-reg] _25075_/Q -> _24873_/D : -8.156803
[setup reg-reg] _25075_/Q -> _24880_/D : -8.134357
[setup reg-reg] _25075_/Q -> _24867_/D : -8.131886
[setup reg-reg] _25075_/Q -> _25068_/D : -8.118401
[setup reg-reg] _25075_/Q -> _25149_/D : -8.116014
[setup reg-reg] _25075_/Q -> _25116_/D : -8.114492
[setup reg-reg] _25075_/Q -> _25304_/D : -8.113029
[setup reg-reg] _25075_/Q -> _25309_/D : -8.113029
[setup reg-reg] _25075_/Q -> _25317_/D : -8.113029
[setup reg-reg] _25075_/Q -> _25033_/D : -8.100829
[setup reg-reg] _25075_/Q -> _24832_/D : -8.078560
[setup reg-reg] _25075_/Q -> _25034_/D : -8.068698
[setup reg-reg] _25075_/Q -> _25035_/D : -8.068698
[setup reg-reg] _25075_/Q -> _24883_/D : -8.065745
[setup reg-reg] _25075_/Q -> _24864_/D : -8.061962
[setup reg-reg] _25075_/Q -> _24828_/D : -8.056073
[setup reg-reg] _25075_/Q -> _25302_/D : -8.053524
[setup reg-reg] _25075_/Q -> _25303_/D : -8.053524
[setup reg-reg] _25075_/Q -> _25305_/D : -8.053524
[setup reg-reg] _25075_/Q -> _25306_/D : -8.053524
[setup reg-reg] _25075_/Q -> _25310_/D : -8.053524
[setup reg-reg] _25075_/Q -> _25311_/D : -8.053524
[setup reg-reg] _25075_/Q -> _25312_/D : -8.053524
[setup reg-reg] _25075_/Q -> _25314_/D : -8.053524
[setup reg-reg] _25075_/Q -> _25315_/D : -8.053524
[setup reg-reg] _25075_/Q -> _25316_/D : -8.053524
[setup reg-reg] _25075_/Q -> _25318_/D : -8.053524
[setup reg-reg] _25075_/Q -> _25321_/D : -8.053524
[setup reg-reg] _25075_/Q -> _25322_/D : -8.053524
[setup reg-reg] _25075_/Q -> _25323_/D : -8.053524
[setup reg-reg] _25075_/Q -> _25325_/D : -8.053524
[setup reg-reg] _25075_/Q -> _25326_/D : -8.053524
[setup reg-reg] _25075_/Q -> _25327_/D : -8.053524
[setup reg-reg] _25075_/Q -> _25328_/D : -8.053524
[setup reg-reg] _25075_/Q -> _25329_/D : -8.053524
[setup reg-reg] _25075_/Q -> _25330_/D : -8.053524
[setup reg-reg] _25075_/Q -> _25331_/D : -8.053524
[setup reg-reg] _25075_/Q -> _25013_/D : -8.044008
[setup reg-reg] _25075_/Q -> _24812_/D : -8.033389
[setup reg-reg] _25075_/Q -> _24857_/D : -8.016887
[setup reg-reg] _25075_/Q -> _24858_/D : -8.010341
[setup reg-reg] _25075_/Q -> _24824_/D : -7.998681
[setup reg-reg] _25075_/Q -> _24881_/D : -7.990432
[setup reg-reg] _25075_/Q -> _24854_/D : -7.971883
[setup reg-reg] _25075_/Q -> _25240_/D : -7.964728
[setup reg-reg] _25075_/Q -> _25165_/D : -7.936443
[setup reg-reg] _25075_/Q -> _24817_/D : -7.932098
[setup reg-reg] _25075_/Q -> _24856_/D : -7.925458
[setup reg-reg] _25075_/Q -> _24840_/D : -7.922548
[setup reg-reg] _25075_/Q -> _24830_/D : -7.901344
[setup reg-reg] _25075_/Q -> _25341_/D : -7.899384
[setup reg-reg] _25075_/Q -> _24813_/D : -7.893640
[setup reg-reg] _25075_/Q -> _24827_/D : -7.892546
[setup reg-reg] _25075_/Q -> _25361_/D : -7.888348
[setup reg-reg] _25075_/Q -> _25021_/D : -7.877633
[setup reg-reg] _25075_/Q -> _24815_/D : -7.847215
[setup reg-reg] _25075_/Q -> _24870_/D : -7.843932
[setup reg-reg] _25075_/Q -> _25067_/D : -7.835313
[setup reg-reg] _25075_/Q -> _25010_/D : -7.793530
[setup reg-reg] _25075_/Q -> _25336_/D : -7.788440
[setup reg-reg] _25075_/Q -> _25016_/D : -7.786964
[setup reg-reg] _25075_/Q -> _25066_/D : -7.785309
[setup reg-reg] _25075_/Q -> _25359_/D : -7.769980
[setup reg-reg] _25075_/Q -> _25015_/D : -7.670213
[setup reg-reg] _25075_/Q -> _24819_/D : -7.633348
[setup reg-reg] _25075_/Q -> _25333_/D : -7.632066
[setup reg-reg] _25075_/Q -> _25360_/D : -7.629542
[setup reg-reg] _25075_/Q -> _24837_/D : -7.604507
[setup reg-reg] _25075_/Q -> _24838_/D : -7.604202
[setup reg-reg] _25075_/Q -> _24874_/D : -7.594315
[setup reg-reg] _25075_/Q -> _24826_/D : -7.588620
[setup reg-reg] _25075_/Q -> _24861_/D : -7.545331
[setup reg-reg] _25075_/Q -> _24829_/D : -7.535159
[setup reg-reg] _25075_/Q -> _24823_/D : -7.516482
[setup reg-reg] _25075_/Q -> _24878_/D : -7.481647
[setup reg-reg] _25075_/Q -> _24879_/D : -7.481342
[setup reg-reg] _25075_/Q -> _25012_/D : -7.461058
[setup reg-reg] _25075_/Q -> _24816_/D : -7.433137
[setup reg-reg] _25075_/Q -> _24820_/D : -7.414903
[setup reg-reg] _25075_/Q -> _25030_/D : -7.410671
[setup reg-reg] _25075_/Q -> _25144_/D : -7.393329
[setup reg-reg] _25075_/Q -> _24833_/D : -7.363078
[setup reg-reg] _25075_/Q -> _25132_/D : -7.349048
[setup reg-reg] _25075_/Q -> _25031_/D : -7.251504
[setup reg-reg] _25075_/Q -> _25029_/D : -7.251400
[setup reg-reg] _25075_/Q -> _25014_/D : -7.177979
[setup reg-reg] _25075_/Q -> _25022_/D : -7.177979
[setup reg-reg] _25075_/Q -> _25028_/D : -7.061049
[setup reg-reg] _25075_/Q -> _25009_/D : -7.058571
[setup reg-reg] _25075_/Q -> _25011_/D : -7.041303
[setup reg-reg] _25075_/Q -> _25008_/D : -6.999834
[setup reg-reg] _25075_/Q -> _25108_/D : -6.971069
[setup reg-reg] _25075_/Q -> _25018_/D : -6.902486
[setup reg-reg] _25086_/Q -> _25082_/D : -6.857533
[setup reg-reg] _25075_/Q -> _24852_/D : -6.856544
[setup reg-reg] _25075_/Q -> _24811_/D : -6.726115
[setup reg-reg] _25075_/Q -> _25105_/D : -6.230543
[setup reg-reg] _25075_/Q -> _25103_/D : -5.348708
[setup reg-reg] _25075_/Q -> _25081_/D : -3.248235
[setup reg-reg] _25075_/Q -> _25075_/D : -3.130651
[setup reg-reg] _25075_/Q -> _25083_/D : -3.111563
[setup reg-reg] _25075_/Q -> _25080_/D : -3.002878
[setup reg-reg] _25075_/Q -> _25087_/D : -3.002878
[setup reg-reg] _25075_/Q -> _25077_/D : -1.964414
[setup reg-reg] _25075_/Q -> _25074_/D : -1.879782
[setup reg-reg] _25075_/Q -> _25076_/D : -1.415783
[setup reg-reg] _25075_/Q -> _25079_/D : -1.388305
[setup reg-reg] _25075_/Q -> _25085_/D : -1.009427
[setup reg-reg] _25075_/Q -> _25078_/D : -0.635314
[setup reg-reg] _25075_/Q -> _24898_/D : -0.058082
