net,length_um
net607,1.74727mm
net739,1.73386mm
net240,1.69704mm
net1101,1.68207mm
net340,1.67142mm
net1189,1.66031mm
net174,1.58378mm
net1205,1.58286mm
net1138,1.54138mm
net712,1.54016mm
net1143,1.53138mm
net1072,1.5266mm
net1086,1.49952mm
rx_data\[3\],1.48455mm
net1091,1.48172mm
net1064,1.45901mm
clknet_2_0_0_clk,1.45267mm
net1291,1.45115mm
net1296,1.4367mm
net1168,1.43406mm
net1068,1.42219mm
net1097,1.42188mm
net1259,1.4201mm
net1152,1.41493mm
net1255,1.41333mm
net1160,1.40732mm
net1271,1.40427mm
net224,1.40365mm
net1187,1.40246mm
net1290,1.39589mm
clknet_2_3_0_clk,1.39551mm
net1177,1.38981mm
net1114,1.38874mm
net1275,1.38528mm
net1171,1.37673mm
net1154,1.36844mm
net1181,1.36084mm
net1190,1.34934mm
net1267,1.34843mm
net1297,1.34832mm
clknet_2_2_0_clk,1.33793mm
net1207,1.33549mm
net308,1.33047mm
net1351,1.31991mm
net1066,1.31869mm
net1279,1.31797mm
net1197,1.31482mm
net633,1.3146mm
net1249,1.30922mm
net1346,1.30365mm
net1247,1.29173mm
net1227,1.28759mm
net1195,1.28367mm
net1363,1.28173mm
net1245,1.28132mm
net878,1.27916mm
net1344,1.27909mm
net1253,1.27562mm
net1129,1.26922mm
net1300,1.26904mm
net1132,1.26884mm
_12067_,1.26219mm
net1281,1.25984mm
net1164,1.25343mm
net1088,1.2497mm
net1219,1.24706mm
net1092,1.24543mm
net1118,1.24059mm
net814,1.23779mm
net1210,1.23545mm
net1340,1.2347mm
net1251,1.2337mm
net266,1.23057mm
net927,1.2287mm
net134,1.22557mm
net1130,1.22507mm
net166,1.2243mm
net1099,1.22349mm
net1076,1.22298mm
net1354,1.22293mm
clknet_2_1_0_clk,1.22244mm
net1211,1.21701mm
net1185,1.21629mm
net1287,1.21624mm
net1299,1.2155mm
net1362,1.21484mm
net1193,1.21332mm
net1200,1.21224mm
net1148,1.20939mm
net1283,1.20934mm
_12055_,1.20563mm
net1234,1.20343mm
net561,1.19828mm
net1175,1.19672mm
net644,1.19396mm
net1141,1.19259mm
net1126,1.19167mm
net1109,1.18994mm
net1215,1.18652mm
net884,1.18557mm
net1304,1.18198mm
net721,1.18195mm
net1134,1.18166mm
net1293,1.18064mm
net615,1.17635mm
net670,1.17032mm
net1124,1.16841mm
net1071,1.16627mm
net1341,1.16544mm
net1119,1.16357mm
net1239,1.16235mm
_08438_,1.16142mm
net1173,1.15979mm
net544,1.15813mm
net1573,1.1528mm
net1084,1.15181mm
net1156,1.15021mm
_12013_,1.15015mm
net1231,1.14855mm
net1150,1.14625mm
net328,1.14586mm
net258,1.14484mm
net1146,1.14285mm
net576,1.13761mm
net1167,1.13435mm
net1243,1.12768mm
clknet_0_clk,1.12601mm
net207,1.12519mm
net1116,1.12371mm
net1583,1.12234mm
net269,1.12172mm
net1295,1.11976mm
net767,1.11625mm
net1565,1.11307mm
net657,1.11144mm
net1136,1.10564mm
net1568,1.10447mm
_11597_,1.10358mm
net1241,1.10304mm
net349,1.10268mm
net906,1.10241mm
net1080,1.10116mm
net1087,1.0994mm
_12045_,1.09758mm
net1235,1.09339mm
net1104,1.07845mm
net1237,1.07779mm
net1285,1.07779mm
_08967_,1.07759mm
net838,1.07755mm
_12005_,1.07647mm
net1497,1.07557mm
_12061_,1.07448mm
net319,1.07443mm
net1163,1.07384mm
net1208,1.07326mm
net1277,1.07316mm
net191,1.07182mm
net1105,1.07163mm
net730,1.0699mm
net1203,1.06832mm
net624,1.0647mm
_12046_,1.06417mm
net1578,1.06302mm
net848,1.0627mm
net92,1.06133mm
net930,1.05763mm
net1257,1.05422mm
net665,1.05415mm
net1202,1.0533mm
net1102,1.05264mm
net1439,1.04729mm
net1330,1.0467mm
_12023_,1.04526mm
_12011_,1.04485mm
_09912_,1.03958mm
_07208_,1.03644mm
net859,1.03454mm
net177,1.03355mm
net849,1.03233mm
net1179,1.03215mm
net610,1.03131mm
_03865_,1.03055mm
net1127,1.02856mm
net1218,1.02337mm
net954,1.02283mm
net1278,1.02166mm
_12068_,1.01997mm
_12054_,1.01859mm
_08901_,1.01779mm
_12073_,1.01696mm
net929,1.01693mm
_12031_,1.01558mm
net853,1.01505mm
net348,1.01471mm
_08835_,1.01417mm
_12032_,1.01094mm
net1107,1.0056mm
net1263,1.00458mm
clk,1.00409mm
net975,1.00314mm
_03772_,1.00255mm
net1122,1.00255mm
_12038_,1.00201mm
net1183,1.00117mm
net857,998.03µm
net199,997.86µm
net751,997.61µm
net219,997.2µm
net851,996.57µm
net1261,995.93µm
net1333,995.31µm
net904,993.64µm
_08042_,991.12µm
net1284,990.94µm
_07071_,985.02µm
net663,982.99µm
net1223,982.61µm
net303,978.77µm
net1069,978.52µm
_07276_,977.9µm
net101,977.83µm
net1082,973.12µm
net1360,971.85µm
net1213,971.39µm
net1217,971.24µm
net852,970.7µm
net129,970.57µm
net797,970.45µm
net1303,970.26µm
net1268,969.86µm
net1273,968.64µm
_12065_,967.42µm
_06309_,964.94µm
net925,963.68µm
net788,959.87µm
net1192,957.39µm
net667,954.96µm
net1198,953.42µm
_12072_,952.45µm
net249,951.04µm
net1662,950.95µm
net978,946.76µm
net870,946.31µm
net142,944.8µm
net867,941.76µm
net543,938.96µm
net1269,937.33µm
net1553,936.85µm
_12057_,936.67µm
net951,935.8µm
net1459,935.36µm
net556,934.99µm
net1560,934.65µm
net1400,933.87µm
net755,933.26µm
_09191_,931.58µm
net855,928.42µm
net869,927.18µm
net1085,926.54µm
net1078,926.49µm
net1158,926.03µm
net629,925.52µm
_12047_,923.86µm
net1110,923.79µm
_12018_,923.11µm
net903,922.92µm
net1741,922.62µm
_08108_,921.91µm
net1380,921.65µm
net281,921.19µm
net818,918.03µm
net946,915.92µm
net1161,912.59µm
net105,909.04µm
net1169,908.77µm
net121,907.67µm
net804,906.88µm
_12053_,905.92µm
_12016_,905.61µm
net232,904.87µm
net1270,904.42µm
net109,904.09µm
net895,903.77µm
net1555,903.02µm
net1058,902.6µm
net150,902.26µm
net840,901.52µm
net722,901.31µm
net759,899.3µm
net1095,897.32µm
_12025_,896.49µm
_12059_,894.81µm
pp_inst.core_inst.kadd_3_done,894.67µm
_05281_,893.8µm
net743,893.17µm
net656,892.07µm
net891,891.99µm
net837,889.22µm
net949,889.16µm
net1875,888.06µm
net871,887.45µm
net959,886.62µm
net1307,884.4µm
net883,884.18µm
net822,883.91µm
_09500_,883.28µm
net598,882.35µm
net1359,881.18µm
net1558,880.26µm
net254,877.68µm
_12071_,877.21µm
net782,875.78µm
_03638_,875.38µm
net138,875.17µm
net926,874.22µm
_03908_,874.21µm
net1738,874.18µm
net649,873.93µm
net704,872.15µm
net145,871.2µm
net127,870.03µm
net960,868.81µm
net118,868.02µm
_11101_,865.66µm
net1347,865.14µm
net806,863.72µm
net787,863.67µm
_07712_,862.87µm
net1165,861.88µm
net664,861.32µm
net282,861.07µm
net1345,860.92µm
net126,860µm
net716,859.29µm
net948,858.88µm
_11594_,858.12µm
net299,857.82µm
net1342,856.59µm
net1096,855.38µm
net130,854.3µm
net1121,853.08µm
net861,852.82µm
net1288,852.67µm
net575,848.6µm
net1441,847.07µm
net1222,844.38µm
_12027_,844.22µm
net189,844.22µm
_09437_,843.52µm
net813,842.54µm
_12015_,841.98µm
net947,841.1µm
_04224_,840.71µm
net1331,840.5µm
net1172,839.34µm
net1294,838.87µm
net1352,838.52µm
_12076_,838.42µm
net1125,838.06µm
net771,837.45µm
_12033_,835.72µm
net1128,834.85µm
_12022_,834.7µm
net1229,834.29µm
net1324,832µm
net167,831.59µm
net1131,830.93µm
net1166,830.32µm
net1067,829.18µm
net1306,825.69µm
_12048_,825.44µm
net654,824.62µm
_04043_,823.96µm
_08604_,822.37µm
net830,821.21µm
net1276,820.75µm
net154,819.61µm
net1298,819.37µm
net876,818.94µm
net872,818.51µm
net1090,818.42µm
net1162,818.05µm
_12120_,816.9µm
net1280,816.68µm
net1353,815.56µm
net662,813.19µm
net862,812.94µm
_12058_,812.33µm
net931,812.33µm
net847,811.74µm
net1221,808.53µm
net792,807.77µm
net1328,807.03µm
net182,806.6µm
net186,804.97µm
net1209,804.82µm
net1137,803.85µm
net726,803.39µm
net697,801.55µm
net1305,800.8µm
net1191,800.59µm
rx_data\[0\],800.45µm
_09531_,799.68µm
net905,799.52µm
net1327,799.52µm
net241,799.16µm
net1206,798.02µm
net747,797.69µm
net1326,796.95µm
net795,796.72µm
net244,796.62µm
net253,796.47µm
_12043_,795.51µm
_10296_,793.72µm
net1098,793.16µm
_12021_,791.01µm
net1329,790.49µm
net1111,790.11µm
net945,790.09µm
net87,784.39µm
net668,783.41µm
net1176,782.47µm
net1074,781.6µm
net1153,781.03µm
net1320,778.8µm
net955,774.68µm
_05993_,772.64µm
net1157,769.84µm
net316,769.54µm
_09123_,768.62µm
net1194,767.4µm
net587,767.3µm
net125,767.25µm
net100,766.7µm
net1233,765.92µm
net120,765.56µm
net601,764.62µm
_12075_,762.62µm
net874,762.46µm
_03729_,761.69µm
_10817_,761.46µm
_12007_,760.74µm
net187,759.61µm
net1302,758.08µm
net720,757.9µm
net1240,757.37µm
net865,756.96µm
net146,755.74µm
net1065,755.54µm
net102,755.18µm
net540,755.18µm
net208,754.92µm
_12020_,753.63µm
net1379,753.52µm
net914,751.29µm
net245,751.26µm
net916,750.34µm
net88,750.14µm
net666,750.09µm
spi_ctrl.word_buf\[22\],749.87µm
net215,749.63µm
_09826_,749.58µm
net1265,749.12µm
net595,749.1µm
net1103,748.66µm
net1411,748.56µm
net124,747.85µm
net1547,747.57µm
net218,747.49µm
net1332,746.14µm
net553,745.78µm
net116,744.28µm
net1551,744.13µm
net307,743.37µm
net805,742.89µm
net1559,742.66µm
net1318,742.25µm
net1437,740.72µm
net242,739.65µm
net302,739.14µm
net579,738.05µm
net1358,737.82µm
net93,736.42µm
_10668_,736.31µm
net1113,736.04µm
net868,735.89µm
net301,735.68µm
_06712_,735.56µm
_11995_,735.24µm
net1742,734.96µm
net967,734.61µm
net1256,732.52µm
net700,731.8µm
net864,730.9µm
net1159,730.44µm
net122,730.03µm
net1418,729.42µm
net1248,729.11µm
net1230,728.96µm
_12063_,728.92µm
key\[28\],726.35µm
net1262,726.01µm
net754,725.75µm
_04923_,725.22µm
net311,724.53µm
net205,724.25µm
net1435,723.41µm
net1184,723.31µm
net1089,723.21µm
net231,722.19µm
net590,720.46µm
net775,719.75µm
net976,719.39µm
net650,718.93µm
_05418_,718.91µm
net639,718.27µm
net1246,718.07µm
net1016,717.81µm
net843,717.43µm
net1196,717.1µm
_09121_,716.54µm
net97,714.35µm
_12254_,714.23µm
net592,712.36µm
net235,709.46µm
net1079,709.39µm
_04089_,709.06µm
net548,708.8µm
net211,708.75µm
net1425,708.7µm
net811,707.83µm
_05246_,707.68µm
net223,707.58µm
net1061,706.91µm
net1737,706.51µm
net899,706.46µm
net703,705.62µm
net545,705.29µm
net1520,704.78µm
net1225,704.22µm
_09412_,704.17µm
net216,703.84µm
net1106,703.81µm
_03997_,703.46µm
net634,702.84µm
_10704_,702.54µm
_05989_,699.74µm
net642,698.57µm
net1117,697.55µm
net785,697.32µm
net777,697.19µm
net1438,696.99µm
net541,696.38µm
net1077,695.21µm
net229,694.75µm
net180,694.19µm
net195,694.19µm
_09954_,694.14µm
net574,693.53µm
net141,693.17µm
_06714_,693.02µm
net1355,691.62µm
net798,690.73µm
_12028_,690.68µm
net617,690.27µm
net839,690.17µm
net1272,689.66µm
net1349,689.56µm
net1289,689.05µm
net1496,687.73µm
net325,687.7µm
_11595_,687.31µm
net1199,686.15µm
net909,686µm
net594,685.84µm
net104,684.98µm
net1188,683.4µm
net713,682.99µm
net165,682.94µm
net259,682.02µm
spi_ctrl.word_buf\[19\],680.95µm
net318,680.85µm
net924,680.67µm
net766,680.34µm
net756,679.32µm
net1554,678.67µm
net1562,678.51µm
net902,677.95µm
net1174,677.19µm
net327,675.35µm
net1236,674.39µm
net332,672.86µm
net1314,672.81µm
net653,672.35µm
net1416,671.47µm
net1317,671.03µm
net1139,670.52µm
net214,669.96µm
net1186,669.5µm
net763,667.82µm
_04870_,667.56µm
net1546,667.36µm
net882,667.31µm
net563,666.7µm
net1120,666.6µm
net1135,665.99µm
net227,664.51µm
net1250,663.8µm
net278,663.54µm
net599,662.73µm
net602,661.94µm
net529,661.1µm
net1369,660.59µm
_06641_,660.36µm
net1286,660.2µm
net835,659.47µm
net746,658.91µm
net915,658.5µm
net288,658.35µm
net1348,658.35µm
net952,657.01µm
_09894_,656.24µm
net707,656.21µm
net1612,655.81µm
net729,655.35µm
net772,655.35µm
net90,654.89µm
_06713_,653.45µm
_11660_,651.66µm
net335,651.63µm
net591,651.63µm
net1678,651.53µm
net1050,651.43µm
net1282,651.38µm
net964,648.25µm
net284,648.07µm
net953,647.91µm
net1436,647.15µm
net750,647.1µm
net1676,646.49µm
_11167_,646.39µm
net1155,645.83µm
spi_ctrl.word_buf\[9\],645.06µm
net1364,644.91µm
net1489,643.89µm
net261,642.87µm
net727,642.62µm
_10466_,642.6µm
net1252,642.59µm
net817,642.57µm
net1570,640.84µm
_04221_,640.69µm
net815,639.77µm
net745,639.67µm
net786,639.41µm
_05946_,638.65µm
_05990_,638.27µm
net570,637.63µm
net132,637.48µm
net1060,637.22µm
rx_data\[5\],637.07µm
net1540,636.91µm
net646,635.44µm
net1258,634.68µm
_09949_,633.82µm
net206,633.05µm
net275,632.13µm
_06486_,631.22µm
net192,630.96µm
net936,630.35µm
_09907_,629.89µm
net305,629.18µm
_03409_,627.76µm
net1430,627.04µm
net1431,626.89µm
net626,625.97µm
net956,625.87µm
net286,623.72µm
net267,623.63µm
net400,623.38µm
net780,622.97µm
net1083,622.31µm
net91,622.05µm
net913,621.47µm
net647,620.83µm
net1112,619.61µm
net338,619.25µm
net1429,618.44µm
net204,617.93µm
_06228_,617.88µm
net723,617.88µm
net1238,617.42µm
_03951_,617.32µm
_04781_,616.62µm
_09830_,616.1µm
net222,615.28µm
net917,614.8µm
net568,613.96µm
net920,613.72µm
_09890_,613.45µm
net1584,613.35µm
_05077_,612.75µm
_09828_,610.5µm
net1182,610.27µm
net181,610.14µm
net921,609.31µm
_11355_,609.07µm
_12034_,608.36µm
net1575,608.26µm
net310,607.9µm
net264,607.49µm
_11352_,607.29µm
net912,606.68µm
net1366,606.12µm
_07514_,606.07µm
net1552,605.81µm
net196,605.2µm
net1151,604.9µm
_11915_,603.93µm
net175,603.22µm
_05348_,601.9µm
net1367,601.64µm
net1260,601.59µm
_06307_,601.37µm
net170,600.67µm
key\[31\],598.54µm
net706,598.43µm
net1580,596.7µm
_09687_,596.6µm
net1070,596.6µm
net169,596.34µm
net741,595.43µm
net107,595.22µm
net331,595.12µm
_11032_,594.36µm
net230,593.77µm
_08405_,593.01µm
net291,592.22µm
net1557,592.17µm
key\[30\],592.12µm
_06029_,591.7µm
net944,591.68µm
net564,590.54µm
net635,590.54µm
net887,589.52µm
net1548,589.47µm
_08471_,589.35µm
net1226,588.86µm
net334,588.7µm
_06621_,588.66µm
net98,588.4µm
_09941_,588.39µm
net856,587.77µm
net616,587.74µm
net939,587.64µm
net1440,587.41µm
net123,587.28µm
net652,586.57µm
_12209_,586.47µm
_09033_,585.45µm
_07811_,585.3µm
_10718_,584.94µm
net1684,584.84µm
net873,584.79µm
net1409,584.28µm
_10943_,583.28µm
net793,581.27µm
net1274,581.02µm
clknet_6_32_0_clk,580.15µm
net619,579.75µm
net620,579.75µm
net1133,579.65µm
net1017,579.44µm
net1579,579.29µm
net225,577.25µm
net566,577.1µm
net970,577.05µm
net1598,576.9µm
net160,576.64µm
net86,576.03µm
net294,575.93µm
_04220_,575.71µm
net1055,575.27µm
net603,575.11µm
net190,573.28µm
net322,573.13µm
net200,572.72µm
net1739,572.67µm
net250,572.31µm
net1075,572.01µm
net343,571.8µm
net1312,570.94µm
net1869,570.74µm
net309,569.77µm
net1108,568.14µm
net330,567.68µm
net1786,567.38µm
_05838_,567.07µm
net1264,567.02µm
net1073,566.97µm
net605,566.81µm
net1719,566.41µm
net845,565.66µm
net110,565.54µm
_04863_,564.83µm
net810,563.76µm
_09829_,562.85µm
clknet_6_37_0_clk,562.28µm
net641,562.23µm
net1550,562.08µm
_09953_,562.05µm
net1413,562.03µm
net347,561.93µm
net643,561.44µm
net1254,561.42µm
_10430_,560.91µm
net583,559.84µm
net135,559.28µm
net550,558.82µm
net1115,558.47µm
net973,557.83µm
net220,557.55µm
net794,557.4µm
net1147,557.35µm
net1232,556.99µm
net313,556.94µm
net687,556.84µm
net209,555.97µm
_10501_,555.96µm
net1544,555.93µm
_09910_,555.89µm
_05716_,555.73µm
net1835,555.62µm
_05683_,554.11µm
net761,553.17µm
_04963_,553.13µm
net333,553.12µm
net336,553.02µm
net710,552.46µm
_07745_,551.64µm
_04887_,550.73µm
net273,549.91µm
net1549,548.59µm
_04775_,548.55µm
net111,548.08µm
net757,548.08µm
net1574,547.27µm
net268,545.84µm
_11987_,545.64µm
key\[5\],545.64µm
net625,545.59µm
net202,545.28µm
net841,545.03µm
rx_data\[1\],544.72µm
net314,544.52µm
net236,544.16µm
net341,543.6µm
net854,543.49µm
_05705_,543.33µm
net801,543.09µm
net858,542.84µm
net1450,542.38µm
net820,542.28µm
net896,541.87µm
net217,540.75µm
net1244,540.14µm
net1214,540.04µm
net1039,539.99µm
net1081,539.94µm
net593,539.83µm
net554,539.63µm
net1322,539.02µm
_09824_,538.56µm
_11907_,538.08µm
net234,537.67µm
net735,537.39µm
net760,537.39µm
_10151_,537.27µm
_06087_,536.14µm
_10946_,536.07µm
net1456,536.01µm
net879,534.79µm
net103,534.08µm
net1224,533.73µm
_05746_,533.55µm
net614,532.91µm
net1038,532.86µm
net1517,532.25µm
net247,531.33µm
net1057,531.13µm
_04771_,531.08µm
_06151_,530.9µm
net957,530.72µm
net648,530.52µm
_06700_,529.35µm
net1687,528.53µm
net1689,527.82µm
net113,527.77µm
net1350,527.72µm
_09532_,527.62µm
net748,527.51µm
net819,527.13µm
_06513_,526.14µm
net823,525.94µm
_06608_,525.92µm
_06341_,525.41µm
_09688_,525.35µm
clknet_6_27_0_clk,525.12µm
net1378,525.02µm
net212,524.71µm
net609,524.25µm
net136,524.18µm
_05035_,524.13µm
_10236_,523.59µm
net289,523.49µm
net789,523.39µm
net1180,523.34µm
net539,523.29µm
_06555_,523.13µm
_08769_,523.09µm
net178,523.01µm
net1677,522.51µm
net546,521.25µm
net156,521.2µm
net1315,520.03µm
net183,519.88µm
clknet_6_49_0_clk,519.57µm
_09922_,519.54µm
net844,519.37µm
_06397_,518.81µm
clknet_6_48_0_clk,518.6µm
net94,518.25µm
clknet_6_53_0_clk,517.89µm
_10337_,517.17µm
_03593_,516.98µm
net589,516.11µm
net1415,516.06µm
_10386_,515.66µm
_08538_,515.25µm
net283,514.84µm
net1056,513.51µm
_09990_,513.16µm
net705,512.95µm
net549,512.8µm
net1713,512.73µm
_05260_,512.33µm
net1426,512.24µm
net1399,511.99µm
net778,511.63µm
net1637,510.59µm
net1428,509.9µm
net928,509.37µm
spi_ctrl.word_buf\[21\],509.29µm
net1365,508.73µm
_06019_,508.68µm
net719,508.58µm
net850,508.52µm
net979,508.27µm
net1220,507.61µm
net1228,504.76µm
net966,504.2µm
net974,503.79µm
_10394_,503.43µm
net1375,503.18µm
_05160_,503.08µm
_09914_,503.07µm
_04447_,502.88µm
net863,502.42µm
net717,502.4µm
_10188_,502.01µm
net1571,501.96µm
net1566,501.81µm
_10075_,501.44µm
_11921_,501.3µm
net894,501.04µm
net248,500.79µm
_06527_,500.63µm
_10196_,500.08µm
_08273_,499.57µm
net1420,499.41µm
net770,499.31µm
net1433,499.26µm
key\[12\],499.21µm
_10422_,498.95µm
net612,498.7µm
net918,498.29µm
_05975_,497.43µm
net812,497.12µm
net877,496.61µm
_10468_,496.41µm
_10673_,495.8µm
net538,494.73µm
net1527,494.17µm
net290,494.12µm
_05955_,494.07µm
_09122_,494.02µm
net1372,493.51µm
_06393_,493.23µm
net900,493.1µm
net1144,492.9µm
net1301,492.39µm
net320,491.93µm
_10526_,491.7µm
net106,491.62µm
spi_ctrl.word_buf\[13\],491.42µm
_09896_,491.37µm
net300,491.32µm
net800,491.27µm
net1569,490.76µm
key\[21\],490.71µm
net1123,490.71µm
net608,489.81µm
_08009_,489.37µm
net1094,488.57µm
_04828_,488.47µm
_09913_,488.24µm
_05376_,488.06µm
_09995_,488.01µm
net1100,488.01µm
_12252_,487.91µm
net198,487.91µm
net961,486.84µm
_10992_,486.79µm
net1149,486.33µm
_06690_,486.31µm
_09902_,485.69µm
net836,485.31µm
clknet_6_15_0_clk,484.54µm
net256,483.96µm
_10987_,483.94µm
net1561,483.84µm
net119,483.83µm
_10382_,482.8µm
net651,482.56µm
_10912_,482.26µm
_04401_,481.75µm
net699,480.73µm
net179,480.27µm
net157,479.81µm
net128,479.61µm
_06444_,479.58µm
_03551_,479.1µm
_06778_,479µm
_04866_,478.9µm
net762,478.54µm
net1093,478.29µm
clknet_6_52_0_clk,477.62µm
net172,477.42µm
net829,477.42µm
net1581,477.27µm
net1543,476.91µm
net669,476.87µm
net1391,476.76µm
net151,476.35µm
_07778_,475.92µm
net345,475.79µm
_10367_,475.69µm
_04483_,475.44µm
net557,475.2µm
_05674_,474.74µm
net796,474.57µm
_05737_,474.52µm
_09959_,474.42µm
_04176_,473.36µm
net890,473.27µm
net1805,472.46µm
_08802_,472.18µm
net1686,471.95µm
net279,471.87µm
net317,471.31µm
net1212,471.16µm
net950,470.65µm
net162,470.29µm
_04042_,470.27µm
net828,470.27µm
_10666_,469.94µm
net1417,469.89µm
net611,469.73µm
net571,469.63µm
net807,469.63µm
net764,469.32µm
net581,468.97µm
net1606,468.77µm
net596,468.46µm
net892,467.44µm
net832,467.09µm
net558,466.27µm
net886,466.27µm
net1338,466.01µm
net287,465.86µm
net808,465.86µm
_11132_,465.72µm
net1216,465.66µm
_10860_,465.56µm
net173,465.51µm
net1820,465.51µm
_05176_,465.1µm
_06124_,464.95µm
net1026,464.95µm
net824,464.74µm
_06058_,464.46µm
_11922_,463.34µm
net628,463.32µm
net623,463.22µm
_03950_,463.17µm
_10054_,463.15µm
net671,462.91µm
_06541_,462.89µm
_10727_,462.76µm
_10425_,462.15µm
_10133_,461.69µm
_05986_,460.96µm
net1526,460.77µm
net1532,460.57µm
clknet_6_58_0_clk,460.36µm
net263,460.16µm
net630,460.06µm
net1242,460.01µm
spi_ctrl.word_buf\[18\],459.86µm
net238,459.86µm
net262,459.8µm
net527,459.3µm
net184,459.09µm
net655,458.89µm
net158,458.84µm
net962,458.84µm
net536,458.43µm
net1627,458.38µm
net784,457.87µm
net265,457.82µm
net1525,457.82µm
_06049_,457.72µm
_03594_,457.52µm
net567,457.41µm
net1001,457.11µm
_11923_,456.6µm
net1663,456.55µm
_11924_,456.34µm
_09979_,456.27µm
net972,456.19µm
_10009_,455.99µm
net176,455.94µm
_03683_,455.85µm
net323,454.97µm
net271,454.92µm
net1361,454.82µm
net143,454.05µm
net825,453.34µm
net161,453.25µm
_10582_,453.19µm
net908,452.83µm
net1542,452.32µm
_10006_,451.97µm
net733,451.79µm
net827,451.71µm
_06217_,451.66µm
key\[20\],451.56µm
_10071_,451.5µm
_05811_,451µm
net276,450.34µm
_12164_,450.24µm
net85,450.23µm
_11187_,450.17µm
net298,450.13µm
net1021,449.67µm
net115,449.52µm
_07844_,449.24µm
_06371_,448.49µm
net714,448.3µm
net802,448.3µm
net816,448.3µm
_06410_,447.72µm
_03505_,447.49µm
_05676_,446.98µm
_10450_,446.52µm
_05049_,446.47µm
net108,445.91µm
_10881_,445.64µm
_10531_,445.3µm
net1310,444.84µm
_06756_,444.73µm
_11920_,444.56µm
net252,443.87µm
_03728_,443.25µm
net637,443.21µm
net1685,442.8µm
net1201,442.04µm
net968,441.73µm
_12207_,441.65µm
net1384,441.63µm
_06746_,441.56µm
net943,441.54µm
net559,441.53µm
net194,441.02µm
_06500_,440.77µm
net1266,440.36µm
net95,440.05µm
net312,440.05µm
net638,439.95µm
net1368,439.95µm
net251,439.9µm
net1142,439.65µm
net233,439.64µm
net1385,437.97µm
net907,437.15µm
net846,436.95µm
net889,436.54µm
spi_ctrl.word_buf\[20\],436.29µm
clknet_6_10_0_clk,436.03µm
_06651_,435.83µm
net897,435.67µm
clknet_6_50_0_clk,435.32µm
_10707_,435.27µm
net922,434.35µm
net1311,434.15µm
net752,433.84µm
net1410,433.13µm
net1446,433.13µm
_06133_,433.08µm
_05914_,432.88µm
net1495,432.63µm
_06767_,432.53µm
net584,432.16µm
net148,432.06µm
net718,432.06µm
net585,431.6µm
net1534,431.6µm
net1015,431.5µm
net737,430.84µm
net842,430.69µm
net586,429.72µm
net622,429.26µm
net1371,429.21µm
net1556,429.21µm
net627,429.16µm
net875,429.16µm
net1576,429.06µm
net365,428.65µm
_05105_,428.55µm
_09906_,428.53µm
net708,428.09µm
_05756_,428.02µm
_04133_,427.98µm
_10867_,426.97µm
_08174_,426.49µm
net1178,426.41µm
spi_ctrl.word_buf\[23\],426.26µm
net1059,425.39µm
_03907_,425.04µm
_10445_,424.68µm
_10405_,424.12µm
_04132_,424.02µm
_04532_,423.71µm
_12118_,422.8µm
clknet_6_63_0_clk,422.69µm
_10014_,422.3µm
_08339_,421.32µm
net1819,420.86µm
net1524,420.76µm
net1537,420.45µm
_10645_,419.69µm
_05147_,419.54µm
_10734_,419.13µm
net698,419.13µm
_04312_,419.08µm
_09944_,418.98µm
_11933_,418.98µm
net744,418.72µm
net1563,418.57µm
_11598_,417.31µm
net1610,416.53µm
_10800_,414.65µm
net1594,414.45µm
_05694_,414.35µm
net139,413.12µm
net562,413.12µm
_03362_,413.1µm
clknet_6_62_0_clk,413.02µm
net1592,412.97µm
net228,411.8µm
clknet_6_14_0_clk,410.83µm
_05204_,410.63µm
net149,410.32µm
spi_ctrl.word_buf\[15\],410.17µm
_10635_,409.66µm
net1022,409.2µm
net701,409.1µm
net1321,409µm
clknet_6_4_0_clk,408.59µm
_03995_,408.39µm
_10204_,408.39µm
net597,407.88µm
net1032,407.73µm
_05486_,407.55µm
_09903_,407.49µm
net155,406.91µm
_03769_,406.64µm
_03591_,406.61µm
net1357,406.35µm
_10877_,406.25µm
_10291_,405.59µm
_11932_,405.58µm
net171,405.38µm
_04486_,405.13µm
net1313,405.08µm
_03499_,404.47µm
_05777_,404.37µm
net1396,404.16µm
_10372_,404.01µm
_10410_,403.86µm
clknet_6_51_0_clk,403.7µm
net1390,403.6µm
net96,403.55µm
net213,403.55µm
spi_ctrl.word_buf\[11\],403.4µm
net1474,402.94µm
net342,402.84µm
_09940_,402.25µm
_05849_,401.93µm
net1588,401.62µm
clknet_6_47_0_clk,401.51µm
_12162_,401.16µm
net833,400.8µm
_11098_,400.55µm
_07037_,399.86µm
net1761,399.33µm
net1386,399.15µm
_10146_,398.61µm
net1730,398.51µm
clknet_6_44_0_clk,398.46µm
_09842_,398.44µm
net1521,397.95µm
net725,397.94µm
net1758,397.85µm
net1448,397.49µm
net731,397.44µm
net893,397.39µm
_10515_,396.88µm
_11199_,396.84µm
net942,396.78µm
_10652_,396.63µm
_04399_,396.29µm
net569,396.22µm
_05906_,396.07µm
clknet_6_5_0_clk,395.76µm
net799,395.1µm
net1531,394.95µm
net1757,394.49µm
net1535,394.03µm
clknet_6_61_0_clk,393.62µm
net1740,393.32µm
net826,393.22µm
_08306_,393.17µm
net1394,392.86µm
clknet_6_16_0_clk,392.86µm
_04130_,392.71µm
net758,392.3µm
net1736,392.15µm
net1383,391.69µm
net1457,391.64µm
clknet_6_46_0_clk,391.28µm
_10687_,391.03µm
_06142_,390.93µm
_10676_,390.9µm
net769,390.82µm
net1589,390.47µm
_06380_,390.4µm
_10100_,390.16µm
_06462_,389.51µm
net565,389.27µm
clknet_6_31_0_clk,389.04µm
net1541,388.28µm
net1729,388.23µm
_06422_,387.57µm
_04939_,387.06µm
net280,386.9µm
net1029,386.24µm
_05784_,385.89µm
net783,385.58µm
net1422,385.58µm
_10805_,385.53µm
_06559_,385.48µm
_11067_,385.38µm
net1690,385.28µm
net1518,385.07µm
clknet_6_54_0_clk,384.56µm
net1683,384.46µm
net898,384.41µm
_11196_,384.36µm
net821,384.36µm
clknet_6_56_0_clk,384.2µm
clknet_6_28_0_clk,383.39µm
_06582_,383.09µm
_12116_,383.04µm
_10240_,382.73µm
net89,382.37µm
net152,382.27µm
net1434,382.02µm
net860,380.77µm
_04905_,380.65µm
net885,380.18µm
_03860_,379.94µm
net493,379.93µm
net1750,379.27µm
net776,378.96µm
_11184_,378.38µm
net1325,378.15µm
_10568_,378µm
clknet_6_13_0_clk,377.23µm
_05230_,377.18µm
net391,376.98µm
net68,376.57µm
net197,376.52µm
net866,376.52µm
net326,376.47µm
net1718,376.01µm
net337,375.6µm
_06660_,375.46µm
net510,375.25µm
net551,374.89µm
net888,374.43µm
_06333_,374.23µm
net1419,374.02µm
net1019,373.72µm
net600,372.8µm
net1519,372.39µm
net1373,371.53µm
net147,371.48µm
net790,370.97µm
_05820_,370.92µm
_10340_,370.87µm
_06476_,370.72µm
_06735_,369.58µm
net1053,369.49µm
net1585,369.09µm
net1661,368.58µm
net640,368.27µm
_04977_,367.51µm
_04776_,367.46µm
net1523,367.3µm
net774,367.25µm
_10128_,366.9µm
net997,366.67µm
net1822,366.64µm
net632,366.54µm
clknet_6_59_0_clk,366.54µm
_05494_,366.44µm
_05717_,366.34µm
_07547_,366.24µm
net969,365.93µm
pp_inst.core_inst.key_q\[122\],365.83µm
pp_inst.core_inst.key_q\[89\],365.78µm
net221,365.37µm
net958,365.22µm
net1370,364.3µm
net1777,364.25µm
net1710,364µm
net315,363.84µm
net239,363.79µm
net346,363.79µm
_10744_,363.64µm
net114,363.56µm
_05696_,363.07µm
_03360_,362.37µm
_03454_,362.03µm
_03637_,361.91µm
net1528,361.7µm
_06320_,361.68µm
net740,361.4µm
net1533,361.4µm
_10208_,360.63µm
net773,360.51µm
net588,360.43µm
net1644,360.38µm
net1668,359.82µm
_03684_,359.62µm
_08703_,359.01µm
net919,358.8µm
net1458,358.05µm
net277,356.97µm
net168,356.79µm
_10624_,356.31µm
net295,356.1µm
net1018,356.05µm
net203,355.95µm
net1590,355.8µm
_06278_,355.7µm
_10692_,355.24µm
_10177_,354.83µm
net297,354.58µm
_09948_,354.17µm
net1052,354.17µm
net140,352.59µm
_04223_,352.49µm
net131,352.49µm
_11006_,352.43µm
_11925_,352.39µm
net1810,352.03µm
net1388,351.52µm
net1424,350.05µm
clknet_6_7_0_clk,349.74µm
net1387,349.69µm
_04959_,349.54µm
net940,349.03µm
net1691,348.62µm
net1382,348.21µm
_05275_,347.85µm
net144,347.55µm
net1586,347.5µm
clknet_6_55_0_clk,347.45µm
_10353_,347.35µm
_09796_,347.17µm
_11663_,347.1µm
_05217_,346.51µm
net1804,346.38µm
net293,346.23µm
net901,346.02µm
_10566_,345.26µm
_09947_,345.23µm
clknet_6_36_0_clk,344.75µm
_10548_,344.45µm
net580,344.19µm
clknet_6_12_0_clk,344.09µm
_06324_,343.89µm
_11935_,343.38µm
net1784,343.07µm
net573,343.02µm
net1743,343.02µm
net702,342.92µm
net910,341.8µm
_10977_,341.7µm
_09925_,341.65µm
pp_inst.core_inst.key_q\[121\],341.19µm
_04826_,341.14µm
_05728_,341.14µm
net736,341.14µm
net485,340.73µm
pp_inst.core_inst.key_q\[25\],340.02µm
clknet_6_26_0_clk,339.71µm
_03358_,339.56µm
net226,339.15µm
net285,339µm
_06367_,338.44µm
net1728,338.44µm
net1449,338.34µm
_10915_,337.99µm
clknet_6_57_0_clk,337.88µm
_10327_,337.83µm
net193,337.83µm
net1666,337.42µm
_11908_,337.32µm
net52,337.27µm
key\[18\],336.76µm
pp_inst.core_inst.key_q\[57\],336.2µm
net977,336.15µm
_05292_,336.1µm
_06419_,336.1µm
_10556_,336.05µm
_10504_,335.59µm
net1337,335.59µm
_10433_,335.49µm
net765,335.31µm
net159,335.28µm
net768,335.28µm
net164,335.23µm
net1025,335.18µm
net1688,335.18µm
clknet_6_60_0_clk,334.62µm
_10103_,334.47µm
net1356,334.47µm
net210,334.06µm
net1799,333.81µm
_05803_,333.72µm
_09946_,333.65µm
net1393,333.55µm
_09909_,333.4µm
net1600,333.3µm
net1447,332.94µm
net1403,332.79µm
_04803_,332.74µm
net1035,332.38µm
net1650,332.23µm
_04845_,331.57µm
net1664,331.41µm
net1020,330.8µm
net467,330.75µm
net329,330.7µm
_05335_,330.5µm
net243,330.19µm
net618,329.94µm
_09942_,329.81µm
net24,329.58µm
net472,328.97µm
net803,328.05µm
net518,327.09µm
_04485_,326.13µm
_10757_,326.07µm
_06458_,325.51µm
_10902_,325.1µm
net163,325µm
net185,324.49µm
net1515,323.83µm
net1830,323.83µm
_10085_,323.78µm
net1604,323.47µm
net728,323.42µm
net1455,323.37µm
_09976_,323.22µm
_09970_,323.17µm
net1834,322.56µm
net1814,322.53µm
net1406,322.05µm
_10172_,321.69µm
net1376,321.23µm
_09831_,320.93µm
_05063_,320.57µm
clknet_6_33_0_clk,320.52µm
_10768_,320.47µm
pp_inst.core_inst.key_q\[58\],320.01µm
_11173_,319.68µm
_04908_,319.25µm
net292,318.43µm
net1725,318.33µm
net1323,318.23µm
net1539,318.23µm
clknet_6_8_0_clk,317.92µm
pp_inst.core_inst.key_q\[90\],317.57µm
net1427,317.57µm
net1516,317.16µm
net711,316.8µm
_05446_,316.55µm
_06010_,316.06µm
net153,315.73µm
_06077_,315.59µm
_04357_,315.48µm
net1,315.33µm
net1477,315.02µm
_10155_,314.72µm
clknet_6_6_0_clk,314.56µm
net1491,314.41µm
_10934_,314.36µm
pp_inst.core_inst.key_q\[56\],314.36µm
_12250_,314.21µm
net621,313.8µm
net1593,313.8µm
_06384_,313.24µm
clknet_6_0_0_clk,313.24µm
_05306_,313.14µm
_10025_,313.14µm
net831,313.06µm
_09904_,312.73µm
_03498_,312.48µm
net542,312.17µm
_10063_,312.02µm
_10319_,311.61µm
net645,311.61µm
_09460_,311.51µm
spi_ctrl.word_buf\[14\],311.46µm
_10571_,311.15µm
_10090_,310.9µm
net582,310.69µm
net781,310.49µm
net188,310.39µm
net1607,310.03µm
_11129_,309.83µm
net1062,309.78µm
clknet_6_1_0_clk,309.47µm
net537,309.37µm
rx_data\[7\],309.14µm
net1036,308.96µm
net998,308.76µm
clknet_6_45_0_clk,308.35µm
net364,308.05µm
net923,307.13µm
net1704,306.62µm
_10491_,306.47µm
net1063,306.47µm
net971,306.42µm
_09923_,306.32µm
net560,306.21µm
net1697,305.96µm
net1398,305.5µm
_10486_,305.4µm
net1392,304.99µm
net1646,304.94µm
net1432,304.69µm
net1529,304.43µm
pp_inst.core_inst.key_q\[60\],304.28µm
net1031,303.72µm
_04577_,303.62µm
net1316,303.56µm
net270,303.41µm
net532,302.85µm
net1545,302.7µm
net201,302.65µm
net578,302.65µm
net1748,302.5µm
net1475,302.09µm
net911,302.04µm
net1051,301.78µm
_06342_,301.48µm
net779,301.38µm
net492,300.97µm
pp_inst.core_inst.key_q\[26\],300.5µm
net1707,300.46µm
net363,300.41µm
net1414,300.31µm
net613,299.8µm
pp_inst.core_inst.key_q\[120\],299.14µm
_05706_,299.09µm
clknet_6_11_0_clk,298.93µm
_11359_,298.58µm
net25,298.07µm
net1334,297.61µm
net1397,297.61µm
net809,297.56µm
net1833,297.25µm
net1024,297.05µm
_04806_,296.95µm
net1536,296.54µm
_05829_,296.34µm
clknet_6_2_0_clk,295.83µm
_03817_,295.49µm
_12160_,295.31µm
_05764_,294.76µm
pp_inst.core_inst.reg_fsm_i.data_q\[9\],294.76µm
net732,294.76µm
_10774_,294.71µm
_04787_,294.66µm
_05119_,294.56µm
net1813,294.4µm
net1826,294.3µm
net1609,294.15µm
net296,293.89µm
clknet_6_9_0_clk,293.69µm
net734,293.08µm
net1643,292.57µm
net1821,292.52µm
_09305_,292.37µm
_05432_,292.32µm
net1339,292.32µm
spi_ctrl.word_buf\[2\],291.86µm
_10476_,291.81µm
net990,291.6µm
net547,291.5µm
_03861_,291.25µm
net48,290.84µm
net246,290.84µm
net1702,290.79µm
net1603,290.33µm
_10631_,290.13µm
_06517_,289.67µm
net1630,289.31µm
net1711,288.65µm
spi_ctrl.word_buf\[17\],288.55µm
net1402,288.45µm
_10956_,287.53µm
net1602,287.48µm
net753,287.02µm
_10754_,286.82µm
net1818,286.46µm
net1626,286.31µm
_04993_,286.26µm
key\[22\],286.26µm
_06350_,286.08µm
_10108_,285.65µm
clknet_6_25_0_clk,285.39µm
net988,285.24µm
net1490,284.93µm
_10772_,284.58µm
_10199_,284.53µm
_09936_,284.48µm
net1381,284.12µm
clknet_6_38_0_clk,284.12µm
_09248_,283µm
net1801,282.64µm
net1632,282.59µm
_04842_,282.29µm
clknet_6_39_0_clk,282.08µm
net1484,281.93µm
net552,281.57µm
net1395,281.52µm
net1486,281.47µm
net1807,281.47µm
net604,281.32µm
net1843,281.27µm
net274,280.76µm
net577,280.6µm
_06642_,280.58µm
_04730_,280.4µm
clknet_6_30_0_clk,280.35µm
net1717,280.1µm
_11945_,280µm
net1645,279.64µm
net304,279.43µm
net1811,279.03µm
net1727,278.72µm
net1423,278.47µm
net1791,278.16µm
net1605,276.99µm
net1723,276.94µm
net1803,276.89µm
bdi_valid\[0\],276.84µm
_09962_,276.74µm
_05684_,276.69µm
net1802,276.43µm
_10831_,276.33µm
_10895_,275.62µm
_06161_,275.57µm
net1655,275.26µm
_10553_,275.01µm
_10593_,274.96µm
net1652,274.7µm
net324,274.5µm
_03771_,274.45µm
_03905_,274.4µm
_10836_,274.4µm
net1030,274.19µm
net1765,273.99µm
_09837_,273.89µm
_06118_,273.84µm
net1660,273.68µm
net1670,273.58µm
_04850_,273.38µm
_04902_,273.38µm
net1481,273.02µm
_10786_,272.87µm
net1401,272.87µm
_05091_,272.82µm
net442,272.82µm
_06573_,272.77µm
net1675,272.41µm
net1478,272.36µm
_10477_,272.21µm
net1482,272.1µm
net471,271.8µm
_04805_,271.7µm
_11083_,271.24µm
net1699,271.19µm
net1492,270.27µm
net1454,270.22µm
clknet_6_19_0_clk,270.12µm
pp_inst.core_inst.key_q\[124\],269.92µm
net686,269.61µm
pp_inst.core_inst.key_q\[59\],269.56µm
clknet_6_24_0_clk,269.25µm
net1335,268.64µm
net1824,268.59µm
key\[4\],268.39µm
_09891_,268.34µm
_10716_,267.78µm
net1756,267.32µm
_05965_,267.22µm
net1597,267.22µm
net1625,266.96µm
_10217_,266.71µm
net117,266.35µm
net938,266.25µm
net1480,265.18µm
net1785,265.18µm
net738,265.08µm
net1744,265.08µm
net1499,264.98µm
net935,264.52µm
net255,264.01µm
net989,263.96µm
key\[23\],263.91µm
net1874,263.86µm
net1494,262.99µm
_10281_,262.89µm
_09553_,262.79µm
_09900_,262.74µm
net1669,262.28µm
_06181_,262.18µm
clknet_6_35_0_clk,261.82µm
net1782,261.67µm
net1642,261.31µm
net1720,261.31µm
clknet_6_43_0_clk,261.26µm
_10254_,261.21µm
_10894_,261.06µm
_10585_,261.01µm
_11120_,260.19µm
net512,260.09µm
net1671,260.04µm
net1873,259.43µm
net1530,259.38µm
_04268_,259.02µm
_06680_,258.92µm
net1591,258.92µm
net1716,258.76µm
net257,258.56µm
_06068_,258.21µm
key\[6\],257.75µm
net1308,257.7µm
pp_inst.core_inst.reg_fsm_i.data_q\[13\],257.46µm
net306,257.34µm
_11941_,257.22µm
_10066_,257.04µm
net433,256.88µm
_10111_,256.68µm
_09897_,256.63µm
net694,256.22µm
_04784_,256.02µm
_10017_,255.51µm
_10225_,255.41µm
clknet_6_40_0_clk,255.1µm
net424,254.95µm
_10308_,254.9µm
_05859_,254.85µm
clknet_6_22_0_clk,254.54µm
net47,254.44µm
net1451,254.44µm
net60,254.36µm
_05391_,254.34µm
_11804_,254.21µm
net1831,254.03µm
_06858_,253.9µm
net500,253.88µm
net1047,253.88µm
_04992_,253.73µm
net1827,253.32µm
net1846,253.32µm
pp_inst.core_inst.asconp_i.round_cnt\[0\],253.17µm
net1842,252.96µm
net1712,252.3µm
net1649,252.2µm
net1851,252.2µm
_09931_,252.15µm
net1601,251.74µm
net1800,251.74µm
net996,251.64µm
_06545_,251.54µm
_05519_,251.49µm
net682,251.08µm
net658,251.03µm
net501,250.98µm
net1828,250.98µm
clknet_6_17_0_clk,250.77µm
_03407_,250.32µm
net1007,250.11µm
net1470,249.91µm
_11356_,249.86µm
_11102_,249.25µm
_06532_,248.64µm
_04630_,248.13µm
_09847_,248.08µm
_04801_,247.67µm
net1408,247.62µm
net1421,247.21µm
_05886_,247.01µm
net1809,246.65µm
net26,246.14µm
net99,246.09µm
net321,246.04µm
net995,245.99µm
net1595,245.99µm
net1444,245.63µm
_10846_,245.43µm
net1714,245.43µm
_05133_,245.38µm
_10513_,245.33µm
net1618,244.97µm
_11520_,244.92µm
net27,244.92µm
net1624,244.87µm
clknet_6_29_0_clk,244.87µm
_04927_,244.82µm
net1465,244.69µm
clknet_6_42_0_clk,244.46µm
net963,244.21µm
pp_inst.core_inst.key_q\[24\],244.16µm
net486,243.9µm
_06611_,243.7µm
_08670_,243.6µm
_10458_,243.14µm
net1507,242.63µm
net1732,242.17µm
clknet_6_41_0_clk,241.71µm
spi_ctrl.word_buf\[6\],241.46µm
net1034,241.46µm
pp_inst.core_inst.key_q\[40\],241.41µm
net1599,241.1µm
net1764,241.1µm
net1796,241.1µm
bdi_type\[0\],241µm
_05190_,240.9µm
_07480_,240.85µm
_11785_,240.85µm
net18,240.49µm
net1054,240.39µm
_11002_,240.03µm
net528,240.03µm
_05999_,239.73µm
_10391_,239.37µm
net1500,239.22µm
net660,238.96µm
_06736_,238.71µm
_10119_,238.61µm
net59,238.61µm
_04883_,238.1µm
_10590_,238.05µm
net1004,237.64µm
net715,237.59µm
_10345_,236.98µm
_06724_,235.96µm
_11739_,235.96µm
_05474_,235.86µm
net1693,235.5µm
net1508,235.45µm
_06050_,235.37µm
_06569_,235.35µm
_10348_,235.35µm
_10636_,235.35µm
_10850_,235.3µm
_06434_,234.74µm
_10357_,234.69µm
_11085_,234.08µm
net631,233.72µm
pp_inst.core_inst.asconp_i.x3\[8\],233.31µm
net1665,233.06µm
_11338_,233.01µm
_11949_,233.01µm
_09506_,232.75µm
_09863_,232.6µm
_11211_,232.5µm
net463,232.29µm
net1638,232.09µm
_04086_,231.89µm
net1724,231.58µm
net1613,231.43µm
_09521_,230.92µm
net16,230.92µm
net1692,230.87µm
pp_inst.core_inst.key_q\[44\],230.82µm
_06358_,230.72µm
net1673,230.36µm
_06096_,230.21µm
clknet_6_20_0_clk,230.21µm
net1871,229.8µm
net1628,229.24µm
_06209_,229.06µm
net407,228.78µm
clknet_6_18_0_clk,228.78µm
net1620,228.68µm
net5,228.53µm
net1682,228.27µm
clknet_6_34_0_clk,228.12µm
_05695_,228.02µm
net535,227.66µm
_11157_,227.61µm
net1648,227.61µm
net415,227.51µm
_06116_,227.41µm
net661,227µm
net1616,227µm
net1488,226.95µm
_05362_,226.24µm
net983,225.98µm
net272,225.93µm
_06472_,225.78µm
net1721,225.42µm
_04629_,225.32µm
_05433_,225.18µm
pp_inst.core_inst.key_q\[123\],224.61µm
_11930_,224.56µm
net396,223.69µm
net416,223.64µm
net1503,223.64µm
net1858,223.03µm
_06851_,222.88µm
net1680,222.57µm
net791,222.47µm
_09967_,221.96µm
net1485,221.96µm
net1504,221.91µm
net1705,221.68µm
net1023,221.45µm
net1033,221.4µm
_11142_,221.35µm
_10974_,221.3µm
net1853,220.89µm
_04942_,220.74µm
_06594_,220.74µm
pp_inst.core_inst.key_q\[104\],220.74µm
net724,220.69µm
net385,220.43µm
key\[13\],220.28µm
net709,220.18µm
net1463,219.97µm
net1505,219.87µm
net1634,219.72µm
net43,219.67µm
_06913_,219.62µm
net1722,219.56µm
net1672,219.52µm
_03503_,219.44µm
_06546_,219.44µm
net1696,219.36µm
net339,219.21µm
_04891_,219.06µm
net677,218.4µm
net6,218.04µm
_10268_,217.94µm
_05402_,217.89µm
_11328_,217.84µm
net880,217.81µm
pp_inst.core_inst.reg_fsm_i.data_q\[15\],217.53µm
_11112_,217.43µm
net137,217.02µm
_11482_,216.87µm
net1768,216.26µm
_06189_,215.8µm
pp_inst.core_inst.reg_fsm_i.data_q\[7\],215.8µm
net395,215.8µm
_11170_,215.09µm
_05293_,215.04µm
net494,214.73µm
net1619,214.32µm
_10094_,213.66µm
clknet_6_3_0_clk,213.51µm
_05148_,213.41µm
net572,213.41µm
net469,213.1µm
_11590_,212.95µm
net1538,212.95µm
net1857,212.54µm
net1798,212.49µm
clknet_6_23_0_clk,212.39µm
net420,211.88µm
net1769,211.52µm
net358,211.37µm
_06171_,211.32µm
net1009,211.32µm
_04788_,211.22µm
net1653,210.96µm
net422,210.91µm
net1775,210.81µm
net8,210.76µm
_10182_,210.3µm
net1010,210.25µm
_05685_,210.15µm
_05727_,210.05µm
net4,210µm
_10160_,209.69µm
_05020_,209.64µm
net1452,209.59µm
net1867,209.59µm
_09927_,209.54µm
net1861,209.18µm
pp_inst.core_inst.key_q\[39\],209.03µm
_09549_,208.98µm
_11133_,208.98µm
_06531_,208.93µm
pp_inst.core_inst.key_q\[88\],208.93µm
net1832,208.72µm
net636,208.67µm
_10604_,208.47µm
net1377,208.42µm
pp_inst.core_inst.key_q\[28\],208.37µm
_05487_,207.76µm
net46,207.45µm
net1453,207.35µm
_06670_,207.3µm
net1510,207.04µm
net1651,206.99µm
net1633,206.98µm
net533,206.89µm
net1836,206.84µm
_04849_,206.69µm
pp_inst.core_inst.asconp_i.x3\[55\],206.38µm
net1002,205.72µm
_05307_,205.52µm
net490,205.31µm
net71,205.21µm
_10434_,205.11µm
net1412,205.11µm
_10076_,205.06µm
_11088_,204.96µm
net1773,204.65µm
net10,204.6µm
_09763_,204.55µm
net44,204.5µm
net834,204.22µm
_10278_,204.14µm
_10137_,204.09µm
_04755_,203.89µm
_05976_,203.89µm
_09000_,203.84µm
net521,203.48µm
net1806,203.48µm
net66,203.43µm
net460,202.92µm
net1587,202.92µm
pp_inst.core_inst.key_q\[92\],202.87µm
net679,202.87µm
_07378_,202.82µm
net1469,202.82µm
net1854,202.41µm
net1749,202.36µm
pp_inst.core_inst.key_q\[103\],202.31µm
_10611_,202.21µm
net1027,202µm
net1733,201.9µm
spi_ctrl.word_buf\[10\],201.65µm
_04636_,201.19µm
net1502,200.93µm
_09456_,200.68µm
net1792,200.12µm
net1522,200.07µm
pp_inst.core_inst.reg_fsm_i.data_q\[14\],199.66µm
net55,199.61µm
net133,199.56µm
net1008,199.1µm
net1770,199.1µm
key\[8\],198.9µm
net690,198.44µm
net1006,198.44µm
_11336_,198.29µm
pp_inst.core_inst.key_q\[23\],197.22µm
net1509,197.17µm
_03452_,197.12µm
bdi\[24\],197.12µm
net423,196.91µm
_06504_,196.71µm
net1046,196.66µm
_10245_,196.25µm
net1788,196.2µm
_06298_,196.15µm
_05936_,196.1µm
_10267_,196.1µm
net406,196.1µm
net685,195.64µm
net1849,195.59µm
net1866,195.59µm
net1783,195.44µm
_10249_,195.08µm
net1759,195.08µm
_05821_,194.93µm
_11348_,194.93µm
_10323_,194.88µm
net934,194.57µm
net1703,194.57µm
net1445,194.47µm
net1473,194.26µm
net450,193.91µm
net1389,193.91µm
pp_inst.core_inst.key_q\[72\],193.81µm
_06406_,193.76µm
net61,193.55µm
pp_inst.core_inst.key_q\[91\],193.45µm
net356,193.45µm
_09864_,193.4µm
net237,193.4µm
_09459_,192.94µm
net1780,192.94µm
net1012,192.89µm
net1460,192.89µm
net1872,192.89µm
net1309,192.84µm
net1636,192.84µm
pp_inst.core_inst.asconp_i.x3\[43\],192.79µm
_06153_,192.69µm
net1774,192.33µm
net1467,192.23µm
_06009_,192.08µm
key\[15\],192.08µm
pp_inst.core_inst.key_q\[87\],191.82µm
net1596,191.82µm
net1641,191.62µm
net374,191.36µm
net427,191.36µm
net1726,191.26µm
net1468,190.65µm
_10689_,190.56µm
net79,190.24µm
net491,190.09µm
net1667,190.04µm
net1776,189.99µm
net1812,189.58µm
spi_ctrl.state\[6\],189.48µm
net393,189.48µm
net937,189.48µm
net353,189.07µm
_04978_,188.86µm
net1859,188.82µm
net402,188.36µm
_11549_,188.31µm
net430,188.26µm
_11189_,188.21µm
_09455_,188.03µm
net1808,187.44µm
_05729_,187.19µm
net1847,187.19µm
net1794,186.73µm
_05078_,186.68µm
net1658,186.68µm
_07877_,186.53µm
net688,186.02µm
_09584_,185.71µm
net1817,185.66µm
_10517_,185.46µm
_09520_,184.64µm
net392,184.39µm
_06598_,184.34µm
_07173_,184.24µm
net404,184.03µm
net82,183.88µm
net675,183.42µm
net555,183.37µm
_10775_,183.32µm
net1615,183.22µm
_09934_,183.12µm
net1863,182.96µm
net369,182.86µm
_09747_,182.71µm
net1825,182.66µm
net1647,182.3µm
pp_inst.core_inst.key_q\[108\],182.15µm
net432,182.15µm
pp_inst.core_inst.key_q\[8\],182.1µm
_05776_,181.44µm
pp_inst.core_inst.asconp_i.x3\[38\],181.23µm
net77,181.18µm
_09556_,180.98µm
net986,180.98µm
_05877_,180.57µm
net459,180.52µm
_10091_,180.47µm
net12,180.06µm
net1405,179.96µm
net1870,179.91µm
net1734,179.86µm
net1787,179.4µm
_06789_,179.35µm
pp_inst.core_inst.asconp_i.x3\[19\],179.35µm
net63,179.35µm
net397,179.35µm
net1715,179.3µm
_09861_,179.25µm
_10028_,179.25µm
_09577_,178.94µm
net452,178.89µm
net1631,178.74µm
net359,178.43µm
net678,178.43µm
net530,178.38µm
_10277_,178.28µm
net1336,178.23µm
_09505_,178.18µm
_06086_,178.13µm
_05050_,178.08µm
_07106_,177.67µm
pp_inst.core_inst.reg_fsm_i.data_q\[0\],177.67µm
_05659_,177.16µm
pp_inst.core_inst.reg_fsm_i.data_q\[11\],176.5µm
_04128_,176.45µm
_05563_,176.45µm
_06710_,176.45µm
net497,176.45µm
_10299_,176.4µm
net54,176.29µm
net674,176.09µm
pp_inst.core_inst.key_q\[5\],176.04µm
net1374,175.99µm
net1498,175.53µm
net1471,175.48µm
net437,174.87µm
net84,174.41µm
_10304_,174.31µm
_07646_,174.16µm
_06490_,173.6µm
_12159_,173.6µm
net1850,173.44µm
net399,173.34µm
_09469_,173.14µm
spi_ctrl.tx_shift_reg\[7\],173.09µm
net32,172.88µm
_10965_,172.63µm
net526,172.27µm
net505,172.12µm
net1708,172.07µm
_09290_,171.92µm
_11506_,171.92µm
net368,171.71µm
net22,171.56µm
net1013,171.56µm
pp_inst.core_inst.asconp_i.x3\[0\],171.05µm
net933,171.05µm
rx_valid,171µm
net15,170.95µm
_10748_,170.9µm
_11940_,170.85µm
net1844,170.64µm
net1778,170.59µm
net1005,170.54µm
_11007_,170.48µm
spi_ctrl.state\[8\],170.44µm
_10820_,170.39µm
_09761_,170.34µm
key\[19\],170.34µm
net695,169.98µm
net468,169.83µm
net83,169.78µm
pp_inst.core_inst.key_q\[102\],169.73µm
net495,169.42µm
net1840,169.32µm
net1629,169.27µm
_11208_,169.17µm
net994,169.16µm
_11200_,169.12µm
net440,168.91µm
net1823,168.71µm
_10143_,168.66µm
_04829_,168.61µm
net53,168.35µm
_09950_,168.25µm
pp_inst.core_inst.key_q\[99\],168.15µm
_11119_,168.05µm
_11320_,168µm
net13,167.84µm
net67,167.59µm
net941,167.54µm
_09709_,167.49µm
net1709,167.13µm
net1487,167.08µm
net1656,167.03µm
net1760,166.93µm
_09265_,166.88µm
net457,166.77µm
net502,166.57µm
pp_inst.core_inst.asconp_i.x3\[50\],166.52µm
_05458_,166.42µm
net466,166.06µm
pp_inst.core_inst.asconp_i.x3\[45\],166.01µm
pp_inst.core_inst.pro_ad,165.96µm
net377,165.96µm
net1479,165.91µm
_10789_,165.86µm
net479,165.65µm
net386,165.4µm
_05476_,165.2µm
pp_inst.core_inst.key_q\[83\],164.84µm
net380,164.84µm
net1476,164.79µm
_08141_,164.74µm
net1049,164.23µm
_07309_,164.18µm
net456,164.18µm
_10164_,164.08µm
_10962_,163.57µm
net1731,163.36µm
net473,163.26µm
_10864_,163.06µm
pp_inst.core_inst.key_q\[27\],163.06µm
net1695,162.93µm
_10779_,162.7µm
_06198_,162.55µm
_09516_,162.55µm
net1462,162.5µm
net1466,162.45µm
net496,162.19µm
net1829,162.04µm
net383,161.99µm
bdi_eot,161.53µm
net672,161.53µm
net488,161.48µm
net1762,161.48µm
net76,161.43µm
_09932_,161.33µm
net514,160.97µm
net1513,160.87µm
net1772,160.87µm
_09541_,160.36µm
_10191_,160.31µm
_10989_,160.21µm
pp_inst.core_inst.key_q\[35\],160.16µm
net742,160.13µm
pp_inst.core_inst.asconp_i.x3\[52\],159.9µm
net1815,159.9µm
net446,159.75µm
_06631_,159.65µm
net69,159.39µm
net531,159.34µm
net434,159.24µm
net40,159.19µm
_05738_,159.04µm
net65,158.83µm
pp_inst.core_inst.asconp_i.x4\[21\],158.68µm
_10964_,158.63µm
net1816,158.63µm
_11839_,158.58µm
_09513_,158.53µm
net366,158.17µm
net1639,158.17µm
net7,157.97µm
net1617,157.79µm
net1746,157.66µm
net38,157.56µm
net388,157.56µm
net421,157.56µm
_12205_,157.41µm
net42,157.05µm
net448,157µm
net1838,156.59µm
net477,156.54µm
net372,156.44µm
net692,156.44µm
net435,155.98µm
net405,155.93µm
net1864,155.93µm
_10274_,155.83µm
pp_inst.core_inst.key_q\[96\],155.83µm
net389,155.83µm
net525,155.78µm
_10851_,155.73µm
net408,155.42µm
net410,155.32µm
net1622,155.22µm
pp_inst.core_inst.asconp_i.x3\[22\],154.91µm
net260,154.91µm
net481,154.86µm
net659,154.71µm
net1754,154.15µm
net1868,154.15µm
net112,154.1µm
_11971_,154µm
pp_inst.core_inst.asconp_i.x3\[32\],153.89µm
net401,153.79µm
net681,153.79µm
net524,153.74µm
net673,153.64µm
net80,153.59µm
net1472,153.54µm
_04246_,153.49µm
net28,153.23µm
_04634_,152.93µm
_11860_,152.93µm
net417,152.62µm
net483,152.62µm
net993,152.57µm
net51,152.52µm
net351,152.52µm
net443,152.52µm
net1483,152.52µm
_11057_,152.42µm
_11938_,152.32µm
net504,152.16µm
net519,152.11µm
pp_inst.core_inst.asconp_i.x3\[53\],152.01µm
_09933_,151.91µm
_09841_,151.86µm
_04445_,151.81µm
_09654_,151.81µm
net693,151.55µm
net691,151.45µm
net414,151.4µm
net438,151.3µm
net387,150.97µm
net34,150.89µm
net362,150.89µm
net676,150.84µm
net426,150.79µm
_09189_,150.74µm
_11364_,150.74µm
net352,150.74µm
_12060_,150.47µm
pp_inst.core_inst.asconp_i.x1\[4\],150.18µm
net696,150.18µm
_11144_,150.13µm
net453,149.92µm
net1763,149.87µm
net1045,149.82µm
pp_inst.core_inst.key_q\[71\],149.72µm
_05804_,149.67µm
_04946_,149.62µm
net1735,149.62µm
_05377_,149.57µm
_09544_,149.57µm
net455,149.31µm
pp_inst.core_inst.asconp_i.x3\[47\],149.21µm
net45,149.16µm
net1865,149.11µm
_09466_,149.06µm
_09887_,149.06µm
_05870_,148.96µm
net507,148.7µm
net680,148.7µm
net39,148.65µm
_12040_,148.4µm
spi_ctrl.tx_busy,147.94µm
_07174_,147.89µm
net513,147.68µm
_05585_,147.38µm
_06040_,147.28µm
pp_inst.core_inst.asconp_i.x3\[61\],147.2µm
pp_inst.core_inst.key_q\[86\],146.92µm
net1654,146.92µm
net64,146.77µm
net72,146.41µm
net683,146.41µm
_06622_,146.36µm
net78,146.36µm
net499,146.36µm
net1674,146.31µm
net1706,146.31µm
net451,145.95µm
_10116_,145.7µm
_11159_,145.65µm
_12203_,145.65µm
spi_ctrl.state\[4\],145.65µm
net984,145.65µm
net70,145.34µm
net62,145.19µm
net1790,145.19µm
pp_inst.core_inst.key_q\[119\],145.14µm
pp_inst.core_inst.key_q\[19\],145.14µm
net376,144.88µm
_11989_,144.78µm
net425,144.78µm
pp_inst.core_inst.asconp_i.x3\[48\],144.73µm
net30,144.73µm
net1681,144.73µm
net508,144.68µm
net1698,144.63µm
_11985_,144.58µm
_04218_,144.53µm
_04354_,144.53µm
net35,144.22µm
net511,144.22µm
net419,144.17µm
net1621,144.17µm
pp_inst.core_inst.fin,144.12µm
net403,144.12µm
pp_inst.core_inst.asconp_i.x1\[42\],144.02µm
_10288_,143.92µm
net350,143.61µm
_11992_,143.51µm
pp_inst.core_inst.asconp_i.x3\[25\],143.51µm
_10224_,143.41µm
_11661_,143.41µm
net980,143.25µm
_10042_,143µm
_10626_,143µm
pp_inst.core_inst.asconp_i.x3\[59\],143µm
_11986_,142.85µm
pp_inst.core_inst.asconp_i.x3\[56\],142.49µm
_11288_,142.39µm
_05022_,142.29µm
_08637_,142.29µm
_10037_,142.29µm
pp_inst.core_inst.asconp_i.x3\[21\],141.93µm
_09458_,141.88µm
pp_inst.core_inst.asconp_i.x3\[28\],141.83µm
pp_inst.core_inst.key_q\[55\],141.83µm
_04165_,141.78µm
net20,141.78µm
net1501,141.68µm
net445,141.42µm
_09510_,141.22µm
_05447_,141.17µm
_11037_,141.12µm
net1657,141.09µm
net476,140.81µm
pp_inst.core_inst.asconp_i.x2\[45\],140.76µm
_05917_,140.66µm
pp_inst.core_inst.asconp_i.x3\[49\],140.66µm
net1701,140.66µm
_11147_,140.61µm
_03814_,140.56µm
_11017_,140.45µm
net462,140.35µm
_09447_,140.3µm
_10924_,140.25µm
pp_inst.core_inst.asconp_i.x3\[31\],140.2µm
net881,140.1µm
_03681_,140µm
net1623,139.89µm
net58,139.69µm
net367,139.64µm
net370,139.64µm
pp_inst.core_inst.asconp_i.x3\[14\],139.59µm
_06020_,139.49µm
_11444_,139.49µm
net1461,139.49µm
_05036_,139.44µm
_12066_,139.44µm
pp_inst.rd_ptr\[4\],139.03µm
_09434_,138.98µm
_10473_,138.98µm
_04529_,138.88µm
_10178_,138.47µm
net498,138.47µm
net1506,138.42µm
_06359_,138.37µm
_11337_,138.32µm
_12008_,138.32µm
net81,137.91µm
net413,137.91µm
_09066_,137.81µm
_09271_,137.81µm
net509,137.55µm
key\[9\],137.4µm
pp_inst.core_inst.asconp_i.x1\[2\],137.4µm
_08868_,136.89µm
net379,136.89µm
pp_inst.core_inst.asconp_i.x3\[1\],136.74µm
net1608,136.74µm
pp_inst.core_inst.asconp_i.x4\[49\],136.69µm
_05707_,136.64µm
pp_inst.core_inst.asconp_i.x3\[27\],136.38µm
pp_inst.core_inst.asconp_i.x3\[11\],136.33µm
net29,136.33µm
_09509_,136.18µm
net411,135.87µm
_09567_,135.67µm
_08372_,135.62µm
_03679_,135.52µm
_11022_,135.11µm
_11993_,135.11µm
pp_inst.core_inst.asconp_i.x4\[63\],135.11µm
net36,134.65µm
_07139_,134.55µm
net454,134.5µm
_04928_,134.4µm
_04909_,133.84µm
_11260_,133.84µm
net1042,133.4µm
key\[3\],133.33µm
_11829_,133.28µm
pp_inst.core_inst.asconp_i.x3\[40\],132.97µm
net1797,132.92µm
pp_inst.core_inst.key_q\[69\],132.87µm
net1611,132.87µm
_10065_,132.77µm
pp_inst.core_inst.key_q\[73\],132.72µm
net684,132.51µm
pp_inst.core_inst.asconp_i.x3\[57\],132.41µm
_10602_,132.26µm
pp_inst.core_inst.key_q\[7\],132.26µm
_05321_,132.16µm
_06491_,132.16µm
pp_inst.core_inst.asconp_i.x3\[30\],131.9µm
net375,131.9µm
net522,131.9µm
clknet_leaf_340_clk,131.8µm
_09683_,131.7µm
pp_inst.core_inst.asconp_i.x1\[52\],131.7µm
net999,131.7µm
_11048_,131.65µm
_04265_,131.6µm
net49,131.44µm
pp_inst.flush_buffer,131.39µm
net506,131.19µm
_11174_,131.09µm
_11542_,131.09µm
_12041_,131.09µm
net355,131.09µm
net431,130.68µm
pp_inst.core_inst.asconp_i.x4\[56\],130.58µm
_06039_,130.53µm
pp_inst.core_inst.asconp_i.x3\[62\],130.48µm
net1845,130.27µm
pp_inst.core_inst.asconp_i.x3\[20\],130.22µm
net9,130.22µm
pp_inst.core_inst.asconp_i.x4\[33\],130.17µm
pp_inst.core_inst.key_q\[32\],129.97µm
pp_inst.core_inst.asconp_i.x4\[43\],129.51µm
net1048,129.46µm
_11775_,129.41µm
net56,129.1µm
_11026_,129µm
net461,129µm
net1659,128.95µm
_06069_,128.9µm
_05927_,128.85µm
pp_inst.core_inst.asconp_i.x1\[5\],128.49µm
pp_inst.core_inst.asconp_i.x4\[52\],128.39µm
net487,128.39µm
_09485_,128.34µm
_11049_,128.24µm
pp_inst.core_inst.asconp_i.x3\[51\],128.08µm
pp_inst.core_inst.asconp_i.x3\[18\],128.03µm
pp_inst.core_inst.asconp_i.x4\[11\],128.03µm
_07070_,127.88µm
_09209_,127.88µm
net1043,127.88µm
pp_inst.core_inst.asconp_i.x3\[16\],127.83µm
_10219_,127.73µm
_11323_,127.73µm
_11612_,127.73µm
pp_inst.core_inst.asconp_i.x3\[2\],127.73µm
_10882_,127.68µm
pp_inst.core_inst.asconp_i.x3\[15\],127.42µm
net1694,127.37µm
_09937_,127.32µm
_04579_,127.27µm
spi_ctrl.word_buf\[16\],127.27µm
_10026_,127.22µm
_03547_,127.12µm
net1635,127.01µm
net749,126.81µm
_09291_,126.71µm
net17,126.66µm
net1848,126.61µm
_11217_,126.56µm
pp_inst.core_inst.asconp_i.x3\[44\],126.35µm
net516,126.3µm
pp_inst.core_inst.asconp_i.x3\[34\],126.2µm
pp_inst.core_inst.asconp_i.x4\[20\],126.15µm
pp_inst.core_inst.asconp_i.x4\[4\],125.97µm
_09306_,125.59µm
_06830_,125.49µm
_05915_,125.44µm
_10594_,125.44µm
_10320_,125.18µm
pp_inst.core_inst.asconp_i.x2\[53\],125.13µm
pp_inst.core_inst.asconp_i.x3\[13\],125.13µm
net373,125.13µm
net982,125.03µm
net1752,125.03µm
_09381_,124.93µm
net1856,124.9µm
_03405_,124.88µm
net75,124.82µm
pp_inst.core_inst.asconp_i.x4\[31\],124.57µm
pp_inst.core_inst.asconp_i.x3\[42\],124.42µm
_09526_,124.37µm
_09562_,124.37µm
_06134_,124.32µm
pp_inst.core_inst.asconp_i.x3\[41\],124.21µm
net981,124.11µm
pp_inst.core_inst.asconp_i.x4\[51\],124.09µm
_11868_,123.81µm
net31,123.5µm
_11089_,123.35µm
net1751,123.35µm
pp_inst.core_inst.asconp_i.x4\[46\],123.3µm
_10546_,123.25µm
pp_inst.core_inst.pro_msg,123.25µm
_07242_,123.2µm
pp_inst.core_inst.asconp_i.x3\[3\],122.89µm
pp_inst.core_inst.asconp_i.x2\[55\],122.69µm
_10906_,122.33µm
pp_inst.core_inst.asconp_i.x4\[0\],122.33µm
_09602_,122.28µm
pp_inst.core_inst.asconp_i.x4\[60\],122.28µm
net33,122.18µm
_06715_,122.13µm
_11937_,122.08µm
net74,121.87µm
pp_inst.core_inst.asconp_i.x3\[33\],121.77µm
net390,121.72µm
_09527_,121.67µm
_07412_,121.57µm
spi_ctrl.tx_shift_reg\[30\],121.52µm
pp_inst.core_inst.init,121.16µm
net1766,121.16µm
pp_inst.core_inst.asconp_i.x4\[10\],121.11µm
net19,121.11µm
pp_inst.core_inst.asconp_i.x0\[19\],121.06µm
net1753,121.06µm
_07310_,121.01µm
_08207_,121.01µm
clknet_6_21_0_clk,121.01µm
_04258_,120.96µm
_09832_,120.68µm
pp_inst.core_inst.asconp_i.x2\[61\],120.55µm
pp_inst.core_inst.key_q\[12\],120.55µm
_11265_,120.4µm
pp_inst.core_inst.asconp_i.x2\[52\],120.14µm
auth,119.89µm
pp_inst.core_inst.asconp_i.x4\[48\],119.48µm
net1464,119.43µm
net1795,119.43µm
_06747_,119.38µm
_11161_,119.38µm
_05459_,119.33µm
_04126_,119.28µm
_09992_,119.28µm
net689,119.07µm
pp_inst.core_inst.asconp_i.x2\[47\],119.02µm
pp_inst.core_inst.asconp_i.x1\[62\],118.87µm
_09508_,118.82µm
net1000,118.77µm
_09575_,118.41µm
pp_inst.core_inst.asconp_i.x1\[17\],118.41µm
net1037,118.36µm
net41,118.31µm
net1837,118.26µm
_05929_,118.16µm
_11313_,118.16µm
pp_inst.core_inst.asconp_i.x2\[37\],117.9µm
pp_inst.core_inst.asconp_i.x1\[57\],117.8µm
_09436_,117.65µm
net932,117.19µm
_10755_,117.04µm
net1767,116.63µm
pp_inst.core_inst.asconp_i.x3\[6\],116.58µm
_11332_,116.53µm
pp_inst.core_inst.asconp_i.x2\[49\],116.53µm
_09848_,116.48µm
pp_inst.core_inst.asconp_i.x4\[50\],116.17µm
pp_inst.core_inst.asconp_i.x1\[48\],116.12µm
net517,116.12µm
_10043_,116.07µm
net447,116.02µm
_07943_,115.92µm
net418,115.56µm
net1679,115.51µm
net480,115.41µm
_03996_,115.36µm
_05064_,115.36µm
_06162_,115.36µm
net515,115.15µm
pp_inst.core_inst.asconp_i.x4\[34\],115µm
net1852,115µm
net354,114.44µm
_04632_,114.34µm
pp_inst.core_inst.asconp_i.x1\[45\],114.34µm
_08504_,114.24µm
_10603_,113.93µm
_10647_,113.93µm
pp_inst.core_inst.asconp_i.x2\[50\],113.93µm
net11,113.93µm
spi_ctrl.tx_stage_valid,113.88µm
net378,113.88µm
_09566_,113.83µm
pp_inst.core_inst.asconp_i.x2\[29\],113.83µm
pp_inst.core_inst.asconp_i.x4\[1\],113.78µm
pp_inst.core_inst.asconp_i.x0\[18\],113.73µm
_03972_,113.68µm
_09511_,113.4µm
pp_inst.core_inst.asconp_i.x1\[16\],113.22µm
_04481_,113.12µm
_11459_,113.12µm
pp_inst.core_inst.asconp_i.x3\[23\],112.86µm
net381,112.76µm
pp_inst.core_inst.key_q\[106\],112.71µm
_06961_,112.56µm
_11430_,112.56µm
pp_inst.core_inst.asconp_i.x3\[17\],112.25µm
_06337_,112.1µm
_11035_,112.1µm
pp_inst.core_inst.asconp_i.x2\[56\],112.1µm
net429,112.1µm
pp_inst.core_inst.key_q\[36\],111.69µm
_09590_,111.64µm
_10022_,111.59µm
_09275_,111.49µm
_05530_,111.44µm
_09515_,111.13µm
_12024_,111.03µm
_11123_,110.98µm
_12044_,110.98µm
pp_inst.core_inst.asconp_i.x3\[58\],110.62µm
clknet_leaf_446_clk,110.62µm
net464,110.57µm
net361,110.47µm
_06316_,110.42µm
_06431_,110.42µm
net1028,110.42µm
_12006_,110.37µm
pp_inst.core_inst.asconp_i.x3\[26\],110.11µm
pp_inst.core_inst.asconp_i.x3\[39\],109.96µm
_09292_,109.86µm
_09535_,109.86µm
_09536_,109.81µm
_09778_,109.81µm
_05498_,109.76µm
pp_inst.core_inst.asconp_i.x2\[60\],109.4µm
pp_inst.core_inst.key_q\[1\],109.35µm
pp_inst.core_inst.reg_cnt_i.data_q\[2\],109.35µm
net992,109.35µm
clknet_leaf_190_clk,109.35µm
net1841,109.3µm
_07343_,109.2µm
_09569_,108.84µm
net57,108.84µm
_09103_,108.74µm
_09484_,108.74µm
pp_inst.core_inst.asconp_i.x3\[60\],108.74µm
_05511_,108.69µm
pp_inst.core_inst.key_q\[100\],108.69µm
pp_inst.core_inst.key_q\[48\],108.64µm
mode\[1\],108.18µm
_10868_,108.13µm
_06518_,108.08µm
_09886_,108.08µm
_09470_,107.72µm
pp_inst.core_inst.asconp_i.x2\[54\],107.72µm
_05336_,107.62µm
net344,107.62µm
_04003_,107.57µm
_04462_,107.57µm
_09276_,107.57µm
_09730_,107.52µm
rx_data\[4\],107.34µm
_09595_,107.31µm
pp_inst.core_inst.asconp_i.x1\[11\],107.21µm
pp_inst.core_inst.asconp_i.x1\[1\],107.21µm
_09576_,107.16µm
pp_inst.core_inst.asconp_i.x2\[43\],107.11µm
_03546_,107.01µm
_04342_,107.01µm
_05092_,106.96µm
pp_inst.core_inst.asconp_i.x2\[63\],106.75µm
pp_inst.core_inst.asconp_i.x3\[24\],106.7µm
net1041,106.6µm
_09522_,106.55µm
pp_inst.core_inst.key_q\[64\],106.55µm
_11999_,106.45µm
_10488_,106.4µm
_11821_,106.4µm
clknet_leaf_226_clk,106.09µm
_05869_,105.99µm
_09210_,105.99µm
_09407_,105.94µm
_09433_,105.84µm
net1003,105.58µm
_09564_,105.53µm
pp_inst.core_inst.asconp_i.x3\[54\],105.53µm
net458,105.53µm
pp_inst.core_inst.key_q\[22\],105.43µm
_10258_,105.38µm
pp_inst.core_inst.asconp_i.x4\[41\],105.38µm
net1789,105.38µm
_04217_,105.28µm
_10719_,105.28µm
_09351_,104.87µm
pp_inst.core_inst.asconp_i.x2\[27\],104.87µm
_09696_,104.36µm
pp_inst.core_inst.asconp_i.x1\[3\],104.31µm
pp_inst.core_inst.asconp_i.x4\[53\],104.31µm
pp_inst.core_inst.key_q\[65\],104.31µm
_10495_,104.26µm
spi_ctrl.word_buf\[1\],104.26µm
_06900_,104.21µm
_09552_,104.21µm
_05841_,104.16µm
_07613_,104.16µm
net1442,103.9µm
pp_inst.core_inst.asconp_i.x1\[22\],103.85µm
net523,103.85µm
key\[25\],103.8µm
pp_inst.core_inst.key_q\[112\],103.65µm
_03958_,103.6µm
pp_inst.core_inst.asconp_i.x3\[29\],103.39µm
pp_inst.core_inst.asconp_i.x1\[23\],103.29µm
pp_inst.core_inst.asconp_i.x4\[36\],103.29µm
clknet_leaf_444_clk,103.24µm
_09101_,103.19µm
pp_inst.core_inst.asconp_i.x4\[14\],103.19µm
net384,103.19µm
clknet_leaf_308_clk,103.19µm
_10174_,103.14µm
_09545_,103.09µm
clknet_leaf_324_clk,102.78µm
pp_inst.core_inst.asconp_i.x1\[50\],102.68µm
net1862,102.68µm
_09523_,102.63µm
_09750_,102.63µm
pp_inst.core_inst.asconp_i.x2\[41\],102.53µm
pp_inst.core_inst.key_q\[76\],102.53µm
_12003_,102.48µm
pp_inst.core_inst.asconp_i.x4\[2\],102.07µm
pp_inst.core_inst.key_q\[109\],102.07µm
clknet_leaf_271_clk,102.07µm
_11058_,102.02µm
_04267_,101.97µm
_06844_,101.97µm
clknet_leaf_469_clk,101.97µm
_03572_,101.92µm
clknet_leaf_316_clk,101.56µm
clknet_leaf_91_clk,101.51µm
clknet_leaf_208_clk,101.51µm
pp_inst.core_inst.asconp_i.x1\[25\],101.46µm
_10833_,101.41µm
_05205_,101.36µm
pp_inst.core_inst.asconp_i.x1\[18\],101µm
clknet_leaf_428_clk,100.95µm
_09589_,100.9µm
_09651_,100.9µm
net475,100.9µm
net489,100.9µm
_03948_,100.8µm
_11395_,100.8µm
_12069_,100.8µm
clknet_leaf_145_clk,100.49µm
clknet_leaf_245_clk,100.44µm
pp_inst.core_inst.key_q\[63\],100.39µm
net428,100.39µm
_05330_,100.34µm
net357,100.34µm
_06790_,100.29µm
spi_ctrl.pend_valid,100.29µm
_09104_,100.24µm
pp_inst.core_inst.asconp_i.x1\[43\],100.03µm
_09461_,99.83µm
pp_inst.core_inst.asconp_i.x1\[15\],99.83µm
pp_inst.core_inst.asconp_i.x2\[8\],99.83µm
clknet_leaf_120_clk,99.83µm
_09741_,99.78µm
pp_inst.core_inst.asconp_i.x3\[7\],99.78µm
clknet_leaf_379_clk,99.78µm
_06879_,99.68µm
pp_inst.core_inst.asconp_i.x1\[39\],99.37µm
pp_inst.core_inst.asconp_i.x1\[8\],99.32µm
key\[16\],99.27µm
net1514,99.27µm
_06106_,99.22µm
_11996_,99.22µm
_09652_,99.12µm
_09760_,99.12µm
clknet_leaf_314_clk,98.86µm
pp_inst.core_inst.asconp_i.x3\[9\],98.81µm
net1011,98.66µm
_11991_,98.61µm
net1493,98.61µm
_07003_,98.56µm
_11349_,98.56µm
_12223_,98.56µm
net606,98.4µm
net534,98.35µm
_11916_,98.3µm
_09613_,98.2µm
pp_inst.core_inst.asconp_i.x1\[51\],98.2µm
pp_inst.core_inst.asconp_i.x3\[10\],98.2µm
pp_inst.wr_ptr\[3\],98.2µm
pp_inst.core_inst.key_q\[31\],98.1µm
_03993_,98.05µm
_09126_,98.05µm
_09542_,98.05µm
_11300_,98.05µm
_04039_,98µm
_04964_,98µm
_05573_,98µm
_10163_,97.64µm
pp_inst.core_inst.key_q\[16\],97.64µm
_09641_,97.59µm
clknet_leaf_196_clk,97.59µm
_05005_,97.54µm
_09107_,97.54µm
_09744_,97.54µm
_11023_,97.49µm
_09678_,97.44µm
pp_inst.core_inst.asconp_i.x3\[36\],97.08µm
_05647_,96.98µm
_09548_,96.98µm
_09631_,96.98µm
net1511,96.98µm
_09201_,96.93µm
_09780_,96.93µm
_09618_,96.88µm
_11302_,96.88µm
pp_inst.core_inst.asconp_i.x4\[55\],96.57µm
net987,96.52µm
_09106_,96.47µm
_09599_,96.47µm
pp_inst.core_inst.asconp_i.x3\[4\],96.47µm
net73,96.47µm
net1700,96.47µm
pp_inst.core_inst.asconp_i.x3\[37\],96.42µm
_03584_,96.32µm
_10407_,96.32µm
_11453_,96.32µm
net394,96.01µm
_10373_,95.96µm
net1014,95.91µm
clknet_leaf_390_clk,95.91µm
_07446_,95.86µm
pp_inst.core_inst.asconp_i.x1\[13\],95.86µm
bdi_type\[2\],95.81µm
pp_inst.core_inst.asconp_i.x4\[28\],95.81µm
pp_inst.core_inst.asconp_i.x4\[3\],95.81µm
clknet_leaf_373_clk,95.76µm
_06964_,95.4µm
net50,95.4µm
pp_inst.core_inst.key_q\[125\],95.35µm
_09619_,95.3µm
_12109_,95.25µm
mode\[2\],95.25µm
_06172_,95.2µm
pp_inst.core_inst.asconp_i.x2\[40\],94.94µm
clknet_leaf_225_clk,94.84µm
net1407,94.74µm
clknet_leaf_474_clk,94.74µm
_04673_,94.69µm
_09674_,94.69µm
pp_inst.core_inst.key_q\[77\],94.69µm
_06060_,94.64µm
pp_inst.core_inst.asconp_i.x1\[20\],94.33µm
pp_inst.core_inst.asconp_i.x1\[37\],94.28µm
pp_inst.core_inst.asconp_i.x4\[23\],94.23µm
_10369_,94.18µm
_05282_,94.13µm
_10947_,94.13µm
_03559_,94.08µm
_09519_,93.87µm
net482,93.77µm
pp_inst.core_inst.key_q\[0\],93.72µm
_04099_,93.62µm
_11114_,93.62µm
pp_inst.core_inst.key_q\[82\],93.62µm
net470,93.62µm
net1779,93.62µm
clknet_leaf_322_clk,93.62µm
_03859_,93.52µm
_11417_,93.52µm
_10492_,93.39µm
net1040,93.21µm
pp_inst.core_inst.asconp_i.x4\[17\],93.06µm
pp_inst.core_inst.reg_cnt_i.data_q\[3\],93.06µm
_12036_,93.01µm
_12010_,92.96µm
pp_inst.core_inst.asconp_i.x2\[36\],92.65µm
pp_inst.core_inst.asconp_i.x0\[23\],92.6µm
clknet_leaf_265_clk,92.6µm
pp_inst.core_inst.asconp_i.x3\[63\],92.55µm
clknet_leaf_534_clk,92.55µm
clknet_leaf_450_clk,92.5µm
clknet_leaf_655_clk,92.5µm
_09724_,92.45µm
_04443_,92.4µm
clknet_leaf_214_clk,92.09µm
net1855,91.99µm
_09472_,91.94µm
pp_inst.core_inst.asconp_i.x1\[31\],91.94µm
pp_inst.core_inst.key_q\[49\],91.94µm
net1614,91.94µm
_06945_,91.89µm
_09615_,91.89µm
pp_inst.core_inst.asconp_i.x2\[2\],91.89µm
_06238_,91.84µm
_11243_,91.84µm
pp_inst.core_inst.asconp_i.x2\[21\],91.58µm
_05247_,91.43µm
_09413_,91.43µm
clknet_leaf_291_clk,91.43µm
_07445_,91.33µm
pp_inst.core_inst.asconp_i.x1\[47\],91.33µm
pp_inst.core_inst.key_q\[111\],91.33µm
clknet_leaf_200_clk,91.12µm
pp_inst.core_inst.kadd_4_done,90.87µm
_09100_,90.82µm
pp_inst.core_inst.key_q\[38\],90.82µm
net14,90.82µm
net465,90.82µm
_04531_,90.77µm
_07241_,90.77µm
_11293_,90.77µm
pp_inst.core_inst.asconp_i.x4\[58\],90.77µm
net23,90.77µm
_04653_,90.72µm
pp_inst.core_inst.asconp_i.x2\[42\],90.54µm
net503,90.46µm
_04040_,90.41µm
_09609_,90.36µm
clknet_leaf_231_clk,90.31µm
pp_inst.core_inst.key_q\[126\],90.26µm
clknet_leaf_293_clk,90.26µm
net1319,90.21µm
_09929_,90.16µm
spi_ctrl.word_buf\[7\],90.03µm
clknet_leaf_166_clk,89.85µm
clknet_leaf_99_clk,89.8µm
_09414_,89.75µm
clknet_leaf_420_clk,89.75µm
pp_inst.core_inst.key_q\[13\],89.7µm
_04298_,89.65µm
_06219_,89.65µm
_12009_,89.65µm
clknet_leaf_32_clk,89.6µm
pp_inst.core_inst.asconp_i.x1\[61\],89.39µm
pp_inst.core_inst.asconp_i.x1\[0\],89.19µm
pp_inst.core_inst.key_q\[75\],89.19µm
clknet_leaf_306_clk,89.14µm
_04178_,89.09µm
_05007_,89.09µm
_09274_,89.04µm
_09578_,89.04µm
clknet_leaf_468_clk,88.63µm
_09108_,88.58µm
pp_inst.core_inst.asconp_i.x1\[49\],88.58µm
pp_inst.core_inst.asconp_i.x1\[63\],88.58µm
clknet_leaf_286_clk,88.58µm
clknet_leaf_628_clk,88.58µm
clknet_leaf_338_clk,88.57µm
_10996_,88.53µm
_09685_,88.48µm
pp_inst.core_inst.asconp_i.x1\[54\],88.17µm
clknet_leaf_127_clk,88.17µm
pp_inst.wr_ptr\[4\],88.12µm
clknet_leaf_168_clk,88.12µm
clknet_leaf_396_clk,88.12µm
pp_inst.core_inst.asconp_i.x4\[45\],88.07µm
clknet_leaf_360_clk,88.07µm
_04502_,87.97µm
_06810_,87.97µm
_11910_,87.97µm
_12102_,87.97µm
key\[0\],87.97µm
_06817_,87.92µm
_11341_,87.92µm
clknet_leaf_164_clk,87.76µm
net441,87.66µm
_09408_,87.61µm
clknet_leaf_199_clk,87.61µm
clknet_leaf_62_clk,87.56µm
clknet_leaf_267_clk,87.51µm
clknet_leaf_453_clk,87.51µm
_03734_,87.41µm
pp_inst.core_inst.key_q\[42\],87.41µm
_03521_,87.36µm
_03586_,87.36µm
_03994_,87.36µm
_09554_,87µm
_09550_,86.95µm
clknet_leaf_393_clk,86.95µm
_05493_,86.9µm
clknet_leaf_117_clk,86.9µm
clknet_leaf_175_clk,86.85µm
_03434_,86.8µm
_12216_,86.8µm
_07001_,86.44µm
_09154_,86.39µm
pp_inst.core_inst.asconp_i.x1\[12\],86.39µm
clknet_leaf_388_clk,86.39µm
_09629_,86.34µm
_11317_,86.34µm
pp_inst.core_inst.asconp_i.x1\[41\],86.34µm
pp_inst.core_inst.asconp_i.x2\[46\],86.34µm
pp_inst.core_inst.key_q\[93\],86.34µm
clknet_leaf_222_clk,86.34µm
_05966_,86.29µm
_09790_,86.29µm
_06125_,86.24µm
net360,85.93µm
net991,85.83µm
spi_ctrl.pend_type\[1\],85.78µm
clknet_leaf_41_clk,85.78µm
_09999_,85.73µm
_10993_,85.73µm
pp_inst.core_inst.asconp_i.x0\[6\],85.73µm
_06310_,85.68µm
_10612_,85.68µm
pp_inst.core_inst.asconp_i.x2\[57\],85.37µm
_09473_,85.32µm
clknet_leaf_216_clk,85.32µm
clknet_leaf_371_clk,85.32µm
_09278_,85.27µm
_10925_,85.27µm
pp_inst.core_inst.asconp_i.x3\[5\],85.27µm
_07036_,85.22µm
_04231_,85.17µm
_04260_,85.17µm
_11637_,85.17µm
pp_inst.core_inst.key_q\[9\],85.17µm
_06968_,85.12µm
pp_inst.core_inst.asconp_i.x1\[38\],84.81µm
clknet_leaf_281_clk,84.71µm
_09339_,84.66µm
_09435_,84.61µm
pp_inst.core_inst.asconp_i.x2\[38\],84.61µm
_03533_,84.56µm
net398,84.25µm
clknet_leaf_344_clk,84.25µm
pp_inst.core_inst.asconp_i.x4\[47\],84.2µm
clknet_leaf_325_clk,84.2µm
_09238_,84.15µm
pp_inst.core_inst.asconp_i.x2\[23\],84.15µm
pp_inst.core_inst.asconp_i.x2\[3\],84.15µm
net21,84.15µm
clknet_leaf_98_clk,84.15µm
_03570_,84.1µm
rx_data\[6\],84.1µm
_03501_,84.05µm
_04528_,84.05µm
_06325_,84.05µm
pp_inst.core_inst.asconp_i.x1\[59\],84.05µm
_11307_,84µm
pp_inst.core_inst.asconp_i.x0\[25\],83.77µm
clknet_leaf_109_clk,83.69µm
clknet_leaf_653_clk,83.69µm
_08075_,83.64µm
clknet_leaf_125_clk,83.64µm
clknet_leaf_318_clk,83.64µm
clknet_leaf_665_clk,83.64µm
key\[24\],83.59µm
pp_inst.core_inst.asconp_i.x3\[12\],83.59µm
pp_inst.core_inst.key_q\[34\],83.59µm
pp_inst.core_inst.asconp_i.x4\[22\],83.54µm
clknet_leaf_34_clk,83.54µm
_04108_,83.49µm
net1839,83.49µm
_07411_,83.32µm
clknet_leaf_191_clk,83.13µm
clknet_leaf_302_clk,83.13µm
clknet_leaf_263_clk,83.08µm
_11092_,83.03µm
clknet_leaf_94_clk,83.03µm
pp_inst.core_inst.asconp_i.x1\[6\],82.98µm
pp_inst.rd_ptr\[5\],82.98µm
_09239_,82.93µm
_09770_,82.93µm
_06180_,82.88µm
_06463_,82.88µm
pp_inst.core_inst.asconp_i.x1\[55\],82.57µm
clknet_leaf_349_clk,82.52µm
_09850_,82.47µm
key\[26\],82.47µm
clknet_leaf_107_clk,82.47µm
clknet_leaf_334_clk,82.47µm
clknet_leaf_385_clk,82.47µm
_10903_,82.42µm
pp_inst.core_inst.asconp_i.x1\[35\],82.42µm
clknet_leaf_232_clk,82.42µm
clknet_leaf_509_clk,82.42µm
rx_data\[2\],82.37µm
_04505_,82.32µm
_11351_,82.32µm
pp_inst.core_inst.asconp_i.x1\[14\],81.96µm
pp_inst.core_inst.asconp_i.x4\[9\],81.91µm
pp_inst.core_inst.key_q\[18\],81.91µm
pp_inst.core_inst.key_q\[94\],81.86µm
pp_inst.wr_ptr\[1\],81.86µm
clknet_leaf_654_clk,81.86µm
_03587_,81.81µm
_05896_,81.81µm
pp_inst.core_inst.asconp_i.x4\[24\],81.81µm
_04426_,81.76µm
_12144_,81.76µm
pp_inst.core_inst.asconp_i.x4\[25\],81.45µm
clknet_leaf_178_clk,81.4µm
pp_inst.core_inst.asconp_i.x0\[32\],81.35µm
net1793,81.35µm
clknet_leaf_176_clk,81.35µm
clknet_leaf_243_clk,81.35µm
clknet_leaf_255_clk,81.35µm
_03531_,81.25µm
pp_inst.core_inst.asconp_i.x0\[35\],81.25µm
pp_inst.core_inst.asconp_i.x1\[56\],81.25µm
clknet_leaf_659_clk,81.25µm
_04174_,81.2µm
_06824_,81.2µm
_07976_,81.2µm
spi_ctrl.tx_shift_reg\[3\],81.2µm
clknet_leaf_335_clk,80.84µm
clknet_leaf_106_clk,80.79µm
clknet_leaf_203_clk,80.79µm
_03523_,80.74µm
net520,80.74µm
clknet_leaf_297_clk,80.74µm
clknet_leaf_483_clk,80.74µm
_11901_,80.69µm
_07377_,80.64µm
_10376_,80.38µm
pp_inst.core_inst.key_q\[61\],80.23µm
pp_inst.core_inst.key_q\[98\],80.23µm
clknet_leaf_151_clk,80.23µm
pp_inst.core_inst.key_q\[41\],80.18µm
pp_inst.rd_ptr\[2\],80.13µm
net1860,80.13µm
pp_inst.core_inst.asconp_i.x3\[35\],79.77µm
clknet_leaf_248_clk,79.77µm
clknet_leaf_309_clk,79.77µm
pp_inst.core_inst.asconp_i.x1\[9\],79.72µm
_10048_,79.67µm
key\[14\],79.67µm
clknet_leaf_230_clk,79.62µm
clknet_leaf_234_clk,79.62µm
clknet_leaf_279_clk,79.62µm
pp_inst.core_inst.asconp_i.x2\[26\],79.57µm
pp_inst.core_inst.key_q\[11\],79.57µm
_12029_,79.52µm
clknet_leaf_254_clk,79.21µm
clknet_leaf_201_clk,79.16µm
clknet_leaf_345_clk,79.16µm
clknet_leaf_448_clk,79.16µm
pp_inst.core_inst.asconp_i.x1\[28\],79.11µm
pp_inst.core_inst.asconp_i.x2\[1\],79.11µm
net412,79.11µm
mode\[3\],79.06µm
clknet_leaf_520_clk,79.06µm
_12064_,79.01µm
_03635_,78.96µm
_03767_,78.96µm
_12042_,78.96µm
_10134_,78.89µm
pp_inst.core_inst.asconp_i.x1\[30\],78.6µm
pp_inst.core_inst.key_q\[80\],78.6µm
clknet_leaf_210_clk,78.6µm
_09798_,78.55µm
clknet_leaf_432_clk,78.55µm
pp_inst.core_inst.asconp_i.x0\[56\],78.5µm
spi_ctrl.word_buf\[8\],78.5µm
net1582,78.5µm
_01835_,78.4µm
_11360_,78.4µm
_12280_,78.4µm
clknet_leaf_304_clk,78.24µm
pp_inst.core_inst.asconp_i.x4\[59\],78.09µm
clknet_leaf_35_clk,78.09µm
clknet_leaf_452_clk,78.09µm
net409,78.04µm
_06837_,77.99µm
net484,77.99µm
clknet_leaf_323_clk,77.99µm
_06872_,77.94µm
spi_ctrl.state\[2\],77.94µm
_06097_,77.89µm
_10575_,77.89µm
pp_inst.core_inst.asconp_i.x4\[37\],77.89µm
clknet_leaf_289_clk,77.89µm
_04417_,77.84µm
_04433_,77.84µm
_04456_,77.84µm
clknet_leaf_341_clk,77.53µm
clknet_leaf_478_clk,77.53µm
_09222_,77.43µm
pp_inst.core_inst.asconp_i.x4\[12\],77.43µm
net436,77.38µm
clknet_leaf_242_clk,77.37µm
_09474_,77.33µm
pp_inst.wr_ptr\[5\],77.33µm
net439,77.33µm
_03768_,77.28µm
_05795_,77.28µm
_06599_,77.28µm
_06952_,77.28µm
_11757_,77.28µm
clknet_leaf_404_clk,77.28µm
pp_inst.core_inst.asconp_i.x2\[51\],77.07µm
clknet_leaf_336_clk,76.97µm
clknet_leaf_524_clk,76.97µm
_09213_,76.92µm
clknet_leaf_342_clk,76.87µm
clknet_leaf_441_clk,76.87µm
_11906_,76.82µm
clknet_leaf_84_clk,76.82µm
pp_inst.core_inst.asconp_i.x0\[1\],76.77µm
pp_inst.wr_ptr\[2\],76.77µm
clknet_leaf_501_clk,76.77µm
_03716_,76.72µm
_04611_,76.72µm
spi_ctrl.tx_shift_reg\[2\],76.72µm
clknet_leaf_179_clk,76.36µm
clknet_leaf_241_clk,76.36µm
pp_inst.core_inst.asconp_i.x1\[36\],76.31µm
clknet_leaf_161_clk,76.26µm
_04311_,76.21µm
_11767_,76.16µm
spi_ctrl.cs_n_sync\[0\],76.16µm
clknet_leaf_82_clk,75.9µm
clknet_leaf_466_clk,75.76µm
clknet_leaf_142_clk,75.75µm
clknet_leaf_162_clk,75.75µm
clknet_leaf_589_clk,75.75µm
pp_inst.core_inst.key_q\[37\],75.7µm
spi_ctrl.tx_shift_reg\[21\],75.7µm
clknet_leaf_57_clk,75.7µm
clknet_leaf_239_clk,75.7µm
clknet_leaf_348_clk,75.7µm
clknet_leaf_353_clk,75.7µm
_04871_,75.65µm
_05861_,75.65µm
spi_ctrl.word_buf\[0\],75.65µm
_11272_,75.6µm
_12070_,75.6µm
clknet_leaf_403_clk,75.6µm
clknet_leaf_339_clk,75.34µm
clknet_leaf_384_clk,75.34µm
clknet_leaf_500_clk,75.29µm
clknet_leaf_236_clk,75.23µm
_10532_,75.19µm
clknet_leaf_213_clk,75.19µm
clknet_leaf_301_clk,75.19µm
clknet_leaf_328_clk,75.19µm
_09431_,75.14µm
_09648_,75.14µm
_06477_,75.09µm
_09657_,75.09µm
pp_inst.core_inst.key_q\[54\],75.09µm
_03549_,75.04µm
_04460_,75.04µm
_12062_,75.04µm
clknet_leaf_207_clk,74.63µm
pp_inst.core_inst.asconp_i.x4\[42\],74.58µm
pp_inst.core_inst.asconp_i.x4\[7\],74.58µm
clknet_leaf_198_clk,74.58µm
clknet_leaf_463_clk,74.58µm
_06354_,74.53µm
_09205_,74.53µm
_05261_,74.48µm
_05850_,74.48µm
key\[7\],74.48µm
clknet_leaf_78_clk,74.3µm
clknet_leaf_219_clk,74.17µm
clknet_leaf_27_clk,74.12µm
clknet_leaf_170_clk,74.12µm
clknet_leaf_29_clk,74.07µm
_09296_,74.02µm
_09358_,74.02µm
_11683_,74.02µm
pp_inst.core_inst.key_q\[4\],74.02µm
spi_ctrl.byte_cnt\[0\],74.02µm
clknet_leaf_206_clk,74.02µm
_05134_,73.92µm
_07679_,73.92µm
_12224_,73.92µm
clknet_leaf_66_clk,73.64µm
clknet_leaf_220_clk,73.61µm
clknet_leaf_484_clk,73.56µm
clknet_leaf_158_clk,73.51µm
clknet_leaf_246_clk,73.51µm
pp_inst.core_inst.key_q\[10\],73.46µm
pp_inst.core_inst.key_q\[51\],73.46µm
pp_inst.core_inst.key_q\[84\],73.46µm
_11340_,73.41µm
_06560_,73.36µm
clknet_leaf_406_clk,73.05µm
pp_inst.core_inst.asconp_i.x0\[40\],72.95µm
clknet_leaf_101_clk,72.95µm
_07104_,72.9µm
_09183_,72.9µm
clknet_leaf_23_clk,72.9µm
clknet_leaf_482_clk,72.9µm
_05805_,72.85µm
_09539_,72.85µm
_11484_,72.8µm
_11919_,72.8µm
pp_inst.core_inst.asconp_i.x1\[58\],72.49µm
clknet_leaf_440_clk,72.49µm
key\[10\],72.44µm
net985,72.44µm
clknet_leaf_75_clk,72.44µm
clknet_leaf_497_clk,72.44µm
_09356_,72.39µm
pp_inst.core_inst.asconp_i.x0\[36\],72.39µm
pp_inst.core_inst.asconp_i.x2\[32\],72.39µm
pp_inst.core_inst.asconp_i.x4\[19\],72.39µm
clknet_leaf_2_clk,72.39µm
clknet_leaf_284_clk,72.39µm
clknet_leaf_369_clk,72.39µm
clknet_leaf_370_clk,72.34µm
clknet_leaf_436_clk,72.34µm
clknet_leaf_566_clk,72.34µm
_07105_,72.29µm
_03404_,72.24µm
_04628_,72.24µm
_05021_,72.24µm
_11461_,72.24µm
_12017_,71.88µm
net1755,71.88µm
clknet_leaf_215_clk,71.88µm
clknet_leaf_223_clk,71.88µm
key\[11\],71.83µm
key_ready,71.83µm
pp_inst.core_inst.asconp_i.x4\[44\],71.83µm
clknet_leaf_115_clk,71.83µm
clknet_leaf_146_clk,71.83µm
_05552_,71.78µm
_09223_,71.78µm
_09662_,71.78µm
clknet_leaf_414_clk,71.78µm
clknet_leaf_382_clk,71.73µm
_03857_,71.68µm
_09368_,71.68µm
clknet_leaf_503_clk,71.32µm
clknet_leaf_522_clk,71.32µm
_09241_,71.27µm
_10411_,71.27µm
pp_inst.core_inst.key_q\[2\],71.27µm
clknet_leaf_442_clk,71.27µm
clknet_leaf_38_clk,71.22µm
clknet_leaf_282_clk,71.22µm
_10328_,71.17µm
pp_inst.fifo_data\[30\]\[13\],71.17µm
_03979_,71.12µm
_06691_,71.12µm
_12106_,71.12µm
pp_inst.core_inst.asconp_i.x1\[27\],70.86µm
_09348_,70.76µm
clknet_leaf_104_clk,70.76µm
clknet_leaf_180_clk,70.76µm
_09646_,70.71µm
_10618_,70.71µm
clknet_leaf_124_clk,70.71µm
clknet_leaf_486_clk,70.71µm
clknet_leaf_563_clk,70.71µm
pp_inst.core_inst.asconp_i.x1\[26\],70.66µm
pp_inst.core_inst.key_q\[3\],70.66µm
clknet_leaf_96_clk,70.66µm
clknet_leaf_188_clk,70.66µm
clknet_leaf_260_clk,70.66µm
clknet_leaf_413_clk,70.66µm
clknet_leaf_580_clk,70.66µm
pp_inst.core_inst.asconp_i.x1\[33\],70.61µm
clknet_leaf_327_clk,70.61µm
_04186_,70.56µm
_07549_,70.56µm
pp_inst.core_inst.asconp_i.x1\[10\],70.48µm
clknet_leaf_287_clk,70.25µm
clknet_leaf_502_clk,70.25µm
pp_inst.core_inst.asconp_i.x1\[53\],70.2µm
clknet_leaf_392_clk,70.2µm
clknet_leaf_592_clk,70.2µm
clknet_leaf_114_clk,70.15µm
clknet_leaf_273_clk,70.15µm
clknet_leaf_381_clk,70.15µm
clknet_leaf_525_clk,70.1µm
pp_inst.fifo_data\[18\]\[1\],70.05µm
_11850_,70µm
clknet_leaf_362_clk,69.99µm
clknet_leaf_355_clk,69.64µm
clknet_leaf_90_clk,69.59µm
clknet_leaf_401_clk,69.59µm
clknet_leaf_456_clk,69.59µm
clknet_leaf_588_clk,69.59µm
_10926_,69.54µm
spi_ctrl.word_buf\[5\],69.54µm
_09600_,69.49µm
pp_inst.core_inst.key_q\[29\],69.49µm
clknet_leaf_28_clk,69.49µm
clknet_leaf_195_clk,69.49µm
_03960_,69.44µm
_06612_,69.44µm
clknet_leaf_368_clk,69.13µm
pp_inst.core_inst.asconp_i.x1\[40\],69.03µm
pp_inst.core_inst.asconp_i.x4\[27\],69.03µm
clknet_leaf_95_clk,69.03µm
clknet_leaf_159_clk,69.03µm
clknet_leaf_350_clk,69.03µm
clknet_leaf_490_clk,69.03µm
clknet_leaf_154_clk,68.98µm
_00070_,68.93µm
pp_inst.core_inst.asconp_i.x2\[35\],68.93µm
pp_inst.core_inst.asconp_i.x4\[16\],68.93µm
_04574_,68.88µm
_10149_,68.88µm
clknet_leaf_155_clk,68.57µm
pp_inst.core_inst.asconp_i.x0\[55\],68.52µm
net1640,68.52µm
pp_inst.core_inst.asconp_i.x2\[6\],68.47µm
clknet_leaf_77_clk,68.47µm
clknet_leaf_347_clk,68.47µm
_06886_,68.42µm
key\[29\],68.42µm
clknet_leaf_182_clk,68.42µm
clknet_leaf_424_clk,68.42µm
clknet_leaf_664_clk,68.42µm
_05392_,68.37µm
_08736_,68.37µm
_09124_,68.37µm
_09757_,68.37µm
_12051_,68.37µm
_03575_,68.32µm
_04309_,68.32µm
_11363_,68.32µm
net449,68.32µm
clknet_leaf_313_clk,68.06µm
_07479_,68.01µm
clknet_leaf_533_clk,68.01µm
clknet_leaf_550_clk,68.01µm
_11988_,67.96µm
net1781,67.96µm
clknet_leaf_152_clk,67.96µm
clknet_leaf_374_clk,67.96µm
_09701_,67.91µm
pp_inst.core_inst.asconp_i.x1\[32\],67.91µm
clknet_leaf_445_clk,67.91µm
clknet_leaf_383_clk,67.86µm
_06865_,67.81µm
_12091_,67.81µm
net2,67.81µm
clknet_leaf_138_clk,67.81µm
clknet_leaf_531_clk,67.81µm
_08506_,67.76µm
_09739_,67.4µm
pp_inst.core_inst.asconp_i.x0\[60\],67.4µm
pp_inst.core_inst.asconp_i.x0\[7\],67.4µm
pp_inst.core_inst.asconp_i.x3\[46\],67.4µm
clknet_leaf_116_clk,67.4µm
clknet_leaf_144_clk,67.4µm
clknet_leaf_627_clk,67.4µm
_09235_,67.35µm
pp_inst.core_inst.asconp_i.x2\[33\],67.35µm
clknet_leaf_217_clk,67.35µm
clknet_leaf_494_clk,67.35µm
_12283_,67.3µm
clknet_leaf_508_clk,67.3µm
_04469_,67.2µm
pp_inst.core_inst.asconp_i.x2\[25\],67.17µm
pp_inst.core_inst.asconp_i.x2\[24\],67.02µm
pp_inst.core_inst.asconp_i.x1\[34\],66.89µm
clknet_leaf_135_clk,66.89µm
clknet_leaf_136_clk,66.84µm
clknet_leaf_189_clk,66.84µm
clknet_leaf_407_clk,66.84µm
_09610_,66.79µm
pp_inst.core_inst.key_q\[46\],66.79µm
clknet_leaf_507_clk,66.79µm
pp_inst.core_inst.asconp_i.x0\[41\],66.74µm
clknet_leaf_58_clk,66.74µm
clknet_leaf_312_clk,66.74µm
clknet_leaf_472_clk,66.74µm
clknet_leaf_638_clk,66.74µm
_04164_,66.69µm
_04998_,66.69µm
_09392_,66.69µm
_11943_,66.69µm
_09373_,66.64µm
_11280_,66.64µm
pp_inst.core_inst.key_q\[62\],66.64µm
clknet_leaf_0_clk,66.28µm
pp_inst.core_inst.asconp_i.x4\[8\],66.28µm
clknet_leaf_88_clk,66.28µm
clknet_leaf_296_clk,66.28µm
_10432_,66.23µm
pp_inst.core_inst.asconp_i.x4\[15\],66.23µm
net37,66.23µm
clknet_leaf_153_clk,66.23µm
pp_inst.core_inst.asconp_i.x2\[15\],66.18µm
clknet_leaf_244_clk,66.18µm
clknet_leaf_518_clk,66.18µm
_03383_,66.13µm
_05947_,66.13µm
_11936_,66.13µm
pp_inst.core_inst.key_q\[117\],66.13µm
pp_inst.core_inst.asconp_i.x1\[46\],65.77µm
pp_inst.core_inst.asconp_i.x0\[33\],65.67µm
pp_inst.core_inst.mode_q\[1\],65.67µm
clknet_leaf_280_clk,65.67µm
_04179_,65.57µm
_12012_,65.52µm
pp_inst.core_inst.key_q\[66\],65.52µm
_09193_,65.16µm
clknet_leaf_528_clk,65.16µm
pp_inst.core_inst.asconp_i.x0\[63\],65.11µm
clknet_leaf_299_clk,65.11µm
_06237_,65.06µm
_09140_,65.06µm
_09352_,65.06µm
clknet_leaf_332_clk,65.06µm
clknet_leaf_351_clk,65.06µm
_11160_,65.01µm
_11357_,65.01µm
pp_inst.core_inst.asconp_i.x0\[53\],65.01µm
clknet_leaf_380_clk,65.01µm
_03864_,64.96µm
_03975_,64.96µm
_03988_,64.96µm
_06757_,64.96µm
_09294_,64.96µm
_11423_,64.96µm
clknet_leaf_476_clk,64.96µm
_09996_,64.7µm
_09592_,64.6µm
_11918_,64.6µm
pp_inst.core_inst.asconp_i.x0\[62\],64.6µm
pp_inst.core_inst.asconp_i.x4\[61\],64.6µm
net474,64.6µm
_09734_,64.55µm
pp_inst.core_inst.key_q\[52\],64.55µm
clknet_leaf_11_clk,64.55µm
clknet_leaf_85_clk,64.55µm
clknet_leaf_156_clk,64.5µm
clknet_leaf_573_clk,64.5µm
clknet_leaf_636_clk,64.5µm
_03806_,64.45µm
_10286_,64.45µm
_10654_,64.45µm
_10958_,64.45µm
_11051_,64.45µm
pp_inst.core_inst.key_q\[118\],64.45µm
clknet_leaf_523_clk,64.45µm
clknet_leaf_610_clk,64.45µm
_03613_,64.4µm
_05785_,64.4µm
_06565_,64.4µm
_09642_,64.4µm
_11886_,64.4µm
_10000_,63.99µm
pp_inst.core_inst.key_q\[47\],63.99µm
net371,63.99µm
clknet_leaf_130_clk,63.99µm
clknet_leaf_455_clk,63.99µm
_09530_,63.94µm
_12019_,63.94µm
pp_inst.core_inst.asconp_i.x4\[54\],63.94µm
pp_inst.core_inst.key_q\[17\],63.94µm
clknet_leaf_438_clk,63.94µm
clknet_leaf_648_clk,63.94µm
_06199_,63.89µm
_06230_,63.89µm
_09219_,63.89µm
_11998_,63.89µm
bdi_eoi,63.89µm
clknet_leaf_173_clk,63.89µm
clknet_leaf_596_clk,63.89µm
_05878_,63.84µm
_06208_,63.84µm
_06411_,63.84µm
clknet_leaf_495_clk,63.48µm
_04604_,63.43µm
_09173_,63.43µm
_11967_,63.43µm
clknet_leaf_202_clk,63.43µm
_09404_,63.38µm
clknet_leaf_415_clk,63.38µm
pp_inst.core_inst.key_q\[113\],63.33µm
pp_inst.wr_ptr\[0\],63.33µm
_03566_,63.28µm
_04303_,63.28µm
_06768_,63.28µm
_11438_,63.28µm
_11500_,63.28µm
_11578_,63.28µm
_12052_,63.28µm
clknet_leaf_470_clk,62.97µm
clknet_leaf_148_clk,62.87µm
clknet_leaf_269_clk,62.87µm
_06963_,62.82µm
_09390_,62.82µm
_10269_,62.82µm
_03634_,62.77µm
_06435_,62.77µm
clknet_leaf_539_clk,62.77µm
_03784_,62.72µm
_05218_,62.72µm
_09712_,62.72µm
_11327_,62.72µm
_11580_,62.72µm
_11730_,62.72µm
_11966_,62.72µm
_12241_,62.72µm
pp_inst.core_inst.key_q\[116\],62.72µm
pp_inst.core_inst.asconp_i.x1\[21\],62.36µm
clknet_leaf_126_clk,62.36µm
clknet_leaf_640_clk,62.36µm
_04581_,62.31µm
_06962_,62.31µm
pp_inst.core_inst.key_q\[6\],62.31µm
clknet_leaf_264_clk,62.31µm
clknet_leaf_427_clk,62.31µm
pp_inst.core_inst.asconp_i.x1\[19\],62.26µm
clknet_leaf_157_clk,62.26µm
_05285_,62.21µm
_09204_,62.21µm
_11344_,62.21µm
clknet_leaf_530_clk,62.21µm
_03691_,62.16µm
_07275_,62.16µm
_09462_,62.16µm
_10769_,62.16µm
_11396_,62.16µm
pp_inst.core_inst.key_q\[30\],62.16µm
clknet_leaf_426_clk,62.16µm
pp_inst.core_inst.asconp_i.x4\[32\],61.8µm
net1771,61.8µm
_09315_,61.75µm
clknet_leaf_49_clk,61.75µm
clknet_leaf_80_clk,61.75µm
clknet_leaf_386_clk,61.75µm
clknet_leaf_493_clk,61.75µm
clknet_leaf_473_clk,61.7µm
_09497_,61.65µm
_09525_,61.65µm
_12000_,61.65µm
_12137_,61.65µm
clknet_leaf_294_clk,61.65µm
_03971_,61.6µm
_11621_,61.6µm
pp_inst.core_inst.asconp_i.x0\[46\],61.39µm
net478,61.34µm
clknet_leaf_89_clk,61.34µm
_09105_,61.24µm
pp_inst.core_inst.key_q\[127\],61.24µm
pp_inst.core_inst.key_q\[33\],61.24µm
clknet_leaf_247_clk,61.24µm
clknet_leaf_258_clk,61.24µm
clknet_leaf_457_clk,61.24µm
pp_inst.core_inst.asconp_i.x0\[49\],61.19µm
clknet_leaf_346_clk,61.19µm
_09717_,61.14µm
pp_inst.core_inst.asconp_i.x4\[40\],61.14µm
clknet_leaf_326_clk,61.14µm
spi_ctrl.tx_shift_reg\[17\],61.09µm
clknet_leaf_4_clk,61.09µm
_12128_,61.04µm
pp_inst.core_inst.asconp_i.x4\[18\],60.73µm
clknet_leaf_376_clk,60.73µm
clknet_leaf_417_clk,60.73µm
_10693_,60.63µm
pp_inst.core_inst.mode_q\[3\],60.63µm
clknet_leaf_22_clk,60.63µm
_09337_,60.58µm
_09905_,60.58µm
pp_inst.core_inst.key_q\[53\],60.58µm
_09212_,60.53µm
clknet_leaf_224_clk,60.53µm
clknet_leaf_512_clk,60.53µm
_03497_,60.48µm
_03904_,60.48µm
_04482_,60.48µm
_06270_,60.48µm
net1044,60.48µm
_09345_,60.27µm
pp_inst.core_inst.asconp_i.x1\[29\],60.22µm
pp_inst.core_inst.asconp_i.round_cnt\[3\],60.17µm
clknet_leaf_541_clk,60.12µm
_09361_,60.07µm
pp_inst.core_inst.asconp_i.x0\[57\],60.07µm
clknet_leaf_60_clk,60.07µm
clknet_leaf_185_clk,60.07µm
_09125_,60.02µm
clknet_leaf_510_clk,60.02µm
clknet_leaf_529_clk,60.02µm
clknet_leaf_540_clk,60.02µm
clknet_leaf_662_clk,60.02µm
_01285_,59.97µm
_05107_,59.97µm
_09127_,59.97µm
_05987_,59.92µm
_11297_,59.92µm
clknet_leaf_149_clk,59.56µm
clknet_leaf_187_clk,59.56µm
clknet_leaf_422_clk,59.56µm
clknet_leaf_1_clk,59.51µm
_03568_,59.46µm
_11878_,59.46µm
pp_inst.core_inst.asconp_i.x2\[59\],59.46µm
clknet_leaf_272_clk,59.46µm
_05153_,59.41µm
_09670_,59.41µm
_10862_,59.41µm
pp_inst.core_inst.key_q\[110\],59.41µm
pp_inst.core_inst.key_q\[79\],59.41µm
_03548_,59.36µm
_03661_,59.36µm
_04517_,59.36µm
_06385_,59.36µm
_06701_,59.36µm
_10339_,59.36µm
clknet_leaf_268_clk,59.05µm
_10960_,59µm
clknet_leaf_197_clk,59µm
_09354_,58.95µm
clknet_leaf_556_clk,58.95µm
clknet_leaf_584_clk,58.95µm
_10230_,58.9µm
pp_inst.fifo_data\[63\]\[5\],58.9µm
clknet_leaf_277_clk,58.9µm
clknet_leaf_400_clk,58.9µm
clknet_leaf_462_clk,58.9µm
clknet_leaf_633_clk,58.9µm
clknet_leaf_93_clk,58.85µm
_05349_,58.8µm
pp_inst.core_inst.key_q\[81\],58.8µm
pp_inst.core_inst.asconp_i.x2\[16\],58.49µm
clknet_leaf_97_clk,58.39µm
_09534_,58.34µm
_12037_,58.34µm
pp_inst.core_inst.key_q\[43\],58.34µm
pp_inst.core_inst.mode_q\[2\],58.34µm
clknet_leaf_651_clk,58.34µm
_11902_,58.29µm
pp_inst.core_inst.asconp_i.x0\[20\],58.29µm
pp_inst.core_inst.asconp_i.x4\[62\],58.29µm
_04335_,58.24µm
_04519_,58.24µm
_05475_,58.24µm
clknet_leaf_331_clk,57.99µm
clknet_leaf_333_clk,57.98µm
_10806_,57.88µm
_10840_,57.88µm
pp_inst.core_inst.asconp_i.x0\[22\],57.88µm
pp_inst.core_inst.asconp_i.x0\[61\],57.88µm
pp_inst.core_inst.asconp_i.x1\[60\],57.88µm
clknet_leaf_364_clk,57.88µm
clknet_leaf_443_clk,57.88µm
pp_inst.core_inst.key_q\[50\],57.83µm
pp_inst.core_inst.key_q\[97\],57.83µm
clknet_leaf_140_clk,57.83µm
clknet_leaf_555_clk,57.83µm
_04396_,57.73µm
_09603_,57.73µm
_10698_,57.73µm
pp_inst.core_inst.asconp_i.x2\[20\],57.73µm
pp_inst.core_inst.key_q\[21\],57.73µm
pp_inst.fifo_data\[6\]\[9\],57.73µm
_09667_,57.68µm
_10555_,57.68µm
spi_ctrl.byte_cnt\[1\],57.37µm
clknet_leaf_425_clk,57.37µm
_09102_,57.32µm
_09528_,57.32µm
pp_inst.core_inst.key_q\[15\],57.27µm
clknet_leaf_571_clk,57.27µm
clknet_leaf_574_clk,57.27µm
pp_inst.core_inst.asconp_i.x0\[30\],57.22µm
pp_inst.core_inst.reg_cnt_i.data_q\[1\],57.22µm
clknet_leaf_87_clk,57.22µm
clknet_leaf_431_clk,57.22µm
clknet_leaf_601_clk,57.22µm
_09533_,57.17µm
_09587_,57.17µm
clknet_leaf_123_clk,57.17µm
clknet_leaf_397_clk,57.17µm
_08473_,57.12µm
clknet_leaf_129_clk,56.81µm
_09341_,56.76µm
clknet_leaf_298_clk,56.76µm
_09464_,56.71µm
_09731_,56.71µm
pp_inst.core_inst.asconp_i.x4\[29\],56.71µm
pp_inst.core_inst.key_q\[105\],56.71µm
_04772_,56.66µm
_05793_,56.66µm
pp_inst.fifo_data\[27\]\[1\],56.66µm
net444,56.66µm
clknet_leaf_568_clk,56.66µm
_03813_,56.61µm
_04514_,56.61µm
_09295_,56.61µm
_09503_,56.61µm
pp_inst.core_inst.key_q\[70\],56.61µm
pp_inst.core_inst.reg_fsm_i.data_q\[6\],56.61µm
clknet_leaf_233_clk,56.61µm
clknet_leaf_491_clk,56.61µm
_09269_,56.56µm
_11990_,56.15µm
clknet_leaf_56_clk,56.15µm
clknet_leaf_479_clk,56.15µm
_09218_,56.1µm
_11905_,56.1µm
_12014_,56.1µm
clknet_leaf_582_clk,56.1µm
_04395_,56.05µm
_05106_,56.05µm
_09755_,56.05µm
key\[17\],56.05µm
net3,56.05µm
_04095_,56µm
_04465_,56µm
_05887_,56µm
_05988_,56µm
_08240_,56µm
clknet_leaf_435_clk,55.74µm
pp_inst.core_inst.asconp_i.x1\[7\],55.64µm
_09819_,55.59µm
key\[2\],55.59µm
pp_inst.core_inst.asconp_i.x2\[62\],55.59µm
pp_inst.core_inst.msg_pad_q,55.59µm
clknet_leaf_538_clk,55.59µm
pp_inst.core_inst.key_q\[14\],55.54µm
spi_ctrl.word_buf\[12\],55.54µm
_06970_,55.49µm
_08934_,55.49µm
_09779_,55.49µm
_11702_,55.49µm
_01995_,55.44µm
_03477_,55.44µm
_04449_,55.44µm
_04945_,55.44µm
_06229_,55.44µm
_11387_,55.44µm
pp_inst.core_inst.asconp_i.x0\[26\],55.44µm
clknet_leaf_44_clk,55.08µm
clknet_leaf_517_clk,55.08µm
_09794_,55.03µm
_10459_,55.03µm
pp_inst.core_inst.key_q\[74\],55.03µm
clknet_leaf_74_clk,55.03µm
clknet_leaf_423_clk,54.98µm
clknet_leaf_599_clk,54.98µm
_04487_,54.93µm
_06966_,54.93µm
_09803_,54.93µm
_12227_,54.93µm
pp_inst.core_inst.key_q\[101\],54.93µm
pp_inst.fifo_data\[28\]\[5\],54.93µm
clknet_leaf_40_clk,54.93µm
clknet_leaf_61_clk,54.93µm
clknet_leaf_252_clk,54.93µm
_04394_,54.88µm
_10294_,54.88µm
_10819_,54.88µm
_12294_,54.88µm
clknet_leaf_410_clk,54.88µm
_10572_,54.57µm
pp_inst.core_inst.asconp_i.x4\[5\],54.57µm
clknet_leaf_105_clk,54.57µm
_09136_,54.52µm
clknet_leaf_45_clk,54.47µm
clknet_leaf_194_clk,54.47µm
clknet_leaf_496_clk,54.47µm
_12099_,54.42µm
mode\[0\],54.42µm
pp_inst.core_inst.key_q\[67\],54.42µm
spi_ctrl.state\[7\],54.42µm
clknet_leaf_167_clk,54.42µm
clknet_leaf_358_clk,54.42µm
clknet_leaf_419_clk,54.42µm
clknet_leaf_461_clk,54.42µm
_09114_,54.37µm
_11246_,54.37µm
pp_inst.core_inst.asconp_i.x0\[42\],54.37µm
pp_inst.core_inst.key_q\[85\],54.37µm
net1747,54.37µm
clknet_leaf_69_clk,54.37µm
clknet_leaf_141_clk,54.37µm
clknet_leaf_536_clk,54.37µm
clknet_leaf_576_clk,54.37µm
pp_inst.core_inst.asconp_i.x0\[47\],54.14µm
pp_inst.core_inst.asconp_i.x2\[7\],54.01µm
clknet_leaf_3_clk,53.96µm
pp_inst.core_inst.asconp_i.x1\[44\],53.91µm
clknet_leaf_177_clk,53.91µm
clknet_leaf_183_clk,53.91µm
clknet_leaf_398_clk,53.91µm
clknet_leaf_572_clk,53.91µm
_09272_,53.86µm
clknet_leaf_48_clk,53.86µm
clknet_leaf_122_clk,53.86µm
_04088_,53.81µm
_06059_,53.81µm
_09180_,53.81µm
_09612_,53.81µm
_11952_,53.81µm
pp_inst.core_inst.key_q\[115\],53.81µm
clknet_leaf_505_clk,53.81µm
clknet_leaf_511_clk,53.81µm
clknet_leaf_585_clk,53.81µm
_04004_,53.76µm
_04159_,53.76µm
_04322_,53.76µm
_05757_,53.76µm
_08254_,53.76µm
_09216_,53.35µm
clknet_leaf_70_clk,53.35µm
clknet_leaf_211_clk,53.35µm
_09853_,53.3µm
pp_inst.core_inst.asconp_i.x2\[39\],53.3µm
pp_inst.core_inst.key_q\[20\],53.3µm
clknet_leaf_283_clk,53.3µm
clknet_leaf_429_clk,53.3µm
_04499_,53.25µm
pp_inst.core_inst.asconp_i.x0\[28\],53.25µm
net1404,53.25µm
_03388_,53.2µm
pp_inst.core_inst.asconp_i.x2\[34\],52.84µm
pp_inst.core_inst.asconp_i.x4\[35\],52.84µm
clknet_leaf_111_clk,52.84µm
pp_inst.core_inst.key_q\[45\],52.79µm
pp_inst.core_inst.key_q\[68\],52.79µm
clknet_leaf_119_clk,52.79µm
clknet_leaf_209_clk,52.79µm
clknet_leaf_454_clk,52.79µm
_12002_,52.74µm
pp_inst.core_inst.reg_cnt_i.data_q\[0\],52.74µm
spi_ctrl.tx_shift_reg\[5\],52.74µm
clknet_leaf_433_clk,52.74µm
clknet_leaf_504_clk,52.74µm
_04014_,52.69µm
_09155_,52.69µm
pp_inst.fifo_data\[40\]\[1\],52.69µm
net1170,52.69µm
clknet_leaf_569_clk,52.69µm
_09582_,52.64µm
clknet_leaf_76_clk,52.28µm
pp_inst.core_inst.asconp_i.x2\[58\],52.23µm
_10039_,52.18µm
pp_inst.core_inst.asconp_i.x0\[44\],52.18µm
clknet_leaf_621_clk,52.18µm
_09387_,52.13µm
_09795_,52.13µm
_10583_,52.13µm
pp_inst.core_inst.asconp_i.x2\[4\],52.13µm
pp_inst.fifo_data\[5\]\[1\],52.13µm
spi_ctrl.tx_shift_reg\[6\],52.13µm
clknet_leaf_121_clk,52.13µm
clknet_leaf_133_clk,52.13µm
clknet_leaf_251_clk,52.13µm
clknet_leaf_526_clk,52.13µm
_04457_,52.08µm
_09507_,52.08µm
_11276_,52.08µm
_11748_,52.08µm
_11891_,52.08µm
pp_inst.fifo_data\[28\]\[1\],52.08µm
pp_inst.fifo_data\[6\]\[5\],52.08µm
pp_inst.core_inst.asconp_i.x1\[24\],51.77µm
clknet_leaf_172_clk,51.72µm
clknet_leaf_235_clk,51.72µm
clknet_leaf_498_clk,51.72µm
bdi_type\[1\],51.67µm
pp_inst.core_inst.asconp_i.x2\[19\],51.67µm
clknet_leaf_5_clk,51.67µm
_03442_,51.62µm
_05940_,51.62µm
pp_inst.core_inst.asconp_i.x2\[44\],51.62µm
clknet_leaf_300_clk,51.62µm
clknet_leaf_656_clk,51.62µm
_04241_,51.57µm
_12170_,51.57µm
pp_inst.fifo_data\[51\]\[15\],51.57µm
_03514_,51.52µm
_09555_,51.52µm
_09689_,51.52µm
clknet_leaf_262_clk,51.51µm
clknet_leaf_492_clk,51.44µm
_04599_,51.11µm
_09491_,51.11µm
_09661_,51.11µm
pp_inst.core_inst.asconp_i.x0\[45\],51.11µm
pp_inst.core_inst.asconp_i.x4\[30\],51.11µm
net1443,51.11µm
clknet_leaf_635_clk,51.11µm
_09246_,51.06µm
pp_inst.core_inst.key_q\[114\],51.06µm
clknet_leaf_581_clk,51.06µm
_03867_,51.01µm
_04154_,51.01µm
key\[1\],51.01µm
pp_inst.core_inst.auth_intern_d,51.01µm
pp_inst.core_inst.key_q\[107\],51.01µm
_04455_,50.96µm
_05908_,50.96µm
_09463_,50.55µm
pp_inst.core_inst.asconp_i.x0\[13\],50.55µm
clknet_leaf_639_clk,50.55µm
_11148_,50.5µm
clknet_leaf_137_clk,50.5µm
clknet_leaf_303_clk,50.5µm
_04321_,50.45µm
_11929_,50.45µm
clknet_leaf_375_clk,50.45µm
clknet_leaf_567_clk,50.45µm
clknet_leaf_637_clk,50.45µm
_03761_,50.4µm
_03934_,50.4µm
_05626_,50.4µm
clknet_leaf_622_clk,50.4µm
_09376_,50.12µm
_10837_,50.09µm
pp_inst.core_inst.asconp_i.x0\[27\],50.04µm
pp_inst.core_inst.asconp_i.x4\[39\],49.99µm
clknet_leaf_171_clk,49.99µm
clknet_leaf_545_clk,49.99µm
_11794_,49.94µm
clknet_leaf_26_clk,49.94µm
clknet_leaf_36_clk,49.94µm
clknet_leaf_447_clk,49.94µm
clknet_leaf_471_clk,49.94µm
_10536_,49.89µm
_09300_,49.58µm
clknet_leaf_128_clk,49.48µm
_05320_,49.43µm
_09198_,49.43µm
pp_inst.core_inst.asconp_i.x4\[57\],49.43µm
clknet_leaf_81_clk,49.43µm
clknet_leaf_527_clk,49.43µm
_09561_,49.38µm
spi_ctrl.tx_byte_cnt\[0\],49.38µm
clknet_leaf_285_clk,49.38µm
clknet_leaf_389_clk,49.38µm
clknet_leaf_481_clk,49.38µm
_09398_,49.33µm
_09425_,49.33µm
_12030_,49.33µm
pp_inst.fifo_data\[56\]\[23\],49.33µm
clknet_leaf_229_clk,49.33µm
clknet_leaf_537_clk,49.33µm
clknet_leaf_646_clk,49.33µm
_11410_,49.28µm
key\[27\],49.28µm
pp_inst.fifo_data\[25\]\[1\],49.28µm
_10658_,49µm
_09524_,48.97µm
_09639_,48.87µm
spi_ctrl.word_buf\[4\],48.87µm
clknet_leaf_307_clk,48.87µm
clknet_leaf_515_clk,48.87µm
pp_inst.core_inst.ad_eot_q,48.82µm
clknet_leaf_150_clk,48.82µm
clknet_leaf_391_clk,48.82µm
_12236_,48.77µm
clknet_leaf_169_clk,48.77µm
_04137_,48.72µm
_04170_,48.72µm
_11335_,48.72µm
_11645_,48.72µm
clknet_leaf_632_clk,48.72µm
clknet_leaf_411_clk,48.41µm
pp_inst.core_inst.asconp_i.x4\[6\],48.36µm
clknet_leaf_586_clk,48.36µm
pp_inst.core_inst.asconp_i.x0\[15\],48.31µm
clknet_leaf_21_clk,48.31µm
clknet_leaf_266_clk,48.31µm
clknet_leaf_295_clk,48.31µm
clknet_leaf_499_clk,48.31µm
_07376_,48.26µm
pp_inst.core_inst.key_q\[78\],48.26µm
pp_inst.fifo_data\[6\]\[1\],48.26µm
clknet_leaf_139_clk,48.26µm
clknet_leaf_521_clk,48.26µm
clknet_leaf_132_clk,48.21µm
clknet_leaf_317_clk,48.21µm
_02731_,48.16µm
_04084_,48.16µm
_05120_,48.16µm
_10321_,48.16µm
_11879_,48.16µm
pp_inst.core_inst.asconp_i.x4\[13\],47.85µm
_10475_,47.75µm
pp_inst.core_inst.asconp_i.x0\[58\],47.75µm
pp_inst.core_inst.asconp_i.x2\[30\],47.75µm
pp_inst.fifo_data\[27\]\[13\],47.75µm
clknet_leaf_467_clk,47.75µm
clknet_leaf_477_clk,47.75µm
_09247_,47.7µm
_10916_,47.7µm
pp_inst.core_inst.asconp_i.x2\[31\],47.7µm
_04222_,47.65µm
_05404_,47.65µm
_08209_,47.65µm
_09432_,47.65µm
_09467_,47.65µm
spi_phy.rx_reg\[1\],47.65µm
_01111_,47.6µm
_03622_,47.6µm
_07278_,47.6µm
_10653_,47.24µm
_09142_,47.19µm
_09328_,47.19µm
clknet_leaf_131_clk,47.19µm
clknet_leaf_549_clk,47.19µm
_09710_,47.14µm
pp_inst.core_inst.asconp_i.x2\[0\],47.14µm
spi_ctrl.word_cnt\[0\],47.14µm
clknet_leaf_67_clk,47.14µm
clknet_leaf_259_clk,47.14µm
clknet_leaf_319_clk,47.14µm
clknet_leaf_647_clk,47.14µm
_03581_,47.09µm
_03896_,47.09µm
_09395_,47.09µm
_09773_,47.09µm
clknet_leaf_288_clk,47.09µm
_04506_,47.04µm
_06177_,47.04µm
_10933_,47.04µm
spi_ctrl.tx_shift_reg\[8\],47.04µm
_09253_,46.58µm
_09560_,46.58µm
_09620_,46.58µm
clknet_leaf_12_clk,46.58µm
clknet_leaf_68_clk,46.58µm
_09640_,46.53µm
_10735_,46.53µm
_12103_,46.53µm
_03516_,46.48µm
_03838_,46.48µm
_03986_,46.48µm
_05767_,46.48µm
_10976_,46.48µm
_11163_,46.48µm
_11851_,46.48µm
clknet_leaf_310_clk,46.48µm
clknet_leaf_387_clk,46.17µm
_09846_,46.07µm
pp_inst.core_inst.asconp_i.x4\[38\],46.07µm
_04515_,46.02µm
_09177_,46.02µm
_09226_,46.02µm
_09256_,46.02µm
_09293_,46.02µm
_10416_,46.02µm
clknet_leaf_292_clk,46.02µm
clknet_leaf_634_clk,46.02µm
_11909_,45.97µm
auth_valid,45.97µm
_01579_,45.92µm
_09492_,45.92µm
_09782_,45.92µm
_11171_,45.92µm
clknet_leaf_65_clk,45.92µm
clknet_leaf_193_clk,45.56µm
clknet_leaf_305_clk,45.56µm
clknet_leaf_337_clk,45.56µm
clknet_leaf_20_clk,45.51µm
_07910_,45.46µm
_09231_,45.46µm
pp_inst.core_inst.asconp_i.x0\[48\],45.46µm
clknet_leaf_7_clk,45.46µm
clknet_leaf_405_clk,45.46µm
_09298_,45.41µm
_09571_,45.41µm
_10616_,45.41µm
_11439_,45.41µm
pp_inst.core_inst.asconp_i.x0\[5\],45.41µm
clknet_leaf_30_clk,45.41µm
clknet_leaf_361_clk,45.41µm
_04504_,45.36µm
_09161_,45.36µm
_11556_,45.36µm
pp_inst.core_inst.asconp_i.round_cnt\[2\],44.95µm
clknet_leaf_311_clk,44.95µm
clknet_leaf_394_clk,44.95µm
_09604_,44.9µm
_11885_,44.9µm
_11994_,44.9µm
clknet_leaf_320_clk,44.9µm
_11248_,44.85µm
_11362_,44.85µm
clknet_leaf_356_clk,44.85µm
clknet_leaf_587_clk,44.85µm
_04512_,44.8µm
_04589_,44.8µm
_09166_,44.8µm
_09208_,44.8µm
_09457_,44.8µm
_09808_,44.8µm
_10802_,44.8µm
_12293_,44.8µm
clknet_leaf_25_clk,44.8µm
clknet_leaf_113_clk,44.8µm
clknet_leaf_329_clk,44.49µm
_09540_,44.39µm
clknet_leaf_451_clk,44.39µm
spi_ctrl.word_buf\[3\],44.34µm
clknet_leaf_439_clk,44.34µm
_09240_,44.29µm
_10395_,44.29µm
clknet_leaf_118_clk,44.29µm
clknet_leaf_218_clk,44.29µm
clknet_leaf_249_clk,44.29µm
clknet_leaf_595_clk,44.29µm
_04083_,44.24µm
_04273_,44.24µm
_09601_,44.06µm
_09164_,43.88µm
clknet_leaf_561_clk,43.88µm
_06105_,43.83µm
pp_inst.core_inst.asconp_i.x0\[4\],43.83µm
pp_inst.core_inst.asconp_i.x2\[17\],43.83µm
pp_inst.rd_ptr\[0\],43.83µm
clknet_leaf_33_clk,43.83µm
_03877_,43.78µm
_04526_,43.78µm
_09319_,43.78µm
_10887_,43.78µm
pp_inst.fifo_data\[51\]\[6\],43.78µm
_09228_,43.73µm
pp_inst.fifo_data\[15\]\[5\],43.73µm
pp_inst.fifo_data\[43\]\[23\],43.73µm
clknet_leaf_143_clk,43.73µm
clknet_leaf_181_clk,43.73µm
clknet_leaf_658_clk,43.73µm
_03885_,43.68µm
_04468_,43.68µm
_04511_,43.68µm
_05686_,43.68µm
_06893_,43.68µm
_09418_,43.68µm
pp_inst.fifo_data\[36\]\[13\],43.68µm
_10451_,43.32µm
_09250_,43.22µm
_09258_,43.22µm
clknet_leaf_412_clk,43.22µm
_06046_,43.17µm
_06596_,43.17µm
_11073_,43.17µm
pp_inst.core_inst.asconp_i.x2\[9\],43.17µm
clknet_leaf_24_clk,43.17µm
_02763_,43.12µm
_03878_,43.12µm
_07002_,43.12µm
_09397_,43.12µm
_09558_,43.12µm
_10232_,43.12µm
pp_inst.fifo_data\[39\]\[1\],43.12µm
_09476_,42.71µm
_09899_,42.71µm
clknet_leaf_489_clk,42.71µm
_09170_,42.66µm
_09303_,42.66µm
_09388_,42.66µm
_11019_,42.66µm
pp_inst.core_inst.asconp_i.x0\[8\],42.66µm
clknet_leaf_92_clk,42.66µm
clknet_leaf_237_clk,42.66µm
clknet_leaf_480_clk,42.66µm
clknet_leaf_660_clk,42.66µm
_02123_,42.61µm
_04274_,42.61µm
_09711_,42.61µm
_12115_,42.61µm
pp_inst.core_inst.asconp_i.x0\[59\],42.61µm
clknet_leaf_359_clk,42.61µm
clknet_leaf_591_clk,42.61µm
clknet_leaf_630_clk,42.61µm
_03702_,42.56µm
_03758_,42.56µm
_04476_,42.56µm
_05499_,42.56µm
pp_inst.core_inst.ad_pad_q,42.25µm
clknet_leaf_108_clk,42.15µm
clknet_leaf_557_clk,42.15µm
clknet_leaf_611_clk,42.15µm
_09405_,42.1µm
_09776_,42.1µm
_11997_,42.1µm
clknet_leaf_602_clk,42.1µm
_03624_,42.05µm
_12219_,42.05µm
pp_inst.fifo_data\[51\]\[30\],42.05µm
clknet_leaf_228_clk,42.05µm
_03983_,42µm
_09190_,42µm
_09895_,42µm
pp_inst.core_inst.asconp_i.x2\[11\],42µm
pp_inst.fifo_data\[46\]\[13\],42µm
clknet_leaf_165_clk,41.64µm
_09632_,41.59µm
pp_inst.core_inst.asconp_i.x0\[0\],41.59µm
pp_inst.core_inst.asconp_i.x0\[50\],41.59µm
pp_inst.core_inst.asconp_i.x4\[26\],41.59µm
_05224_,41.54µm
_09242_,41.54µm
_09262_,41.54µm
_10343_,41.54µm
_11030_,41.54µm
pp_inst.fifo_data\[7\]\[10\],41.54µm
_05615_,41.49µm
_06440_,41.49µm
_09355_,41.49µm
pp_inst.fifo_data\[16\]\[1\],41.49µm
_04194_,41.44µm
_04709_,41.44µm
_06965_,41.44µm
_11514_,41.44µm
_12125_,41.44µm
_12261_,41.44µm
clknet_leaf_367_clk,41.44µm
pp_inst.core_inst.asconp_i.x2\[10\],41.31µm
clknet_leaf_51_clk,41.08µm
_09251_,41.03µm
clknet_leaf_112_clk,40.98µm
_04602_,40.93µm
_05241_,40.93µm
_09268_,40.93µm
_09859_,40.93µm
clknet_leaf_631_clk,40.93µm
_05482_,40.88µm
_05718_,40.88µm
_06505_,40.88µm
_08077_,40.88µm
_09857_,40.88µm
_12039_,40.88µm
_09546_,40.52µm
spi_ctrl.word_cnt\[1\],40.52µm
clknet_leaf_240_clk,40.52µm
clknet_leaf_378_clk,40.47µm
clknet_leaf_343_clk,40.42µm
clknet_leaf_354_clk,40.42µm
clknet_leaf_434_clk,40.42µm
clknet_leaf_663_clk,40.42µm
_03845_,40.37µm
_08089_,40.37µm
_11329_,40.37µm
bdi\[28\],40.37µm
spi_phy.bit_cnt\[2\],40.37µm
clknet_leaf_430_clk,40.37µm
clknet_leaf_626_clk,40.37µm
_03802_,40.32µm
_07580_,40.32µm
_09417_,40.32µm
clknet_leaf_184_clk,39.96µm
_06571_,39.91µm
_09547_,39.91µm
_11036_,39.91µm
_00004_,39.86µm
_03676_,39.86µm
_04028_,39.86µm
_04356_,39.86µm
_09237_,39.86µm
pp_inst.core_inst.asconp_i.x0\[52\],39.86µm
clknet_leaf_274_clk,39.86µm
_02283_,39.81µm
_03947_,39.81µm
_04429_,39.81µm
_05234_,39.81µm
_05363_,39.81µm
_08841_,39.81µm
_09072_,39.81µm
_09399_,39.81µm
_09836_,39.81µm
_11198_,39.81µm
_11939_,39.81µm
pp_inst.fifo_data\[36\]\[1\],39.81µm
clknet_leaf_535_clk,39.81µm
clknet_leaf_623_clk,39.81µm
_01707_,39.76µm
_03854_,39.76µm
_04199_,39.76µm
_05276_,39.76µm
_07140_,39.76µm
_09109_,39.76µm
_09675_,39.76µm
_10758_,39.76µm
_11508_,39.76µm
pp_inst.fifo_data\[56\]\[6\],39.76µm
pp_inst.core_inst.asconp_i.x2\[22\],39.45µm
pp_inst.core_inst.mode_q\[0\],39.35µm
clknet_leaf_103_clk,39.35µm
_03446_,39.3µm
_09621_,39.3µm
pp_inst.fifo_data\[17\]\[1\],39.3µm
clknet_leaf_10_clk,39.3µm
clknet_leaf_102_clk,39.3µm
clknet_leaf_600_clk,39.3µm
_06655_,39.25µm
_06661_,39.25µm
pp_inst.fifo_data\[1\]\[15\],39.25µm
pp_inst.fifo_data\[40\]\[5\],39.25µm
pp_inst.fifo_data\[4\]\[1\],39.25µm
spi_ctrl.pend_type\[0\],39.25µm
_03577_,39.2µm
_04308_,39.2µm
_05135_,39.2µm
_10506_,39.2µm
_10762_,39.2µm
_11704_,39.2µm
_11819_,39.2µm
clknet_leaf_55_clk,38.89µm
clknet_leaf_352_clk,38.84µm
pp_inst.fifo_data\[50\]\[1\],38.79µm
clknet_leaf_174_clk,38.79µm
_11277_,38.74µm
pp_inst.fifo_data\[43\]\[1\],38.74µm
clknet_leaf_256_clk,38.74µm
_03633_,38.69µm
_03706_,38.69µm
_04822_,38.69µm
_09715_,38.69µm
_12127_,38.69µm
pp_inst.core_inst.reg_state_i.data_d\[99\],38.69µm
pp_inst.fifo_data\[25\]\[13\],38.69µm
pp_inst.fifo_data\[52\]\[1\],38.69µm
clknet_leaf_408_clk,38.69µm
_03844_,38.64µm
_04432_,38.64µm
_06205_,38.64µm
_06268_,38.64µm
_09663_,38.64µm
_11521_,38.64µm
_09225_,38.23µm
clknet_leaf_73_clk,38.23µm
clknet_leaf_464_clk,38.23µm
_04967_,38.18µm
pp_inst.core_inst.asconp_i.x2\[14\],38.18µm
pp_inst.fifo_data\[61\]\[18\],38.18µm
spi_ctrl.pend_word\[26\],38.18µm
_04112_,38.13µm
pp_inst.fifo_data\[33\]\[14\],38.13µm
_03543_,38.08µm
_03724_,38.08µm
_03730_,38.08µm
_04147_,38.08µm
_04911_,38.08µm
_05121_,38.08µm
_07846_,38.08µm
_09814_,38.08µm
_12191_,38.08µm
_09494_,37.67µm
_09951_,37.67µm
_10615_,37.67µm
pp_inst.core_inst.asconp_i.x0\[2\],37.67µm
pp_inst.core_inst.asconp_i.x0\[37\],37.67µm
clknet_leaf_357_clk,37.67µm
_04190_,37.62µm
_09110_,37.62µm
_09146_,37.62µm
_09299_,37.62µm
pp_inst.fifo_data\[58\]\[6\],37.62µm
clknet_leaf_624_clk,37.62µm
clknet_leaf_629_clk,37.62µm
_00003_,37.57µm
_03512_,37.57µm
_05074_,37.57µm
_05520_,37.57µm
_05730_,37.57µm
_10503_,37.57µm
pp_inst.fifo_data\[49\]\[15\],37.57µm
spi_phy.rx_reg\[5\],37.57µm
_03376_,37.52µm
_03873_,37.52µm
_06215_,37.52µm
_08571_,37.52µm
_09172_,37.52µm
_10064_,37.52µm
_10617_,37.52µm
_11507_,37.52µm
clknet_leaf_409_clk,37.52µm
_04906_,37.11µm
_09221_,37.11µm
_09234_,37.11µm
_09606_,37.11µm
_04286_,37.06µm
_09324_,37.06µm
pp_inst.fifo_data\[26\]\[2\],37.06µm
pp_inst.rd_ptr\[6\],37.06µm
clknet_leaf_46_clk,37.06µm
clknet_leaf_590_clk,37.06µm
_04497_,37.01µm
_05747_,37.01µm
_05977_,37.01µm
_06016_,37.01µm
_08011_,37.01µm
_09249_,37.01µm
_09287_,37.01µm
_09309_,37.01µm
_10392_,37.01µm
pp_inst.fifo_data\[33\]\[1\],37.01µm
clknet_leaf_257_clk,37.01µm
_03952_,36.96µm
_03974_,36.96µm
_04026_,36.96µm
_04289_,36.96µm
_05748_,36.96µm
_06079_,36.96µm
_06926_,36.96µm
_09416_,36.96µm
_09775_,36.96µm
_10813_,36.96µm
_10815_,36.96µm
clknet_leaf_15_clk,36.6µm
_10234_,36.55µm
clknet_leaf_64_clk,36.55µm
clknet_leaf_221_clk,36.55µm
_03871_,36.5µm
_04325_,36.5µm
_09588_,36.5µm
_09816_,36.5µm
_10675_,36.5µm
_11912_,36.5µm
pp_inst.core_inst.asconp_i.x0\[14\],36.5µm
pp_inst.core_inst.asconp_i.x0\[29\],36.5µm
_02347_,36.45µm
_04317_,36.45µm
_04323_,36.45µm
_04500_,36.45µm
_04501_,36.45µm
_09266_,36.45µm
_09644_,36.45µm
_11652_,36.45µm
_12074_,36.45µm
pp_inst.core_inst.asconp_i.x0\[38\],36.45µm
pp_inst.core_inst.asconp_i.x0\[43\],36.45µm
pp_inst.fifo_data\[44\]\[10\],36.45µm
clknet_leaf_616_clk,36.45µm
_03470_,36.4µm
_03884_,36.4µm
_05529_,36.4µm
_09570_,36.4µm
_11278_,36.4µm
clknet_leaf_290_clk,36.4µm
_06967_,35.99µm
_10060_,35.99µm
_06456_,35.94µm
_09116_,35.94µm
_09997_,35.94µm
_10731_,35.94µm
pp_inst.fifo_data\[46\]\[14\],35.94µm
clknet_leaf_238_clk,35.94µm
clknet_leaf_275_clk,35.94µm
_05308_,35.89µm
_05650_,35.89µm
_06143_,35.89µm
_06372_,35.89µm
_09211_,35.89µm
_09614_,35.89µm
_10187_,35.89µm
pp_inst.fifo_data\[47\]\[27\],35.89µm
clknet_leaf_71_clk,35.89µm
clknet_leaf_421_clk,35.89µm
clknet_leaf_548_clk,35.89µm
_02251_,35.84µm
_04275_,35.84µm
_04493_,35.84µm
_12182_,35.84µm
clknet_leaf_227_clk,35.84µm
clknet_leaf_564_clk,35.48µm
_09439_,35.43µm
pp_inst.fifo_data\[16\]\[5\],35.43µm
_06765_,35.38µm
_09111_,35.38µm
_09252_,35.38µm
_10283_,35.38µm
net1343,35.38µm
_02571_,35.33µm
_03648_,35.33µm
_04759_,35.33µm
_06006_,35.33µm
_08176_,35.33µm
_09672_,35.33µm
_09718_,35.33µm
_10226_,35.33µm
pp_inst.core_inst.key_q\[95\],35.33µm
clknet_leaf_13_clk,35.33µm
clknet_leaf_17_clk,35.33µm
clknet_leaf_366_clk,35.33µm
clknet_leaf_532_clk,35.33µm
clknet_leaf_543_clk,35.33µm
_01931_,35.28µm
_04059_,35.28µm
_04161_,35.28µm
_04451_,35.28µm
_06169_,35.28µm
_11565_,35.28µm
_10058_,34.92µm
_10538_,34.92µm
_05047_,34.87µm
_09401_,34.87µm
clknet_leaf_14_clk,34.87µm
clknet_leaf_83_clk,34.87µm
_09342_,34.82µm
_09605_,34.82µm
_10528_,34.82µm
_12157_,34.82µm
pp_inst.fifo_data\[14\]\[1\],34.82µm
clknet_leaf_560_clk,34.82µm
_01016_,34.77µm
_04283_,34.77µm
_05675_,34.77µm
_09244_,34.77µm
_11380_,34.77µm
_11942_,34.77µm
pp_inst.fifo_data\[8\]\[4\],34.77µm
clknet_leaf_570_clk,34.77µm
_03496_,34.72µm
_03590_,34.72µm
_03675_,34.72µm
_03917_,34.72µm
_06379_,34.72µm
_11231_,34.72µm
_11490_,34.72µm
_11675_,34.72µm
clknet_leaf_365_clk,34.36µm
_09884_,34.31µm
clknet_leaf_8_clk,34.31µm
_04572_,34.26µm
_09245_,34.26µm
_12266_,34.26µm
pp_inst.rd_ptr\[1\],34.26µm
clknet_leaf_9_clk,34.26µm
_03540_,34.21µm
_04284_,34.21µm
_09451_,34.21µm
_11228_,34.21µm
_11808_,34.21µm
pp_inst.fifo_data\[42\]\[1\],34.21µm
clknet_leaf_160_clk,34.21µm
_02859_,34.16µm
_03399_,34.16µm
_03599_,34.16µm
_03851_,34.16µm
_03902_,34.16µm
_03927_,34.16µm
_04085_,34.16µm
_07615_,34.16µm
_09713_,34.16µm
_10474_,34.16µm
_12049_,34.16µm
pp_inst.fifo_data\[23\]\[16\],34.16µm
pp_inst.fifo_data\[34\]\[10\],34.16µm
pp_inst.fifo_data\[54\]\[24\],34.16µm
clknet_leaf_19_clk,33.93µm
_07207_,33.7µm
_09194_,33.7µm
_09260_,33.7µm
_11153_,33.7µm
pp_inst.fifo_data\[53\]\[30\],33.7µm
spi_ctrl.tx_stage\[23\],33.7µm
net1204,33.7µm
clknet_leaf_31_clk,33.7µm
clknet_leaf_460_clk,33.7µm
_04347_,33.65µm
_05614_,33.65µm
_09135_,33.65µm
_09224_,33.65µm
_10104_,33.65µm
_11958_,33.65µm
_12198_,33.65µm
pp_inst.fifo_data\[20\]\[20\],33.65µm
pp_inst.fifo_data\[32\]\[1\],33.65µm
pp_inst.fifo_data\[41\]\[31\],33.65µm
pp_inst.fifo_data\[6\]\[22\],33.65µm
_04139_,33.6µm
_04385_,33.6µm
_04979_,33.6µm
_05711_,33.6µm
_05884_,33.6µm
_06005_,33.6µm
_08341_,33.6µm
_09754_,33.6µm
_10263_,33.6µm
clknet_leaf_642_clk,33.6µm
net1572,33.19µm
_04808_,33.14µm
_09257_,33.14µm
_09264_,33.14µm
_12243_,33.14µm
pp_inst.fifo_data\[15\]\[23\],33.14µm
pp_inst.fifo_data\[50\]\[14\],33.14µm
spi_phy.sclk_sync\[1\],33.14µm
clknet_leaf_485_clk,33.14µm
_05277_,33.09µm
_06084_,33.09µm
_09671_,33.09µm
_12247_,33.09µm
pp_inst.fifo_data\[15\]\[26\],33.09µm
pp_inst.fifo_data\[17\]\[29\],33.09µm
pp_inst.fifo_data\[22\]\[27\],33.09µm
pp_inst.fifo_data\[45\]\[1\],33.09µm
pp_inst.fifo_data\[55\]\[1\],33.09µm
_03517_,33.04µm
_05419_,33.04µm
_05642_,33.04µm
_11197_,33.04µm
_11759_,33.04µm
_11812_,33.04µm
_12281_,33.04µm
pp_inst.fifo_data\[10\]\[16\],33.04µm
clknet_leaf_270_clk,33.04µm
_09478_,32.63µm
_09572_,32.58µm
_09738_,32.58µm
bdi\[13\],32.58µm
spi_ctrl.tx_shift_reg\[1\],32.58µm
clknet_leaf_86_clk,32.58µm
clknet_leaf_377_clk,32.58µm
clknet_leaf_395_clk,32.58µm
clknet_leaf_459_clk,32.58µm
_02059_,32.53µm
_03421_,32.53µm
_04467_,32.53µm
_05782_,32.53µm
_09261_,32.53µm
_10102_,32.53µm
_10533_,32.53µm
_10869_,32.53µm
_12081_,32.53µm
pp_inst.fifo_data\[17\]\[19\],32.53µm
pp_inst.fifo_data\[1\]\[19\],32.53µm
pp_inst.fifo_data\[22\]\[8\],32.53µm
pp_inst.fifo_data\[38\]\[13\],32.53µm
pp_inst.fifo_data\[40\]\[11\],32.53µm
pp_inst.fifo_data\[49\]\[1\],32.53µm
spi_phy.mosi_sync\[1\],32.53µm
_03401_,32.48µm
_03564_,32.48µm
_04103_,32.48µm
_04152_,32.48µm
_04430_,32.48µm
_04758_,32.48µm
_06021_,32.48µm
_10567_,32.48µm
_11140_,32.48µm
_11694_,32.48µm
_11914_,32.48µm
_12093_,32.48µm
_12174_,32.48µm
pp_inst.fifo_data\[4\]\[5\],32.12µm
_09438_,32.07µm
pp_inst.core_inst.asconp_i.x0\[34\],32.07µm
clknet_leaf_16_clk,32.07µm
_03953_,32.02µm
_09656_,32.02µm
_09965_,32.02µm
_10287_,32.02µm
_10551_,32.02µm
pp_inst.core_inst.asconp_i.x2\[13\],32.02µm
pp_inst.fifo_data\[0\]\[1\],32.02µm
pp_inst.fifo_data\[44\]\[6\],32.02µm
pp_inst.fifo_data\[53\]\[2\],32.02µm
clknet_leaf_577_clk,32.02µm
_03574_,31.97µm
_03749_,31.97µm
_04146_,31.97µm
_04229_,31.97µm
_05778_,31.97µm
_06103_,31.97µm
_06585_,31.97µm
_08771_,31.97µm
_09178_,31.97µm
_09623_,31.97µm
bdi\[2\],31.97µm
pp_inst.core_inst.dom_sep_done,31.97µm
pp_inst.fifo_data\[10\]\[13\],31.97µm
pp_inst.fifo_data\[27\]\[23\],31.97µm
pp_inst.fifo_data\[27\]\[29\],31.97µm
pp_inst.fifo_data\[48\]\[1\],31.97µm
pp_inst.fifo_data\[55\]\[12\],31.97µm
pp_inst.fifo_data\[9\]\[15\],31.97µm
_03627_,31.92µm
_04215_,31.92µm
_04554_,31.92µm
_07427_,31.92µm
_11350_,31.92µm
_12187_,31.92µm
spi_ctrl.pend_word\[30\],31.92µm
spi_ctrl.tx_shift_reg\[20\],31.92µm
_09311_,31.56µm
_04582_,31.51µm
_09255_,31.51µm
_09259_,31.51µm
_09365_,31.51µm
pp_inst.core_inst.asconp_i.x0\[31\],31.46µm
pp_inst.fifo_data\[27\]\[8\],31.46µm
pp_inst.fifo_data\[7\]\[24\],31.46µm
clknet_leaf_553_clk,31.46µm
clknet_leaf_613_clk,31.46µm
_01335_,31.41µm
_04230_,31.41µm
_04434_,31.41µm
_04820_,31.41µm
_06686_,31.41µm
_07917_,31.41µm
_08110_,31.41µm
_09141_,31.41µm
_10456_,31.41µm
_11619_,31.41µm
_11882_,31.41µm
_12154_,31.41µm
pp_inst.fifo_data\[21\]\[1\],31.41µm
pp_inst.fifo_data\[49\]\[6\],31.41µm
_03926_,31.36µm
_03931_,31.36µm
_04278_,31.36µm
_04773_,31.36µm
_05448_,31.36µm
_05994_,31.36µm
_06484_,31.36µm
_06960_,31.36µm
_07883_,31.36µm
_08189_,31.36µm
_10359_,31.36µm
_11186_,31.36µm
_11418_,31.36µm
_12285_,31.36µm
pp_inst.fifo_data\[1\]\[13\],31.36µm
pp_inst.fifo_data\[61\]\[1\],31.36µm
clknet_leaf_186_clk,31µm
_08514_,30.95µm
_10694_,30.95µm
_01899_,30.9µm
_04065_,30.9µm
_09331_,30.9µm
_10708_,30.9µm
_11957_,30.9µm
bdi\[14\],30.9µm
clknet_leaf_192_clk,30.9µm
_03542_,30.85µm
_04264_,30.85µm
_04594_,30.85µm
_07385_,30.85µm
_11000_,30.85µm
pp_inst.fifo_data\[23\]\[7\],30.85µm
pp_inst.fifo_data\[34\]\[12\],30.85µm
pp_inst.fifo_data\[58\]\[0\],30.85µm
pp_inst.fifo_data\[5\]\[31\],30.85µm
pp_inst.fifo_data\[8\]\[1\],30.85µm
clknet_leaf_418_clk,30.85µm
clknet_leaf_437_clk,30.85µm
_01038_,30.8µm
_03671_,30.8µm
_03713_,30.8µm
_03939_,30.8µm
_04110_,30.8µm
_04155_,30.8µm
_04336_,30.8µm
_04474_,30.8µm
_05842_,30.8µm
_06428_,30.8µm
_09112_,30.8µm
_09502_,30.8µm
_09740_,30.8µm
_10130_,30.8µm
_11210_,30.8µm
_12143_,30.8µm
_12262_,30.8µm
pp_inst.core_inst.eoi_q,30.8µm
pp_inst.fifo_data\[52\]\[19\],30.52µm
_05461_,30.39µm
_09624_,30.39µm
clknet_leaf_519_clk,30.39µm
_07714_,30.34µm
_09972_,30.34µm
_10015_,30.34µm
pp_inst.core_inst.asconp_i.x2\[28\],30.34µm
net1145,30.34µm
_01611_,30.29µm
_01720_,30.29µm
_03449_,30.29µm
_03898_,30.29µm
_03955_,30.29µm
_04346_,30.29µm
_04438_,30.29µm
_04458_,30.29µm
_05818_,30.29µm
_06733_,30.29µm
_07041_,30.29µm
_09185_,30.29µm
_09495_,30.29µm
_09735_,30.29µm
_09865_,30.29µm
_10648_,30.29µm
_11964_,30.29µm
_12192_,30.29µm
pp_inst.fifo_data\[0\]\[21\],30.29µm
pp_inst.fifo_data\[53\]\[5\],30.29µm
clknet_leaf_250_clk,30.29µm
_00017_,30.24µm
_01423_,30.24µm
_03677_,30.24µm
_03823_,30.24µm
_03887_,30.24µm
_04206_,30.24µm
_04276_,30.24µm
_05031_,30.24µm
_05288_,30.24µm
_05812_,30.24µm
_08544_,30.24µm
_11722_,30.24µm
pp_inst.fifo_data\[1\]\[17\],30.24µm
_11165_,29.88µm
net1140,29.88µm
_09267_,29.83µm
_11070_,29.83µm
pp_inst.fifo_data\[63\]\[3\],29.83µm
clknet_leaf_276_clk,29.83µm
_03685_,29.78µm
_04859_,29.78µm
_10613_,29.78µm
bdi\[9\],29.78µm
pp_inst.fifo_data\[18\]\[21\],29.78µm
pp_inst.fifo_data\[26\]\[16\],29.78µm
pp_inst.fifo_data\[32\]\[6\],29.78µm
pp_inst.fifo_data\[36\]\[2\],29.78µm
clknet_leaf_100_clk,29.78µm
_03560_,29.73µm
_03992_,29.73µm
_04119_,29.73µm
_04518_,29.73µm
_07747_,29.73µm
_08720_,29.73µm
_09622_,29.73µm
_09649_,29.73µm
_10535_,29.73µm
_11040_,29.73µm
_12130_,29.73µm
pp_inst.fifo_data\[1\]\[2\],29.73µm
pp_inst.fifo_data\[30\]\[1\],29.73µm
clknet_leaf_253_clk,29.73µm
clknet_leaf_487_clk,29.73µm
_02027_,29.68µm
_03375_,29.68µm
_03653_,29.68µm
_04066_,29.68µm
_04255_,29.68µm
_04868_,29.68µm
_04951_,29.68µm
_07831_,29.68µm
_11125_,29.68µm
_11143_,29.68µm
_11498_,29.68µm
pp_inst.fifo_data\[19\]\[20\],29.68µm
pp_inst.fifo_data\[13\]\[25\],29.32µm
spi_phy.rx_reg\[3\],29.32µm
_09742_,29.27µm
clknet_leaf_657_clk,29.27µm
_09243_,29.22µm
_09270_,29.22µm
_09607_,29.22µm
_10093_,29.22µm
_10202_,29.22µm
_10649_,29.22µm
_11522_,29.22µm
bdi\[22\],29.22µm
pp_inst.fifo_data\[16\]\[6\],29.22µm
pp_inst.fifo_data\[27\]\[6\],29.22µm
pp_inst.fifo_data\[28\]\[30\],29.22µm
pp_inst.fifo_data\[31\]\[5\],29.22µm
pp_inst.fifo_data\[46\]\[1\],29.22µm
pp_inst.fifo_data\[53\]\[1\],29.22µm
pp_inst.fifo_data\[56\]\[22\],29.22µm
spi_ctrl.cs_n_sync\[2\],29.22µm
spi_phy.bit_cnt\[1\],29.22µm
clknet_leaf_204_clk,29.22µm
clknet_leaf_544_clk,29.22µm
_02379_,29.17µm
_02415_,29.17µm
_03418_,29.17µm
_03571_,29.17µm
_03829_,29.17µm
_04219_,29.17µm
_04436_,29.17µm
_04569_,29.17µm
_06800_,29.17µm
_09867_,29.17µm
_11969_,29.17µm
_12085_,29.17µm
pp_inst.fifo_data\[18\]\[29\],29.17µm
pp_inst.fifo_data\[26\]\[9\],29.17µm
pp_inst.fifo_data\[2\]\[1\],29.17µm
pp_inst.fifo_data\[45\]\[6\],29.17µm
pp_inst.fifo_data\[58\]\[1\],29.17µm
pp_inst.fifo_data\[62\]\[3\],29.17µm
pp_inst.fifo_data\[63\]\[22\],29.17µm
_01135_,29.12µm
_03425_,29.12µm
_03818_,29.12µm
_03874_,29.12µm
_03980_,29.12µm
_04005_,29.12µm
_04007_,29.12µm
_04097_,29.12µm
_04492_,29.12µm
_06122_,29.12µm
_06187_,29.12µm
_06803_,29.12µm
_10033_,29.12µm
_11740_,29.12µm
_11888_,29.12µm
_12152_,29.12µm
pp_inst.fifo_data\[19\]\[9\],29.12µm
pp_inst.fifo_data\[26\]\[5\],29.12µm
pp_inst.fifo_data\[48\]\[22\],29.12µm
pp_inst.fifo_data\[51\]\[7\],29.12µm
_09254_,28.71µm
pp_inst.fifo_data\[31\]\[25\],28.71µm
clknet_leaf_163_clk,28.71µm
_09391_,28.66µm
_10255_,28.66µm
_11324_,28.66µm
pp_inst.fifo_data\[22\]\[1\],28.66µm
pp_inst.fifo_data\[33\]\[3\],28.66µm
spi_ctrl.pend_word\[16\],28.66µm
_01554_,28.61µm
_03705_,28.61µm
_04116_,28.61µm
_08444_,28.61µm
_09168_,28.61µm
_09551_,28.61µm
_09871_,28.61µm
_10341_,28.61µm
_10620_,28.61µm
_11045_,28.61µm
_11838_,28.61µm
pp_inst.fifo_data\[34\]\[27\],28.61µm
pp_inst.fifo_data\[40\]\[10\],28.61µm
pp_inst.fifo_data\[41\]\[26\],28.61µm
pp_inst.fifo_data\[54\]\[7\],28.61µm
pp_inst.fifo_data\[58\]\[5\],28.61µm
pp_inst.fifo_data\[58\]\[7\],28.61µm
pp_inst.fifo_data\[5\]\[22\],28.61µm
pp_inst.rd_ptr\[3\],28.61µm
clknet_leaf_475_clk,28.61µm
_03451_,28.56µm
_03481_,28.56µm
_03822_,28.56µm
_03946_,28.56µm
_03962_,28.56µm
_04019_,28.56µm
_04063_,28.56µm
_04158_,28.56µm
_04376_,28.56µm
_04452_,28.56µm
_04509_,28.56µm
_05294_,28.56µm
_05364_,28.56µm
_06468_,28.56µm
_08353_,28.56µm
_09638_,28.56µm
_09911_,28.56µm
_10109_,28.56µm
_10557_,28.56µm
_12215_,28.56µm
_12231_,28.56µm
pp_inst.fifo_data\[1\]\[8\],28.56µm
pp_inst.fifo_data\[2\]\[7\],28.56µm
pp_inst.fifo_data\[59\]\[27\],28.56µm
pp_inst.fifo_data\[6\]\[17\],28.56µm
_06470_,28.28µm
_11050_,28.25µm
_07693_,28.2µm
_09230_,28.15µm
_05416_,28.1µm
_09227_,28.1µm
_10780_,28.1µm
_10927_,28.1µm
_00366_,28.05µm
_00388_,28.05µm
_04166_,28.05µm
_04173_,28.05µm
_04407_,28.05µm
_05033_,28.05µm
_09143_,28.05µm
_09676_,28.05µm
_10963_,28.05µm
bdi\[19\],28.05µm
pp_inst.fifo_data\[11\]\[23\],28.05µm
pp_inst.fifo_data\[28\]\[4\],28.05µm
pp_inst.fifo_data\[33\]\[6\],28.05µm
pp_inst.fifo_data\[41\]\[9\],28.05µm
pp_inst.fifo_data\[59\]\[5\],28.05µm
pp_inst.fifo_data\[60\]\[3\],28.05µm
pp_inst.fifo_data\[9\]\[18\],28.05µm
clknet_leaf_261_clk,28.05µm
clknet_leaf_649_clk,28.05µm
_02519_,28µm
_03670_,28µm
_03893_,28µm
_04057_,28µm
_04889_,28µm
_05018_,28µm
_05046_,28µm
_08870_,28µm
_11454_,28µm
pp_inst.fifo_data\[18\]\[5\],28µm
_09233_,27.74µm
_09943_,27.64µm
clknet_leaf_465_clk,27.64µm
_10957_,27.59µm
pp_inst.fifo_data\[63\]\[6\],27.59µm
pp_inst.fifo_data\[7\]\[1\],27.59µm
net1512,27.59µm
clknet_leaf_315_clk,27.59µm
_04749_,27.54µm
_06920_,27.54µm
_09199_,27.54µm
_10190_,27.54µm
_10351_,27.54µm
pp_inst.fifo_data\[3\]\[8\],27.54µm
pp_inst.fifo_data\[40\]\[21\],27.54µm
spi_ctrl.state\[5\],27.54µm
clknet_leaf_578_clk,27.54µm
_04054_,27.49µm
_04236_,27.49µm
_04527_,27.49µm
_05273_,27.49µm
_06159_,27.49µm
_09317_,27.49µm
_09851_,27.49µm
_10662_,27.49µm
_10929_,27.49µm
_11403_,27.49µm
pp_inst.fifo_data\[13\]\[1\],27.49µm
pp_inst.fifo_data\[14\]\[26\],27.49µm
pp_inst.fifo_data\[60\]\[28\],27.49µm
pp_inst.fifo_data\[61\]\[5\],27.49µm
pp_inst.fifo_data\[63\]\[30\],27.49µm
pp_inst.fifo_data\[6\]\[29\],27.49µm
spi_ctrl.tx_shift_reg\[4\],27.49µm
_01082_,27.44µm
_03868_,27.44µm
_03938_,27.44µm
_04183_,27.44µm
_04189_,27.44µm
_05895_,27.44µm
_08510_,27.44µm
_09465_,27.44µm
_10751_,27.44µm
_10932_,27.44µm
_12197_,27.44µm
_12274_,27.44µm
pp_inst.fifo_data\[48\]\[17\],27.44µm
pp_inst.fifo_data\[49\]\[0\],27.44µm
pp_inst.fifo_data\[60\]\[15\],27.44µm
_09236_,27.08µm
_09333_,27.03µm
_09655_,27.03µm
_10910_,27.03µm
_03919_,26.98µm
_05830_,26.98µm
_09171_,26.98µm
_09203_,26.98µm
_11113_,26.98µm
pp_inst.fifo_data\[10\]\[7\],26.98µm
spi_ctrl.pend_word\[1\],26.98µm
spi_ctrl.tx_shift_reg\[28\],26.98µm
clknet_leaf_506_clk,26.98µm
_01976_,26.93µm
_03487_,26.93µm
_03536_,26.93µm
_04060_,26.93µm
_04860_,26.93µm
_05847_,26.93µm
_09490_,26.93µm
_09625_,26.93µm
_09955_,26.93µm
_10844_,26.93µm
_11698_,26.93µm
_12095_,26.93µm
bdi\[5\],26.93µm
pp_inst.core_inst.reg_fsm_i.data_q\[1\],26.93µm
pp_inst.core_inst.reg_state_i.data_d\[167\],26.93µm
pp_inst.fifo_data\[22\]\[2\],26.93µm
pp_inst.fifo_data\[28\]\[12\],26.93µm
pp_inst.fifo_data\[2\]\[14\],26.93µm
pp_inst.fifo_data\[31\]\[22\],26.93µm
pp_inst.fifo_data\[42\]\[19\],26.93µm
_03811_,26.88µm
_03985_,26.88µm
_04023_,26.88µm
_04339_,26.88µm
_04453_,26.88µm
_04495_,26.88µm
_05541_,26.88µm
_08147_,26.88µm
_09611_,26.88µm
_11285_,26.88µm
_12193_,26.88µm
_12238_,26.88µm
_12273_,26.88µm
bdi_valid\[1\],26.88µm
pp_inst.fifo_data\[10\]\[5\],26.88µm
pp_inst.fifo_data\[12\]\[22\],26.88µm
pp_inst.fifo_data\[19\]\[15\],26.88µm
pp_inst.fifo_data\[26\]\[1\],26.88µm
pp_inst.fifo_data\[35\]\[5\],26.88µm
pp_inst.fifo_data\[56\]\[21\],26.88µm
_09188_,26.47µm
_11679_,26.47µm
_04118_,26.42µm
_05201_,26.42µm
_09163_,26.42µm
_10129_,26.42µm
_11052_,26.42µm
_11926_,26.42µm
_12079_,26.42µm
pp_inst.fifo_data\[30\]\[3\],26.42µm
pp_inst.fifo_data\[32\]\[9\],26.42µm
pp_inst.fifo_data\[50\]\[13\],26.42µm
clknet_leaf_147_clk,26.42µm
_00036_,26.37µm
_01075_,26.37µm
_03991_,26.37µm
_04036_,26.37µm
_04078_,26.37µm
_04371_,26.37µm
_08709_,26.37µm
_09014_,26.37µm
_09322_,26.37µm
_10508_,26.37µm
_10544_,26.37µm
_11145_,26.37µm
_11402_,26.37µm
_11713_,26.37µm
_12213_,26.37µm
pp_inst.core_inst.reg_state_i.data_d\[169\],26.37µm
pp_inst.fifo_data\[13\]\[22\],26.37µm
pp_inst.fifo_data\[22\]\[9\],26.37µm
pp_inst.fifo_data\[23\]\[23\],26.37µm
pp_inst.fifo_data\[25\]\[7\],26.37µm
pp_inst.fifo_data\[28\]\[16\],26.37µm
pp_inst.fifo_data\[44\]\[1\],26.37µm
pp_inst.fifo_data\[44\]\[8\],26.37µm
pp_inst.fifo_data\[58\]\[4\],26.37µm
spi_ctrl.pend_word\[18\],26.37µm
_00045_,26.32µm
_03373_,26.32µm
_03439_,26.32µm
_03968_,26.32µm
_04020_,26.32µm
_04203_,26.32µm
_04214_,26.32µm
_05875_,26.32µm
_09501_,26.32µm
_09706_,26.32µm
pp_inst.fifo_data\[15\]\[30\],26.32µm
pp_inst.fifo_data\[20\]\[1\],26.32µm
pp_inst.fifo_data\[47\]\[16\],26.32µm
pp_inst.fifo_data\[57\]\[16\],26.32µm
pp_inst.fifo_data\[63\]\[20\],26.32µm
pp_inst.fifo_data\[9\]\[14\],26.32µm
pp_inst.fifo_data\[13\]\[11\],26.14µm
_10243_,26.01µm
_09158_,25.96µm
clknet_leaf_575_clk,25.91µm
_09179_,25.86µm
_09591_,25.86µm
_09823_,25.86µm
_11982_,25.86µm
pp_inst.fifo_data\[20\]\[5\],25.86µm
pp_inst.fifo_data\[40\]\[4\],25.86µm
pp_inst.fifo_data\[54\]\[19\],25.86µm
pp_inst.fifo_data\[55\]\[16\],25.86µm
pp_inst.fifo_data\[63\]\[1\],25.86µm
spi_ctrl.tx_shift_reg\[16\],25.86µm
_00009_,25.81µm
_01028_,25.81µm
_01032_,25.81µm
_02031_,25.81µm
_03364_,25.81µm
_03433_,25.81µm
_03569_,25.81µm
_03708_,25.81µm
_04009_,25.81µm
_04213_,25.81µm
_04288_,25.81µm
_04510_,25.81µm
_04565_,25.81µm
_04592_,25.81µm
_04600_,25.81µm
_05885_,25.81µm
_06253_,25.81µm
_07879_,25.81µm
_09939_,25.81µm
_10664_,25.81µm
_10672_,25.81µm
_10938_,25.81µm
_11063_,25.81µm
_11069_,25.81µm
_11659_,25.81µm
_11709_,25.81µm
_11981_,25.81µm
pp_inst.fifo_data\[13\]\[3\],25.81µm
pp_inst.fifo_data\[14\]\[7\],25.81µm
pp_inst.fifo_data\[1\]\[1\],25.81µm
pp_inst.fifo_data\[21\]\[15\],25.81µm
pp_inst.fifo_data\[26\]\[19\],25.81µm
pp_inst.fifo_data\[35\]\[25\],25.81µm
pp_inst.fifo_data\[35\]\[4\],25.81µm
pp_inst.fifo_data\[38\]\[19\],25.81µm
pp_inst.fifo_data\[39\]\[3\],25.81µm
pp_inst.fifo_data\[49\]\[19\],25.81µm
pp_inst.fifo_data\[53\]\[16\],25.81µm
pp_inst.fifo_data\[57\]\[10\],25.81µm
pp_inst.fifo_data\[61\]\[15\],25.81µm
pp_inst.fifo_data\[7\]\[9\],25.81µm
clknet_leaf_559_clk,25.81µm
_03643_,25.76µm
_03693_,25.76µm
_03870_,25.76µm
_03973_,25.76µm
_04046_,25.76µm
_04473_,25.76µm
_05395_,25.76µm
_05575_,25.76µm
_08079_,25.76µm
_08452_,25.76µm
_11325_,25.76µm
_11693_,25.76µm
pp_inst.fifo_data\[2\]\[6\],25.76µm
pp_inst.fifo_data\[22\]\[0\],25.53µm
_02699_,25.4µm
spi_ctrl.tx_byte_cnt\[1\],25.35µm
_02411_,25.3µm
_06070_,25.3µm
_06448_,25.3µm
_09514_,25.3µm
_10581_,25.3µm
_11557_,25.3µm
bdi\[20\],25.3µm
pp_inst.fifo_data\[32\]\[2\],25.3µm
pp_inst.fifo_data\[37\]\[1\],25.3µm
clknet_leaf_42_clk,25.3µm
clknet_leaf_278_clk,25.3µm
_01012_,25.25µm
_01092_,25.25µm
_01289_,25.25µm
_03509_,25.25µm
_03579_,25.25µm
_04368_,25.25µm
_05303_,25.25µm
_05310_,25.25µm
_06927_,25.25µm
_08907_,25.25µm
_09195_,25.25µm
_09583_,25.25µm
_09928_,25.25µm
_10106_,25.25µm
_10588_,25.25µm
_10609_,25.25µm
_10811_,25.25µm
_12147_,25.25µm
_12218_,25.25µm
pp_inst.core_inst.reg_state_i.data_d\[95\],25.25µm
pp_inst.fifo_data\[0\]\[4\],25.25µm
pp_inst.fifo_data\[29\]\[9\],25.25µm
pp_inst.fifo_data\[40\]\[27\],25.25µm
pp_inst.fifo_data\[45\]\[10\],25.25µm
pp_inst.fifo_data\[49\]\[12\],25.25µm
pp_inst.fifo_data\[55\]\[9\],25.25µm
pp_inst.fifo_data\[61\]\[24\],25.25µm
pp_inst.fifo_data\[7\]\[20\],25.25µm
clknet_leaf_399_clk,25.25µm
clknet_leaf_641_clk,25.25µm
_00922_,25.2µm
_01006_,25.2µm
_02199_,25.2µm
_02762_,25.2µm
_03444_,25.2µm
_03665_,25.2µm
_03863_,25.2µm
_04077_,25.2µm
_04211_,25.2µm
_05646_,25.2µm
_07088_,25.2µm
_07782_,25.2µm
_09449_,25.2µm
_09799_,25.2µm
_09993_,25.2µm
_11322_,25.2µm
_11786_,25.2µm
_12096_,25.2µm
pp_inst.fifo_data\[10\]\[3\],25.2µm
pp_inst.fifo_data\[11\]\[21\],25.2µm
pp_inst.fifo_data\[12\]\[31\],25.2µm
pp_inst.fifo_data\[20\]\[2\],25.2µm
pp_inst.fifo_data\[20\]\[30\],25.2µm
pp_inst.fifo_data\[2\]\[4\],25.2µm
pp_inst.fifo_data\[49\]\[5\],25.2µm
pp_inst.fifo_data\[57\]\[31\],25.2µm
pp_inst.fifo_data\[60\]\[12\],25.2µm
pp_inst.fifo_data\[57\]\[4\],25.02µm
_10900_,24.79µm
clknet_leaf_603_clk,24.79µm
_00820_,24.74µm
_04488_,24.74µm
_10002_,24.74µm
_10256_,24.74µm
_10646_,24.74µm
_10842_,24.74µm
_11094_,24.74µm
pp_inst.fifo_data\[13\]\[30\],24.74µm
pp_inst.fifo_data\[17\]\[27\],24.74µm
pp_inst.fifo_data\[25\]\[6\],24.74µm
pp_inst.fifo_data\[26\]\[10\],24.74µm
pp_inst.fifo_data\[48\]\[5\],24.74µm
pp_inst.fifo_data\[59\]\[26\],24.74µm
pp_inst.fifo_data\[61\]\[27\],24.74µm
clknet_leaf_39_clk,24.74µm
clknet_leaf_547_clk,24.74µm
_01081_,24.69µm
_01964_,24.69µm
_03130_,24.69µm
_03707_,24.69µm
_04105_,24.69µm
_04129_,24.69µm
_04254_,24.69µm
_04328_,24.69µm
_04503_,24.69µm
_04550_,24.69µm
_04856_,24.69µm
_05079_,24.69µm
_05114_,24.69µm
_05969_,24.69µm
_08247_,24.69µm
_08844_,24.69µm
_09499_,24.69µm
_09898_,24.69µm
_11046_,24.69µm
_11375_,24.69µm
_12188_,24.69µm
_12234_,24.69µm
pp_inst.core_inst.asconp_i.x2\[18\],24.69µm
pp_inst.core_inst.reg_state_i.data_d\[181\],24.69µm
pp_inst.fifo_data\[10\]\[14\],24.69µm
pp_inst.fifo_data\[12\]\[1\],24.69µm
pp_inst.fifo_data\[19\]\[24\],24.69µm
pp_inst.fifo_data\[20\]\[7\],24.69µm
pp_inst.fifo_data\[23\]\[4\],24.69µm
pp_inst.fifo_data\[25\]\[31\],24.69µm
pp_inst.fifo_data\[3\]\[2\],24.69µm
pp_inst.fifo_data\[58\]\[29\],24.69µm
pp_inst.fifo_data\[5\]\[27\],24.69µm
pp_inst.fifo_data\[62\]\[5\],24.69µm
pp_inst.fifo_data\[9\]\[19\],24.69µm
spi_ctrl.state\[3\],24.69µm
spi_ctrl.tx_shift_reg\[10\],24.69µm
spi_ctrl.tx_shift_reg\[25\],24.69µm
spi_ctrl.tx_stage\[10\],24.69µm
_01020_,24.64µm
_03614_,24.64µm
_03932_,24.64µm
_04075_,24.64µm
_04115_,24.64µm
_04334_,24.64µm
_04477_,24.64µm
_04566_,24.64µm
_09703_,24.64µm
_09813_,24.64µm
_10150_,24.64µm
_10358_,24.64µm
_10457_,24.64µm
_10764_,24.64µm
_11544_,24.64µm
_12149_,24.64µm
pp_inst.fifo_data\[40\]\[3\],24.64µm
pp_inst.fifo_data\[45\]\[7\],24.64µm
pp_inst.fifo_data\[62\]\[16\],24.64µm
spi_ctrl.word_cnt\[2\],24.64µm
pp_inst.fifo_data\[1\]\[12\],24.28µm
_09335_,24.23µm
_09403_,24.23µm
_10282_,24.23µm
_10714_,24.23µm
pp_inst.fifo_data\[33\]\[13\],24.23µm
_04872_,24.18µm
_08308_,24.18µm
_10252_,24.18µm
_10415_,24.18µm
_11149_,24.18µm
bdi\[0\],24.18µm
pp_inst.fifo_data\[12\]\[13\],24.18µm
pp_inst.fifo_data\[14\]\[5\],24.18µm
pp_inst.fifo_data\[44\]\[13\],24.18µm
pp_inst.fifo_data\[47\]\[2\],24.18µm
pp_inst.fifo_data\[52\]\[12\],24.18µm
pp_inst.fifo_data\[54\]\[13\],24.18µm
spi_ctrl.tx_shift_reg\[0\],24.18µm
clknet_leaf_6_clk,24.18µm
_01076_,24.13µm
_02507_,24.13µm
_03510_,24.13µm
_03833_,24.13µm
_04144_,24.13µm
_05290_,24.13µm
_05339_,24.13µm
_06722_,24.13µm
_07017_,24.13µm
_09281_,24.13µm
_09344_,24.13µm
_10218_,24.13µm
_10346_,24.13µm
_10879_,24.13µm
_10890_,24.13µm
_11643_,24.13µm
_12240_,24.13µm
_12275_,24.13µm
pp_inst.core_inst.asconp_i.x0\[39\],24.13µm
pp_inst.fifo_data\[10\]\[31\],24.13µm
pp_inst.fifo_data\[11\]\[14\],24.13µm
pp_inst.fifo_data\[19\]\[6\],24.13µm
pp_inst.fifo_data\[1\]\[23\],24.13µm
pp_inst.fifo_data\[1\]\[31\],24.13µm
pp_inst.fifo_data\[2\]\[16\],24.13µm
pp_inst.fifo_data\[35\]\[13\],24.13µm
pp_inst.fifo_data\[35\]\[3\],24.13µm
pp_inst.fifo_data\[35\]\[6\],24.13µm
pp_inst.fifo_data\[42\]\[30\],24.13µm
pp_inst.fifo_data\[47\]\[22\],24.13µm
pp_inst.fifo_data\[5\]\[5\],24.13µm
pp_inst.fifo_data\[60\]\[25\],24.13µm
spi_ctrl.tx_stage\[8\],24.13µm
spi_phy.rx_reg\[4\],24.13µm
clknet_leaf_402_clk,24.13µm
_03457_,24.08µm
_03745_,24.08µm
_03830_,24.08µm
_04017_,24.08µm
_04156_,24.08µm
_04181_,24.08µm
_04305_,24.08µm
_04393_,24.08µm
_04459_,24.08µm
_04523_,24.08µm
_09370_,24.08µm
_09849_,24.08µm
_10810_,24.08µm
_10919_,24.08µm
_11477_,24.08µm
_11591_,24.08µm
bdi\[3\],24.08µm
pp_inst.core_inst.asconp_i.x0\[51\],24.08µm
pp_inst.fifo_data\[2\]\[27\],24.08µm
pp_inst.fifo_data\[52\]\[29\],24.08µm
pp_inst.fifo_data\[60\]\[23\],24.08µm
pp_inst.fifo_data\[62\]\[26\],23.95µm
_10729_,23.72µm
_10728_,23.67µm
_11194_,23.67µm
pp_inst.fifo_data\[21\]\[10\],23.67µm
pp_inst.fifo_data\[34\]\[2\],23.67µm
pp_inst.fifo_data\[51\]\[25\],23.67µm
clknet_leaf_488_clk,23.67µm
_03603_,23.62µm
_04763_,23.62µm
_06339_,23.62µm
_06925_,23.62µm
_09145_,23.62µm
_09151_,23.62µm
_09332_,23.62µm
_09371_,23.62µm
_09419_,23.62µm
_10107_,23.62µm
_10153_,23.62µm
_10578_,23.62µm
_12004_,23.62µm
pp_inst.fifo_data\[12\]\[5\],23.62µm
pp_inst.fifo_data\[16\]\[17\],23.62µm
pp_inst.fifo_data\[27\]\[17\],23.62µm
pp_inst.fifo_data\[28\]\[8\],23.62µm
pp_inst.fifo_data\[30\]\[29\],23.62µm
pp_inst.fifo_data\[37\]\[6\],23.62µm
pp_inst.fifo_data\[49\]\[18\],23.62µm
pp_inst.fifo_data\[52\]\[21\],23.62µm
pp_inst.fifo_data\[52\]\[8\],23.62µm
pp_inst.fifo_data\[57\]\[1\],23.62µm
pp_inst.fifo_data\[57\]\[22\],23.62µm
clknet_leaf_608_clk,23.62µm
_00063_,23.57µm
_00598_,23.57µm
_04022_,23.57µm
_04319_,23.57µm
_04876_,23.57µm
_04897_,23.57µm
_05131_,23.57µm
_05600_,23.57µm
_06557_,23.57µm
_07285_,23.57µm
_09134_,23.57µm
_09279_,23.57µm
_09512_,23.57µm
_10366_,23.57µm
_10511_,23.57µm
_10614_,23.57µm
_11372_,23.57µm
pp_inst.fifo_data\[0\]\[10\],23.57µm
pp_inst.fifo_data\[17\]\[18\],23.57µm
pp_inst.fifo_data\[29\]\[6\],23.57µm
pp_inst.fifo_data\[3\]\[6\],23.57µm
pp_inst.fifo_data\[41\]\[17\],23.57µm
pp_inst.fifo_data\[42\]\[2\],23.57µm
pp_inst.fifo_data\[48\]\[26\],23.57µm
pp_inst.fifo_data\[48\]\[3\],23.57µm
pp_inst.fifo_data\[48\]\[8\],23.57µm
pp_inst.fifo_data\[49\]\[3\],23.57µm
spi_ctrl.pend_word\[19\],23.57µm
net1896,23.57µm
_00042_,23.52µm
_03402_,23.52µm
_03480_,23.52µm
_03489_,23.52µm
_03524_,23.52µm
_03698_,23.52µm
_03740_,23.52µm
_03883_,23.52µm
_03990_,23.52µm
_04538_,23.52µm
_04633_,23.52µm
_06755_,23.52µm
_06911_,23.52µm
_07892_,23.52µm
_09475_,23.52µm
_10541_,23.52µm
_11495_,23.52µm
_12108_,23.52µm
pp_inst.core_inst.asconp_i.x0\[10\],23.52µm
pp_inst.fifo_data\[23\]\[1\],23.52µm
pp_inst.fifo_data\[24\]\[20\],23.52µm
pp_inst.fifo_data\[25\]\[12\],23.52µm
pp_inst.fifo_data\[28\]\[0\],23.52µm
pp_inst.fifo_data\[29\]\[24\],23.52µm
pp_inst.fifo_data\[44\]\[19\],23.52µm
pp_inst.fifo_data\[9\]\[24\],23.52µm
spi_ctrl.pend_word\[24\],23.52µm
pp_inst.fifo_data\[54\]\[6\],23.51µm
_00006_,23.11µm
_09664_,23.11µm
_12056_,23.11µm
spi_ctrl.pend_word\[5\],23.11µm
_06374_,23.06µm
_10629_,23.06µm
pp_inst.core_inst.asconp_i.x0\[3\],23.06µm
pp_inst.fifo_data\[10\]\[21\],23.06µm
pp_inst.fifo_data\[22\]\[19\],23.06µm
pp_inst.fifo_data\[22\]\[20\],23.06µm
pp_inst.fifo_data\[31\]\[21\],23.06µm
pp_inst.fifo_data\[40\]\[17\],23.06µm
pp_inst.fifo_data\[42\]\[31\],23.06µm
pp_inst.fifo_data\[43\]\[14\],23.06µm
pp_inst.fifo_data\[51\]\[16\],23.06µm
pp_inst.fifo_data\[53\]\[18\],23.06µm
pp_inst.fifo_data\[53\]\[23\],23.06µm
pp_inst.fifo_data\[54\]\[23\],23.06µm
pp_inst.wr_ptr\[6\],23.06µm
spi_ctrl.pend_word\[20\],23.06µm
clknet_leaf_458_clk,23.06µm
_00056_,23.01µm
_01011_,23.01µm
_01134_,23.01µm
_02970_,23.01µm
_03363_,23.01µm
_03479_,23.01µm
_03537_,23.01µm
_03755_,23.01µm
_04106_,23.01µm
_04306_,23.01µm
_05140_,23.01µm
_05420_,23.01µm
_05441_,23.01µm
_05547_,23.01µm
_07536_,23.01µm
_08903_,23.01µm
_09182_,23.01µm
_09698_,23.01µm
_10131_,23.01µm
_10295_,23.01µm
_10720_,23.01µm
_10730_,23.01µm
_11137_,23.01µm
_11273_,23.01µm
_11599_,23.01µm
_11824_,23.01µm
_12141_,23.01µm
_12186_,23.01µm
bdi\[17\],23.01µm
pp_inst.fifo_data\[13\]\[5\],23.01µm
pp_inst.fifo_data\[19\]\[27\],23.01µm
pp_inst.fifo_data\[21\]\[29\],23.01µm
pp_inst.fifo_data\[30\]\[8\],23.01µm
pp_inst.fifo_data\[49\]\[30\],23.01µm
pp_inst.fifo_data\[51\]\[24\],23.01µm
pp_inst.fifo_data\[55\]\[5\],23.01µm
pp_inst.fifo_data\[56\]\[4\],23.01µm
pp_inst.fifo_data\[59\]\[12\],23.01µm
pp_inst.fifo_data\[59\]\[8\],23.01µm
spi_ctrl.pend_word\[2\],23.01µm
clknet_leaf_562_clk,23.01µm
clknet_leaf_593_clk,23.01µm
clknet_leaf_619_clk,23.01µm
_01002_,22.96µm
_03091_,22.96µm
_03738_,22.96µm
_03827_,22.96µm
_04537_,22.96µm
_05194_,22.96µm
_05248_,22.96µm
_05633_,22.96µm
_07350_,22.96µm
_09645_,22.96µm
_10082_,22.96µm
_10471_,22.96µm
_10742_,22.96µm
_11190_,22.96µm
_11753_,22.96µm
pp_inst.fifo_data\[11\]\[1\],22.96µm
pp_inst.fifo_data\[38\]\[24\],22.96µm
pp_inst.fifo_data\[39\]\[19\],22.96µm
pp_inst.fifo_data\[56\]\[24\],22.96µm
pp_inst.fifo_data\[58\]\[14\],22.96µm
pp_inst.fifo_data\[8\]\[10\],22.96µm
pp_inst.fifo_data\[51\]\[19\],22.73µm
pp_inst.fifo_data\[27\]\[30\],22.68µm
_04834_,22.5µm
_09196_,22.5µm
_09206_,22.5µm
_09313_,22.5µm
_10112_,22.5µm
pp_inst.core_inst.auth_intern_q,22.5µm
pp_inst.fifo_data\[15\]\[21\],22.5µm
pp_inst.fifo_data\[4\]\[17\],22.5µm
pp_inst.fifo_data\[53\]\[28\],22.5µm
pp_inst.fifo_data\[5\]\[29\],22.5µm
pp_inst.fifo_data\[8\]\[0\],22.5µm
spi_ctrl.pend_word\[7\],22.5µm
clknet_leaf_52_clk,22.5µm
_00047_,22.45µm
_00062_,22.45µm
_00068_,22.45µm
_02603_,22.45µm
_03115_,22.45µm
_03255_,22.45µm
_03507_,22.45µm
_03654_,22.45µm
_03735_,22.45µm
_03849_,22.45µm
_03853_,22.45µm
_04024_,22.45µm
_04352_,22.45µm
_04383_,22.45µm
_04425_,22.45µm
_04549_,22.45µm
_04974_,22.45µm
_06777_,22.45µm
_07978_,22.45µm
_08545_,22.45µm
_09002_,22.45µm
_09529_,22.45µm
_09964_,22.45µm
_10194_,22.45µm
_11090_,22.45µm
_11227_,22.45µm
_11305_,22.45µm
_12114_,22.45µm
_12131_,22.45µm
_12145_,22.45µm
pp_inst.fifo_data\[14\]\[6\],22.45µm
pp_inst.fifo_data\[15\]\[31\],22.45µm
pp_inst.fifo_data\[49\]\[10\],22.45µm
pp_inst.fifo_data\[49\]\[20\],22.45µm
pp_inst.fifo_data\[50\]\[23\],22.45µm
pp_inst.fifo_data\[53\]\[22\],22.45µm
pp_inst.fifo_data\[59\]\[4\],22.45µm
pp_inst.fifo_data\[5\]\[11\],22.45µm
pp_inst.fifo_data\[61\]\[0\],22.45µm
pp_inst.fifo_data\[7\]\[31\],22.45µm
spi_ctrl.tx_stage\[16\],22.45µm
spi_ctrl.tx_stage\[2\],22.45µm
_01110_,22.4µm
_01746_,22.4µm
_03378_,22.4µm
_03473_,22.4µm
_03636_,22.4µm
_03944_,22.4µm
_03954_,22.4µm
_03970_,22.4µm
_03976_,22.4µm
_04243_,22.4µm
_04348_,22.4µm
_04411_,22.4µm
_04864_,22.4µm
_04937_,22.4µm
_05462_,22.4µm
_06688_,22.4µm
_07075_,22.4µm
_07749_,22.4µm
_08422_,22.4µm
_09184_,22.4µm
_09767_,22.4µm
_09785_,22.4µm
_09878_,22.4µm
_10417_,22.4µm
_10812_,22.4µm
_11127_,22.4µm
_11499_,22.4µm
_11805_,22.4µm
pp_inst.fifo_data\[1\]\[3\],22.4µm
pp_inst.fifo_data\[31\]\[15\],22.4µm
pp_inst.fifo_data\[48\]\[10\],22.4µm
pp_inst.fifo_data\[49\]\[22\],22.4µm
pp_inst.fifo_data\[60\]\[6\],22.4µm
pp_inst.fifo_data\[62\]\[8\],22.4µm
pp_inst.fifo_data\[8\]\[3\],22.4µm
spi_ctrl.pend_word\[22\],22.4µm
pp_inst.fifo_data\[0\]\[26\],22.27µm
_05215_,22.17µm
_06000_,22.04µm
_09316_,21.99µm
pp_inst.core_inst.asconp_i.x2\[48\],21.99µm
_02955_,21.94µm
_09176_,21.94µm
_10550_,21.94µm
_10838_,21.94µm
_10920_,21.94µm
_11796_,21.94µm
pp_inst.core_inst.asconp_i.x0\[21\],21.94µm
pp_inst.fifo_data\[17\]\[30\],21.94µm
pp_inst.fifo_data\[33\]\[12\],21.94µm
pp_inst.fifo_data\[37\]\[13\],21.94µm
pp_inst.fifo_data\[45\]\[8\],21.94µm
pp_inst.fifo_data\[47\]\[3\],21.94µm
pp_inst.fifo_data\[47\]\[5\],21.94µm
pp_inst.fifo_data\[56\]\[8\],21.94µm
pp_inst.fifo_data\[60\]\[9\],21.94µm
pp_inst.fifo_data\[61\]\[16\],21.94µm
pp_inst.fifo_data\[62\]\[13\],21.94µm
pp_inst.fifo_data\[8\]\[30\],21.94µm
clknet_leaf_321_clk,21.94µm
_01039_,21.89µm
_03780_,21.89µm
_03842_,21.89µm
_03935_,21.89µm
_04324_,21.89µm
_04479_,21.89µm
_04637_,21.89µm
_05851_,21.89µm
_06343_,21.89µm
_06654_,21.89µm
_09486_,21.89µm
_09787_,21.89µm
_10007_,21.89µm
_10070_,21.89µm
_10167_,21.89µm
_10179_,21.89µm
_10442_,21.89µm
_10951_,21.89µm
_11714_,21.89µm
_11841_,21.89µm
bdi\[29\],21.89µm
pp_inst.fifo_data\[10\]\[27\],21.89µm
pp_inst.fifo_data\[12\]\[9\],21.89µm
pp_inst.fifo_data\[19\]\[28\],21.89µm
pp_inst.fifo_data\[1\]\[25\],21.89µm
pp_inst.fifo_data\[26\]\[18\],21.89µm
pp_inst.fifo_data\[2\]\[8\],21.89µm
pp_inst.fifo_data\[34\]\[24\],21.89µm
pp_inst.fifo_data\[41\]\[3\],21.89µm
pp_inst.fifo_data\[4\]\[26\],21.89µm
pp_inst.fifo_data\[60\]\[1\],21.89µm
pp_inst.fifo_data\[6\]\[31\],21.89µm
pp_inst.fifo_data\[9\]\[3\],21.89µm
clknet_leaf_72_clk,21.89µm
clknet_leaf_612_clk,21.89µm
_00001_,21.84µm
_00040_,21.84µm
_01100_,21.84µm
_01739_,21.84µm
_02109_,21.84µm
_03711_,21.84µm
_04145_,21.84µm
_04167_,21.84µm
_04302_,21.84µm
_04559_,21.84µm
_04568_,21.84µm
_04760_,21.84µm
_06197_,21.84µm
_06276_,21.84µm
_06903_,21.84µm
_07033_,21.84µm
_08131_,21.84µm
_09055_,21.84µm
_09444_,21.84µm
_09716_,21.84µm
_10040_,21.84µm
_10455_,21.84µm
pp_inst.fifo_data\[17\]\[22\],21.84µm
pp_inst.fifo_data\[17\]\[6\],21.84µm
pp_inst.fifo_data\[18\]\[14\],21.84µm
pp_inst.fifo_data\[18\]\[24\],21.84µm
pp_inst.fifo_data\[21\]\[14\],21.84µm
pp_inst.fifo_data\[2\]\[19\],21.84µm
pp_inst.fifo_data\[62\]\[31\],21.84µm
spi_ctrl.pend_word\[25\],21.84µm
clknet_leaf_625_clk,21.84µm
_11825_,21.53µm
_09749_,21.43µm
_10229_,21.43µm
bdi\[12\],21.43µm
pp_inst.fifo_data\[45\]\[19\],21.43µm
_00066_,21.38µm
_00557_,21.38µm
_03321_,21.38µm
_03493_,21.38µm
_03609_,21.38µm
_09573_,21.38µm
_09608_,21.38µm
_10398_,21.38µm
_11241_,21.38µm
_11979_,21.38µm
pp_inst.core_inst.asconp_i.x0\[9\],21.38µm
pp_inst.fifo_data\[29\]\[30\],21.38µm
pp_inst.fifo_data\[37\]\[26\],21.38µm
pp_inst.fifo_data\[39\]\[6\],21.38µm
pp_inst.fifo_data\[53\]\[25\],21.38µm
pp_inst.fifo_data\[59\]\[2\],21.38µm
pp_inst.fifo_data\[61\]\[28\],21.38µm
spi_ctrl.pend_word\[4\],21.38µm
clknet_leaf_449_clk,21.38µm
_00015_,21.33µm
_00046_,21.33µm
_00936_,21.33µm
_01015_,21.33µm
_01483_,21.33µm
_03436_,21.33µm
_03886_,21.33µm
_03929_,21.33µm
_04053_,21.33µm
_04386_,21.33µm
_04408_,21.33µm
_05178_,21.33µm
_06377_,21.33µm
_06442_,21.33µm
_07124_,21.33µm
_07829_,21.33µm
_09160_,21.33µm
_09538_,21.33µm
_10052_,21.33µm
_10290_,21.33µm
_10930_,21.33µm
_12178_,21.33µm
_12199_,21.33µm
pp_inst.fifo_data\[13\]\[18\],21.33µm
pp_inst.fifo_data\[14\]\[14\],21.33µm
pp_inst.fifo_data\[2\]\[31\],21.33µm
pp_inst.fifo_data\[30\]\[30\],21.33µm
pp_inst.fifo_data\[34\]\[18\],21.33µm
pp_inst.fifo_data\[3\]\[28\],21.33µm
pp_inst.fifo_data\[40\]\[28\],21.33µm
pp_inst.fifo_data\[42\]\[13\],21.33µm
pp_inst.fifo_data\[51\]\[14\],21.33µm
pp_inst.fifo_data\[59\]\[18\],21.33µm
pp_inst.fifo_data\[61\]\[8\],21.33µm
pp_inst.fifo_data\[9\]\[29\],21.33µm
spi_phy.mosi_sync\[0\],21.33µm
clknet_leaf_554_clk,21.33µm
_00219_,21.28µm
_03429_,21.28µm
_03694_,21.28µm
_03961_,21.28µm
_04071_,21.28µm
_06449_,21.28µm
_08936_,21.28µm
_10852_,21.28µm
_11062_,21.28µm
_11230_,21.28µm
_12249_,21.28µm
pp_inst.core_inst.reg_state_i.data_d\[238\],21.28µm
pp_inst.fifo_data\[11\]\[28\],21.28µm
pp_inst.fifo_data\[31\]\[6\],21.28µm
pp_inst.fifo_data\[36\]\[10\],21.28µm
pp_inst.fifo_data\[44\]\[27\],21.28µm
pp_inst.fifo_data\[48\]\[19\],21.28µm
pp_inst.fifo_data\[49\]\[23\],21.28µm
pp_inst.fifo_data\[51\]\[8\],21.28µm
_06318_,21.1µm
_09346_,21.05µm
_09263_,20.87µm
pp_inst.fifo_data\[60\]\[2\],20.87µm
_03522_,20.82µm
_03941_,20.82µm
_04125_,20.82µm
_10018_,20.82µm
_10158_,20.82µm
_10313_,20.82µm
_11100_,20.82µm
_12146_,20.82µm
pp_inst.fifo_data\[12\]\[10\],20.82µm
pp_inst.fifo_data\[17\]\[12\],20.82µm
pp_inst.fifo_data\[35\]\[9\],20.82µm
pp_inst.fifo_data\[38\]\[3\],20.82µm
pp_inst.fifo_data\[3\]\[20\],20.82µm
pp_inst.fifo_data\[6\]\[18\],20.82µm
pp_inst.fifo_data\[8\]\[2\],20.82µm
clknet_leaf_205_clk,20.82µm
_00010_,20.77µm
_00055_,20.77µm
_00964_,20.77µm
_01642_,20.77µm
_03191_,20.77µm
_03739_,20.77µm
_04010_,20.77µm
_04073_,20.77µm
_04249_,20.77µm
_04444_,20.77µm
_04879_,20.77µm
_05055_,20.77µm
_05210_,20.77µm
_05429_,20.77µm
_05671_,20.77µm
_05802_,20.77µm
_06409_,20.77µm
_07323_,20.77µm
_07581_,20.77µm
_08049_,20.77µm
_08130_,20.77µm
_09162_,20.77µm
_09283_,20.77µm
_09784_,20.77µm
_09801_,20.77µm
_10275_,20.77µm
_10801_,20.77µm
_10939_,20.77µm
_12179_,20.77µm
pp_inst.core_inst.reg_state_i.data_d\[131\],20.77µm
pp_inst.fifo_data\[12\]\[14\],20.77µm
pp_inst.fifo_data\[13\]\[4\],20.77µm
pp_inst.fifo_data\[15\]\[3\],20.77µm
pp_inst.fifo_data\[16\]\[27\],20.77µm
pp_inst.fifo_data\[18\]\[12\],20.77µm
pp_inst.fifo_data\[1\]\[18\],20.77µm
pp_inst.fifo_data\[1\]\[30\],20.77µm
pp_inst.fifo_data\[28\]\[13\],20.77µm
pp_inst.fifo_data\[31\]\[14\],20.77µm
pp_inst.fifo_data\[37\]\[17\],20.77µm
pp_inst.fifo_data\[37\]\[9\],20.77µm
pp_inst.fifo_data\[45\]\[24\],20.77µm
pp_inst.fifo_data\[53\]\[6\],20.77µm
pp_inst.fifo_data\[55\]\[25\],20.77µm
pp_inst.fifo_data\[59\]\[19\],20.77µm
pp_inst.fifo_data\[54\]\[31\],20.76µm
_00029_,20.72µm
_00812_,20.72µm
_00884_,20.72µm
_01141_,20.72µm
_03474_,20.72µm
_03506_,20.72µm
_03555_,20.72µm
_04235_,20.72µm
_04285_,20.72µm
_05200_,20.72µm
_05393_,20.72µm
_05551_,20.72µm
_05809_,20.72µm
_05926_,20.72µm
_07043_,20.72µm
_07414_,20.72µm
_07512_,20.72µm
_08663_,20.72µm
_08953_,20.72µm
_09067_,20.72µm
_09153_,20.72µm
_09326_,20.72µm
_09723_,20.72µm
_10608_,20.72µm
_11388_,20.72µm
_11904_,20.72µm
_12035_,20.72µm
_12278_,20.72µm
pp_inst.fifo_data\[17\]\[4\],20.72µm
pp_inst.fifo_data\[18\]\[28\],20.72µm
pp_inst.fifo_data\[3\]\[18\],20.72µm
pp_inst.fifo_data\[40\]\[20\],20.72µm
pp_inst.fifo_data\[46\]\[2\],20.72µm
pp_inst.fifo_data\[49\]\[13\],20.72µm
pp_inst.fifo_data\[50\]\[8\],20.72µm
pp_inst.fifo_data\[54\]\[16\],20.72µm
spi_ctrl.cs_rise,20.72µm
spi_ctrl.tx_stage\[15\],20.72µm
_09157_,20.44µm
_09772_,20.31µm
_09963_,20.31µm
pp_inst.fifo_data\[14\]\[13\],20.31µm
pp_inst.fifo_data\[4\]\[6\],20.31µm
pp_inst.fifo_data\[9\]\[7\],20.31µm
clknet_leaf_212_clk,20.31µm
_03710_,20.26µm
_04785_,20.26µm
_09148_,20.26µm
_10861_,20.26µm
_11024_,20.26µm
_11130_,20.26µm
_12235_,20.26µm
pp_inst.core_inst.asconp_i.round_cnt\[1\],20.26µm
pp_inst.core_inst.asconp_i.x0\[24\],20.26µm
pp_inst.fifo_data\[17\]\[20\],20.26µm
pp_inst.fifo_data\[20\]\[13\],20.26µm
pp_inst.fifo_data\[21\]\[27\],20.26µm
pp_inst.fifo_data\[24\]\[28\],20.26µm
pp_inst.fifo_data\[25\]\[11\],20.26µm
pp_inst.fifo_data\[34\]\[22\],20.26µm
pp_inst.fifo_data\[35\]\[18\],20.26µm
pp_inst.fifo_data\[37\]\[15\],20.26µm
pp_inst.fifo_data\[38\]\[27\],20.26µm
pp_inst.fifo_data\[40\]\[23\],20.26µm
pp_inst.fifo_data\[4\]\[20\],20.26µm
pp_inst.fifo_data\[4\]\[9\],20.26µm
pp_inst.fifo_data\[58\]\[30\],20.26µm
pp_inst.fifo_data\[62\]\[22\],20.26µm
pp_inst.fifo_data\[7\]\[5\],20.26µm
clknet_leaf_606_clk,20.26µm
_01896_,20.21µm
_03628_,20.21µm
_03848_,20.21µm
_04113_,20.21µm
_04364_,20.21µm
_04365_,20.21µm
_04516_,20.21µm
_04521_,20.21µm
_04885_,20.21µm
_05002_,20.21µm
_05051_,20.21µm
_05734_,20.21µm
_05831_,20.21µm
_06375_,20.21µm
_06606_,20.21µm
_06841_,20.21µm
_07082_,20.21µm
_08537_,20.21µm
_08539_,20.21µm
_08947_,20.21µm
_09115_,20.21µm
_09321_,20.21µm
_09699_,20.21µm
_09719_,20.21µm
_09901_,20.21µm
_10329_,20.21µm
_11008_,20.21µm
_11154_,20.21µm
_11252_,20.21µm
_11255_,20.21µm
_11491_,20.21µm
pp_inst.core_inst.reg_state_i.data_d\[170\],20.21µm
pp_inst.core_inst.reg_state_i.data_d\[179\],20.21µm
pp_inst.fifo_data\[10\]\[18\],20.21µm
pp_inst.fifo_data\[11\]\[22\],20.21µm
pp_inst.fifo_data\[13\]\[29\],20.21µm
pp_inst.fifo_data\[16\]\[23\],20.21µm
pp_inst.fifo_data\[17\]\[8\],20.21µm
pp_inst.fifo_data\[21\]\[13\],20.21µm
pp_inst.fifo_data\[21\]\[28\],20.21µm
pp_inst.fifo_data\[26\]\[17\],20.21µm
pp_inst.fifo_data\[2\]\[10\],20.21µm
pp_inst.fifo_data\[31\]\[16\],20.21µm
pp_inst.fifo_data\[32\]\[13\],20.21µm
pp_inst.fifo_data\[34\]\[5\],20.21µm
pp_inst.fifo_data\[36\]\[3\],20.21µm
pp_inst.fifo_data\[36\]\[4\],20.21µm
pp_inst.fifo_data\[39\]\[21\],20.21µm
pp_inst.fifo_data\[3\]\[13\],20.21µm
pp_inst.fifo_data\[42\]\[20\],20.21µm
pp_inst.fifo_data\[43\]\[25\],20.21µm
pp_inst.fifo_data\[45\]\[0\],20.21µm
pp_inst.fifo_data\[49\]\[2\],20.21µm
pp_inst.fifo_data\[54\]\[15\],20.21µm
pp_inst.fifo_data\[54\]\[8\],20.21µm
pp_inst.fifo_data\[55\]\[18\],20.21µm
pp_inst.fifo_data\[58\]\[24\],20.21µm
pp_inst.fifo_data\[59\]\[25\],20.21µm
pp_inst.fifo_data\[60\]\[10\],20.21µm
pp_inst.fifo_data\[60\]\[19\],20.21µm
pp_inst.fifo_data\[62\]\[11\],20.21µm
pp_inst.fifo_data\[63\]\[23\],20.21µm
spi_ctrl.tx_shift_reg\[11\],20.21µm
spi_phy.sclk_sync\[0\],20.21µm
spi_phy.tx_reg\[6\],20.21µm
_01062_,20.16µm
_03410_,20.16µm
_03424_,20.16µm
_03753_,20.16µm
_03956_,20.16µm
_04001_,20.16µm
_04232_,20.16µm
_04251_,20.16µm
_04262_,20.16µm
_04290_,20.16µm
_04437_,20.16µm
_04496_,20.16µm
_06074_,20.16µm
_06251_,20.16µm
_06495_,20.16µm
_06591_,20.16µm
_06849_,20.16µm
_09702_,20.16µm
_09935_,20.16µm
_10189_,20.16µm
_10497_,20.16µm
_10733_,20.16µm
_12026_,20.16µm
_12129_,20.16µm
pp_inst.fifo_data\[12\]\[15\],20.16µm
pp_inst.fifo_data\[12\]\[27\],20.16µm
pp_inst.fifo_data\[16\]\[21\],20.16µm
pp_inst.fifo_data\[1\]\[20\],20.16µm
pp_inst.fifo_data\[34\]\[30\],20.16µm
pp_inst.fifo_data\[39\]\[4\],20.16µm
pp_inst.fifo_data\[40\]\[2\],20.16µm
pp_inst.fifo_data\[52\]\[0\],20.16µm
pp_inst.fifo_data\[55\]\[19\],20.16µm
clknet_leaf_513_clk,20.16µm
_02103_,19.75µm
_05266_,19.75µm
_09493_,19.75µm
pp_inst.fifo_data\[17\]\[5\],19.75µm
pp_inst.fifo_data\[26\]\[3\],19.75µm
pp_inst.fifo_data\[9\]\[11\],19.75µm
_00058_,19.7µm
_04580_,19.7µm
_04983_,19.7µm
_05003_,19.7µm
_07176_,19.7µm
_09280_,19.7µm
_09284_,19.7µm
_10118_,19.7µm
_10875_,19.7µm
pp_inst.fifo_data\[12\]\[21\],19.7µm
pp_inst.fifo_data\[15\]\[20\],19.7µm
pp_inst.fifo_data\[16\]\[4\],19.7µm
pp_inst.fifo_data\[23\]\[2\],19.7µm
pp_inst.fifo_data\[27\]\[26\],19.7µm
pp_inst.fifo_data\[32\]\[26\],19.7µm
pp_inst.fifo_data\[36\]\[5\],19.7µm
pp_inst.fifo_data\[41\]\[8\],19.7µm
pp_inst.fifo_data\[51\]\[11\],19.7µm
pp_inst.fifo_data\[53\]\[29\],19.7µm
pp_inst.fifo_data\[63\]\[13\],19.7µm
clknet_leaf_330_clk,19.7µm
_01131_,19.65µm
_01324_,19.65µm
_01902_,19.65µm
_02167_,19.65µm
_02807_,19.65µm
_03467_,19.65µm
_03612_,19.65µm
_03615_,19.65µm
_03695_,19.65µm
_03890_,19.65µm
_04074_,19.65µm
_04098_,19.65µm
_04307_,19.65µm
_04333_,19.65µm
_04536_,19.65µm
_04961_,19.65µm
_06076_,19.65µm
_06126_,19.65µm
_06398_,19.65µm
_06754_,19.65µm
_07005_,19.65µm
_07513_,19.65µm
_07806_,19.65µm
_08852_,19.65µm
_09382_,19.65µm
_09483_,19.65µm
_10030_,19.65µm
_10086_,19.65µm
_10272_,19.65µm
_10949_,19.65µm
_11736_,19.65µm
_11934_,19.65µm
_11946_,19.65µm
_12140_,19.65µm
_12232_,19.65µm
_12260_,19.65µm
bdi\[30\],19.65µm
pp_inst.fifo_data\[10\]\[10\],19.65µm
pp_inst.fifo_data\[12\]\[12\],19.65µm
pp_inst.fifo_data\[21\]\[12\],19.65µm
pp_inst.fifo_data\[23\]\[3\],19.65µm
pp_inst.fifo_data\[27\]\[3\],19.65µm
pp_inst.fifo_data\[30\]\[24\],19.65µm
pp_inst.fifo_data\[32\]\[29\],19.65µm
pp_inst.fifo_data\[32\]\[8\],19.65µm
pp_inst.fifo_data\[33\]\[28\],19.65µm
pp_inst.fifo_data\[34\]\[1\],19.65µm
pp_inst.fifo_data\[35\]\[16\],19.65µm
pp_inst.fifo_data\[38\]\[22\],19.65µm
pp_inst.fifo_data\[42\]\[21\],19.65µm
pp_inst.fifo_data\[43\]\[17\],19.65µm
pp_inst.fifo_data\[44\]\[12\],19.65µm
pp_inst.fifo_data\[45\]\[28\],19.65µm
pp_inst.fifo_data\[48\]\[9\],19.65µm
pp_inst.fifo_data\[50\]\[20\],19.65µm
pp_inst.fifo_data\[52\]\[30\],19.65µm
pp_inst.fifo_data\[57\]\[23\],19.65µm
pp_inst.fifo_data\[58\]\[25\],19.65µm
pp_inst.fifo_data\[61\]\[12\],19.65µm
pp_inst.fifo_data\[62\]\[1\],19.65µm
pp_inst.fifo_data\[6\]\[14\],19.65µm
pp_inst.fifo_data\[6\]\[30\],19.65µm
spi_ctrl.pend_word\[31\],19.65µm
_00846_,19.6µm
_02018_,19.6µm
_02334_,19.6µm
_03083_,19.6µm
_03386_,19.6µm
_03600_,19.6µm
_03659_,19.6µm
_03721_,19.6µm
_04169_,19.6µm
_04281_,19.6µm
_04419_,19.6µm
_04547_,19.6µm
_05075_,19.6µm
_05128_,19.6µm
_05206_,19.6µm
_05492_,19.6µm
_06370_,19.6µm
_06446_,19.6µm
_06497_,19.6µm
_08016_,19.6µm
_08143_,19.6µm
_08315_,19.6µm
_10554_,19.6µm
_10663_,19.6µm
_11039_,19.6µm
_11136_,19.6µm
_11496_,19.6µm
_11573_,19.6µm
_11668_,19.6µm
pp_inst.fifo_data\[13\]\[14\],19.6µm
pp_inst.fifo_data\[19\]\[2\],19.6µm
pp_inst.fifo_data\[1\]\[22\],19.6µm
pp_inst.fifo_data\[31\]\[7\],19.6µm
pp_inst.fifo_data\[42\]\[15\],19.6µm
pp_inst.fifo_data\[45\]\[22\],19.6µm
pp_inst.fifo_data\[45\]\[31\],19.6µm
pp_inst.fifo_data\[50\]\[22\],19.6µm
pp_inst.fifo_data\[53\]\[21\],19.6µm
pp_inst.fifo_data\[54\]\[5\],19.6µm
pp_inst.fifo_data\[57\]\[18\],19.6µm
pp_inst.fifo_data\[63\]\[14\],19.6µm
pp_inst.fifo_data\[9\]\[31\],19.6µm
pp_inst.fifo_data\[12\]\[20\],19.47µm
_09325_,19.37µm
_10067_,19.19µm
_10078_,19.19µm
pp_inst.fifo_data\[0\]\[13\],19.19µm
pp_inst.fifo_data\[13\]\[24\],19.19µm
pp_inst.fifo_data\[3\]\[5\],19.19µm
pp_inst.fifo_data\[51\]\[20\],19.19µm
pp_inst.fifo_data\[63\]\[31\],19.19µm
spi_ctrl.pend_word\[11\],19.19µm
_03119_,19.14µm
_05199_,19.14µm
_05525_,19.14µm
_09273_,19.14µm
_10012_,19.14µm
_10173_,19.14µm
_10527_,19.14µm
_10782_,19.14µm
_10914_,19.14µm
_10931_,19.14µm
pp_inst.core_inst.reg_state_i.data_d\[136\],19.14µm
pp_inst.fifo_data\[23\]\[13\],19.14µm
pp_inst.fifo_data\[31\]\[12\],19.14µm
pp_inst.fifo_data\[36\]\[29\],19.14µm
pp_inst.fifo_data\[38\]\[31\],19.14µm
pp_inst.fifo_data\[39\]\[22\],19.14µm
pp_inst.fifo_data\[40\]\[31\],19.14µm
pp_inst.fifo_data\[61\]\[31\],19.14µm
pp_inst.fifo_data\[6\]\[28\],19.14µm
spi_ctrl.pend_word\[21\],19.14µm
spi_phy.rx_reg\[2\],19.14µm
clknet_leaf_542_clk,19.14µm
_00008_,19.09µm
_01013_,19.09µm
_01089_,19.09µm
_01130_,19.09µm
_01879_,19.09µm
_02771_,19.09µm
_03580_,19.09µm
_03777_,19.09µm
_03840_,19.09µm
_04606_,19.09µm
_05008_,19.09µm
_06023_,19.09µm
_06027_,19.09µm
_06280_,19.09µm
_06801_,19.09µm
_07587_,19.09µm
_08180_,19.09µm
_08968_,19.09µm
_09004_,19.09µm
_09559_,19.09µm
_09991_,19.09µm
_10020_,19.09µm
_10139_,19.09µm
_10298_,19.09µm
_10678_,19.09µm
_11118_,19.09µm
_11216_,19.09µm
_11501_,19.09µm
_11917_,19.09µm
bdi\[6\],19.09µm
pp_inst.fifo_data\[0\]\[15\],19.09µm
pp_inst.fifo_data\[0\]\[9\],19.09µm
pp_inst.fifo_data\[12\]\[23\],19.09µm
pp_inst.fifo_data\[16\]\[12\],19.09µm
pp_inst.fifo_data\[18\]\[2\],19.09µm
pp_inst.fifo_data\[20\]\[27\],19.09µm
pp_inst.fifo_data\[22\]\[6\],19.09µm
pp_inst.fifo_data\[23\]\[0\],19.09µm
pp_inst.fifo_data\[23\]\[14\],19.09µm
pp_inst.fifo_data\[24\]\[2\],19.09µm
pp_inst.fifo_data\[31\]\[28\],19.09µm
pp_inst.fifo_data\[37\]\[24\],19.09µm
pp_inst.fifo_data\[38\]\[12\],19.09µm
pp_inst.fifo_data\[39\]\[27\],19.09µm
pp_inst.fifo_data\[44\]\[25\],19.09µm
pp_inst.fifo_data\[53\]\[10\],19.09µm
pp_inst.fifo_data\[58\]\[23\],19.09µm
pp_inst.fifo_data\[58\]\[2\],19.09µm
pp_inst.fifo_data\[7\]\[3\],19.09µm
net1577,19.09µm
_02061_,19.04µm
_02475_,19.04µm
_03382_,19.04µm
_03415_,19.04µm
_03462_,19.04µm
_03491_,19.04µm
_04329_,19.04µm
_04370_,19.04µm
_04380_,19.04µm
_04397_,19.04µm
_04450_,19.04µm
_04642_,19.04µm
_04700_,19.04µm
_04957_,19.04µm
_05110_,19.04µm
_05351_,19.04µm
_05361_,19.04µm
_05656_,19.04µm
_06452_,19.04µm
_06516_,19.04µm
_06919_,19.04µm
_08242_,19.04µm
_10388_,19.04µm
_10681_,19.04µm
_10922_,19.04µm
_12175_,19.04µm
_12271_,19.04µm
bdi_valid\[3\],19.04µm
pp_inst.fifo_data\[19\]\[8\],19.04µm
pp_inst.fifo_data\[22\]\[28\],19.04µm
pp_inst.fifo_data\[2\]\[9\],19.04µm
pp_inst.fifo_data\[55\]\[15\],19.04µm
pp_inst.fifo_data\[5\]\[15\],19.04µm
pp_inst.fifo_data\[61\]\[3\],19.04µm
pp_inst.fifo_data\[44\]\[3\],18.86µm
_05412_,18.68µm
_05231_,18.63µm
pp_inst.fifo_data\[36\]\[24\],18.63µm
pp_inst.fifo_data\[50\]\[9\],18.63µm
spi_ctrl.pend_word\[27\],18.63µm
_00838_,18.58µm
_03151_,18.58µm
_03733_,18.58µm
_06529_,18.58µm
_06625_,18.58µm
_09138_,18.58µm
_09810_,18.58µm
pp_inst.fifo_data\[15\]\[17\],18.58µm
pp_inst.fifo_data\[16\]\[7\],18.58µm
pp_inst.fifo_data\[17\]\[14\],18.58µm
pp_inst.fifo_data\[17\]\[21\],18.58µm
pp_inst.fifo_data\[18\]\[16\],18.58µm
pp_inst.fifo_data\[1\]\[6\],18.58µm
pp_inst.fifo_data\[27\]\[31\],18.58µm
pp_inst.fifo_data\[30\]\[26\],18.58µm
pp_inst.fifo_data\[31\]\[18\],18.58µm
pp_inst.fifo_data\[35\]\[12\],18.58µm
pp_inst.fifo_data\[37\]\[29\],18.58µm
pp_inst.fifo_data\[3\]\[15\],18.58µm
pp_inst.fifo_data\[48\]\[23\],18.58µm
pp_inst.fifo_data\[52\]\[10\],18.58µm
pp_inst.fifo_data\[52\]\[2\],18.58µm
pp_inst.fifo_data\[54\]\[9\],18.58µm
pp_inst.fifo_data\[59\]\[20\],18.58µm
pp_inst.fifo_data\[63\]\[27\],18.58µm
pp_inst.fifo_data\[6\]\[12\],18.58µm
spi_ctrl.tx_stage\[13\],18.58µm
spi_ctrl.tx_stage\[1\],18.58µm
spi_phy.bit_cnt\[0\],18.58µm
clknet_leaf_609_clk,18.58µm
_00396_,18.53µm
_00871_,18.53µm
_01029_,18.53µm
_02416_,18.53µm
_03392_,18.53µm
_03791_,18.53µm
_04330_,18.53µm
_04379_,18.53µm
_05244_,18.53µm
_05660_,18.53µm
_06485_,18.53µm
_06659_,18.53µm
_06870_,18.53µm
_07345_,18.53µm
_07442_,18.53µm
_07858_,18.53µm
_08213_,18.53µm
_08255_,18.53µm
_08742_,18.53µm
_08879_,18.53µm
_09169_,18.53µm
_09504_,18.53µm
_09994_,18.53µm
_10044_,18.53µm
_10147_,18.53µm
_10505_,18.53µm
_10736_,18.53µm
_11222_,18.53µm
_11224_,18.53µm
_11579_,18.53µm
pp_inst.core_inst.reg_state_i.data_d\[234\],18.53µm
pp_inst.fifo_data\[18\]\[25\],18.53µm
pp_inst.fifo_data\[21\]\[30\],18.53µm
pp_inst.fifo_data\[21\]\[6\],18.53µm
pp_inst.fifo_data\[26\]\[6\],18.53µm
pp_inst.fifo_data\[26\]\[7\],18.53µm
pp_inst.fifo_data\[29\]\[16\],18.53µm
pp_inst.fifo_data\[2\]\[26\],18.53µm
pp_inst.fifo_data\[32\]\[15\],18.53µm
pp_inst.fifo_data\[37\]\[4\],18.53µm
pp_inst.fifo_data\[45\]\[18\],18.53µm
pp_inst.fifo_data\[50\]\[31\],18.53µm
pp_inst.fifo_data\[62\]\[7\],18.53µm
pp_inst.fifo_data\[6\]\[13\],18.53µm
spi_ctrl.tx_shift_reg\[12\],18.53µm
_00053_,18.48µm
_02372_,18.48µm
_03483_,18.48µm
_03550_,18.48µm
_03667_,18.48µm
_03759_,18.48µm
_03793_,18.48µm
_03846_,18.48µm
_04163_,18.48µm
_04168_,18.48µm
_04454_,18.48µm
_04994_,18.48µm
_05081_,18.48µm
_05168_,18.48µm
_05827_,18.48µm
_06190_,18.48µm
_07288_,18.48µm
_08413_,18.48µm
_08717_,18.48µm
_09113_,18.48µm
_09637_,18.48µm
_09800_,18.48µm
_10307_,18.48µm
_10542_,18.48µm
_10691_,18.48µm
_10807_,18.48µm
_12246_,18.48µm
pp_inst.fifo_data\[36\]\[31\],18.48µm
pp_inst.fifo_data\[37\]\[28\],18.48µm
pp_inst.fifo_data\[39\]\[5\],18.48µm
pp_inst.fifo_data\[41\]\[15\],18.48µm
clknet_leaf_79_clk,18.2µm
pp_inst.fifo_data\[15\]\[7\],18.07µm
pp_inst.fifo_data\[33\]\[17\],18.07µm
pp_inst.fifo_data\[47\]\[11\],18.07µm
pp_inst.fifo_data\[4\]\[19\],18.07µm
_03933_,18.02µm
_03937_,18.02µm
_04402_,18.02µm
_05269_,18.02µm
_05604_,18.02µm
_06515_,18.02µm
_09498_,18.02µm
_10356_,18.02µm
_10406_,18.02µm
_10622_,18.02µm
_10697_,18.02µm
_11116_,18.02µm
_11172_,18.02µm
pp_inst.core_inst.asconp_i.x0\[17\],18.02µm
pp_inst.core_inst.reg_state_i.data_d\[208\],18.02µm
pp_inst.fifo_data\[19\]\[11\],18.02µm
pp_inst.fifo_data\[27\]\[27\],18.02µm
pp_inst.fifo_data\[28\]\[9\],18.02µm
pp_inst.fifo_data\[32\]\[4\],18.02µm
pp_inst.fifo_data\[33\]\[29\],18.02µm
pp_inst.fifo_data\[34\]\[4\],18.02µm
pp_inst.fifo_data\[37\]\[10\],18.02µm
pp_inst.fifo_data\[38\]\[4\],18.02µm
pp_inst.fifo_data\[38\]\[9\],18.02µm
pp_inst.fifo_data\[41\]\[12\],18.02µm
pp_inst.fifo_data\[41\]\[5\],18.02µm
pp_inst.fifo_data\[46\]\[5\],18.02µm
pp_inst.fifo_data\[49\]\[17\],18.02µm
pp_inst.fifo_data\[63\]\[10\],18.02µm
pp_inst.fifo_data\[6\]\[20\],18.02µm
pp_inst.fifo_data\[8\]\[11\],18.02µm
pp_inst.fifo_data\[8\]\[21\],18.02µm
spi_ctrl.pend_word\[10\],18.02µm
spi_ctrl.pend_word\[6\],18.02µm
_00061_,17.97µm
_00137_,17.97µm
_00859_,17.97µm
_00865_,17.97µm
_00911_,17.97µm
_02359_,17.97µm
_03389_,17.97µm
_03617_,17.97µm
_03618_,17.97µm
_03700_,17.97µm
_03766_,17.97µm
_03880_,17.97µm
_04149_,17.97µm
_04187_,17.97µm
_04227_,17.97µm
_04257_,17.97µm
_04770_,17.97µm
_04858_,17.97µm
_05037_,17.97µm
_05544_,17.97µm
_05939_,17.97µm
_06352_,17.97µm
_06400_,17.97µm
_07280_,17.97µm
_07290_,17.97µm
_07312_,17.97µm
_07933_,17.97µm
_07950_,17.97µm
_08070_,17.97µm
_08301_,17.97µm
_08783_,17.97µm
_09636_,17.97µm
_09919_,17.97µm
_10098_,17.97µm
_10271_,17.97µm
_10284_,17.97µm
_10378_,17.97µm
_10487_,17.97µm
_10750_,17.97µm
_10821_,17.97µm
_10848_,17.97µm
_10959_,17.97µm
_11316_,17.97µm
_11955_,17.97µm
_12220_,17.97µm
pp_inst.core_inst.reg_state_i.data_d\[209\],17.97µm
pp_inst.core_inst.reg_state_i.data_d\[240\],17.97µm
pp_inst.fifo_data\[0\]\[29\],17.97µm
pp_inst.fifo_data\[17\]\[0\],17.97µm
pp_inst.fifo_data\[18\]\[17\],17.97µm
pp_inst.fifo_data\[18\]\[19\],17.97µm
pp_inst.fifo_data\[23\]\[10\],17.97µm
pp_inst.fifo_data\[23\]\[11\],17.97µm
pp_inst.fifo_data\[23\]\[22\],17.97µm
pp_inst.fifo_data\[24\]\[25\],17.97µm
pp_inst.fifo_data\[26\]\[24\],17.97µm
pp_inst.fifo_data\[29\]\[1\],17.97µm
pp_inst.fifo_data\[30\]\[27\],17.97µm
pp_inst.fifo_data\[33\]\[19\],17.97µm
pp_inst.fifo_data\[34\]\[20\],17.97µm
pp_inst.fifo_data\[34\]\[26\],17.97µm
pp_inst.fifo_data\[3\]\[14\],17.97µm
pp_inst.fifo_data\[44\]\[11\],17.97µm
pp_inst.fifo_data\[47\]\[21\],17.97µm
pp_inst.fifo_data\[49\]\[29\],17.97µm
pp_inst.fifo_data\[50\]\[30\],17.97µm
pp_inst.fifo_data\[52\]\[17\],17.97µm
pp_inst.fifo_data\[56\]\[18\],17.97µm
pp_inst.fifo_data\[59\]\[7\],17.97µm
pp_inst.fifo_data\[5\]\[8\],17.97µm
pp_inst.fifo_data\[60\]\[4\],17.97µm
pp_inst.fifo_data\[7\]\[14\],17.97µm
clknet_leaf_551_clk,17.97µm
clknet_leaf_598_clk,17.97µm
_00043_,17.92µm
_03460_,17.92µm
_03466_,17.92µm
_03632_,17.92µm
_03742_,17.92µm
_03900_,17.92µm
_04051_,17.92µm
_04082_,17.92µm
_04127_,17.92µm
_04242_,17.92µm
_05015_,17.92µm
_05333_,17.92µm
_05833_,17.92µm
_06247_,17.92µm
_07887_,17.92µm
_08285_,17.92µm
_09695_,17.92µm
_10036_,17.92µm
_10184_,17.92µm
_10389_,17.92µm
_10539_,17.92µm
_10803_,17.92µm
_11188_,17.92µm
_11392_,17.92µm
_12158_,17.92µm
pp_inst.fifo_data\[15\]\[0\],17.92µm
pp_inst.fifo_data\[19\]\[0\],17.92µm
pp_inst.fifo_data\[20\]\[11\],17.92µm
pp_inst.fifo_data\[24\]\[31\],17.92µm
pp_inst.fifo_data\[26\]\[29\],17.92µm
pp_inst.fifo_data\[31\]\[29\],17.92µm
pp_inst.fifo_data\[31\]\[31\],17.92µm
pp_inst.fifo_data\[44\]\[7\],17.92µm
pp_inst.fifo_data\[46\]\[3\],17.92µm
pp_inst.fifo_data\[49\]\[27\],17.92µm
pp_inst.fifo_data\[58\]\[26\],17.92µm
pp_inst.fifo_data\[63\]\[18\],17.92µm
net1564,17.92µm
_05073_,17.69µm
pp_inst.fifo_data\[0\]\[8\],17.51µm
pp_inst.fifo_data\[14\]\[19\],17.51µm
pp_inst.fifo_data\[25\]\[5\],17.51µm
pp_inst.fifo_data\[32\]\[3\],17.51µm
pp_inst.fifo_data\[39\]\[28\],17.51µm
pp_inst.fifo_data\[42\]\[26\],17.51µm
pp_inst.fifo_data\[54\]\[1\],17.51µm
_00007_,17.46µm
_00037_,17.46µm
_03645_,17.46µm
_04564_,17.46µm
_04825_,17.46µm
_04975_,17.46µm
_05103_,17.46µm
_05677_,17.46µm
_06291_,17.46µm
_09015_,17.46µm
_09402_,17.46µm
_09581_,17.46µm
_10061_,17.46µm
_10628_,17.46µm
_10634_,17.46µm
_10841_,17.46µm
pp_inst.fifo_data\[15\]\[22\],17.46µm
pp_inst.fifo_data\[18\]\[0\],17.46µm
pp_inst.fifo_data\[20\]\[29\],17.46µm
pp_inst.fifo_data\[22\]\[14\],17.46µm
pp_inst.fifo_data\[23\]\[9\],17.46µm
pp_inst.fifo_data\[29\]\[31\],17.46µm
pp_inst.fifo_data\[34\]\[21\],17.46µm
pp_inst.fifo_data\[35\]\[24\],17.46µm
pp_inst.fifo_data\[37\]\[7\],17.46µm
pp_inst.fifo_data\[38\]\[16\],17.46µm
pp_inst.fifo_data\[39\]\[14\],17.46µm
pp_inst.fifo_data\[39\]\[16\],17.46µm
pp_inst.fifo_data\[41\]\[13\],17.46µm
pp_inst.fifo_data\[46\]\[30\],17.46µm
pp_inst.fifo_data\[47\]\[0\],17.46µm
pp_inst.fifo_data\[57\]\[24\],17.46µm
pp_inst.fifo_data\[63\]\[8\],17.46µm
spi_ctrl.tx_shift_reg\[22\],17.46µm
_00011_,17.41µm
_00072_,17.41µm
_00461_,17.41µm
_00577_,17.41µm
_00937_,17.41µm
_01102_,17.41µm
_01872_,17.41µm
_01885_,17.41µm
_02039_,17.41µm
_03287_,17.41µm
_03291_,17.41µm
_03592_,17.41µm
_03660_,17.41µm
_03801_,17.41µm
_03819_,17.41µm
_04208_,17.41µm
_04225_,17.41µm
_04247_,17.41µm
_04757_,17.41µm
_04924_,17.41µm
_04931_,17.41µm
_05034_,17.41µm
_05137_,17.41µm
_05531_,17.41µm
_05540_,17.41µm
_05558_,17.41µm
_05689_,17.41µm
_05858_,17.41µm
_05970_,17.41µm
_06256_,17.41µm
_06382_,17.41µm
_06512_,17.41µm
_06567_,17.41µm
_06639_,17.41µm
_06647_,17.41µm
_06676_,17.41µm
_06698_,17.41µm
_06863_,17.41µm
_07718_,17.41µm
_07809_,17.41µm
_08105_,17.41µm
_08914_,17.41µm
_08984_,17.41µm
_09781_,17.41µm
_10089_,17.41µm
_10371_,17.41µm
_10688_,17.41µm
_11195_,17.41µm
_11570_,17.41µm
_11744_,17.41µm
_11854_,17.41µm
_11890_,17.41µm
pp_inst.core_inst.reg_state_i.data_d\[127\],17.41µm
pp_inst.core_inst.reg_state_i.data_d\[236\],17.41µm
pp_inst.fifo_data\[0\]\[0\],17.41µm
pp_inst.fifo_data\[11\]\[11\],17.41µm
pp_inst.fifo_data\[12\]\[7\],17.41µm
pp_inst.fifo_data\[13\]\[20\],17.41µm
pp_inst.fifo_data\[15\]\[9\],17.41µm
pp_inst.fifo_data\[17\]\[28\],17.41µm
pp_inst.fifo_data\[18\]\[26\],17.41µm
pp_inst.fifo_data\[20\]\[8\],17.41µm
pp_inst.fifo_data\[27\]\[25\],17.41µm
pp_inst.fifo_data\[28\]\[28\],17.41µm
pp_inst.fifo_data\[2\]\[0\],17.41µm
pp_inst.fifo_data\[2\]\[23\],17.41µm
pp_inst.fifo_data\[2\]\[29\],17.41µm
pp_inst.fifo_data\[33\]\[23\],17.41µm
pp_inst.fifo_data\[38\]\[0\],17.41µm
pp_inst.fifo_data\[39\]\[17\],17.41µm
pp_inst.fifo_data\[4\]\[10\],17.41µm
pp_inst.fifo_data\[50\]\[5\],17.41µm
pp_inst.fifo_data\[51\]\[5\],17.41µm
pp_inst.fifo_data\[56\]\[13\],17.41µm
pp_inst.fifo_data\[56\]\[14\],17.41µm
pp_inst.fifo_data\[59\]\[15\],17.41µm
pp_inst.fifo_data\[5\]\[20\],17.41µm
pp_inst.fifo_data\[62\]\[0\],17.41µm
pp_inst.fifo_data\[62\]\[14\],17.41µm
pp_inst.fifo_data\[9\]\[1\],17.41µm
spi_ctrl.pend_word\[17\],17.41µm
spi_ctrl.pend_word\[28\],17.41µm
spi_ctrl.pend_word\[8\],17.41µm
_00860_,17.36µm
_00903_,17.36µm
_01344_,17.36µm
_01437_,17.36µm
_03019_,17.36µm
_03200_,17.36µm
_03779_,17.36µm
_03856_,17.36µm
_04093_,17.36µm
_04294_,17.36µm
_04314_,17.36µm
_04366_,17.36µm
_04375_,17.36µm
_04513_,17.36µm
_04667_,17.36µm
_04677_,17.36µm
_04824_,17.36µm
_04955_,17.36µm
_05371_,17.36µm
_06482_,17.36µm
_07759_,17.36µm
_07864_,17.36µm
_08679_,17.36µm
_09988_,17.36µm
_10558_,17.36µm
_10564_,17.36µm
_10893_,17.36µm
_10983_,17.36µm
_11011_,17.36µm
_11146_,17.36µm
_11889_,17.36µm
_12123_,17.36µm
bdi\[10\],17.36µm
pp_inst.core_inst.reg_state_i.data_d\[168\],17.36µm
pp_inst.fifo_data\[18\]\[18\],17.36µm
pp_inst.fifo_data\[19\]\[31\],17.36µm
pp_inst.fifo_data\[20\]\[17\],17.36µm
pp_inst.fifo_data\[22\]\[3\],17.36µm
pp_inst.fifo_data\[32\]\[19\],17.36µm
pp_inst.fifo_data\[39\]\[29\],17.36µm
pp_inst.fifo_data\[56\]\[1\],17.36µm
pp_inst.fifo_data\[56\]\[27\],17.36µm
pp_inst.fifo_data\[5\]\[3\],17.36µm
pp_inst.fifo_data\[9\]\[30\],17.36µm
clknet_leaf_110_clk,17.36µm
pp_inst.core_inst.reg_state_i.data_d\[91\],17.35µm
pp_inst.fifo_data\[61\]\[6\],17.13µm
pp_inst.fifo_data\[15\]\[1\],17.05µm
_09192_,17µm
pp_inst.fifo_data\[1\]\[16\],16.95µm
pp_inst.fifo_data\[36\]\[21\],16.95µm
pp_inst.fifo_data\[44\]\[0\],16.95µm
pp_inst.fifo_data\[45\]\[13\],16.95µm
_00141_,16.9µm
_00623_,16.9µm
_00853_,16.9µm
_00854_,16.9µm
_00855_,16.9µm
_00867_,16.9µm
_00870_,16.9µm
_06649_,16.9µm
_07187_,16.9µm
_08412_,16.9µm
_09400_,16.9µm
_10157_,16.9µm
_10446_,16.9µm
_10605_,16.9µm
_10749_,16.9µm
pp_inst.core_inst.reg_state_i.data_d\[119\],16.9µm
pp_inst.fifo_data\[11\]\[12\],16.9µm
pp_inst.fifo_data\[11\]\[29\],16.9µm
pp_inst.fifo_data\[12\]\[19\],16.9µm
pp_inst.fifo_data\[14\]\[3\],16.9µm
pp_inst.fifo_data\[18\]\[9\],16.9µm
pp_inst.fifo_data\[24\]\[22\],16.9µm
pp_inst.fifo_data\[27\]\[12\],16.9µm
pp_inst.fifo_data\[29\]\[10\],16.9µm
pp_inst.fifo_data\[29\]\[11\],16.9µm
pp_inst.fifo_data\[33\]\[16\],16.9µm
pp_inst.fifo_data\[37\]\[25\],16.9µm
pp_inst.fifo_data\[40\]\[14\],16.9µm
pp_inst.fifo_data\[43\]\[12\],16.9µm
pp_inst.fifo_data\[46\]\[20\],16.9µm
pp_inst.fifo_data\[47\]\[19\],16.9µm
pp_inst.fifo_data\[4\]\[11\],16.9µm
pp_inst.fifo_data\[51\]\[28\],16.9µm
pp_inst.fifo_data\[52\]\[3\],16.9µm
pp_inst.fifo_data\[55\]\[30\],16.9µm
pp_inst.fifo_data\[58\]\[19\],16.9µm
pp_inst.fifo_data\[63\]\[16\],16.9µm
pp_inst.fifo_data\[63\]\[9\],16.9µm
pp_inst.fifo_data\[8\]\[27\],16.9µm
pp_inst.fifo_data\[8\]\[29\],16.9µm
_00000_,16.85µm
_00041_,16.85µm
_00436_,16.85µm
_00482_,16.85µm
_00943_,16.85µm
_01048_,16.85µm
_01133_,16.85µm
_02114_,16.85µm
_02264_,16.85µm
_03393_,16.85µm
_03403_,16.85µm
_03746_,16.85µm
_04094_,16.85µm
_04358_,16.85µm
_04687_,16.85µm
_05125_,16.85µm
_05444_,16.85µm
_06666_,16.85µm
_06726_,16.85µm
_07021_,16.85µm
_07251_,16.85µm
_07572_,16.85µm
_07851_,16.85µm
_08156_,16.85µm
_10788_,16.85µm
_10814_,16.85µm
_11087_,16.85µm
_11251_,16.85µm
_11435_,16.85µm
_11468_,16.85µm
_11587_,16.85µm
_11712_,16.85µm
_11732_,16.85µm
_12117_,16.85µm
_12286_,16.85µm
_12291_,16.85µm
pp_inst.fifo_data\[10\]\[0\],16.85µm
pp_inst.fifo_data\[11\]\[15\],16.85µm
pp_inst.fifo_data\[13\]\[8\],16.85µm
pp_inst.fifo_data\[14\]\[16\],16.85µm
pp_inst.fifo_data\[17\]\[23\],16.85µm
pp_inst.fifo_data\[18\]\[20\],16.85µm
pp_inst.fifo_data\[22\]\[10\],16.85µm
pp_inst.fifo_data\[25\]\[0\],16.85µm
pp_inst.fifo_data\[26\]\[12\],16.85µm
pp_inst.fifo_data\[28\]\[29\],16.85µm
pp_inst.fifo_data\[29\]\[21\],16.85µm
pp_inst.fifo_data\[31\]\[10\],16.85µm
pp_inst.fifo_data\[32\]\[7\],16.85µm
pp_inst.fifo_data\[36\]\[20\],16.85µm
pp_inst.fifo_data\[37\]\[18\],16.85µm
pp_inst.fifo_data\[41\]\[20\],16.85µm
pp_inst.fifo_data\[43\]\[0\],16.85µm
pp_inst.fifo_data\[46\]\[28\],16.85µm
pp_inst.fifo_data\[46\]\[4\],16.85µm
pp_inst.fifo_data\[47\]\[23\],16.85µm
pp_inst.fifo_data\[49\]\[14\],16.85µm
pp_inst.fifo_data\[4\]\[23\],16.85µm
pp_inst.fifo_data\[50\]\[15\],16.85µm
pp_inst.fifo_data\[50\]\[6\],16.85µm
pp_inst.fifo_data\[51\]\[4\],16.85µm
pp_inst.fifo_data\[55\]\[0\],16.85µm
pp_inst.fifo_data\[56\]\[9\],16.85µm
pp_inst.fifo_data\[57\]\[11\],16.85µm
pp_inst.fifo_data\[59\]\[17\],16.85µm
pp_inst.fifo_data\[63\]\[7\],16.85µm
pp_inst.fifo_data\[6\]\[2\],16.85µm
pp_inst.fifo_data\[6\]\[8\],16.85µm
pp_inst.fifo_data\[8\]\[16\],16.85µm
pp_inst.fifo_data\[9\]\[23\],16.85µm
spi_phy.tx_reg\[3\],16.85µm
net1885,16.81µm
_01099_,16.8µm
_03722_,16.8µm
_03841_,16.8µm
_03918_,16.8µm
_03981_,16.8µm
_04030_,16.8µm
_04050_,16.8µm
_04196_,16.8µm
_04197_,16.8µm
_04200_,16.8µm
_04259_,16.8µm
_04299_,16.8µm
_04326_,16.8µm
_04353_,16.8µm
_04475_,16.8µm
_04494_,16.8µm
_04567_,16.8µm
_04762_,16.8µm
_04789_,16.8µm
_04874_,16.8µm
_05488_,16.8µm
_05798_,16.8µm
_06675_,16.8µm
_07206_,16.8µm
_07237_,16.8µm
_07476_,16.8µm
_07525_,16.8µm
_07617_,16.8µm
_07682_,16.8µm
_07751_,16.8µm
_09563_,16.8µm
_09633_,16.8µm
_09736_,16.8µm
_09793_,16.8µm
_10080_,16.8µm
_10154_,16.8µm
_10300_,16.8µm
_10464_,16.8µm
_10494_,16.8µm
_10857_,16.8µm
_10858_,16.8µm
_11068_,16.8µm
_11575_,16.8µm
_11633_,16.8µm
_11951_,16.8µm
_12268_,16.8µm
pp_inst.core_inst.reg_state_i.data_d\[174\],16.8µm
pp_inst.fifo_data\[15\]\[16\],16.8µm
pp_inst.fifo_data\[21\]\[23\],16.8µm
pp_inst.fifo_data\[26\]\[21\],16.8µm
pp_inst.fifo_data\[27\]\[21\],16.8µm
pp_inst.fifo_data\[38\]\[5\],16.8µm
pp_inst.fifo_data\[41\]\[11\],16.8µm
pp_inst.fifo_data\[54\]\[30\],16.8µm
pp_inst.fifo_data\[56\]\[2\],16.8µm
pp_inst.fifo_data\[57\]\[12\],16.8µm
pp_inst.fifo_data\[58\]\[12\],16.8µm
pp_inst.fifo_data\[59\]\[31\],16.8µm
pp_inst.fifo_data\[60\]\[20\],16.8µm
_05343_,16.52µm
_04548_,16.39µm
_04919_,16.39µm
_09232_,16.39µm
_11790_,16.39µm
pp_inst.fifo_data\[20\]\[25\],16.39µm
pp_inst.fifo_data\[40\]\[8\],16.39µm
_04038_,16.34µm
_05344_,16.34µm
_05569_,16.34µm
_05952_,16.34µm
_06629_,16.34µm
_10038_,16.34µm
_11845_,16.34µm
pp_inst.fifo_data\[10\]\[12\],16.34µm
pp_inst.fifo_data\[11\]\[25\],16.34µm
pp_inst.fifo_data\[11\]\[26\],16.34µm
pp_inst.fifo_data\[11\]\[31\],16.34µm
pp_inst.fifo_data\[14\]\[24\],16.34µm
pp_inst.fifo_data\[15\]\[10\],16.34µm
pp_inst.fifo_data\[17\]\[31\],16.34µm
pp_inst.fifo_data\[20\]\[10\],16.34µm
pp_inst.fifo_data\[21\]\[2\],16.34µm
pp_inst.fifo_data\[25\]\[17\],16.34µm
pp_inst.fifo_data\[29\]\[4\],16.34µm
pp_inst.fifo_data\[33\]\[18\],16.34µm
pp_inst.fifo_data\[33\]\[5\],16.34µm
pp_inst.fifo_data\[34\]\[0\],16.34µm
pp_inst.fifo_data\[34\]\[14\],16.34µm
pp_inst.fifo_data\[34\]\[23\],16.34µm
pp_inst.fifo_data\[35\]\[31\],16.34µm
pp_inst.fifo_data\[37\]\[12\],16.34µm
pp_inst.fifo_data\[40\]\[7\],16.34µm
pp_inst.fifo_data\[45\]\[29\],16.34µm
pp_inst.fifo_data\[46\]\[6\],16.34µm
pp_inst.fifo_data\[53\]\[24\],16.34µm
pp_inst.fifo_data\[53\]\[31\],16.34µm
pp_inst.fifo_data\[54\]\[20\],16.34µm
pp_inst.fifo_data\[56\]\[16\],16.34µm
pp_inst.fifo_data\[58\]\[8\],16.34µm
pp_inst.fifo_data\[59\]\[29\],16.34µm
pp_inst.fifo_data\[60\]\[16\],16.34µm
pp_inst.fifo_data\[60\]\[31\],16.34µm
pp_inst.fifo_data\[62\]\[17\],16.34µm
pp_inst.fifo_data\[6\]\[26\],16.34µm
pp_inst.fifo_data\[7\]\[18\],16.34µm
net965,16.34µm
_00555_,16.29µm
_00857_,16.29µm
_00869_,16.29µm
_01054_,16.29µm
_01178_,16.29µm
_01425_,16.29µm
_01559_,16.29µm
_03390_,16.29µm
_03427_,16.29µm
_03611_,16.29µm
_03649_,16.29µm
_03783_,16.29µm
_04032_,16.29µm
_04034_,16.29µm
_04079_,16.29µm
_04277_,16.29µm
_04378_,16.29µm
_04403_,16.29µm
_04666_,16.29µm
_04953_,16.29µm
_05509_,16.29µm
_05799_,16.29µm
_06742_,16.29µm
_07293_,16.29µm
_07439_,16.29µm
_07531_,16.29µm
_08800_,16.29µm
_08952_,16.29µm
_09048_,16.29µm
_09120_,16.29µm
_09363_,16.29µm
_09496_,16.29µm
_09969_,16.29µm
_10200_,16.29µm
_10221_,16.29µm
_10403_,16.29µm
_10644_,16.29µm
_10690_,16.29µm
_10722_,16.29µm
_11678_,16.29µm
_11729_,16.29µm
_11844_,16.29µm
_12196_,16.29µm
pp_inst.core_inst.reg_state_i.data_d\[211\],16.29µm
pp_inst.fifo_data\[11\]\[9\],16.29µm
pp_inst.fifo_data\[14\]\[18\],16.29µm
pp_inst.fifo_data\[19\]\[12\],16.29µm
pp_inst.fifo_data\[19\]\[16\],16.29µm
pp_inst.fifo_data\[1\]\[14\],16.29µm
pp_inst.fifo_data\[20\]\[14\],16.29µm
pp_inst.fifo_data\[21\]\[11\],16.29µm
pp_inst.fifo_data\[24\]\[24\],16.29µm
pp_inst.fifo_data\[25\]\[18\],16.29µm
pp_inst.fifo_data\[25\]\[21\],16.29µm
pp_inst.fifo_data\[27\]\[18\],16.29µm
pp_inst.fifo_data\[30\]\[10\],16.29µm
pp_inst.fifo_data\[35\]\[30\],16.29µm
pp_inst.fifo_data\[36\]\[14\],16.29µm
pp_inst.fifo_data\[36\]\[28\],16.29µm
pp_inst.fifo_data\[38\]\[14\],16.29µm
pp_inst.fifo_data\[38\]\[1\],16.29µm
pp_inst.fifo_data\[38\]\[26\],16.29µm
pp_inst.fifo_data\[39\]\[2\],16.29µm
pp_inst.fifo_data\[3\]\[25\],16.29µm
pp_inst.fifo_data\[3\]\[30\],16.29µm
pp_inst.fifo_data\[41\]\[25\],16.29µm
pp_inst.fifo_data\[42\]\[6\],16.29µm
pp_inst.fifo_data\[43\]\[15\],16.29µm
pp_inst.fifo_data\[46\]\[0\],16.29µm
pp_inst.fifo_data\[49\]\[26\],16.29µm
pp_inst.fifo_data\[4\]\[25\],16.29µm
pp_inst.fifo_data\[50\]\[4\],16.29µm
pp_inst.fifo_data\[52\]\[22\],16.29µm
pp_inst.fifo_data\[53\]\[19\],16.29µm
pp_inst.fifo_data\[54\]\[18\],16.29µm
pp_inst.fifo_data\[59\]\[10\],16.29µm
pp_inst.fifo_data\[59\]\[3\],16.29µm
pp_inst.fifo_data\[60\]\[13\],16.29µm
pp_inst.fifo_data\[63\]\[21\],16.29µm
pp_inst.fifo_data\[63\]\[28\],16.29µm
spi_ctrl.pend_word\[13\],16.29µm
spi_ctrl.pend_word\[9\],16.29µm
spi_phy.tx_reg\[4\],16.29µm
clknet_leaf_372_clk,16.29µm
_00012_,16.24µm
_01005_,16.24µm
_01040_,16.24µm
_01114_,16.24µm
_01171_,16.24µm
_01491_,16.24µm
_01566_,16.24µm
_02640_,16.24µm
_03336_,16.24µm
_03359_,16.24µm
_03440_,16.24µm
_03459_,16.24µm
_03656_,16.24µm
_03725_,16.24µm
_03808_,16.24µm
_03888_,16.24µm
_03922_,16.24µm
_03984_,16.24µm
_04012_,16.24µm
_04182_,16.24µm
_04320_,16.24µm
_04362_,16.24µm
_04470_,16.24µm
_04609_,16.24µm
_04767_,16.24µm
_05258_,16.24µm
_06312_,16.24µm
_06386_,16.24µm
_06408_,16.24µm
_06868_,16.24µm
_07183_,16.24µm
_07261_,16.24µm
_07428_,16.24µm
_07528_,16.24µm
_07949_,16.24µm
_07971_,16.24µm
_08480_,16.24µm
_08794_,16.24µm
_09517_,16.24µm
_10520_,16.24µm
_11105_,16.24µm
_11192_,16.24µm
_11346_,16.24µm
_11536_,16.24µm
_11553_,16.24µm
_11586_,16.24µm
_11762_,16.24µm
_11795_,16.24µm
bdi\[15\],16.24µm
pp_inst.core_inst.reg_state_i.data_d\[134\],16.24µm
pp_inst.core_inst.reg_state_i.data_d\[184\],16.24µm
pp_inst.fifo_data\[0\]\[17\],16.24µm
pp_inst.fifo_data\[13\]\[0\],16.24µm
pp_inst.fifo_data\[17\]\[10\],16.24µm
pp_inst.fifo_data\[20\]\[4\],16.24µm
pp_inst.fifo_data\[27\]\[28\],16.24µm
pp_inst.fifo_data\[36\]\[17\],16.24µm
pp_inst.fifo_data\[57\]\[5\],16.24µm
net1901,16.24µm
pp_inst.fifo_data\[50\]\[27\],16.06µm
pp_inst.fifo_data\[7\]\[29\],16.06µm
pp_inst.fifo_data\[51\]\[9\],15.96µm
_02512_,15.88µm
pp_inst.fifo_data\[42\]\[9\],15.88µm
_09372_,15.83µm
_10684_,15.83µm
pp_inst.fifo_data\[20\]\[3\],15.83µm
pp_inst.fifo_data\[23\]\[27\],15.83µm
pp_inst.fifo_data\[35\]\[10\],15.83µm
pp_inst.fifo_data\[3\]\[3\],15.83µm
pp_inst.fifo_data\[42\]\[14\],15.83µm
pp_inst.fifo_data\[43\]\[21\],15.83µm
pp_inst.fifo_data\[47\]\[17\],15.83µm
_00158_,15.78µm
_00419_,15.78µm
_00507_,15.78µm
_00627_,15.78µm
_02111_,15.78µm
_02897_,15.78µm
_03164_,15.78µm
_03812_,15.78µm
_04990_,15.78µm
_05044_,15.78µm
_05305_,15.78µm
_06498_,15.78µm
_09285_,15.78µm
_09862_,15.78µm
_10057_,15.78µm
_10570_,15.78µm
pp_inst.fifo_data\[0\]\[28\],15.78µm
pp_inst.fifo_data\[11\]\[16\],15.78µm
pp_inst.fifo_data\[12\]\[25\],15.78µm
pp_inst.fifo_data\[15\]\[2\],15.78µm
pp_inst.fifo_data\[19\]\[7\],15.78µm
pp_inst.fifo_data\[20\]\[12\],15.78µm
pp_inst.fifo_data\[22\]\[17\],15.78µm
pp_inst.fifo_data\[26\]\[11\],15.78µm
pp_inst.fifo_data\[28\]\[27\],15.78µm
pp_inst.fifo_data\[32\]\[14\],15.78µm
pp_inst.fifo_data\[36\]\[19\],15.78µm
pp_inst.fifo_data\[37\]\[16\],15.78µm
pp_inst.fifo_data\[39\]\[11\],15.78µm
pp_inst.fifo_data\[3\]\[22\],15.78µm
pp_inst.fifo_data\[40\]\[15\],15.78µm
pp_inst.fifo_data\[43\]\[18\],15.78µm
pp_inst.fifo_data\[43\]\[5\],15.78µm
pp_inst.fifo_data\[53\]\[11\],15.78µm
pp_inst.fifo_data\[53\]\[3\],15.78µm
pp_inst.fifo_data\[54\]\[2\],15.78µm
pp_inst.fifo_data\[7\]\[6\],15.78µm
spi_ctrl.tx_shift_reg\[19\],15.78µm
spi_phy.rx_reg\[6\],15.78µm
net1894,15.78µm
_00843_,15.73µm
_00862_,15.73µm
_01010_,15.73µm
_01104_,15.73µm
_01387_,15.73µm
_02074_,15.73µm
_02234_,15.73µm
_02400_,15.73µm
_02449_,15.73µm
_02599_,15.73µm
_03142_,15.73µm
_03309_,15.73µm
_03368_,15.73µm
_03438_,15.73µm
_03484_,15.73µm
_03520_,15.73µm
_03718_,15.73µm
_03754_,15.73µm
_04048_,15.73µm
_04192_,15.73µm
_04212_,15.73µm
_04292_,15.73µm
_04372_,15.73µm
_04413_,15.73µm
_04415_,15.73µm
_04423_,15.73µm
_04441_,15.73µm
_04534_,15.73µm
_04543_,15.73µm
_04782_,15.73µm
_05223_,15.73µm
_05236_,15.73µm
_05331_,15.73µm
_05580_,15.73µm
_05634_,15.73µm
_06369_,15.73µm
_06421_,15.73µm
_06558_,15.73µm
_07009_,15.73µm
_07336_,15.73µm
_07843_,15.73µm
_08206_,15.73µm
_08728_,15.73µm
_09118_,15.73µm
_09362_,15.73µm
_09384_,15.73µm
_09481_,15.73µm
_09594_,15.73µm
_09987_,15.73µm
_10338_,15.73µm
_10408_,15.73µm
_10849_,15.73µm
_10892_,15.73µm
_10991_,15.73µm
_11131_,15.73µm
_11204_,15.73µm
_11558_,15.73µm
_11654_,15.73µm
_11717_,15.73µm
_11954_,15.73µm
_12080_,15.73µm
_12168_,15.73µm
_12284_,15.73µm
pp_inst.core_inst.reg_state_i.data_d\[228\],15.73µm
pp_inst.fifo_data\[0\]\[20\],15.73µm
pp_inst.fifo_data\[13\]\[15\],15.73µm
pp_inst.fifo_data\[13\]\[26\],15.73µm
pp_inst.fifo_data\[16\]\[22\],15.73µm
pp_inst.fifo_data\[20\]\[16\],15.73µm
pp_inst.fifo_data\[20\]\[26\],15.73µm
pp_inst.fifo_data\[22\]\[18\],15.73µm
pp_inst.fifo_data\[24\]\[29\],15.73µm
pp_inst.fifo_data\[25\]\[20\],15.73µm
pp_inst.fifo_data\[25\]\[24\],15.73µm
pp_inst.fifo_data\[27\]\[0\],15.73µm
pp_inst.fifo_data\[27\]\[11\],15.73µm
pp_inst.fifo_data\[28\]\[11\],15.73µm
pp_inst.fifo_data\[29\]\[27\],15.73µm
pp_inst.fifo_data\[2\]\[12\],15.73µm
pp_inst.fifo_data\[30\]\[0\],15.73µm
pp_inst.fifo_data\[36\]\[26\],15.73µm
pp_inst.fifo_data\[37\]\[19\],15.73µm
pp_inst.fifo_data\[38\]\[18\],15.73µm
pp_inst.fifo_data\[41\]\[22\],15.73µm
pp_inst.fifo_data\[41\]\[29\],15.73µm
pp_inst.fifo_data\[47\]\[9\],15.73µm
pp_inst.fifo_data\[48\]\[12\],15.73µm
pp_inst.fifo_data\[49\]\[11\],15.73µm
pp_inst.fifo_data\[4\]\[12\],15.73µm
pp_inst.fifo_data\[50\]\[12\],15.73µm
pp_inst.fifo_data\[50\]\[3\],15.73µm
pp_inst.fifo_data\[52\]\[6\],15.73µm
pp_inst.fifo_data\[53\]\[9\],15.73µm
pp_inst.fifo_data\[58\]\[18\],15.73µm
pp_inst.fifo_data\[60\]\[21\],15.73µm
pp_inst.fifo_data\[6\]\[19\],15.73µm
pp_inst.fifo_data\[7\]\[12\],15.73µm
spi_ctrl.pend_word\[15\],15.73µm
spi_phy.rx_reg\[0\],15.73µm
clknet_leaf_565_clk,15.73µm
clknet_leaf_661_clk,15.73µm
_01764_,15.68µm
_01861_,15.68µm
_02333_,15.68µm
_03379_,15.68µm
_03545_,15.68µm
_03662_,15.68µm
_03688_,15.68µm
_03690_,15.68µm
_03744_,15.68µm
_03787_,15.68µm
_04069_,15.68µm
_04102_,15.68µm
_04315_,15.68µm
_04359_,15.68µm
_04442_,15.68µm
_04664_,15.68µm
_04669_,15.68µm
_04714_,15.68µm
_05144_,15.68µm
_06579_,15.68µm
_07019_,15.68µm
_07038_,15.68µm
_07448_,15.68µm
_07541_,15.68µm
_08086_,15.68µm
_08725_,15.68µm
_09628_,15.68µm
_09791_,15.68µm
_09883_,15.68µm
_09952_,15.68µm
_10024_,15.68µm
_10657_,15.68µm
_10855_,15.68µm
_10880_,15.68µm
_10969_,15.68µm
_11066_,15.68µm
_11640_,15.68µm
_11814_,15.68µm
_12113_,15.68µm
_12270_,15.68µm
pp_inst.fifo_data\[18\]\[15\],15.68µm
pp_inst.fifo_data\[26\]\[22\],15.68µm
pp_inst.fifo_data\[27\]\[14\],15.68µm
pp_inst.fifo_data\[33\]\[9\],15.68µm
pp_inst.fifo_data\[42\]\[24\],15.68µm
pp_inst.fifo_data\[9\]\[5\],15.68µm
clknet_leaf_363_clk,15.68µm
pp_inst.fifo_data\[29\]\[3\],15.45µm
_02168_,15.27µm
_02330_,15.27µm
_10669_,15.27µm
pp_inst.fifo_data\[15\]\[27\],15.27µm
pp_inst.fifo_data\[36\]\[9\],15.27µm
pp_inst.fifo_data\[3\]\[29\],15.27µm
pp_inst.fifo_data\[43\]\[19\],15.27µm
pp_inst.fifo_data\[4\]\[30\],15.27µm
pp_inst.fifo_data\[54\]\[14\],15.27µm
pp_inst.fifo_data\[55\]\[13\],15.27µm
pp_inst.fifo_data\[63\]\[29\],15.27µm
_06467_,15.22µm
_07245_,15.22µm
_08419_,15.22µm
_09137_,15.22µm
_10712_,15.22µm
_11206_,15.22µm
_11708_,15.22µm
pp_inst.fifo_data\[0\]\[2\],15.22µm
pp_inst.fifo_data\[12\]\[17\],15.22µm
pp_inst.fifo_data\[14\]\[28\],15.22µm
pp_inst.fifo_data\[14\]\[2\],15.22µm
pp_inst.fifo_data\[16\]\[16\],15.22µm
pp_inst.fifo_data\[17\]\[16\],15.22µm
pp_inst.fifo_data\[1\]\[7\],15.22µm
pp_inst.fifo_data\[22\]\[13\],15.22µm
pp_inst.fifo_data\[25\]\[30\],15.22µm
pp_inst.fifo_data\[2\]\[24\],15.22µm
pp_inst.fifo_data\[33\]\[24\],15.22µm
pp_inst.fifo_data\[36\]\[23\],15.22µm
pp_inst.fifo_data\[36\]\[6\],15.22µm
pp_inst.fifo_data\[42\]\[23\],15.22µm
pp_inst.fifo_data\[50\]\[21\],15.22µm
pp_inst.fifo_data\[51\]\[17\],15.22µm
pp_inst.fifo_data\[52\]\[13\],15.22µm
pp_inst.fifo_data\[54\]\[3\],15.22µm
pp_inst.fifo_data\[59\]\[28\],15.22µm
pp_inst.fifo_data\[5\]\[13\],15.22µm
pp_inst.fifo_data\[63\]\[25\],15.22µm
spi_ctrl.tx_stage\[14\],15.22µm
_00050_,15.17µm
_00126_,15.17µm
_00679_,15.17µm
_00880_,15.17µm
_00945_,15.17µm
_01430_,15.17µm
_01683_,15.17µm
_01944_,15.17µm
_03582_,15.17µm
_04081_,15.17µm
_04180_,15.17µm
_04193_,15.17µm
_04195_,15.17µm
_04316_,15.17µm
_04507_,15.17µm
_05061_,15.17µm
_05159_,15.17µm
_05262_,15.17µm
_05839_,15.17µm
_06653_,15.17µm
_06923_,15.17µm
_07007_,15.17µm
_07134_,15.17µm
_07366_,15.17µm
_07666_,15.17µm
_08220_,15.17µm
_08527_,15.17µm
_08531_,15.17µm
_08845_,15.17µm
_09769_,15.17µm
_09881_,15.17µm
_09908_,15.17µm
_10205_,15.17µm
_10215_,15.17µm
_10569_,15.17µm
_10866_,15.17µm
_10904_,15.17µm
_11005_,15.17µm
_11053_,15.17µm
_11394_,15.17µm
_11779_,15.17µm
_11826_,15.17µm
_11898_,15.17µm
_11913_,15.17µm
_11963_,15.17µm
_12098_,15.17µm
_12155_,15.17µm
pp_inst.core_inst.asconp_i.x0\[11\],15.17µm
pp_inst.core_inst.reg_state_i.data_d\[111\],15.17µm
pp_inst.core_inst.reg_state_i.data_d\[215\],15.17µm
pp_inst.core_inst.reg_state_i.data_d\[219\],15.17µm
pp_inst.fifo_data\[10\]\[4\],15.17µm
pp_inst.fifo_data\[15\]\[12\],15.17µm
pp_inst.fifo_data\[16\]\[3\],15.17µm
pp_inst.fifo_data\[18\]\[3\],15.17µm
pp_inst.fifo_data\[19\]\[29\],15.17µm
pp_inst.fifo_data\[21\]\[21\],15.17µm
pp_inst.fifo_data\[23\]\[25\],15.17µm
pp_inst.fifo_data\[25\]\[10\],15.17µm
pp_inst.fifo_data\[25\]\[23\],15.17µm
pp_inst.fifo_data\[28\]\[10\],15.17µm
pp_inst.fifo_data\[29\]\[25\],15.17µm
pp_inst.fifo_data\[35\]\[22\],15.17µm
pp_inst.fifo_data\[36\]\[16\],15.17µm
pp_inst.fifo_data\[38\]\[15\],15.17µm
pp_inst.fifo_data\[39\]\[20\],15.17µm
pp_inst.fifo_data\[42\]\[11\],15.17µm
pp_inst.fifo_data\[43\]\[2\],15.17µm
pp_inst.fifo_data\[45\]\[25\],15.17µm
pp_inst.fifo_data\[46\]\[11\],15.17µm
pp_inst.fifo_data\[46\]\[27\],15.17µm
pp_inst.fifo_data\[48\]\[6\],15.17µm
pp_inst.fifo_data\[50\]\[29\],15.17µm
pp_inst.fifo_data\[55\]\[2\],15.17µm
pp_inst.fifo_data\[56\]\[0\],15.17µm
pp_inst.fifo_data\[62\]\[15\],15.17µm
pp_inst.fifo_data\[62\]\[6\],15.17µm
pp_inst.fifo_data\[63\]\[19\],15.17µm
pp_inst.fifo_data\[6\]\[3\],15.17µm
pp_inst.fifo_data\[7\]\[7\],15.17µm
spi_ctrl.tx_stage\[18\],15.17µm
clknet_leaf_53_clk,15.17µm
_00052_,15.12µm
_01064_,15.12µm
_01069_,15.12µm
_01391_,15.12µm
_01591_,15.12µm
_02048_,15.12µm
_02170_,15.12µm
_02391_,15.12µm
_02711_,15.12µm
_02902_,15.12µm
_02923_,15.12µm
_03541_,15.12µm
_03557_,15.12µm
_04008_,15.12µm
_04177_,15.12µm
_04207_,15.12µm
_04256_,15.12µm
_04466_,15.12µm
_04491_,15.12µm
_04663_,15.12µm
_04841_,15.12µm
_05693_,15.12µm
_05781_,15.12µm
_05860_,15.12µm
_06028_,15.12µm
_06415_,15.12µm
_06522_,15.12µm
_07819_,15.12µm
_08611_,15.12µm
_08701_,15.12µm
_08982_,15.12µm
_10171_,15.12µm
_10261_,15.12µm
_10610_,15.12µm
_11041_,15.12µm
_11465_,15.12µm
_11809_,15.12µm
_12230_,15.12µm
_12269_,15.12µm
pp_inst.core_inst.asconp_i.x0\[54\],15.12µm
pp_inst.core_inst.reg_state_i.data_d\[201\],15.12µm
pp_inst.fifo_data\[11\]\[19\],15.12µm
pp_inst.fifo_data\[12\]\[24\],15.12µm
pp_inst.fifo_data\[14\]\[17\],15.12µm
pp_inst.fifo_data\[15\]\[13\],15.12µm
pp_inst.fifo_data\[16\]\[28\],15.12µm
pp_inst.fifo_data\[1\]\[24\],15.12µm
pp_inst.fifo_data\[20\]\[19\],15.12µm
pp_inst.fifo_data\[20\]\[22\],15.12µm
pp_inst.fifo_data\[21\]\[26\],15.12µm
pp_inst.fifo_data\[31\]\[13\],15.12µm
pp_inst.fifo_data\[35\]\[19\],15.12µm
pp_inst.fifo_data\[39\]\[8\],15.12µm
pp_inst.fifo_data\[41\]\[18\],15.12µm
pp_inst.fifo_data\[42\]\[7\],15.12µm
pp_inst.fifo_data\[50\]\[0\],15.12µm
pp_inst.fifo_data\[54\]\[12\],15.12µm
pp_inst.fifo_data\[5\]\[26\],15.12µm
pp_inst.fifo_data\[61\]\[23\],15.12µm
pp_inst.fifo_data\[62\]\[24\],15.12µm
_03914_,14.84µm
pp_inst.fifo_data\[43\]\[31\],14.74µm
_10702_,14.71µm
pp_inst.fifo_data\[26\]\[13\],14.71µm
pp_inst.fifo_data\[26\]\[8\],14.71µm
pp_inst.fifo_data\[27\]\[4\],14.71µm
pp_inst.fifo_data\[32\]\[27\],14.71µm
pp_inst.fifo_data\[41\]\[14\],14.71µm
pp_inst.fifo_data\[48\]\[11\],14.71µm
pp_inst.fifo_data\[61\]\[19\],14.71µm
_00064_,14.66µm
_01784_,14.66µm
_02667_,14.66µm
_02804_,14.66µm
_03464_,14.66µm
_03552_,14.66µm
_04551_,14.66µm
_05041_,14.66µm
_05318_,14.66µm
_05389_,14.66µm
_05932_,14.66µm
_06066_,14.66µm
_07882_,14.66µm
_09149_,14.66µm
_09220_,14.66µm
_09958_,14.66µm
_10059_,14.66µm
_10334_,14.66µm
_10461_,14.66µm
_10706_,14.66µm
_10711_,14.66µm
_11168_,14.66µm
pp_inst.fifo_data\[10\]\[26\],14.66µm
pp_inst.fifo_data\[10\]\[6\],14.66µm
pp_inst.fifo_data\[14\]\[25\],14.66µm
pp_inst.fifo_data\[16\]\[0\],14.66µm
pp_inst.fifo_data\[17\]\[13\],14.66µm
pp_inst.fifo_data\[21\]\[7\],14.66µm
pp_inst.fifo_data\[22\]\[16\],14.66µm
pp_inst.fifo_data\[22\]\[26\],14.66µm
pp_inst.fifo_data\[24\]\[17\],14.66µm
pp_inst.fifo_data\[30\]\[5\],14.66µm
pp_inst.fifo_data\[35\]\[14\],14.66µm
pp_inst.fifo_data\[36\]\[0\],14.66µm
pp_inst.fifo_data\[36\]\[7\],14.66µm
pp_inst.fifo_data\[41\]\[0\],14.66µm
pp_inst.fifo_data\[41\]\[21\],14.66µm
pp_inst.fifo_data\[43\]\[16\],14.66µm
pp_inst.fifo_data\[45\]\[26\],14.66µm
pp_inst.fifo_data\[47\]\[18\],14.66µm
pp_inst.fifo_data\[49\]\[7\],14.66µm
pp_inst.fifo_data\[4\]\[15\],14.66µm
pp_inst.fifo_data\[4\]\[31\],14.66µm
pp_inst.fifo_data\[52\]\[11\],14.66µm
pp_inst.fifo_data\[52\]\[20\],14.66µm
pp_inst.fifo_data\[55\]\[7\],14.66µm
pp_inst.fifo_data\[56\]\[31\],14.66µm
pp_inst.fifo_data\[57\]\[19\],14.66µm
pp_inst.fifo_data\[57\]\[28\],14.66µm
pp_inst.fifo_data\[58\]\[13\],14.66µm
pp_inst.fifo_data\[60\]\[8\],14.66µm
pp_inst.fifo_data\[6\]\[23\],14.66µm
spi_ctrl.tx_shift_reg\[31\],14.66µm
net1567,14.66µm
_00060_,14.61µm
_00221_,14.61µm
_00299_,14.61µm
_00497_,14.61µm
_00547_,14.61µm
_00606_,14.61µm
_00840_,14.61µm
_00842_,14.61µm
_00909_,14.61µm
_00910_,14.61µm
_00947_,14.61µm
_01276_,14.61µm
_01435_,14.61µm
_01789_,14.61µm
_02008_,14.61µm
_02456_,14.61µm
_02608_,14.61µm
_02730_,14.61µm
_02767_,14.61µm
_03141_,14.61µm
_03394_,14.61µm
_03488_,14.61µm
_03794_,14.61µm
_03921_,14.61µm
_03959_,14.61µm
_04584_,14.61µm
_04616_,14.61µm
_04766_,14.61µm
_04903_,14.61µm
_06025_,14.61µm
_06075_,14.61µm
_06271_,14.61µm
_06335_,14.61µm
_06550_,14.61µm
_06664_,14.61µm
_07274_,14.61µm
_07620_,14.61µm
_07675_,14.61µm
_07897_,14.61µm
_08164_,14.61µm
_08281_,14.61µm
_08323_,14.61µm
_08681_,14.61µm
_08705_,14.61µm
_09008_,14.61µm
_09200_,14.61µm
_09334_,14.61µm
_09377_,14.61µm
_09389_,14.61µm
_09420_,14.61µm
_10381_,14.61µm
_10469_,14.61µm
_10701_,14.61µm
_11084_,14.61µm
_11393_,14.61µm
_11422_,14.61µm
_11815_,14.61µm
_11980_,14.61µm
_12166_,14.61µm
pp_inst.core_inst.reg_state_i.data_d\[163\],14.61µm
pp_inst.core_inst.reg_state_i.data_d\[202\],14.61µm
pp_inst.core_inst.reg_state_i.data_d\[89\],14.61µm
pp_inst.fifo_data\[0\]\[18\],14.61µm
pp_inst.fifo_data\[13\]\[7\],14.61µm
pp_inst.fifo_data\[16\]\[8\],14.61µm
pp_inst.fifo_data\[17\]\[26\],14.61µm
pp_inst.fifo_data\[19\]\[18\],14.61µm
pp_inst.fifo_data\[21\]\[3\],14.61µm
pp_inst.fifo_data\[21\]\[4\],14.61µm
pp_inst.fifo_data\[22\]\[22\],14.61µm
pp_inst.fifo_data\[24\]\[5\],14.61µm
pp_inst.fifo_data\[24\]\[8\],14.61µm
pp_inst.fifo_data\[29\]\[22\],14.61µm
pp_inst.fifo_data\[33\]\[20\],14.61µm
pp_inst.fifo_data\[33\]\[7\],14.61µm
pp_inst.fifo_data\[35\]\[29\],14.61µm
pp_inst.fifo_data\[36\]\[12\],14.61µm
pp_inst.fifo_data\[36\]\[18\],14.61µm
pp_inst.fifo_data\[36\]\[8\],14.61µm
pp_inst.fifo_data\[37\]\[21\],14.61µm
pp_inst.fifo_data\[40\]\[29\],14.61µm
pp_inst.fifo_data\[40\]\[30\],14.61µm
pp_inst.fifo_data\[42\]\[28\],14.61µm
pp_inst.fifo_data\[43\]\[26\],14.61µm
pp_inst.fifo_data\[45\]\[14\],14.61µm
pp_inst.fifo_data\[46\]\[17\],14.61µm
pp_inst.fifo_data\[49\]\[16\],14.61µm
pp_inst.fifo_data\[55\]\[28\],14.61µm
pp_inst.fifo_data\[55\]\[3\],14.61µm
pp_inst.fifo_data\[57\]\[9\],14.61µm
pp_inst.fifo_data\[58\]\[17\],14.61µm
pp_inst.fifo_data\[58\]\[3\],14.61µm
pp_inst.fifo_data\[59\]\[16\],14.61µm
pp_inst.fifo_data\[61\]\[22\],14.61µm
pp_inst.fifo_data\[6\]\[7\],14.61µm
pp_inst.fifo_data\[8\]\[18\],14.61µm
pp_inst.fifo_data\[8\]\[19\],14.61µm
spi_ctrl.tx_shift_reg\[13\],14.61µm
spi_phy.tx_reg\[1\],14.61µm
net1292,14.61µm
_00363_,14.56µm
_00621_,14.56µm
_00783_,14.56µm
_01121_,14.56µm
_02319_,14.56µm
_02549_,14.56µm
_03365_,14.56µm
_03602_,14.56µm
_03619_,14.56µm
_04033_,14.56µm
_04100_,14.56µm
_04360_,14.56µm
_05039_,14.56µm
_05242_,14.56µm
_05401_,14.56µm
_05478_,14.56µm
_05596_,14.56µm
_06026_,14.56µm
_06163_,14.56µm
_06602_,14.56µm
_06869_,14.56µm
_07112_,14.56µm
_07352_,14.56µm
_07473_,14.56µm
_07836_,14.56µm
_07894_,14.56µm
_07974_,14.56µm
_08939_,14.56µm
_09083_,14.56µm
_09186_,14.56µm
_09673_,14.56µm
_09681_,14.56µm
_09729_,14.56µm
_10004_,14.56µm
_10008_,14.56µm
_10123_,14.56µm
_10222_,14.56µm
_10452_,14.56µm
_10462_,14.56µm
_10660_,14.56µm
_10763_,14.56µm
_10778_,14.56µm
_10990_,14.56µm
_11373_,14.56µm
_11509_,14.56µm
_11601_,14.56µm
_11655_,14.56µm
_11807_,14.56µm
_11892_,14.56µm
_12259_,14.56µm
pp_inst.core_inst.asconp_i.x2\[5\],14.56µm
pp_inst.core_inst.reg_state_i.data_d\[177\],14.56µm
pp_inst.fifo_data\[11\]\[7\],14.56µm
pp_inst.fifo_data\[14\]\[4\],14.56µm
pp_inst.fifo_data\[32\]\[10\],14.56µm
pp_inst.fifo_data\[32\]\[30\],14.56µm
pp_inst.fifo_data\[3\]\[27\],14.56µm
pp_inst.fifo_data\[3\]\[4\],14.56µm
pp_inst.fifo_data\[43\]\[7\],14.56µm
pp_inst.fifo_data\[47\]\[4\],14.56µm
spi_phy.tx_reg\[5\],14.56µm
pp_inst.fifo_data\[0\]\[3\],14.15µm
pp_inst.fifo_data\[15\]\[8\],14.15µm
pp_inst.fifo_data\[17\]\[15\],14.15µm
pp_inst.fifo_data\[21\]\[20\],14.15µm
pp_inst.fifo_data\[41\]\[1\],14.15µm
pp_inst.fifo_data\[54\]\[4\],14.15µm
spi_ctrl.state\[0\],14.15µm
_02216_,14.1µm
_05093_,14.1µm
_05397_,14.1µm
_06776_,14.1µm
_09282_,14.1µm
_09380_,14.1µm
_11180_,14.1µm
_11226_,14.1µm
pp_inst.fifo_data\[14\]\[8\],14.1µm
pp_inst.fifo_data\[15\]\[24\],14.1µm
pp_inst.fifo_data\[1\]\[29\],14.1µm
pp_inst.fifo_data\[21\]\[5\],14.1µm
pp_inst.fifo_data\[22\]\[7\],14.1µm
pp_inst.fifo_data\[23\]\[12\],14.1µm
pp_inst.fifo_data\[23\]\[20\],14.1µm
pp_inst.fifo_data\[23\]\[30\],14.1µm
pp_inst.fifo_data\[24\]\[14\],14.1µm
pp_inst.fifo_data\[26\]\[15\],14.1µm
pp_inst.fifo_data\[26\]\[20\],14.1µm
pp_inst.fifo_data\[26\]\[27\],14.1µm
pp_inst.fifo_data\[27\]\[2\],14.1µm
pp_inst.fifo_data\[28\]\[18\],14.1µm
pp_inst.fifo_data\[28\]\[24\],14.1µm
pp_inst.fifo_data\[30\]\[16\],14.1µm
pp_inst.fifo_data\[31\]\[0\],14.1µm
pp_inst.fifo_data\[31\]\[4\],14.1µm
pp_inst.fifo_data\[33\]\[0\],14.1µm
pp_inst.fifo_data\[33\]\[10\],14.1µm
pp_inst.fifo_data\[33\]\[27\],14.1µm
pp_inst.fifo_data\[34\]\[28\],14.1µm
pp_inst.fifo_data\[36\]\[15\],14.1µm
pp_inst.fifo_data\[41\]\[7\],14.1µm
pp_inst.fifo_data\[43\]\[22\],14.1µm
pp_inst.fifo_data\[44\]\[18\],14.1µm
pp_inst.fifo_data\[44\]\[5\],14.1µm
pp_inst.fifo_data\[52\]\[9\],14.1µm
pp_inst.fifo_data\[54\]\[28\],14.1µm
pp_inst.fifo_data\[57\]\[17\],14.1µm
pp_inst.fifo_data\[58\]\[15\],14.1µm
pp_inst.fifo_data\[5\]\[18\],14.1µm
pp_inst.fifo_data\[61\]\[10\],14.1µm
pp_inst.fifo_data\[7\]\[19\],14.1µm
pp_inst.fifo_data\[9\]\[26\],14.1µm
spi_ctrl.tx_stage\[12\],14.1µm
_00005_,14.05µm
_00013_,14.05µm
_00423_,14.05µm
_00533_,14.05µm
_00586_,14.05µm
_00607_,14.05µm
_00811_,14.05µm
_01067_,14.05µm
_01136_,14.05µm
_01137_,14.05µm
_01482_,14.05µm
_01771_,14.05µm
_02309_,14.05µm
_02403_,14.05µm
_02455_,14.05µm
_02530_,14.05µm
_02679_,14.05µm
_02832_,14.05µm
_03078_,14.05µm
_03398_,14.05µm
_03492_,14.05µm
_03573_,14.05µm
_03673_,14.05µm
_03949_,14.05µm
_03977_,14.05µm
_04705_,14.05µm
_05100_,14.05µm
_05180_,14.05µm
_05405_,14.05µm
_05616_,14.05µm
_05662_,14.05µm
_05848_,14.05µm
_05905_,14.05µm
_06022_,14.05µm
_06196_,14.05µm
_06284_,14.05µm
_06292_,14.05µm
_06395_,14.05µm
_06779_,14.05µm
_07421_,14.05µm
_07470_,14.05µm
_07990_,14.05µm
_08003_,14.05µm
_08030_,14.05µm
_08185_,14.05µm
_08374_,14.05µm
_08677_,14.05µm
_08678_,14.05µm
_08690_,14.05µm
_08795_,14.05µm
_09314_,14.05µm
_09323_,14.05µm
_09450_,14.05µm
_09468_,14.05µm
_09693_,14.05µm
_09876_,14.05µm
_10092_,14.05µm
_10671_,14.05µm
_10834_,14.05µm
_10966_,14.05µm
_10970_,14.05µm
_11292_,14.05µm
_11306_,14.05µm
_11548_,14.05µm
_11630_,14.05µm
_11682_,14.05µm
_11830_,14.05µm
_12078_,14.05µm
pp_inst.fifo_data\[0\]\[12\],14.05µm
pp_inst.fifo_data\[11\]\[10\],14.05µm
pp_inst.fifo_data\[11\]\[4\],14.05µm
pp_inst.fifo_data\[13\]\[6\],14.05µm
pp_inst.fifo_data\[14\]\[9\],14.05µm
pp_inst.fifo_data\[17\]\[7\],14.05µm
pp_inst.fifo_data\[22\]\[23\],14.05µm
pp_inst.fifo_data\[24\]\[3\],14.05µm
pp_inst.fifo_data\[25\]\[14\],14.05µm
pp_inst.fifo_data\[26\]\[26\],14.05µm
pp_inst.fifo_data\[2\]\[20\],14.05µm
pp_inst.fifo_data\[2\]\[21\],14.05µm
pp_inst.fifo_data\[30\]\[20\],14.05µm
pp_inst.fifo_data\[30\]\[28\],14.05µm
pp_inst.fifo_data\[37\]\[27\],14.05µm
pp_inst.fifo_data\[38\]\[7\],14.05µm
pp_inst.fifo_data\[3\]\[12\],14.05µm
pp_inst.fifo_data\[3\]\[19\],14.05µm
pp_inst.fifo_data\[42\]\[27\],14.05µm
pp_inst.fifo_data\[4\]\[24\],14.05µm
pp_inst.fifo_data\[51\]\[26\],14.05µm
pp_inst.fifo_data\[51\]\[27\],14.05µm
pp_inst.fifo_data\[52\]\[16\],14.05µm
pp_inst.fifo_data\[52\]\[5\],14.05µm
pp_inst.fifo_data\[58\]\[11\],14.05µm
pp_inst.fifo_data\[5\]\[10\],14.05µm
pp_inst.fifo_data\[5\]\[24\],14.05µm
pp_inst.fifo_data\[60\]\[11\],14.05µm
pp_inst.fifo_data\[60\]\[14\],14.05µm
pp_inst.fifo_data\[61\]\[25\],14.05µm
pp_inst.fifo_data\[63\]\[2\],14.05µm
pp_inst.fifo_data\[8\]\[24\],14.05µm
pp_inst.fifo_data\[9\]\[16\],14.05µm
spi_ctrl.cs_n_sync\[1\],14.05µm
spi_ctrl.pend_word\[3\],14.05µm
spi_ctrl.state\[1\],14.05µm
net1898,14.05µm
_00944_,14µm
_01179_,14µm
_02288_,14µm
_02978_,14µm
_03153_,14µm
_03413_,14µm
_03631_,14µm
_03751_,14µm
_03847_,14µm
_03875_,14µm
_03889_,14µm
_04015_,14µm
_04037_,14µm
_04142_,14µm
_04291_,14µm
_04390_,14µm
_04692_,14µm
_05136_,14µm
_05704_,14µm
_05948_,14µm
_06460_,14µm
_06543_,14µm
_06578_,14µm
_07076_,14µm
_07170_,14µm
_07356_,14µm
_07628_,14µm
_07757_,14µm
_08641_,14µm
_09818_,14µm
_10135_,14µm
_10280_,14µm
_11029_,14µm
_11183_,14µm
_11877_,14µm
_12202_,14µm
_12276_,14µm
pp_inst.core_inst.reg_state_i.data_d\[129\],14µm
pp_inst.core_inst.reg_state_i.data_d\[249\],14µm
pp_inst.core_inst.reg_state_i.data_d\[255\],14µm
pp_inst.fifo_data\[19\]\[1\],14µm
pp_inst.fifo_data\[28\]\[2\],14µm
pp_inst.fifo_data\[35\]\[2\],14µm
pp_inst.fifo_data\[47\]\[10\],14µm
pp_inst.fifo_data\[50\]\[10\],14µm
pp_inst.fifo_data\[56\]\[11\],14µm
pp_inst.fifo_data\[5\]\[2\],14µm
pp_inst.fifo_data\[61\]\[20\],14µm
net1882,13.86µm
_05357_,13.82µm
pp_inst.fifo_data\[44\]\[15\],13.72µm
pp_inst.fifo_data\[46\]\[24\],13.72µm
pp_inst.fifo_data\[53\]\[4\],13.64µm
_05102_,13.59µm
_06770_,13.59µm
_11311_,13.59µm
pp_inst.fifo_data\[21\]\[8\],13.59µm
pp_inst.fifo_data\[25\]\[27\],13.59µm
pp_inst.fifo_data\[28\]\[17\],13.59µm
pp_inst.fifo_data\[34\]\[13\],13.59µm
pp_inst.fifo_data\[3\]\[10\],13.59µm
pp_inst.fifo_data\[45\]\[9\],13.59µm
pp_inst.fifo_data\[4\]\[8\],13.59µm
_03377_,13.54µm
_03799_,13.54µm
_05171_,13.54µm
_05322_,13.54µm
_05522_,13.54µm
_05898_,13.54µm
_06414_,13.54µm
_09340_,13.54µm
_09353_,13.54µm
_09369_,13.54µm
_09634_,13.54µm
_10306_,13.54µm
_10393_,13.54µm
_10573_,13.54µm
_11232_,13.54µm
_11427_,13.54µm
_11983_,13.54µm
pp_inst.fifo_data\[10\]\[22\],13.54µm
pp_inst.fifo_data\[11\]\[18\],13.54µm
pp_inst.fifo_data\[15\]\[29\],13.54µm
pp_inst.fifo_data\[20\]\[31\],13.54µm
pp_inst.fifo_data\[22\]\[12\],13.54µm
pp_inst.fifo_data\[23\]\[31\],13.54µm
pp_inst.fifo_data\[30\]\[22\],13.54µm
pp_inst.fifo_data\[32\]\[28\],13.54µm
pp_inst.fifo_data\[33\]\[11\],13.54µm
pp_inst.fifo_data\[33\]\[22\],13.54µm
pp_inst.fifo_data\[35\]\[15\],13.54µm
pp_inst.fifo_data\[36\]\[25\],13.54µm
pp_inst.fifo_data\[37\]\[8\],13.54µm
pp_inst.fifo_data\[42\]\[5\],13.54µm
pp_inst.fifo_data\[43\]\[13\],13.54µm
pp_inst.fifo_data\[44\]\[9\],13.54µm
pp_inst.fifo_data\[47\]\[15\],13.54µm
pp_inst.fifo_data\[4\]\[18\],13.54µm
pp_inst.fifo_data\[50\]\[24\],13.54µm
pp_inst.fifo_data\[51\]\[18\],13.54µm
pp_inst.fifo_data\[52\]\[24\],13.54µm
pp_inst.fifo_data\[52\]\[7\],13.54µm
pp_inst.fifo_data\[56\]\[30\],13.54µm
pp_inst.fifo_data\[57\]\[25\],13.54µm
pp_inst.fifo_data\[59\]\[0\],13.54µm
pp_inst.fifo_data\[5\]\[17\],13.54µm
pp_inst.fifo_data\[60\]\[5\],13.54µm
pp_inst.fifo_data\[8\]\[13\],13.54µm
pp_inst.fifo_data\[9\]\[2\],13.54µm
_00024_,13.49µm
_00031_,13.49µm
_00071_,13.49µm
_00140_,13.49µm
_00239_,13.49µm
_00447_,13.49µm
_00581_,13.49µm
_00671_,13.49µm
_00848_,13.49µm
_00851_,13.49µm
_00852_,13.49µm
_01025_,13.49µm
_01044_,13.49µm
_01166_,13.49µm
_01224_,13.49µm
_01225_,13.49µm
_01287_,13.49µm
_01306_,13.49µm
_01422_,13.49µm
_01523_,13.49µm
_01706_,13.49µm
_01855_,13.49µm
_02135_,13.49µm
_02237_,13.49µm
_02284_,13.49µm
_02410_,13.49µm
_02721_,13.49µm
_02865_,13.49µm
_03028_,13.49µm
_03127_,13.49µm
_03213_,13.49µm
_03450_,13.49µm
_03511_,13.49µm
_03604_,13.49µm
_03641_,13.49µm
_03668_,13.49µm
_03719_,13.49µm
_03764_,13.49µm
_03891_,13.49µm
_03909_,13.49µm
_04252_,13.49µm
_04424_,13.49µm
_04688_,13.49µm
_04900_,13.49µm
_05083_,13.49µm
_05138_,13.49µm
_05145_,13.49µm
_05207_,13.49µm
_05352_,13.49µm
_05579_,13.49µm
_05792_,13.49µm
_05964_,13.49µm
_06031_,13.49µm
_06149_,13.49µm
_06319_,13.49µm
_06781_,13.49µm
_07042_,13.49µm
_07066_,13.49µm
_07095_,13.49µm
_07230_,13.49µm
_07527_,13.49µm
_07621_,13.49µm
_07691_,13.49µm
_07912_,13.49µm
_07945_,13.49µm
_08251_,13.49µm
_08305_,13.49µm
_08351_,13.49µm
_08359_,13.49µm
_08591_,13.49µm
_08615_,13.49µm
_08718_,13.49µm
_08780_,13.49µm
_08874_,13.49µm
_09156_,13.49µm
_09446_,13.49µm
_09728_,13.49µm
_09888_,13.49µm
_09983_,13.49µm
_10175_,13.49µm
_10207_,13.49µm
_10237_,13.49µm
_10265_,13.49µm
_10448_,13.49µm
_10489_,13.49µm
_10530_,13.49µm
_10599_,13.49µm
_10822_,13.49µm
_10835_,13.49µm
_11086_,13.49µm
_11432_,13.49µm
_11476_,13.49µm
_11583_,13.49µm
_11647_,13.49µm
_11817_,13.49µm
_11837_,13.49µm
_12084_,13.49µm
_12132_,13.49µm
_12161_,13.49µm
_12201_,13.49µm
bdi_valid\[2\],13.49µm
key_valid,13.49µm
pp_inst.core_inst.asconp_i.x2\[12\],13.49µm
pp_inst.core_inst.reg_state_i.data_d\[161\],13.49µm
pp_inst.core_inst.reg_state_i.data_d\[200\],13.49µm
pp_inst.core_inst.reg_state_i.data_d\[227\],13.49µm
pp_inst.fifo_data\[12\]\[4\],13.49µm
pp_inst.fifo_data\[13\]\[16\],13.49µm
pp_inst.fifo_data\[13\]\[27\],13.49µm
pp_inst.fifo_data\[17\]\[2\],13.49µm
pp_inst.fifo_data\[18\]\[11\],13.49µm
pp_inst.fifo_data\[19\]\[30\],13.49µm
pp_inst.fifo_data\[22\]\[25\],13.49µm
pp_inst.fifo_data\[22\]\[29\],13.49µm
pp_inst.fifo_data\[23\]\[29\],13.49µm
pp_inst.fifo_data\[23\]\[8\],13.49µm
pp_inst.fifo_data\[24\]\[23\],13.49µm
pp_inst.fifo_data\[25\]\[8\],13.49µm
pp_inst.fifo_data\[27\]\[19\],13.49µm
pp_inst.fifo_data\[29\]\[7\],13.49µm
pp_inst.fifo_data\[30\]\[4\],13.49µm
pp_inst.fifo_data\[32\]\[20\],13.49µm
pp_inst.fifo_data\[3\]\[7\],13.49µm
pp_inst.fifo_data\[40\]\[25\],13.49µm
pp_inst.fifo_data\[41\]\[30\],13.49µm
pp_inst.fifo_data\[43\]\[4\],13.49µm
pp_inst.fifo_data\[44\]\[17\],13.49µm
pp_inst.fifo_data\[44\]\[28\],13.49µm
pp_inst.fifo_data\[46\]\[19\],13.49µm
pp_inst.fifo_data\[50\]\[17\],13.49µm
pp_inst.fifo_data\[51\]\[0\],13.49µm
pp_inst.fifo_data\[56\]\[17\],13.49µm
pp_inst.fifo_data\[57\]\[8\],13.49µm
pp_inst.fifo_data\[58\]\[21\],13.49µm
pp_inst.fifo_data\[59\]\[9\],13.49µm
pp_inst.fifo_data\[61\]\[30\],13.49µm
pp_inst.fifo_data\[62\]\[25\],13.49µm
pp_inst.fifo_data\[62\]\[27\],13.49µm
pp_inst.fifo_data\[7\]\[26\],13.49µm
pp_inst.fifo_data\[7\]\[27\],13.49µm
spi_ctrl.tx_stage\[4\],13.49µm
_00310_,13.44µm
_01542_,13.44µm
_02192_,13.44µm
_02891_,13.44µm
_03314_,13.44µm
_03395_,13.44µm
_03414_,13.44µm
_03532_,13.44µm
_04140_,13.44µm
_04233_,13.44µm
_04363_,13.44µm
_04384_,13.44µm
_04421_,13.44µm
_04578_,13.44µm
_04610_,13.44µm
_04721_,13.44µm
_04750_,13.44µm
_04920_,13.44µm
_05534_,13.44µm
_05779_,13.44µm
_06225_,13.44µm
_06249_,13.44µm
_06892_,13.44µm
_07395_,13.44µm
_07575_,13.44µm
_07849_,13.44µm
_08128_,13.44µm
_08259_,13.44µm
_08345_,13.44µm
_08552_,13.44µm
_08816_,13.44µm
_09815_,13.44µm
_09989_,13.44µm
_10087_,13.44µm
_10251_,13.44µm
_10421_,13.44µm
_10525_,13.44µm
_10577_,13.44µm
_10773_,13.44µm
_10827_,13.44µm
_11117_,13.44µm
_11152_,13.44µm
_11164_,13.44µm
_11519_,13.44µm
_11540_,13.44µm
_11622_,13.44µm
_11706_,13.44µm
_11725_,13.44µm
_12173_,13.44µm
pp_inst.core_inst.reg_state_i.data_d\[158\],13.44µm
pp_inst.core_inst.reg_state_i.data_d\[171\],13.44µm
pp_inst.fifo_data\[0\]\[16\],13.44µm
pp_inst.fifo_data\[17\]\[24\],13.44µm
pp_inst.fifo_data\[25\]\[2\],13.44µm
pp_inst.fifo_data\[26\]\[25\],13.44µm
pp_inst.fifo_data\[28\]\[15\],13.44µm
pp_inst.fifo_data\[33\]\[26\],13.44µm
pp_inst.fifo_data\[33\]\[30\],13.44µm
pp_inst.fifo_data\[37\]\[20\],13.44µm
pp_inst.fifo_data\[44\]\[23\],13.44µm
pp_inst.fifo_data\[52\]\[14\],13.44µm
pp_inst.fifo_data\[53\]\[14\],13.44µm
pp_inst.fifo_data\[60\]\[30\],13.44µm
pp_inst.fifo_data\[60\]\[7\],13.44µm
net1881,13.365µm
miso_IN,13.3µm
pp_inst.fifo_data\[7\]\[11\],13.16µm
_09471_,13.03µm
_10292_,13.03µm
pp_inst.fifo_data\[14\]\[22\],13.03µm
pp_inst.fifo_data\[16\]\[9\],13.03µm
pp_inst.fifo_data\[34\]\[31\],13.03µm
pp_inst.fifo_data\[35\]\[8\],13.03µm
pp_inst.fifo_data\[36\]\[30\],13.03µm
_00635_,12.98µm
_01460_,12.98µm
_02134_,12.98µm
_02219_,12.98µm
_02745_,12.98µm
_03747_,12.98µm
_04813_,12.98µm
_05252_,12.98µm
_05668_,12.98µm
_06262_,12.98µm
_07899_,12.98µm
_08048_,12.98µm
_10031_,12.98µm
_10412_,12.98µm
_10418_,12.98µm
_10560_,12.98µm
_10923_,12.98µm
_11632_,12.98µm
pp_inst.fifo_data\[10\]\[15\],12.98µm
pp_inst.fifo_data\[10\]\[23\],12.98µm
pp_inst.fifo_data\[11\]\[24\],12.98µm
pp_inst.fifo_data\[11\]\[8\],12.98µm
pp_inst.fifo_data\[16\]\[15\],12.98µm
pp_inst.fifo_data\[16\]\[24\],12.98µm
pp_inst.fifo_data\[18\]\[7\],12.98µm
pp_inst.fifo_data\[19\]\[10\],12.98µm
pp_inst.fifo_data\[20\]\[15\],12.98µm
pp_inst.fifo_data\[24\]\[4\],12.98µm
pp_inst.fifo_data\[28\]\[26\],12.98µm
pp_inst.fifo_data\[29\]\[8\],12.98µm
pp_inst.fifo_data\[30\]\[15\],12.98µm
pp_inst.fifo_data\[30\]\[2\],12.98µm
pp_inst.fifo_data\[31\]\[30\],12.98µm
pp_inst.fifo_data\[36\]\[27\],12.98µm
pp_inst.fifo_data\[39\]\[0\],12.98µm
pp_inst.fifo_data\[3\]\[9\],12.98µm
pp_inst.fifo_data\[41\]\[24\],12.98µm
pp_inst.fifo_data\[41\]\[28\],12.98µm
pp_inst.fifo_data\[41\]\[2\],12.98µm
pp_inst.fifo_data\[44\]\[22\],12.98µm
pp_inst.fifo_data\[46\]\[26\],12.98µm
pp_inst.fifo_data\[48\]\[13\],12.98µm
pp_inst.fifo_data\[51\]\[2\],12.98µm
pp_inst.fifo_data\[55\]\[27\],12.98µm
pp_inst.fifo_data\[59\]\[23\],12.98µm
pp_inst.fifo_data\[5\]\[9\],12.98µm
pp_inst.fifo_data\[63\]\[4\],12.98µm
pp_inst.fifo_data\[8\]\[22\],12.98µm
pp_inst.fifo_data\[8\]\[7\],12.98µm
pp_inst.fifo_data\[9\]\[22\],12.98µm
pp_inst.fifo_data\[9\]\[8\],12.98µm
spi_ctrl.pend_word\[14\],12.98µm
_00089_,12.93µm
_00102_,12.93µm
_00104_,12.93µm
_00491_,12.93µm
_00509_,12.93µm
_00756_,12.93µm
_00863_,12.93µm
_00872_,12.93µm
_00881_,12.93µm
_00966_,12.93µm
_01023_,12.93µm
_01078_,12.93µm
_01120_,12.93µm
_01184_,12.93µm
_01198_,12.93µm
_01382_,12.93µm
_01388_,12.93µm
_01444_,12.93µm
_01676_,12.93µm
_02412_,12.93µm
_02617_,12.93µm
_02701_,12.93µm
_02733_,12.93µm
_03003_,12.93µm
_03106_,12.93µm
_03372_,12.93µm
_03494_,12.93µm
_03629_,12.93µm
_03699_,12.93µm
_03778_,12.93µm
_04391_,12.93µm
_04472_,12.93µm
_04819_,12.93µm
_04881_,12.93µm
_05208_,12.93µm
_05485_,12.93µm
_05554_,12.93µm
_05630_,12.93µm
_05786_,12.93µm
_06001_,12.93µm
_06131_,12.93µm
_06135_,12.93µm
_06283_,12.93µm
_06433_,12.93µm
_06525_,12.93µm
_06553_,12.93µm
_06604_,12.93µm
_06633_,12.93µm
_06897_,12.93µm
_06935_,12.93µm
_06974_,12.93µm
_07029_,12.93µm
_07153_,12.93µm
_07454_,12.93µm
_07461_,12.93µm
_07594_,12.93µm
_07650_,12.93µm
_07653_,12.93µm
_08007_,12.93µm
_08125_,12.93µm
_08158_,12.93µm
_08665_,12.93µm
_08749_,12.93µm
_08759_,12.93µm
_08915_,12.93µm
_09820_,12.93µm
_10055_,12.93µm
_10213_,12.93µm
_10370_,12.93µm
_10447_,12.93µm
_10519_,12.93µm
_10651_,12.93µm
_10981_,12.93µm
_11110_,12.93µm
_11219_,12.93µm
_11603_,12.93µm
_11752_,12.93µm
_12171_,12.93µm
pp_inst.core_inst.reg_state_i.data_d\[104\],12.93µm
pp_inst.fifo_data\[10\]\[30\],12.93µm
pp_inst.fifo_data\[13\]\[12\],12.93µm
pp_inst.fifo_data\[14\]\[31\],12.93µm
pp_inst.fifo_data\[22\]\[24\],12.93µm
pp_inst.fifo_data\[25\]\[29\],12.93µm
pp_inst.fifo_data\[29\]\[19\],12.93µm
pp_inst.fifo_data\[30\]\[23\],12.93µm
pp_inst.fifo_data\[31\]\[2\],12.93µm
pp_inst.fifo_data\[32\]\[17\],12.93µm
pp_inst.fifo_data\[32\]\[25\],12.93µm
pp_inst.fifo_data\[34\]\[15\],12.93µm
pp_inst.fifo_data\[34\]\[17\],12.93µm
pp_inst.fifo_data\[35\]\[23\],12.93µm
pp_inst.fifo_data\[36\]\[22\],12.93µm
pp_inst.fifo_data\[37\]\[14\],12.93µm
pp_inst.fifo_data\[3\]\[17\],12.93µm
pp_inst.fifo_data\[40\]\[19\],12.93µm
pp_inst.fifo_data\[41\]\[4\],12.93µm
pp_inst.fifo_data\[42\]\[29\],12.93µm
pp_inst.fifo_data\[45\]\[11\],12.93µm
pp_inst.fifo_data\[47\]\[1\],12.93µm
pp_inst.fifo_data\[48\]\[28\],12.93µm
pp_inst.fifo_data\[4\]\[0\],12.93µm
pp_inst.fifo_data\[4\]\[27\],12.93µm
pp_inst.fifo_data\[55\]\[23\],12.93µm
pp_inst.fifo_data\[61\]\[11\],12.93µm
pp_inst.fifo_data\[61\]\[26\],12.93µm
pp_inst.fifo_data\[63\]\[11\],12.93µm
pp_inst.fifo_data\[9\]\[6\],12.93µm
spi_ctrl.tx_stage\[20\],12.93µm
_00541_,12.88µm
_00896_,12.88µm
_01207_,12.88µm
_01212_,12.88µm
_01648_,12.88µm
_02325_,12.88µm
_02462_,12.88µm
_02516_,12.88µm
_02810_,12.88µm
_03210_,12.88µm
_03370_,12.88µm
_03642_,12.88µm
_03714_,12.88µm
_03804_,12.88µm
_03835_,12.88µm
_04104_,12.88µm
_04381_,12.88µm
_05025_,12.88µm
_05122_,12.88µm
_05255_,12.88µm
_05296_,12.88µm
_05496_,12.88µm
_05553_,12.88µm
_05865_,12.88µm
_06363_,12.88µm
_06508_,12.88µm
_06636_,12.88µm
_06681_,12.88µm
_06980_,12.88µm
_06987_,12.88µm
_07373_,12.88µm
_07380_,12.88µm
_07455_,12.88µm
_07537_,12.88µm
_07556_,12.88µm
_08381_,12.88µm
_08383_,12.88µm
_08613_,12.88µm
_08632_,12.88µm
_08671_,12.88µm
_08971_,12.88µm
_09065_,12.88µm
_09167_,12.88µm
_09477_,12.88µm
_09482_,12.88µm
_10077_,12.88µm
_10239_,12.88µm
_10399_,12.88µm
_10518_,12.88µm
_10595_,12.88µm
_10710_,12.88µm
_10741_,12.88µm
_10853_,12.88µm
_10913_,12.88µm
_10955_,12.88µm
_10986_,12.88µm
_11074_,12.88µm
_11676_,12.88µm
_11867_,12.88µm
_11927_,12.88µm
pp_inst.core_inst.reg_state_i.data_d\[199\],12.88µm
pp_inst.fifo_data\[0\]\[31\],12.88µm
pp_inst.fifo_data\[13\]\[2\],12.88µm
pp_inst.fifo_data\[13\]\[31\],12.88µm
pp_inst.fifo_data\[14\]\[11\],12.88µm
pp_inst.fifo_data\[16\]\[13\],12.88µm
pp_inst.fifo_data\[16\]\[31\],12.88µm
pp_inst.fifo_data\[28\]\[23\],12.88µm
pp_inst.fifo_data\[28\]\[25\],12.88µm
pp_inst.fifo_data\[30\]\[21\],12.88µm
pp_inst.fifo_data\[31\]\[19\],12.88µm
pp_inst.fifo_data\[37\]\[2\],12.88µm
pp_inst.fifo_data\[51\]\[21\],12.88µm
pp_inst.fifo_data\[8\]\[14\],12.88µm
pp_inst.fifo_data\[8\]\[26\],12.88µm
pp_inst.fifo_data\[8\]\[6\],12.88µm
net1899,12.88µm
_11984_,12.6µm
pp_inst.fifo_data\[1\]\[26\],12.55µm
_09147_,12.47µm
_09579_,12.47µm
pp_inst.fifo_data\[16\]\[25\],12.47µm
pp_inst.fifo_data\[24\]\[30\],12.47µm
pp_inst.fifo_data\[44\]\[16\],12.47µm
pp_inst.fifo_data\[44\]\[21\],12.47µm
pp_inst.fifo_data\[7\]\[2\],12.47µm
pp_inst.fifo_data\[8\]\[12\],12.47µm
_03417_,12.42µm
_03824_,12.42µm
_06474_,12.42µm
_09202_,12.42µm
_09320_,12.42µm
_09659_,12.42µm
_10785_,12.42µm
_10787_,12.42µm
_11020_,12.42µm
_11469_,12.42µm
_11738_,12.42µm
_11873_,12.42µm
_12258_,12.42µm
pp_inst.fifo_data\[10\]\[25\],12.42µm
pp_inst.fifo_data\[19\]\[23\],12.42µm
pp_inst.fifo_data\[23\]\[26\],12.42µm
pp_inst.fifo_data\[24\]\[13\],12.42µm
pp_inst.fifo_data\[24\]\[19\],12.42µm
pp_inst.fifo_data\[25\]\[28\],12.42µm
pp_inst.fifo_data\[27\]\[22\],12.42µm
pp_inst.fifo_data\[27\]\[5\],12.42µm
pp_inst.fifo_data\[31\]\[1\],12.42µm
pp_inst.fifo_data\[35\]\[28\],12.42µm
pp_inst.fifo_data\[39\]\[25\],12.42µm
pp_inst.fifo_data\[3\]\[11\],12.42µm
pp_inst.fifo_data\[3\]\[1\],12.42µm
pp_inst.fifo_data\[40\]\[0\],12.42µm
pp_inst.fifo_data\[42\]\[10\],12.42µm
pp_inst.fifo_data\[42\]\[18\],12.42µm
pp_inst.fifo_data\[43\]\[11\],12.42µm
pp_inst.fifo_data\[45\]\[23\],12.42µm
pp_inst.fifo_data\[48\]\[25\],12.42µm
pp_inst.fifo_data\[48\]\[29\],12.42µm
pp_inst.fifo_data\[49\]\[25\],12.42µm
pp_inst.fifo_data\[4\]\[2\],12.42µm
pp_inst.fifo_data\[51\]\[1\],12.42µm
pp_inst.fifo_data\[52\]\[28\],12.42µm
pp_inst.fifo_data\[53\]\[27\],12.42µm
pp_inst.fifo_data\[56\]\[19\],12.42µm
pp_inst.fifo_data\[56\]\[25\],12.42µm
pp_inst.fifo_data\[57\]\[30\],12.42µm
pp_inst.fifo_data\[57\]\[3\],12.42µm
pp_inst.fifo_data\[59\]\[6\],12.42µm
pp_inst.fifo_data\[7\]\[16\],12.42µm
pp_inst.fifo_data\[7\]\[30\],12.42µm
pp_inst.fifo_data\[8\]\[28\],12.42µm
pp_inst.fifo_data\[9\]\[13\],12.42µm
pp_inst.fifo_data\[9\]\[28\],12.42µm
spi_ctrl.pend_word\[23\],12.42µm
_00955_,12.37µm
_01122_,12.37µm
_01150_,12.37µm
_01548_,12.37µm
_01761_,12.37µm
_01803_,12.37µm
_01911_,12.37µm
_01963_,12.37µm
_02079_,12.37µm
_02214_,12.37µm
_02259_,12.37µm
_02497_,12.37µm
_02520_,12.37µm
_02630_,12.37µm
_02938_,12.37µm
_02958_,12.37µm
_03225_,12.37µm
_03280_,12.37µm
_03361_,12.37µm
_03607_,12.37µm
_03640_,12.37µm
_03664_,12.37µm
_03774_,12.37µm
_03843_,12.37µm
_04087_,12.37µm
_04117_,12.37µm
_04216_,12.37µm
_04253_,12.37µm
_04287_,12.37µm
_04293_,12.37µm
_04350_,12.37µm
_04520_,12.37µm
_04665_,12.37µm
_04761_,12.37µm
_04764_,12.37µm
_04893_,12.37µm
_04938_,12.37µm
_04991_,12.37µm
_05268_,12.37µm
_05370_,12.37µm
_05403_,12.37µm
_05514_,12.37µm
_05618_,12.37µm
_05620_,12.37µm
_05639_,12.37µm
_05726_,12.37µm
_06024_,12.37µm
_06107_,12.37µm
_06174_,12.37µm
_06443_,12.37µm
_06652_,12.37µm
_07040_,12.37µm
_07058_,12.37µm
_07096_,12.37µm
_07184_,12.37µm
_07304_,12.37µm
_07482_,12.37µm
_07768_,12.37µm
_08149_,12.37µm
_08203_,12.37µm
_08257_,12.37µm
_08278_,12.37µm
_08418_,12.37µm
_08432_,12.37µm
_08433_,12.37µm
_08640_,12.37µm
_08804_,12.37µm
_08882_,12.37µm
_08970_,12.37µm
_09669_,12.37µm
_09682_,12.37µm
_09691_,12.37µm
_10088_,12.37µm
_10374_,12.37µm
_10643_,12.37µm
_10659_,12.37µm
_11010_,12.37µm
_11424_,12.37µm
_11571_,12.37µm
_11671_,12.37µm
_11793_,12.37µm
_11975_,12.37µm
_12210_,12.37µm
pp_inst.fifo_data\[0\]\[19\],12.37µm
pp_inst.fifo_data\[10\]\[8\],12.37µm
pp_inst.fifo_data\[12\]\[3\],12.37µm
pp_inst.fifo_data\[13\]\[21\],12.37µm
pp_inst.fifo_data\[14\]\[23\],12.37µm
pp_inst.fifo_data\[18\]\[6\],12.37µm
pp_inst.fifo_data\[19\]\[14\],12.37µm
pp_inst.fifo_data\[19\]\[19\],12.37µm
pp_inst.fifo_data\[19\]\[26\],12.37µm
pp_inst.fifo_data\[23\]\[15\],12.37µm
pp_inst.fifo_data\[23\]\[24\],12.37µm
pp_inst.fifo_data\[24\]\[18\],12.37µm
pp_inst.fifo_data\[28\]\[31\],12.37µm
pp_inst.fifo_data\[2\]\[22\],12.37µm
pp_inst.fifo_data\[2\]\[25\],12.37µm
pp_inst.fifo_data\[32\]\[23\],12.37µm
pp_inst.fifo_data\[35\]\[0\],12.37µm
pp_inst.fifo_data\[40\]\[13\],12.37µm
pp_inst.fifo_data\[40\]\[9\],12.37µm
pp_inst.fifo_data\[42\]\[0\],12.37µm
pp_inst.fifo_data\[43\]\[10\],12.37µm
pp_inst.fifo_data\[43\]\[29\],12.37µm
pp_inst.fifo_data\[44\]\[20\],12.37µm
pp_inst.fifo_data\[45\]\[27\],12.37µm
pp_inst.fifo_data\[46\]\[22\],12.37µm
pp_inst.fifo_data\[46\]\[9\],12.37µm
pp_inst.fifo_data\[4\]\[22\],12.37µm
pp_inst.fifo_data\[50\]\[26\],12.37µm
pp_inst.fifo_data\[51\]\[12\],12.37µm
pp_inst.fifo_data\[53\]\[26\],12.37µm
pp_inst.fifo_data\[55\]\[8\],12.37µm
pp_inst.fifo_data\[56\]\[3\],12.37µm
pp_inst.fifo_data\[59\]\[14\],12.37µm
pp_inst.fifo_data\[63\]\[15\],12.37µm
pp_inst.fifo_data\[7\]\[28\],12.37µm
net1900,12.37µm
_00499_,12.32µm
_00529_,12.32µm
_00822_,12.32µm
_00829_,12.32µm
_00901_,12.32µm
_01049_,12.32µm
_01119_,12.32µm
_01402_,12.32µm
_01688_,12.32µm
_01846_,12.32µm
_01904_,12.32µm
_01935_,12.32µm
_02397_,12.32µm
_02886_,12.32µm
_02899_,12.32µm
_03095_,12.32µm
_03179_,12.32µm
_03254_,12.32µm
_03430_,12.32µm
_03431_,12.32µm
_03453_,12.32µm
_03565_,12.32µm
_03608_,12.32µm
_03652_,12.32µm
_04392_,12.32µm
_04754_,12.32µm
_05606_,12.32µm
_05663_,12.32µm
_05702_,12.32µm
_05762_,12.32µm
_05963_,12.32µm
_06055_,12.32µm
_06248_,12.32µm
_06554_,12.32µm
_06731_,12.32µm
_07006_,12.32µm
_07296_,12.32µm
_07600_,12.32µm
_07865_,12.32µm
_07880_,12.32µm
_07967_,12.32µm
_08006_,12.32µm
_08061_,12.32µm
_08526_,12.32µm
_08573_,12.32µm
_08644_,12.32µm
_08721_,12.32µm
_08949_,12.32µm
_09077_,12.32µm
_09350_,12.32µm
_09518_,12.32µm
_09916_,12.32µm
_09984_,12.32µm
_10279_,12.32µm
_10480_,12.32µm
_10598_,12.32µm
_10680_,12.32µm
_10795_,12.32µm
_10825_,12.32µm
_10859_,12.32µm
_11466_,12.32µm
_11629_,12.32µm
_12077_,12.32µm
_12256_,12.32µm
pp_inst.core_inst.reg_state_i.data_d\[132\],12.32µm
pp_inst.fifo_data\[0\]\[5\],12.32µm
pp_inst.fifo_data\[10\]\[17\],12.32µm
pp_inst.fifo_data\[21\]\[24\],12.32µm
pp_inst.fifo_data\[23\]\[18\],12.32µm
pp_inst.fifo_data\[24\]\[21\],12.32µm
pp_inst.fifo_data\[25\]\[25\],12.32µm
pp_inst.fifo_data\[27\]\[10\],12.32µm
pp_inst.fifo_data\[29\]\[17\],12.32µm
pp_inst.fifo_data\[2\]\[2\],12.32µm
pp_inst.fifo_data\[34\]\[9\],12.32µm
pp_inst.fifo_data\[38\]\[11\],12.32µm
pp_inst.fifo_data\[38\]\[21\],12.32µm
pp_inst.fifo_data\[45\]\[2\],12.32µm
pp_inst.fifo_data\[4\]\[7\],12.32µm
pp_inst.fifo_data\[51\]\[3\],12.32µm
pp_inst.fifo_data\[54\]\[22\],12.32µm
pp_inst.fifo_data\[55\]\[4\],12.32µm
pp_inst.fifo_data\[5\]\[30\],12.32µm
pp_inst.fifo_data\[8\]\[31\],12.32µm
pp_inst.fifo_data\[8\]\[9\],12.32µm
spi_ctrl.tx_shift_reg\[24\],12.32µm
pp_inst.fifo_data\[19\]\[13\],12.09µm
net1884,12.065µm
pp_inst.fifo_data\[44\]\[30\],12.045µm
pp_inst.fifo_data\[5\]\[14\],12.04µm
net1880,11.95µm
pp_inst.fifo_data\[16\]\[18\],11.945µm
_06668_,11.91µm
pp_inst.fifo_data\[21\]\[18\],11.91µm
pp_inst.fifo_data\[28\]\[21\],11.91µm
pp_inst.fifo_data\[2\]\[3\],11.91µm
pp_inst.fifo_data\[37\]\[23\],11.91µm
pp_inst.fifo_data\[46\]\[29\],11.91µm
pp_inst.fifo_data\[54\]\[27\],11.91µm
pp_inst.fifo_data\[57\]\[7\],11.91µm
pp_inst.fifo_data\[6\]\[10\],11.91µm
net1883,11.9µm
_02450_,11.86µm
_03785_,11.86µm
_04295_,11.86µm
_04540_,11.86µm
_04545_,11.86µm
_05117_,11.86µm
_05154_,11.86µm
_05192_,11.86µm
_05398_,11.86µm
_06436_,11.86µm
_07582_,11.86µm
_09165_,11.86µm
_10047_,11.86µm
_10344_,11.86µm
_10368_,11.86µm
_10973_,11.86µm
_11193_,11.86µm
pp_inst.fifo_data\[0\]\[27\],11.86µm
pp_inst.fifo_data\[10\]\[11\],11.86µm
pp_inst.fifo_data\[12\]\[29\],11.86µm
pp_inst.fifo_data\[15\]\[28\],11.86µm
pp_inst.fifo_data\[15\]\[4\],11.86µm
pp_inst.fifo_data\[15\]\[6\],11.86µm
pp_inst.fifo_data\[16\]\[26\],11.86µm
pp_inst.fifo_data\[16\]\[29\],11.86µm
pp_inst.fifo_data\[18\]\[4\],11.86µm
pp_inst.fifo_data\[19\]\[17\],11.86µm
pp_inst.fifo_data\[19\]\[21\],11.86µm
pp_inst.fifo_data\[20\]\[6\],11.86µm
pp_inst.fifo_data\[28\]\[6\],11.86µm
pp_inst.fifo_data\[32\]\[12\],11.86µm
pp_inst.fifo_data\[37\]\[22\],11.86µm
pp_inst.fifo_data\[37\]\[30\],11.86µm
pp_inst.fifo_data\[38\]\[10\],11.86µm
pp_inst.fifo_data\[38\]\[28\],11.86µm
pp_inst.fifo_data\[39\]\[12\],11.86µm
pp_inst.fifo_data\[40\]\[16\],11.86µm
pp_inst.fifo_data\[45\]\[15\],11.86µm
pp_inst.fifo_data\[49\]\[24\],11.86µm
pp_inst.fifo_data\[54\]\[11\],11.86µm
pp_inst.fifo_data\[55\]\[21\],11.86µm
pp_inst.fifo_data\[5\]\[7\],11.86µm
pp_inst.fifo_data\[61\]\[2\],11.86µm
pp_inst.fifo_data\[62\]\[29\],11.86µm
pp_inst.fifo_data\[9\]\[25\],11.86µm
_00136_,11.81µm
_00373_,11.81µm
_00383_,11.81µm
_00391_,11.81µm
_00605_,11.81µm
_00659_,11.81µm
_00839_,11.81µm
_00868_,11.81µm
_00959_,11.81µm
_01065_,11.81µm
_01124_,11.81µm
_01148_,11.81µm
_01167_,11.81µm
_01228_,11.81µm
_01244_,11.81µm
_01266_,11.81µm
_01346_,11.81µm
_01545_,11.81µm
_01650_,11.81µm
_01679_,11.81µm
_01850_,11.81µm
_01916_,11.81µm
_01943_,11.81µm
_01950_,11.81µm
_02044_,11.81µm
_02090_,11.81µm
_02155_,11.81µm
_02160_,11.81µm
_02268_,11.81µm
_02451_,11.81µm
_02481_,11.81µm
_02582_,11.81µm
_02593_,11.81µm
_02623_,11.81µm
_02734_,11.81µm
_03047_,11.81µm
_03177_,11.81µm
_03212_,11.81µm
_03380_,11.81µm
_03381_,11.81µm
_03486_,11.81µm
_03515_,11.81µm
_03756_,11.81µm
_03790_,11.81µm
_03803_,11.81µm
_04141_,11.81µm
_04556_,11.81µm
_04571_,11.81µm
_04720_,11.81µm
_04888_,11.81µm
_04962_,11.81µm
_05155_,11.81µm
_05359_,11.81µm
_05426_,11.81µm
_05436_,11.81µm
_05732_,11.81µm
_06502_,11.81µm
_06509_,11.81µm
_06638_,11.81µm
_06699_,11.81µm
_07142_,11.81µm
_07229_,11.81µm
_07306_,11.81µm
_07374_,11.81µm
_07425_,11.81µm
_07430_,11.81µm
_07545_,11.81µm
_07553_,11.81µm
_07570_,11.81µm
_07727_,11.81µm
_07748_,11.81µm
_07972_,11.81µm
_08062_,11.81µm
_08122_,11.81µm
_08408_,11.81µm
_08448_,11.81µm
_08645_,11.81µm
_08743_,11.81µm
_08850_,11.81µm
_08885_,11.81µm
_09079_,11.81µm
_09379_,11.81µm
_09409_,11.81µm
_09440_,11.81µm
_09487_,11.81µm
_09630_,11.81µm
_09743_,11.81µm
_09893_,11.81µm
_10132_,11.81µm
_10141_,11.81µm
_10152_,11.81µm
_10428_,11.81µm
_10529_,11.81µm
_10665_,11.81µm
_10677_,11.81µm
_10874_,11.81µm
_10972_,11.81µm
_11108_,11.81µm
_11203_,11.81µm
_11361_,11.81µm
_11480_,11.81µm
_11494_,11.81µm
_11529_,11.81µm
_11592_,11.81µm
_11887_,11.81µm
_12050_,11.81µm
_12134_,11.81µm
_12151_,11.81µm
_12225_,11.81µm
_12237_,11.81µm
pp_inst.core_inst.reg_state_i.data_d\[164\],11.81µm
pp_inst.core_inst.reg_state_i.data_d\[206\],11.81µm
pp_inst.fifo_data\[0\]\[30\],11.81µm
pp_inst.fifo_data\[12\]\[28\],11.81µm
pp_inst.fifo_data\[1\]\[28\],11.81µm
pp_inst.fifo_data\[21\]\[25\],11.81µm
pp_inst.fifo_data\[21\]\[31\],11.81µm
pp_inst.fifo_data\[22\]\[21\],11.81µm
pp_inst.fifo_data\[23\]\[5\],11.81µm
pp_inst.fifo_data\[24\]\[1\],11.81µm
pp_inst.fifo_data\[26\]\[31\],11.81µm
pp_inst.fifo_data\[26\]\[4\],11.81µm
pp_inst.fifo_data\[29\]\[18\],11.81µm
pp_inst.fifo_data\[30\]\[6\],11.81µm
pp_inst.fifo_data\[32\]\[11\],11.81µm
pp_inst.fifo_data\[32\]\[16\],11.81µm
pp_inst.fifo_data\[32\]\[24\],11.81µm
pp_inst.fifo_data\[33\]\[31\],11.81µm
pp_inst.fifo_data\[36\]\[11\],11.81µm
pp_inst.fifo_data\[39\]\[24\],11.81µm
pp_inst.fifo_data\[41\]\[10\],11.81µm
pp_inst.fifo_data\[42\]\[16\],11.81µm
pp_inst.fifo_data\[43\]\[3\],11.81µm
pp_inst.fifo_data\[44\]\[31\],11.81µm
pp_inst.fifo_data\[45\]\[5\],11.81µm
pp_inst.fifo_data\[46\]\[10\],11.81µm
pp_inst.fifo_data\[48\]\[20\],11.81µm
pp_inst.fifo_data\[50\]\[19\],11.81µm
pp_inst.fifo_data\[52\]\[27\],11.81µm
pp_inst.fifo_data\[53\]\[0\],11.81µm
pp_inst.fifo_data\[53\]\[7\],11.81µm
pp_inst.fifo_data\[54\]\[10\],11.81µm
pp_inst.fifo_data\[56\]\[10\],11.81µm
pp_inst.fifo_data\[56\]\[26\],11.81µm
pp_inst.fifo_data\[58\]\[28\],11.81µm
pp_inst.fifo_data\[59\]\[11\],11.81µm
pp_inst.fifo_data\[61\]\[14\],11.81µm
pp_inst.fifo_data\[62\]\[21\],11.81µm
pp_inst.fifo_data\[6\]\[6\],11.81µm
pp_inst.fifo_data\[7\]\[17\],11.81µm
spi_ctrl.tx_shift_reg\[15\],11.81µm
spi_ctrl.tx_shift_reg\[27\],11.81µm
_00797_,11.76µm
_00916_,11.76µm
_01200_,11.76µm
_01639_,11.76µm
_01663_,11.76µm
_01938_,11.76µm
_02108_,11.76µm
_02396_,11.76µm
_02418_,11.76µm
_02615_,11.76µm
_02909_,11.76µm
_03384_,11.76µm
_03426_,11.76µm
_03556_,11.76µm
_03578_,11.76µm
_03598_,11.76µm
_03807_,11.76µm
_03881_,11.76µm
_03910_,11.76µm
_03982_,11.76µm
_04201_,11.76µm
_04204_,11.76µm
_04297_,11.76µm
_04560_,11.76µm
_04586_,11.76µm
_04880_,11.76µm
_04966_,11.76µm
_05006_,11.76µm
_05173_,11.76µm
_05214_,11.76µm
_05360_,11.76µm
_05678_,11.76µm
_05823_,11.76µm
_05825_,11.76µm
_05894_,11.76µm
_05924_,11.76µm
_06061_,11.76µm
_06275_,11.76µm
_06286_,11.76µm
_06349_,11.76µm
_06618_,11.76µm
_06689_,11.76µm
_06802_,11.76µm
_06915_,11.76µm
_06999_,11.76µm
_07047_,11.76µm
_07420_,11.76µm
_07433_,11.76µm
_07477_,11.76µm
_07492_,11.76µm
_07504_,11.76µm
_07538_,11.76µm
_07953_,11.76µm
_08117_,11.76µm
_08134_,11.76µm
_08375_,11.76µm
_08440_,11.76µm
_08648_,11.76µm
_09543_,11.76µm
_09597_,11.76µm
_09845_,11.76µm
_10072_,11.76µm
_10195_,11.76µm
_10574_,11.76µm
_10699_,11.76µm
_10746_,11.76µm
_10832_,11.76µm
_10948_,11.76µm
_10988_,11.76µm
_11055_,11.76µm
_11381_,11.76µm
_11735_,11.76µm
_11822_,11.76µm
_11842_,11.76µm
_11962_,11.76µm
_12094_,11.76µm
_12153_,11.76µm
_12165_,11.76µm
_12181_,11.76µm
_12185_,11.76µm
_12267_,11.76µm
net1893,11.76µm
pp_inst.core_inst.reg_state_i.data_d\[110\],11.76µm
pp_inst.fifo_data\[14\]\[21\],11.76µm
pp_inst.fifo_data\[15\]\[19\],11.76µm
pp_inst.fifo_data\[17\]\[9\],11.76µm
pp_inst.fifo_data\[35\]\[26\],11.76µm
pp_inst.fifo_data\[44\]\[2\],11.76µm
pp_inst.fifo_data\[45\]\[12\],11.76µm
pp_inst.fifo_data\[47\]\[13\],11.76µm
pp_inst.fifo_data\[52\]\[18\],11.76µm
pp_inst.fifo_data\[55\]\[26\],11.76µm
pp_inst.fifo_data\[61\]\[17\],11.76µm
pp_inst.fifo_data\[61\]\[29\],11.76µm
pp_inst.fifo_data\[63\]\[24\],11.76µm
_05518_,11.48µm
_06488_,11.4µm
_09197_,11.35µm
_10384_,11.35µm
_10863_,11.35µm
pp_inst.fifo_data\[18\]\[8\],11.35µm
pp_inst.fifo_data\[42\]\[3\],11.35µm
pp_inst.fifo_data\[58\]\[31\],11.35µm
pp_inst.fifo_data\[5\]\[19\],11.35µm
pp_inst.fifo_data\[17\]\[11\],11.33µm
_01107_,11.3µm
_02365_,11.3µm
_02670_,11.3µm
_03651_,11.3µm
_04279_,11.3µm
_04986_,11.3µm
_05142_,11.3µm
_05469_,11.3µm
_06658_,11.3µm
_06678_,11.3µm
_06708_,11.3µm
_06921_,11.3µm
_07721_,11.3µm
_07756_,11.3µm
_08044_,11.3µm
_09746_,11.3µm
_09961_,11.3µm
_10322_,11.3µm
_10747_,11.3µm
_10845_,11.3µm
_11799_,11.3µm
pp_inst.fifo_data\[0\]\[25\],11.3µm
pp_inst.fifo_data\[13\]\[19\],11.3µm
pp_inst.fifo_data\[15\]\[25\],11.3µm
pp_inst.fifo_data\[16\]\[30\],11.3µm
pp_inst.fifo_data\[17\]\[3\],11.3µm
pp_inst.fifo_data\[18\]\[10\],11.3µm
pp_inst.fifo_data\[18\]\[27\],11.3µm
pp_inst.fifo_data\[19\]\[3\],11.3µm
pp_inst.fifo_data\[19\]\[5\],11.3µm
pp_inst.fifo_data\[1\]\[27\],11.3µm
pp_inst.fifo_data\[23\]\[28\],11.3µm
pp_inst.fifo_data\[24\]\[16\],11.3µm
pp_inst.fifo_data\[28\]\[20\],11.3µm
pp_inst.fifo_data\[29\]\[26\],11.3µm
pp_inst.fifo_data\[38\]\[17\],11.3µm
pp_inst.fifo_data\[38\]\[29\],11.3µm
pp_inst.fifo_data\[40\]\[22\],11.3µm
pp_inst.fifo_data\[40\]\[26\],11.3µm
pp_inst.fifo_data\[43\]\[9\],11.3µm
pp_inst.fifo_data\[46\]\[7\],11.3µm
pp_inst.fifo_data\[47\]\[29\],11.3µm
pp_inst.fifo_data\[48\]\[18\],11.3µm
pp_inst.fifo_data\[50\]\[18\],11.3µm
pp_inst.fifo_data\[52\]\[25\],11.3µm
pp_inst.fifo_data\[58\]\[20\],11.3µm
pp_inst.fifo_data\[59\]\[30\],11.3µm
pp_inst.fifo_data\[60\]\[0\],11.3µm
pp_inst.fifo_data\[60\]\[18\],11.3µm
pp_inst.fifo_data\[6\]\[11\],11.3µm
pp_inst.fifo_data\[7\]\[23\],11.3µm
spi_ctrl.pend_word\[0\],11.3µm
spi_ctrl.tx_shift_reg\[9\],11.3µm
_00065_,11.25µm
_00255_,11.25µm
_00703_,11.25µm
_00773_,11.25µm
_00819_,11.25µm
_00866_,11.25µm
_00958_,11.25µm
_00961_,11.25µm
_00997_,11.25µm
_01079_,11.25µm
_01127_,11.25µm
_01140_,11.25µm
_01222_,11.25µm
_01446_,11.25µm
_01658_,11.25µm
_01729_,11.25µm
_01794_,11.25µm
_02071_,11.25µm
_02120_,11.25µm
_02157_,11.25µm
_02195_,11.25µm
_02298_,11.25µm
_02316_,11.25µm
_02335_,11.25µm
_02351_,11.25µm
_02425_,11.25µm
_02477_,11.25µm
_02496_,11.25µm
_02561_,11.25µm
_02974_,11.25µm
_02977_,11.25µm
_03021_,11.25µm
_03039_,11.25µm
_03192_,11.25µm
_03205_,11.25µm
_03316_,11.25µm
_03374_,11.25µm
_03850_,11.25µm
_03925_,11.25µm
_03989_,11.25µm
_04120_,11.25µm
_04134_,11.25µm
_04202_,11.25µm
_04833_,11.25µm
_04855_,11.25µm
_04861_,11.25µm
_04882_,11.25µm
_04981_,11.25µm
_05030_,11.25µm
_05143_,11.25µm
_05191_,11.25µm
_05329_,11.25µm
_05424_,11.25µm
_05470_,11.25µm
_05636_,11.25µm
_05754_,11.25µm
_06239_,11.25µm
_06257_,11.25µm
_06263_,11.25µm
_06285_,11.25µm
_06289_,11.25µm
_06480_,11.25µm
_06630_,11.25µm
_06751_,11.25µm
_06979_,11.25µm
_07114_,11.25µm
_07401_,11.25µm
_07535_,11.25µm
_07641_,11.25µm
_07683_,11.25µm
_07689_,11.25µm
_07934_,11.25µm
_07996_,11.25µm
_08057_,11.25µm
_08294_,11.25µm
_08462_,11.25µm
_08584_,11.25µm
_08785_,11.25µm
_08797_,11.25µm
_08866_,11.25µm
_08991_,11.25µm
_09058_,11.25µm
_09128_,11.25µm
_09692_,11.25µm
_09822_,11.25µm
_09869_,11.25µm
_09981_,11.25µm
_10003_,11.25µm
_10375_,11.25µm
_10793_,11.25µm
_10928_,11.25µm
_10953_,11.25µm
_11103_,11.25µm
_11492_,11.25µm
_11513_,11.25µm
_11560_,11.25µm
_12177_,11.25µm
pp_inst.core_inst.reg_state_i.data_d\[142\],11.25µm
pp_inst.core_inst.reg_state_i.data_d\[159\],11.25µm
pp_inst.fifo_data\[0\]\[22\],11.25µm
pp_inst.fifo_data\[11\]\[5\],11.25µm
pp_inst.fifo_data\[12\]\[11\],11.25µm
pp_inst.fifo_data\[12\]\[8\],11.25µm
pp_inst.fifo_data\[14\]\[15\],11.25µm
pp_inst.fifo_data\[17\]\[17\],11.25µm
pp_inst.fifo_data\[19\]\[22\],11.25µm
pp_inst.fifo_data\[25\]\[4\],11.25µm
pp_inst.fifo_data\[29\]\[0\],11.25µm
pp_inst.fifo_data\[29\]\[14\],11.25µm
pp_inst.fifo_data\[2\]\[18\],11.25µm
pp_inst.fifo_data\[30\]\[18\],11.25µm
pp_inst.fifo_data\[30\]\[31\],11.25µm
pp_inst.fifo_data\[31\]\[23\],11.25µm
pp_inst.fifo_data\[32\]\[21\],11.25µm
pp_inst.fifo_data\[37\]\[0\],11.25µm
pp_inst.fifo_data\[39\]\[10\],11.25µm
pp_inst.fifo_data\[44\]\[29\],11.25µm
pp_inst.fifo_data\[45\]\[20\],11.25µm
pp_inst.fifo_data\[45\]\[21\],11.25µm
pp_inst.fifo_data\[46\]\[15\],11.25µm
pp_inst.fifo_data\[46\]\[21\],11.25µm
pp_inst.fifo_data\[47\]\[30\],11.25µm
pp_inst.fifo_data\[48\]\[0\],11.25µm
pp_inst.fifo_data\[4\]\[21\],11.25µm
pp_inst.fifo_data\[50\]\[28\],11.25µm
pp_inst.fifo_data\[54\]\[21\],11.25µm
pp_inst.fifo_data\[58\]\[10\],11.25µm
pp_inst.fifo_data\[59\]\[1\],11.25µm
pp_inst.fifo_data\[5\]\[21\],11.25µm
pp_inst.fifo_data\[60\]\[24\],11.25µm
pp_inst.fifo_data\[60\]\[27\],11.25µm
pp_inst.fifo_data\[7\]\[15\],11.25µm
spi_ctrl.tx_shift_reg\[29\],11.25µm
spi_ctrl.tx_stage\[17\],11.25µm
spi_ctrl.tx_stage\[27\],11.25µm
net1888,11.22µm
_00890_,11.2µm
_01030_,11.2µm
_01159_,11.2µm
_01357_,11.2µm
_01634_,11.2µm
_01858_,11.2µm
_01937_,11.2µm
_02159_,11.2µm
_02217_,11.2µm
_02556_,11.2µm
_03258_,11.2µm
_03606_,11.2µm
_03765_,11.2µm
_03776_,11.2µm
_03789_,11.2µm
_03825_,11.2µm
_03899_,11.2µm
_03930_,11.2µm
_04016_,11.2µm
_04049_,11.2µm
_04062_,11.2µm
_04068_,11.2µm
_04388_,11.2µm
_04562_,11.2µm
_04620_,11.2µm
_04626_,11.2µm
_04645_,11.2µm
_04725_,11.2µm
_04752_,11.2µm
_04886_,11.2µm
_05012_,11.2µm
_05060_,11.2µm
_05149_,11.2µm
_05249_,11.2µm
_05427_,11.2µm
_05515_,11.2µm
_05584_,11.2µm
_05687_,11.2µm
_05891_,11.2µm
_06182_,11.2µm
_06399_,11.2µm
_06657_,11.2µm
_06674_,11.2µm
_06761_,11.2µm
_07132_,11.2µm
_07330_,11.2µm
_07532_,11.2µm
_07648_,11.2µm
_07671_,11.2µm
_07731_,11.2µm
_07808_,11.2µm
_08023_,11.2µm
_08069_,11.2µm
_08166_,11.2µm
_08208_,11.2µm
_08410_,11.2µm
_08455_,11.2µm
_08487_,11.2µm
_08505_,11.2µm
_08581_,11.2µm
_09028_,11.2µm
_09036_,11.2µm
_09752_,11.2µm
_09771_,11.2µm
_09852_,11.2µm
_09854_,11.2µm
_09975_,11.2µm
_10315_,11.2µm
_10360_,11.2µm
_10363_,11.2µm
_10379_,11.2µm
_10402_,11.2µm
_10661_,11.2µm
_10739_,11.2µm
_10798_,11.2µm
_10824_,11.2µm
_10829_,11.2µm
_10872_,11.2µm
_11014_,11.2µm
_11043_,11.2µm
_11314_,11.2µm
_11353_,11.2µm
_11566_,11.2µm
_11593_,11.2µm
_11638_,11.2µm
_11864_,11.2µm
_12124_,11.2µm
bdi_type\[3\],11.2µm
pp_inst.core_inst.reg_state_i.data_d\[138\],11.2µm
pp_inst.core_inst.reg_state_i.data_d\[203\],11.2µm
pp_inst.fifo_data\[11\]\[30\],11.2µm
pp_inst.fifo_data\[18\]\[22\],11.2µm
pp_inst.fifo_data\[21\]\[9\],11.2µm
pp_inst.fifo_data\[23\]\[17\],11.2µm
pp_inst.fifo_data\[28\]\[3\],11.2µm
pp_inst.fifo_data\[2\]\[11\],11.2µm
pp_inst.fifo_data\[39\]\[23\],11.2µm
pp_inst.fifo_data\[43\]\[20\],11.2µm
pp_inst.fifo_data\[43\]\[24\],11.2µm
pp_inst.fifo_data\[43\]\[27\],11.2µm
pp_inst.fifo_data\[44\]\[24\],11.2µm
pp_inst.fifo_data\[48\]\[21\],11.2µm
spi_phy.tx_reg\[2\],11.2µm
_09336_,10.92µm
pp_inst.fifo_data\[55\]\[29\],10.875µm
miso_OUT,10.83µm
_10592_,10.79µm
bdi\[16\],10.79µm
pp_inst.fifo_data\[21\]\[17\],10.79µm
pp_inst.fifo_data\[35\]\[27\],10.79µm
pp_inst.fifo_data\[43\]\[8\],10.79µm
pp_inst.fifo_data\[46\]\[25\],10.79µm
pp_inst.fifo_data\[53\]\[17\],10.79µm
pp_inst.fifo_data\[62\]\[10\],10.79µm
pp_inst.fifo_data\[62\]\[4\],10.79µm
pp_inst.fifo_data\[6\]\[25\],10.79µm
net1891,10.745µm
_05853_,10.74µm
_05871_,10.74µm
_06178_,10.74µm
_06188_,10.74µm
_06273_,10.74µm
_06619_,10.74µm
_06787_,10.74µm
_07815_,10.74µm
_08052_,10.74µm
_09144_,10.74µm
_09159_,10.74µm
_09406_,10.74µm
_09811_,10.74µm
_10005_,10.74µm
_10011_,10.74µm
_10193_,10.74µm
_10285_,10.74µm
_10316_,10.74µm
_10336_,10.74µm
_10347_,10.74µm
_10891_,10.74µm
_10897_,10.74µm
_11721_,10.74µm
_11853_,10.74µm
pp_inst.fifo_data\[0\]\[11\],10.74µm
pp_inst.fifo_data\[10\]\[1\],10.74µm
pp_inst.fifo_data\[11\]\[6\],10.74µm
pp_inst.fifo_data\[12\]\[30\],10.74µm
pp_inst.fifo_data\[18\]\[31\],10.74µm
pp_inst.fifo_data\[20\]\[18\],10.74µm
pp_inst.fifo_data\[25\]\[15\],10.74µm
pp_inst.fifo_data\[25\]\[3\],10.74µm
pp_inst.fifo_data\[26\]\[14\],10.74µm
pp_inst.fifo_data\[2\]\[15\],10.74µm
pp_inst.fifo_data\[30\]\[14\],10.74µm
pp_inst.fifo_data\[33\]\[8\],10.74µm
pp_inst.fifo_data\[38\]\[2\],10.74µm
pp_inst.fifo_data\[42\]\[17\],10.74µm
pp_inst.fifo_data\[4\]\[14\],10.74µm
pp_inst.fifo_data\[50\]\[25\],10.74µm
pp_inst.fifo_data\[51\]\[29\],10.74µm
pp_inst.fifo_data\[52\]\[31\],10.74µm
pp_inst.fifo_data\[57\]\[15\],10.74µm
pp_inst.fifo_data\[58\]\[16\],10.74µm
pp_inst.fifo_data\[5\]\[0\],10.74µm
pp_inst.fifo_data\[5\]\[4\],10.74µm
pp_inst.fifo_data\[5\]\[6\],10.74µm
pp_inst.fifo_data\[60\]\[17\],10.74µm
pp_inst.fifo_data\[61\]\[4\],10.74µm
pp_inst.fifo_data\[61\]\[9\],10.74µm
pp_inst.fifo_data\[62\]\[19\],10.74µm
spi_ctrl.tx_shift_reg\[23\],10.74µm
_00030_,10.69µm
_00057_,10.69µm
_00146_,10.69µm
_00272_,10.69µm
_00795_,10.69µm
_00841_,10.69µm
_00879_,10.69µm
_00883_,10.69µm
_00886_,10.69µm
_00902_,10.69µm
_00935_,10.69µm
_00984_,10.69µm
_00986_,10.69µm
_01014_,10.69µm
_01268_,10.69µm
_01336_,10.69µm
_01418_,10.69µm
_01506_,10.69µm
_01514_,10.69µm
_01520_,10.69µm
_01530_,10.69µm
_01672_,10.69µm
_01895_,10.69µm
_02000_,10.69µm
_02023_,10.69µm
_02045_,10.69µm
_02095_,10.69µm
_02100_,10.69µm
_02161_,10.69µm
_02221_,10.69µm
_02223_,10.69µm
_02303_,10.69µm
_02321_,10.69µm
_02383_,10.69µm
_02683_,10.69µm
_02834_,10.69µm
_02881_,10.69µm
_02946_,10.69µm
_02947_,10.69µm
_03345_,10.69µm
_03432_,10.69µm
_03748_,10.69µm
_03750_,10.69µm
_03782_,10.69µm
_03920_,10.69µm
_03964_,10.69µm
_03999_,10.69µm
_04031_,10.69µm
_04056_,10.69µm
_04245_,10.69µm
_04558_,10.69µm
_04573_,10.69µm
_04689_,10.69µm
_04969_,10.69µm
_05017_,10.69µm
_05188_,10.69µm
_05468_,10.69µm
_05524_,10.69µm
_05582_,10.69µm
_05599_,10.69µm
_05648_,10.69µm
_05690_,10.69µm
_05751_,10.69µm
_05807_,10.69µm
_06098_,10.69µm
_06200_,10.69µm
_06259_,10.69µm
_06457_,10.69µm
_06540_,10.69µm
_06564_,10.69µm
_06581_,10.69µm
_06684_,10.69µm
_06821_,10.69µm
_06871_,10.69µm
_06901_,10.69µm
_07410_,10.69µm
_07609_,10.69µm
_07611_,10.69µm
_07638_,10.69µm
_07705_,10.69µm
_07770_,10.69µm
_07837_,10.69µm
_07863_,10.69µm
_07937_,10.69µm
_08032_,10.69µm
_08307_,10.69µm
_08329_,10.69µm
_08382_,10.69µm
_08831_,10.69µm
_08871_,10.69µm
_08883_,10.69µm
_08943_,10.69µm
_08981_,10.69µm
_09081_,10.69µm
_09152_,10.69µm
_09537_,10.69µm
_09568_,10.69µm
_09733_,10.69µm
_10115_,10.69µm
_10211_,10.69µm
_10467_,10.69µm
_10685_,10.69µm
_11001_,10.69µm
_11134_,10.69µm
_11249_,10.69µm
_11269_,10.69µm
_11366_,10.69µm
_11391_,10.69µm
_11537_,10.69µm
_11618_,10.69µm
_11893_,10.69µm
_12001_,10.69µm
_12222_,10.69µm
_12251_,10.69µm
bdi\[31\],10.69µm
pp_inst.core_inst.asconp_i.x0\[16\],10.69µm
pp_inst.core_inst.reg_state_i.data_d\[205\],10.69µm
pp_inst.fifo_data\[0\]\[7\],10.69µm
pp_inst.fifo_data\[11\]\[17\],10.69µm
pp_inst.fifo_data\[13\]\[13\],10.69µm
pp_inst.fifo_data\[14\]\[20\],10.69µm
pp_inst.fifo_data\[14\]\[30\],10.69µm
pp_inst.fifo_data\[15\]\[11\],10.69µm
pp_inst.fifo_data\[24\]\[10\],10.69µm
pp_inst.fifo_data\[24\]\[6\],10.69µm
pp_inst.fifo_data\[25\]\[19\],10.69µm
pp_inst.fifo_data\[27\]\[9\],10.69µm
pp_inst.fifo_data\[29\]\[12\],10.69µm
pp_inst.fifo_data\[2\]\[30\],10.69µm
pp_inst.fifo_data\[37\]\[31\],10.69µm
pp_inst.fifo_data\[39\]\[7\],10.69µm
pp_inst.fifo_data\[40\]\[12\],10.69µm
pp_inst.fifo_data\[42\]\[12\],10.69µm
pp_inst.fifo_data\[42\]\[22\],10.69µm
pp_inst.fifo_data\[45\]\[17\],10.69µm
pp_inst.fifo_data\[48\]\[16\],10.69µm
pp_inst.fifo_data\[49\]\[4\],10.69µm
pp_inst.fifo_data\[4\]\[28\],10.69µm
pp_inst.fifo_data\[4\]\[3\],10.69µm
pp_inst.fifo_data\[53\]\[8\],10.69µm
pp_inst.fifo_data\[55\]\[10\],10.69µm
pp_inst.fifo_data\[55\]\[11\],10.69µm
pp_inst.fifo_data\[56\]\[28\],10.69µm
pp_inst.fifo_data\[57\]\[20\],10.69µm
pp_inst.fifo_data\[59\]\[24\],10.69µm
pp_inst.fifo_data\[6\]\[0\],10.69µm
pp_inst.fifo_data\[9\]\[10\],10.69µm
spi_ctrl.pend_word\[12\],10.69µm
_00319_,10.64µm
_01024_,10.64µm
_01042_,10.64µm
_01053_,10.64µm
_01163_,10.64µm
_01183_,10.64µm
_01204_,10.64µm
_01316_,10.64µm
_01398_,10.64µm
_01873_,10.64µm
_01901_,10.64µm
_02163_,10.64µm
_02205_,10.64µm
_02275_,10.64µm
_02589_,10.64µm
_02842_,10.64µm
_02989_,10.64µm
_03087_,10.64µm
_03422_,10.64µm
_03539_,10.64µm
_03717_,10.64µm
_03797_,10.64µm
_03805_,10.64µm
_04226_,10.64µm
_04239_,10.64µm
_04248_,10.64µm
_04539_,10.64µm
_04542_,10.64µm
_04555_,10.64µm
_04613_,10.64µm
_04878_,10.64µm
_04918_,10.64µm
_04933_,10.64µm
_05082_,10.64µm
_05863_,10.64µm
_06002_,10.64µm
_06115_,10.64µm
_06362_,10.64µm
_06424_,10.64µm
_06549_,10.64µm
_06748_,10.64µm
_06752_,10.64µm
_06825_,10.64µm
_07188_,10.64µm
_07283_,10.64µm
_07372_,10.64µm
_07413_,10.64µm
_07612_,10.64µm
_07740_,10.64µm
_07925_,10.64µm
_08053_,10.64µm
_08211_,10.64µm
_08297_,10.64µm
_08355_,10.64µm
_08446_,10.64µm
_08490_,10.64µm
_08554_,10.64µm
_09043_,10.64µm
_09312_,10.64µm
_09707_,10.64µm
_09766_,10.64µm
_09921_,10.64µm
_09957_,10.64µm
_10507_,10.64µm
_10607_,10.64µm
_10650_,10.64µm
_10743_,10.64µm
_10767_,10.64µm
_11182_,10.64µm
_11209_,10.64µm
_11464_,10.64µm
_11530_,10.64µm
_11615_,10.64µm
_11688_,10.64µm
_12180_,10.64µm
_12244_,10.64µm
pp_inst.core_inst.reg_state_i.data_d\[137\],10.64µm
pp_inst.core_inst.reg_state_i.data_d\[160\],10.64µm
pp_inst.fifo_data\[0\]\[14\],10.64µm
pp_inst.fifo_data\[11\]\[2\],10.64µm
pp_inst.fifo_data\[22\]\[5\],10.64µm
pp_inst.fifo_data\[29\]\[28\],10.64µm
pp_inst.fifo_data\[32\]\[0\],10.64µm
pp_inst.fifo_data\[38\]\[20\],10.64µm
pp_inst.fifo_data\[41\]\[6\],10.64µm
pp_inst.fifo_data\[44\]\[14\],10.64µm
pp_inst.fifo_data\[46\]\[16\],10.64µm
pp_inst.fifo_data\[49\]\[28\],10.64µm
pp_inst.fifo_data\[54\]\[17\],10.64µm
pp_inst.fifo_data\[57\]\[6\],10.64µm
pp_inst.fifo_data\[61\]\[13\],10.64µm
pp_inst.fifo_data\[62\]\[20\],10.64µm
pp_inst.fifo_data\[63\]\[17\],10.64µm
pp_inst.fifo_data\[9\]\[4\],10.64µm
pp_inst.fifo_data\[39\]\[26\],10.56µm
cs_n,10.44µm
pp_inst.fifo_data\[10\]\[29\],10.41µm
pp_inst.fifo_data\[32\]\[5\],10.41µm
_05139_,10.23µm
_07631_,10.23µm
pp_inst.fifo_data\[13\]\[28\],10.23µm
pp_inst.fifo_data\[29\]\[29\],10.23µm
pp_inst.fifo_data\[30\]\[19\],10.23µm
pp_inst.fifo_data\[43\]\[28\],10.23µm
spi_ctrl.tx_fresh,10.23µm
net1892,10.2µm
_03530_,10.18µm
_04266_,10.18µm
_04367_,10.18µm
_05430_,10.18µm
_06206_,10.18µm
_06632_,10.18µm
_07238_,10.18µm
_07503_,10.18µm
_09873_,10.18µm
_10019_,10.18µm
_10233_,10.18µm
_10276_,10.18µm
_10627_,10.18µm
_11176_,10.18µm
_11398_,10.18µm
_11446_,10.18µm
_11448_,10.18µm
_11960_,10.18µm
pp_inst.fifo_data\[11\]\[3\],10.18µm
pp_inst.fifo_data\[15\]\[14\],10.18µm
pp_inst.fifo_data\[16\]\[11\],10.18µm
pp_inst.fifo_data\[1\]\[10\],10.18µm
pp_inst.fifo_data\[21\]\[22\],10.18µm
pp_inst.fifo_data\[22\]\[4\],10.18µm
pp_inst.fifo_data\[28\]\[19\],10.18µm
pp_inst.fifo_data\[29\]\[23\],10.18µm
pp_inst.fifo_data\[30\]\[12\],10.18µm
pp_inst.fifo_data\[34\]\[16\],10.18µm
pp_inst.fifo_data\[35\]\[20\],10.18µm
pp_inst.fifo_data\[46\]\[18\],10.18µm
pp_inst.fifo_data\[49\]\[21\],10.18µm
pp_inst.fifo_data\[60\]\[22\],10.18µm
pp_inst.fifo_data\[60\]\[29\],10.18µm
pp_inst.fifo_data\[62\]\[28\],10.18µm
pp_inst.fifo_data\[7\]\[21\],10.18µm
pp_inst.fifo_data\[7\]\[8\],10.18µm
pp_inst.fifo_data\[9\]\[20\],10.18µm
_00020_,10.13µm
_00044_,10.13µm
_00092_,10.13µm
_00157_,10.13µm
_00364_,10.13µm
_00589_,10.13µm
_00641_,10.13µm
_00744_,10.13µm
_00833_,10.13µm
_00933_,10.13µm
_01086_,10.13µm
_01154_,10.13µm
_01237_,10.13µm
_01248_,10.13µm
_01265_,10.13µm
_01319_,10.13µm
_01500_,10.13µm
_01626_,10.13µm
_01646_,10.13µm
_01675_,10.13µm
_01697_,10.13µm
_01773_,10.13µm
_01799_,10.13µm
_02096_,10.13µm
_02344_,10.13µm
_02356_,10.13µm
_02576_,10.13µm
_02780_,10.13µm
_02822_,10.13µm
_02867_,10.13µm
_02963_,10.13µm
_02979_,10.13µm
_02987_,10.13µm
_03105_,10.13µm
_03230_,10.13µm
_03253_,10.13µm
_03366_,10.13µm
_03387_,10.13µm
_03391_,10.13µm
_03469_,10.13µm
_03485_,10.13µm
_03562_,10.13µm
_03892_,10.13µm
_04205_,10.13µm
_04250_,10.13µm
_04304_,10.13µm
_04340_,10.13µm
_04428_,10.13µm
_04747_,10.13µm
_04814_,10.13µm
_04973_,10.13µm
_05111_,10.13µm
_05271_,10.13µm
_05295_,10.13µm
_05374_,10.13µm
_05483_,10.13µm
_05503_,10.13µm
_05866_,10.13µm
_06281_,10.13µm
_06403_,10.13µm
_06416_,10.13µm
_06607_,10.13µm
_06613_,10.13µm
_06646_,10.13µm
_06813_,10.13µm
_06884_,10.13µm
_07039_,10.13µm
_07059_,10.13µm
_07166_,10.13µm
_07451_,10.13µm
_07554_,10.13µm
_07627_,10.13µm
_07684_,10.13µm
_07791_,10.13µm
_07802_,10.13µm
_07830_,10.13µm
_08178_,10.13µm
_08191_,10.13µm
_08196_,10.13µm
_08515_,10.13µm
_08755_,10.13µm
_08849_,10.13µm
_08961_,10.13µm
_09013_,10.13µm
_09022_,10.13µm
_09073_,10.13µm
_09117_,10.13µm
_09307_,10.13µm
_09565_,10.13µm
_09668_,10.13µm
_09680_,10.13µm
_09737_,10.13µm
_09751_,10.13µm
_09880_,10.13µm
_09882_,10.13µm
_10124_,10.13µm
_10248_,10.13µm
_10250_,10.13µm
_10301_,10.13µm
_10449_,10.13µm
_10493_,10.13µm
_10540_,10.13µm
_10562_,10.13µm
_10586_,10.13µm
_10942_,10.13µm
_10950_,10.13µm
_11034_,10.13µm
_11239_,10.13µm
_11397_,10.13µm
_11409_,10.13µm
_11543_,10.13µm
_11616_,10.13µm
_11685_,10.13µm
_11726_,10.13µm
_11802_,10.13µm
_11806_,10.13µm
_11848_,10.13µm
_11965_,10.13µm
pp_inst.core_inst.reg_state_i.data_d\[126\],10.13µm
pp_inst.core_inst.reg_state_i.data_d\[144\],10.13µm
pp_inst.core_inst.reg_state_i.data_d\[180\],10.13µm
pp_inst.core_inst.reg_state_i.data_d\[252\],10.13µm
pp_inst.fifo_data\[13\]\[9\],10.13µm
pp_inst.fifo_data\[14\]\[29\],10.13µm
pp_inst.fifo_data\[24\]\[12\],10.13µm
pp_inst.fifo_data\[26\]\[28\],10.13µm
pp_inst.fifo_data\[31\]\[17\],10.13µm
pp_inst.fifo_data\[31\]\[24\],10.13µm
pp_inst.fifo_data\[31\]\[3\],10.13µm
pp_inst.fifo_data\[31\]\[8\],10.13µm
pp_inst.fifo_data\[33\]\[2\],10.13µm
pp_inst.fifo_data\[34\]\[19\],10.13µm
pp_inst.fifo_data\[34\]\[6\],10.13µm
pp_inst.fifo_data\[35\]\[11\],10.13µm
pp_inst.fifo_data\[35\]\[7\],10.13µm
pp_inst.fifo_data\[37\]\[5\],10.13µm
pp_inst.fifo_data\[39\]\[15\],10.13µm
pp_inst.fifo_data\[48\]\[14\],10.13µm
pp_inst.fifo_data\[49\]\[9\],10.13µm
pp_inst.fifo_data\[55\]\[31\],10.13µm
pp_inst.fifo_data\[56\]\[20\],10.13µm
pp_inst.fifo_data\[62\]\[2\],10.13µm
pp_inst.fifo_data\[7\]\[0\],10.13µm
spi_ctrl.tx_stage\[5\],10.13µm
_00048_,10.08µm
_00125_,10.08µm
_00638_,10.08µm
_01113_,10.08µm
_01291_,10.08µm
_01810_,10.08µm
_01817_,10.08µm
_01828_,10.08µm
_02002_,10.08µm
_02057_,10.08µm
_02313_,10.08µm
_02355_,10.08µm
_02452_,10.08µm
_02661_,10.08µm
_02818_,10.08µm
_02932_,10.08µm
_02967_,10.08µm
_03044_,10.08µm
_03209_,10.08µm
_03219_,10.08µm
_03285_,10.08µm
_03495_,10.08µm
_03595_,10.08µm
_03796_,10.08µm
_03828_,10.08µm
_03876_,10.08µm
_03957_,10.08µm
_04029_,10.08µm
_04344_,10.08µm
_04405_,10.08µm
_04552_,10.08µm
_04661_,10.08µm
_04684_,10.08µm
_04717_,10.08µm
_04778_,10.08µm
_05097_,10.08µm
_05170_,10.08µm
_05177_,10.08µm
_05279_,10.08µm
_05311_,10.08µm
_05414_,10.08µm
_05497_,10.08µm
_05562_,10.08µm
_05967_,10.08µm
_05995_,10.08µm
_06085_,10.08µm
_06088_,10.08µm
_06376_,10.08µm
_06496_,10.08µm
_06526_,10.08µm
_07069_,10.08µm
_07107_,10.08µm
_07484_,10.08µm
_07515_,10.08µm
_07676_,10.08µm
_07781_,10.08µm
_07817_,10.08µm
_07965_,10.08µm
_08138_,10.08µm
_08201_,10.08µm
_08231_,10.08µm
_08337_,10.08µm
_08360_,10.08µm
_08689_,10.08µm
_08857_,10.08µm
_08926_,10.08µm
_09006_,10.08µm
_09175_,10.08µm
_09364_,10.08µm
_09885_,10.08µm
_09915_,10.08µm
_10034_,10.08µm
_10126_,10.08µm
_10198_,10.08µm
_10223_,10.08µm
_10228_,10.08µm
_10333_,10.08µm
_10725_,10.08µm
_10783_,10.08µm
_10889_,10.08µm
_10985_,10.08µm
_11169_,10.08µm
_11202_,10.08µm
_11478_,10.08µm
_11696_,10.08µm
_11769_,10.08µm
_11776_,10.08µm
_12100_,10.08µm
pp_inst.core_inst.reg_state_i.data_d\[232\],10.08µm
pp_inst.fifo_data\[10\]\[28\],10.08µm
pp_inst.fifo_data\[15\]\[15\],10.08µm
pp_inst.fifo_data\[24\]\[11\],10.08µm
pp_inst.fifo_data\[25\]\[22\],10.08µm
pp_inst.fifo_data\[2\]\[5\],10.08µm
pp_inst.fifo_data\[30\]\[17\],10.08µm
pp_inst.fifo_data\[33\]\[4\],10.08µm
pp_inst.fifo_data\[39\]\[30\],10.08µm
pp_inst.fifo_data\[47\]\[14\],10.08µm
pp_inst.fifo_data\[57\]\[26\],10.08µm
pp_inst.fifo_data\[6\]\[16\],10.08µm
pp_inst.fifo_data\[6\]\[21\],10.08µm
mosi,9.8µm
pp_inst.fifo_data\[41\]\[19\],9.8µm
pp_inst.release_buffer,9.72µm
pp_inst.fifo_data\[11\]\[20\],9.67µm
pp_inst.fifo_data\[27\]\[15\],9.67µm
pp_inst.fifo_data\[29\]\[20\],9.67µm
pp_inst.fifo_data\[33\]\[15\],9.67µm
pp_inst.fifo_data\[39\]\[18\],9.67µm
pp_inst.fifo_data\[3\]\[23\],9.67µm
pp_inst.fifo_data\[3\]\[31\],9.67µm
pp_inst.fifo_data\[44\]\[4\],9.67µm
_00772_,9.62µm
_04237_,9.62µm
_04598_,9.62µm
_04693_,9.62µm
_04950_,9.62µm
_05172_,9.62µm
_05196_,9.62µm
_07128_,9.62µm
_07210_,9.62µm
_07793_,9.62µm
_08426_,9.62µm
_08519_,9.62µm
_08639_,9.62µm
_08894_,9.62µm
_09068_,9.62µm
_09343_,9.62µm
_10289_,9.62µm
_10499_,9.62µm
_10500_,9.62µm
_11412_,9.62µm
_11780_,9.62µm
_12082_,9.62µm
pp_inst.fifo_data\[23\]\[19\],9.62µm
pp_inst.fifo_data\[24\]\[9\],9.62µm
pp_inst.fifo_data\[27\]\[20\],9.62µm
pp_inst.fifo_data\[28\]\[22\],9.62µm
pp_inst.fifo_data\[38\]\[23\],9.62µm
pp_inst.fifo_data\[38\]\[30\],9.62µm
pp_inst.fifo_data\[39\]\[9\],9.62µm
pp_inst.fifo_data\[41\]\[27\],9.62µm
pp_inst.fifo_data\[44\]\[26\],9.62µm
pp_inst.fifo_data\[49\]\[8\],9.62µm
pp_inst.fifo_data\[53\]\[20\],9.62µm
pp_inst.fifo_data\[54\]\[25\],9.62µm
pp_inst.fifo_data\[55\]\[14\],9.62µm
pp_inst.fifo_data\[57\]\[0\],9.62µm
pp_inst.fifo_data\[57\]\[27\],9.62µm
pp_inst.fifo_data\[58\]\[27\],9.62µm
pp_inst.fifo_data\[5\]\[16\],9.62µm
pp_inst.fifo_data\[5\]\[25\],9.62µm
pp_inst.fifo_data\[62\]\[30\],9.62µm
pp_inst.fifo_data\[7\]\[4\],9.62µm
_00075_,9.57µm
_00656_,9.57µm
_00741_,9.57µm
_00815_,9.57µm
_00823_,9.57µm
_00876_,9.57µm
_01168_,9.57µm
_01331_,9.57µm
_01353_,9.57µm
_01405_,9.57µm
_01417_,9.57µm
_01419_,9.57µm
_01469_,9.57µm
_01522_,9.57µm
_01713_,9.57µm
_01900_,9.57µm
_01925_,9.57µm
_01966_,9.57µm
_01967_,9.57µm
_02050_,9.57µm
_02051_,9.57µm
_02092_,9.57µm
_02097_,9.57µm
_02145_,9.57µm
_02203_,9.57µm
_02254_,9.57µm
_02300_,9.57µm
_02384_,9.57µm
_02532_,9.57µm
_02533_,9.57µm
_02723_,9.57µm
_02836_,9.57µm
_02933_,9.57µm
_02952_,9.57µm
_03150_,9.57µm
_03186_,9.57µm
_03369_,9.57µm
_03448_,9.57µm
_03655_,9.57µm
_03826_,9.57µm
_04131_,9.57µm
_04148_,9.57µm
_04150_,9.57µm
_04151_,9.57µm
_04198_,9.57µm
_04244_,9.57µm
_04272_,9.57µm
_04318_,9.57µm
_04361_,9.57µm
_04561_,9.57µm
_04658_,9.57µm
_04660_,9.57µm
_04869_,9.57µm
_05019_,9.57µm
_05056_,9.57µm
_05069_,9.57µm
_05086_,9.57µm
_05197_,9.57µm
_05257_,9.57µm
_05422_,9.57µm
_05425_,9.57µm
_05566_,9.57µm
_05595_,9.57µm
_05697_,9.57µm
_05832_,9.57µm
_05888_,9.57µm
_05933_,9.57µm
_05935_,9.57µm
_06007_,9.57µm
_06008_,9.57µm
_06030_,9.57µm
_06170_,9.57µm
_06303_,9.57µm
_06351_,9.57µm
_06360_,9.57µm
_06383_,9.57µm
_06466_,9.57µm
_06623_,9.57µm
_06694_,9.57µm
_06744_,9.57µm
_06811_,9.57µm
_06823_,9.57µm
_06947_,9.57µm
_07122_,9.57µm
_07690_,9.57µm
_07702_,9.57µm
_07790_,9.57µm
_07832_,9.57µm
_07835_,9.57µm
_07931_,9.57µm
_08145_,9.57µm
_08343_,9.57µm
_08482_,9.57µm
_08627_,9.57µm
_08668_,9.57µm
_08853_,9.57µm
_09359_,9.57µm
_09415_,9.57µm
_09585_,9.57µm
_09658_,9.57µm
_10049_,9.57µm
_10516_,9.57µm
_10771_,9.57µm
_10791_,9.57µm
_10839_,9.57µm
_10978_,9.57µm
_11191_,9.57µm
_11220_,9.57µm
_11474_,9.57µm
_11483_,9.57µm
_11503_,9.57µm
_11646_,9.57µm
_11894_,9.57µm
_12104_,9.57µm
pp_inst.core_inst.reg_state_i.data_d\[107\],9.57µm
pp_inst.core_inst.reg_state_i.data_d\[133\],9.57µm
pp_inst.core_inst.reg_state_i.data_d\[152\],9.57µm
pp_inst.core_inst.reg_state_i.data_d\[182\],9.57µm
pp_inst.core_inst.reg_state_i.data_d\[97\],9.57µm
pp_inst.fifo_data\[10\]\[19\],9.57µm
pp_inst.fifo_data\[10\]\[2\],9.57µm
pp_inst.fifo_data\[10\]\[9\],9.57µm
pp_inst.fifo_data\[12\]\[0\],9.57µm
pp_inst.fifo_data\[13\]\[17\],9.57µm
pp_inst.fifo_data\[16\]\[19\],9.57µm
pp_inst.fifo_data\[21\]\[16\],9.57µm
pp_inst.fifo_data\[24\]\[15\],9.57µm
pp_inst.fifo_data\[24\]\[27\],9.57µm
pp_inst.fifo_data\[25\]\[9\],9.57µm
pp_inst.fifo_data\[26\]\[30\],9.57µm
pp_inst.fifo_data\[29\]\[15\],9.57µm
pp_inst.fifo_data\[2\]\[28\],9.57µm
pp_inst.fifo_data\[30\]\[25\],9.57µm
pp_inst.fifo_data\[30\]\[9\],9.57µm
pp_inst.fifo_data\[32\]\[22\],9.57µm
pp_inst.fifo_data\[3\]\[24\],9.57µm
pp_inst.fifo_data\[42\]\[4\],9.57µm
pp_inst.fifo_data\[45\]\[3\],9.57µm
pp_inst.fifo_data\[48\]\[15\],9.57µm
pp_inst.fifo_data\[48\]\[24\],9.57µm
pp_inst.fifo_data\[51\]\[10\],9.57µm
pp_inst.fifo_data\[53\]\[12\],9.57µm
pp_inst.fifo_data\[56\]\[15\],9.57µm
pp_inst.fifo_data\[57\]\[13\],9.57µm
pp_inst.fifo_data\[5\]\[23\],9.57µm
pp_inst.fifo_data\[62\]\[12\],9.57µm
pp_inst.fifo_data\[63\]\[26\],9.57µm
pp_inst.fifo_data\[8\]\[5\],9.57µm
_00268_,9.52µm
_00445_,9.52µm
_00492_,9.52µm
_00683_,9.52µm
_00714_,9.52µm
_00764_,9.52µm
_00965_,9.52µm
_00971_,9.52µm
_01001_,9.52µm
_01046_,9.52µm
_01194_,9.52µm
_01513_,9.52µm
_01578_,9.52µm
_01661_,9.52µm
_01677_,9.52µm
_01823_,9.52µm
_02105_,9.52µm
_02366_,9.52µm
_02510_,9.52µm
_02607_,9.52µm
_02736_,9.52µm
_02860_,9.52µm
_02882_,9.52µm
_02914_,9.52µm
_02930_,9.52µm
_02936_,9.52µm
_03397_,9.52µm
_03526_,9.52µm
_03597_,9.52µm
_03601_,9.52µm
_03696_,9.52µm
_03697_,9.52µm
_03821_,9.52µm
_03942_,9.52µm
_04240_,9.52µm
_04263_,9.52µm
_04369_,9.52µm
_04774_,9.52µm
_04797_,9.52µm
_04816_,9.52µm
_04853_,9.52µm
_04940_,9.52µm
_05301_,9.52µm
_05400_,9.52µm
_05456_,9.52µm
_05652_,9.52µm
_05755_,9.52µm
_06036_,9.52µm
_06065_,9.52µm
_06207_,9.52µm
_06650_,9.52µm
_06679_,9.52µm
_06954_,9.52µm
_07110_,9.52µm
_07227_,9.52µm
_07444_,9.52µm
_07447_,9.52µm
_07457_,9.52µm
_07510_,9.52µm
_07593_,9.52µm
_07668_,9.52µm
_07670_,9.52µm
_07733_,9.52µm
_07810_,9.52µm
_07852_,9.52µm
_07961_,9.52µm
_08118_,9.52µm
_08192_,9.52µm
_08507_,9.52µm
_08586_,9.52µm
_08596_,9.52µm
_08598_,9.52µm
_08862_,9.52µm
_08897_,9.52µm
_08960_,9.52µm
_09003_,9.52µm
_09034_,9.52µm
_09038_,9.52µm
_09091_,9.52µm
_09720_,9.52µm
_09858_,9.52µm
_09930_,9.52µm
_10385_,9.52µm
_10490_,9.52µm
_10559_,9.52µm
_10670_,9.52µm
_10724_,9.52µm
_10752_,9.52µm
_10865_,9.52µm
_10886_,9.52µm
_10984_,9.52µm
_11077_,9.52µm
_11289_,9.52µm
_11343_,9.52µm
_11463_,9.52µm
_11653_,9.52µm
_11861_,9.52µm
_11862_,9.52µm
_12290_,9.52µm
pp_inst.core_inst.reg_state_i.data_d\[140\],9.52µm
pp_inst.core_inst.reg_state_i.data_d\[216\],9.52µm
pp_inst.fifo_data\[18\]\[13\],9.52µm
pp_inst.fifo_data\[19\]\[25\],9.52µm
pp_inst.fifo_data\[21\]\[19\],9.52µm
pp_inst.fifo_data\[22\]\[15\],9.52µm
pp_inst.fifo_data\[22\]\[31\],9.52µm
pp_inst.fifo_data\[35\]\[17\],9.52µm
pp_inst.fifo_data\[3\]\[16\],9.52µm
pp_inst.fifo_data\[41\]\[16\],9.52µm
pp_inst.fifo_data\[45\]\[30\],9.52µm
pp_inst.fifo_data\[47\]\[8\],9.52µm
pp_inst.fifo_data\[48\]\[27\],9.52µm
pp_inst.fifo_data\[48\]\[30\],9.52µm
pp_inst.fifo_data\[49\]\[31\],9.52µm
pp_inst.fifo_data\[54\]\[29\],9.52µm
net1890,9.51µm
net1876,9.35µm
pp_inst.fifo_data\[57\]\[2\],9.24µm
net1886,9.15µm
net1889,9.15µm
_03420_,9.11µm
_11610_,9.11µm
pp_inst.fifo_data\[0\]\[23\],9.11µm
pp_inst.fifo_data\[20\]\[21\],9.11µm
pp_inst.fifo_data\[34\]\[8\],9.11µm
pp_inst.fifo_data\[48\]\[4\],9.11µm
pp_inst.fifo_data\[55\]\[20\],9.11µm
pp_inst.fifo_data\[6\]\[4\],9.11µm
_01547_,9.06µm
_01553_,9.06µm
_02911_,9.06µm
_04535_,9.06µm
_04597_,9.06µm
_04925_,9.06µm
_05315_,9.06µm
_05813_,9.06µm
_06241_,9.06µm
_06340_,9.06µm
_06426_,9.06µm
_08555_,9.06µm
_09480_,9.06µm
_09756_,9.06µm
_10242_,9.06µm
_10396_,9.06µm
_10682_,9.06µm
_10823_,9.06µm
_10999_,9.06µm
_11095_,9.06µm
_11354_,9.06µm
_11931_,9.06µm
pp_inst.fifo_data\[19\]\[4\],9.06µm
pp_inst.fifo_data\[1\]\[9\],9.06µm
pp_inst.fifo_data\[21\]\[0\],9.06µm
pp_inst.fifo_data\[23\]\[6\],9.06µm
pp_inst.fifo_data\[33\]\[25\],9.06µm
pp_inst.fifo_data\[47\]\[6\],9.06µm
pp_inst.fifo_data\[48\]\[7\],9.06µm
pp_inst.fifo_data\[51\]\[13\],9.06µm
pp_inst.fifo_data\[7\]\[13\],9.06µm
pp_inst.fifo_data\[8\]\[17\],9.06µm
_00032_,9.01µm
_00143_,9.01µm
_00154_,9.01µm
_00163_,9.01µm
_00611_,9.01µm
_00825_,9.01µm
_00949_,9.01µm
_00950_,9.01µm
_00974_,9.01µm
_01009_,9.01µm
_01066_,9.01µm
_01097_,9.01µm
_01195_,9.01µm
_01232_,9.01µm
_01293_,9.01µm
_01307_,9.01µm
_01327_,9.01µm
_01362_,9.01µm
_01429_,9.01µm
_01431_,9.01µm
_01447_,9.01µm
_01473_,9.01µm
_01576_,9.01µm
_01584_,9.01µm
_01601_,9.01µm
_01740_,9.01µm
_01775_,9.01µm
_01811_,9.01µm
_01813_,9.01µm
_01856_,9.01µm
_01903_,9.01µm
_01907_,9.01µm
_01949_,9.01µm
_01970_,9.01µm
_02102_,9.01µm
_02133_,9.01µm
_02147_,9.01µm
_02153_,9.01µm
_02213_,9.01µm
_02225_,9.01µm
_02229_,9.01µm
_02244_,9.01µm
_02282_,9.01µm
_02318_,9.01µm
_02338_,9.01µm
_02376_,9.01µm
_02380_,9.01µm
_02420_,9.01µm
_02441_,9.01µm
_02446_,9.01µm
_02531_,9.01µm
_02539_,9.01µm
_02544_,9.01µm
_02574_,9.01µm
_02592_,9.01µm
_02624_,9.01µm
_02635_,9.01µm
_02638_,9.01µm
_02746_,9.01µm
_02799_,9.01µm
_02826_,9.01µm
_02846_,9.01µm
_02935_,9.01µm
_02973_,9.01µm
_03012_,9.01µm
_03038_,9.01µm
_03084_,9.01µm
_03137_,9.01µm
_03174_,9.01µm
_03199_,9.01µm
_03266_,9.01µm
_03312_,9.01µm
_03343_,9.01µm
_03356_,9.01µm
_03411_,9.01µm
_03461_,9.01µm
_03839_,9.01µm
_04162_,9.01µm
_04238_,9.01µm
_04440_,9.01µm
_04654_,9.01µm
_04682_,9.01µm
_04794_,9.01µm
_04916_,9.01µm
_05151_,9.01µm
_05510_,9.01µm
_05666_,9.01µm
_05766_,9.01µm
_06593_,9.01µm
_06610_,9.01µm
_06773_,9.01µm
_06842_,9.01µm
_07052_,9.01µm
_07098_,9.01µm
_07250_,9.01µm
_07263_,9.01µm
_07287_,9.01µm
_07508_,9.01µm
_07649_,9.01µm
_07807_,9.01µm
_07848_,9.01µm
_07979_,9.01µm
_08021_,9.01µm
_08033_,9.01µm
_08041_,9.01µm
_08194_,9.01µm
_08246_,9.01µm
_08335_,9.01µm
_08472_,9.01µm
_08484_,9.01µm
_08549_,9.01µm
_08951_,9.01µm
_09063_,9.01µm
_09330_,9.01µm
_09424_,9.01µm
_09479_,9.01µm
_09635_,9.01µm
_09788_,9.01µm
_10110_,9.01µm
_10197_,9.01µm
_10332_,9.01µm
_10409_,9.01µm
_10472_,9.01µm
_10522_,9.01µm
_10549_,9.01µm
_10726_,9.01µm
_11079_,9.01µm
_11135_,9.01µm
_11298_,9.01µm
_11304_,9.01µm
_11428_,9.01µm
_11434_,9.01µm
_11443_,9.01µm
_11568_,9.01µm
_11600_,9.01µm
_11656_,9.01µm
_11705_,9.01µm
_11745_,9.01µm
_12189_,9.01µm
_12221_,9.01µm
pp_inst.core_inst.reg_state_i.data_d\[0\],9.01µm
pp_inst.core_inst.reg_state_i.data_d\[213\],9.01µm
pp_inst.core_inst.reg_state_i.data_d\[233\],9.01µm
pp_inst.core_inst.reg_state_i.data_d\[80\],9.01µm
pp_inst.fifo_data\[11\]\[27\],9.01µm
pp_inst.fifo_data\[12\]\[16\],9.01µm
pp_inst.fifo_data\[20\]\[28\],9.01µm
pp_inst.fifo_data\[27\]\[24\],9.01µm
pp_inst.fifo_data\[29\]\[13\],9.01µm
pp_inst.fifo_data\[30\]\[11\],9.01µm
pp_inst.fifo_data\[31\]\[26\],9.01µm
pp_inst.fifo_data\[35\]\[21\],9.01µm
pp_inst.fifo_data\[43\]\[6\],9.01µm
pp_inst.fifo_data\[50\]\[2\],9.01µm
pp_inst.fifo_data\[52\]\[4\],9.01µm
pp_inst.fifo_data\[9\]\[21\],9.01µm
pp_inst.fifo_data\[9\]\[9\],9.01µm
spi_ctrl.tx_shift_reg\[18\],9.01µm
spi_ctrl.tx_stage\[22\],9.01µm
spi_ctrl.tx_stage\[25\],9.01µm
net1878,8.98µm
_00414_,8.96µm
_00415_,8.96µm
_00794_,8.96µm
_00864_,8.96µm
_00895_,8.96µm
_00906_,8.96µm
_00926_,8.96µm
_00941_,8.96µm
_00946_,8.96µm
_01057_,8.96µm
_01208_,8.96µm
_01274_,8.96µm
_01321_,8.96µm
_01347_,8.96µm
_01359_,8.96µm
_01369_,8.96µm
_01434_,8.96µm
_01496_,8.96µm
_01538_,8.96µm
_01653_,8.96µm
_01723_,8.96µm
_01840_,8.96µm
_02053_,8.96µm
_02069_,8.96µm
_02113_,8.96µm
_02188_,8.96µm
_02197_,8.96µm
_02236_,8.96µm
_02285_,8.96µm
_02578_,8.96µm
_02602_,8.96µm
_02655_,8.96µm
_02656_,8.96µm
_02735_,8.96µm
_02837_,8.96µm
_02956_,8.96µm
_02966_,8.96µm
_03016_,8.96µm
_03172_,8.96µm
_03441_,8.96µm
_03482_,8.96µm
_03538_,8.96µm
_03563_,8.96µm
_03737_,8.96µm
_03741_,8.96µm
_03809_,8.96µm
_03879_,8.96µm
_04047_,8.96µm
_04678_,8.96µm
_04724_,8.96µm
_04996_,8.96µm
_05124_,8.96µm
_05164_,8.96µm
_05189_,8.96µm
_05195_,8.96µm
_05221_,8.96µm
_05338_,8.96µm
_05367_,8.96µm
_05373_,8.96µm
_05382_,8.96µm
_05611_,8.96µm
_05740_,8.96µm
_05743_,8.96µm
_06052_,8.96µm
_06078_,8.96µm
_06101_,8.96µm
_06145_,8.96µm
_06218_,8.96µm
_06306_,8.96µm
_06322_,8.96µm
_06381_,8.96µm
_06390_,8.96µm
_06494_,8.96µm
_06519_,8.96µm
_06589_,8.96µm
_06673_,8.96µm
_06725_,8.96µm
_06763_,8.96µm
_06796_,8.96µm
_06907_,8.96µm
_06928_,8.96µm
_06959_,8.96µm
_07034_,8.96µm
_07157_,8.96µm
_07301_,8.96µm
_07403_,8.96µm
_07523_,8.96µm
_07647_,8.96µm
_07655_,8.96µm
_07664_,8.96µm
_07688_,8.96µm
_07762_,8.96µm
_07824_,8.96µm
_07952_,8.96µm
_07981_,8.96µm
_08015_,8.96µm
_08237_,8.96µm
_08296_,8.96µm
_08313_,8.96µm
_08513_,8.96µm
_08608_,8.96µm
_08618_,8.96µm
_08623_,8.96µm
_08711_,8.96µm
_08746_,8.96µm
_08993_,8.96µm
_08994_,8.96µm
_09099_,8.96µm
_09139_,8.96µm
_09215_,8.96µm
_09653_,8.96µm
_09844_,8.96µm
_10117_,8.96µm
_10145_,8.96µm
_10176_,8.96µm
_10183_,8.96µm
_10231_,8.96µm
_10247_,8.96µm
_10584_,8.96µm
_10723_,8.96µm
_10745_,8.96µm
_10756_,8.96µm
_11025_,8.96µm
_11179_,8.96µm
_11215_,8.96µm
_11389_,8.96µm
_11561_,8.96µm
_11627_,8.96µm
_11724_,8.96µm
_11801_,8.96µm
_11828_,8.96µm
_11880_,8.96µm
_11896_,8.96µm
_12086_,8.96µm
_12089_,8.96µm
pp_inst.core_inst.reg_state_i.data_d\[121\],8.96µm
pp_inst.core_inst.reg_state_i.data_d\[125\],8.96µm
pp_inst.core_inst.reg_state_i.data_d\[135\],8.96µm
pp_inst.core_inst.reg_state_i.data_d\[187\],8.96µm
pp_inst.core_inst.reg_state_i.data_d\[94\],8.96µm
pp_inst.fifo_data\[12\]\[26\],8.96µm
pp_inst.fifo_data\[14\]\[10\],8.96µm
pp_inst.fifo_data\[16\]\[20\],8.96µm
pp_inst.fifo_data\[22\]\[30\],8.96µm
pp_inst.fifo_data\[51\]\[31\],8.96µm
pp_inst.fifo_data\[52\]\[23\],8.96µm
pp_inst.fifo_data\[53\]\[13\],8.96µm
pp_inst.fifo_data\[56\]\[12\],8.96µm
pp_inst.fifo_data\[61\]\[21\],8.96µm
pp_inst.fifo_data\[61\]\[7\],8.96µm
pp_inst.fifo_data\[6\]\[15\],8.96µm
pp_inst.fifo_data\[9\]\[27\],8.96µm
spi_ctrl.tx_stage\[0\],8.96µm
net1879,8.87µm
pp_inst.fifo_data\[34\]\[29\],8.83µm
pp_inst.fifo_data\[31\]\[9\],8.6µm
_01666_,8.55µm
_08465_,8.55µm
bdi\[18\],8.55µm
pp_inst.fifo_data\[24\]\[0\],8.55µm
pp_inst.fifo_data\[6\]\[27\],8.55µm
pp_inst.fifo_data\[8\]\[23\],8.55µm
rst,8.52µm
_00357_,8.5µm
_00660_,8.5µm
_03472_,8.5µm
_04756_,8.5µm
_04877_,8.5µm
_04948_,8.5µm
_05058_,8.5µm
_05443_,8.5µm
_05464_,8.5µm
_05643_,8.5µm
_05770_,8.5µm
_06047_,8.5µm
_06232_,8.5µm
_06576_,8.5µm
_06720_,8.5µm
_06818_,8.5µm
_07195_,8.5µm
_07562_,8.5µm
_07629_,8.5µm
_08657_,8.5µm
_08825_,8.5µm
_09150_,8.5µm
_09214_,8.5µm
_09286_,8.5µm
_09386_,8.5µm
_09745_,8.5µm
_10138_,8.5µm
_10509_,8.5µm
_10587_,8.5µm
_10632_,8.5µm
_10909_,8.5µm
pp_inst.fifo_data\[10\]\[20\],8.5µm
pp_inst.fifo_data\[23\]\[21\],8.5µm
pp_inst.fifo_data\[24\]\[7\],8.5µm
pp_inst.fifo_data\[26\]\[23\],8.5µm
pp_inst.fifo_data\[28\]\[14\],8.5µm
pp_inst.fifo_data\[30\]\[7\],8.5µm
pp_inst.fifo_data\[35\]\[1\],8.5µm
pp_inst.fifo_data\[38\]\[8\],8.5µm
pp_inst.fifo_data\[40\]\[6\],8.5µm
pp_inst.fifo_data\[46\]\[8\],8.5µm
pp_inst.fifo_data\[4\]\[29\],8.5µm
pp_inst.fifo_data\[53\]\[15\],8.5µm
pp_inst.fifo_data\[58\]\[9\],8.5µm
pp_inst.fifo_data\[5\]\[12\],8.5µm
spi_ctrl.tx_stage\[11\],8.5µm
_00016_,8.45µm
_00251_,8.45µm
_00306_,8.45µm
_00346_,8.45µm
_00530_,8.45µm
_00597_,8.45µm
_00813_,8.45µm
_00830_,8.45µm
_00891_,8.45µm
_00924_,8.45µm
_00968_,8.45µm
_00978_,8.45µm
_01035_,8.45µm
_01108_,8.45µm
_01115_,8.45µm
_01182_,8.45µm
_01191_,8.45µm
_01263_,8.45µm
_01322_,8.45µm
_01328_,8.45µm
_01329_,8.45µm
_01340_,8.45µm
_01355_,8.45µm
_01481_,8.45µm
_01501_,8.45µm
_01507_,8.45µm
_01568_,8.45µm
_01590_,8.45µm
_01619_,8.45µm
_01747_,8.45µm
_01751_,8.45µm
_01762_,8.45µm
_01768_,8.45µm
_01769_,8.45µm
_01801_,8.45µm
_01818_,8.45µm
_01826_,8.45µm
_01834_,8.45µm
_01845_,8.45µm
_01853_,8.45µm
_01870_,8.45µm
_01874_,8.45µm
_01887_,8.45µm
_01889_,8.45µm
_01921_,8.45µm
_01930_,8.45µm
_02010_,8.45µm
_02049_,8.45µm
_02073_,8.45µm
_02093_,8.45µm
_02184_,8.45µm
_02194_,8.45µm
_02210_,8.45µm
_02241_,8.45µm
_02247_,8.45µm
_02308_,8.45µm
_02341_,8.45µm
_02399_,8.45µm
_02438_,8.45µm
_02493_,8.45µm
_02548_,8.45µm
_02658_,8.45µm
_02674_,8.45µm
_02729_,8.45µm
_02811_,8.45µm
_02813_,8.45µm
_02858_,8.45µm
_02950_,8.45µm
_03027_,8.45µm
_03062_,8.45µm
_03065_,8.45µm
_03182_,8.45µm
_03208_,8.45µm
_03246_,8.45µm
_03349_,8.45µm
_03513_,8.45µm
_03773_,8.45µm
_03858_,8.45µm
_04011_,8.45µm
_04101_,8.45µm
_04109_,8.45µm
_04172_,8.45µm
_04387_,8.45µm
_04416_,8.45µm
_04439_,8.45µm
_04461_,8.45µm
_04541_,8.45µm
_04570_,8.45µm
_04657_,8.45µm
_04668_,8.45µm
_04681_,8.45µm
_04683_,8.45µm
_04726_,8.45µm
_04867_,8.45µm
_05314_,8.45µm
_05372_,8.45µm
_05670_,8.45µm
_05909_,8.45µm
_06287_,8.45µm
_06539_,8.45µm
_06568_,8.45µm
_06635_,8.45µm
_06693_,8.45µm
_06739_,8.45µm
_06876_,8.45µm
_06916_,8.45µm
_07640_,8.45µm
_07813_,8.45µm
_07847_,8.45µm
_08127_,8.45µm
_08368_,8.45µm
_08536_,8.45µm
_08880_,8.45µm
_08956_,8.45µm
_08969_,8.45µm
_08974_,8.45µm
_09020_,8.45µm
_09089_,8.45µm
_09327_,8.45µm
_09329_,8.45µm
_09708_,8.45µm
_09792_,8.45µm
_09938_,8.45µm
_09968_,8.45µm
_10050_,8.45µm
_10312_,8.45µm
_10397_,8.45µm
_10655_,8.45µm
_10753_,8.45µm
_10856_,8.45µm
_10908_,8.45µm
_10980_,8.45µm
_11003_,8.45µm
_11076_,8.45µm
_11223_,8.45µm
_11408_,8.45µm
_11420_,8.45µm
_11470_,8.45µm
_11585_,8.45µm
_11711_,8.45µm
_11784_,8.45µm
_12263_,8.45µm
_12264_,8.45µm
_12288_,8.45µm
pp_inst.core_inst.reg_state_i.data_d\[124\],8.45µm
pp_inst.core_inst.reg_state_i.data_d\[90\],8.45µm
pp_inst.fifo_data\[0\]\[24\],8.45µm
pp_inst.fifo_data\[20\]\[0\],8.45µm
pp_inst.fifo_data\[34\]\[25\],8.45µm
pp_inst.fifo_data\[37\]\[3\],8.45µm
pp_inst.fifo_data\[46\]\[23\],8.45µm
pp_inst.fifo_data\[47\]\[25\],8.45µm
pp_inst.fifo_data\[4\]\[13\],8.45µm
pp_inst.fifo_data\[54\]\[0\],8.45µm
pp_inst.fifo_data\[54\]\[26\],8.45µm
pp_inst.fifo_data\[59\]\[21\],8.45µm
pp_inst.fifo_data\[59\]\[22\],8.45µm
pp_inst.fifo_data\[62\]\[18\],8.45µm
spi_ctrl.tx_stage\[19\],8.45µm
sclk,8.44µm
net1887,8.435µm
_00054_,8.4µm
_00101_,8.4µm
_00117_,8.4µm
_00194_,8.4µm
_00292_,8.4µm
_00349_,8.4µm
_00352_,8.4µm
_00675_,8.4µm
_00907_,8.4µm
_00996_,8.4µm
_01142_,8.4µm
_01149_,8.4µm
_01205_,8.4µm
_01229_,8.4µm
_01238_,8.4µm
_01309_,8.4µm
_01333_,8.4µm
_01409_,8.4µm
_01416_,8.4µm
_01428_,8.4µm
_01512_,8.4µm
_01645_,8.4µm
_01665_,8.4µm
_01749_,8.4µm
_01754_,8.4µm
_01756_,8.4µm
_01781_,8.4µm
_01790_,8.4µm
_01888_,8.4µm
_01984_,8.4µm
_02067_,8.4µm
_02080_,8.4µm
_02171_,8.4µm
_02242_,8.4µm
_02274_,8.4µm
_02279_,8.4µm
_02337_,8.4µm
_02357_,8.4µm
_02381_,8.4µm
_02431_,8.4µm
_02466_,8.4µm
_02478_,8.4µm
_02482_,8.4µm
_02542_,8.4µm
_02584_,8.4µm
_02636_,8.4µm
_02664_,8.4µm
_02703_,8.4µm
_02801_,8.4µm
_02870_,8.4µm
_02920_,8.4µm
_02962_,8.4µm
_03009_,8.4µm
_03035_,8.4µm
_03057_,8.4µm
_03059_,8.4µm
_03092_,8.4µm
_03133_,8.4µm
_03167_,8.4µm
_03176_,8.4µm
_03508_,8.4µm
_03529_,8.4µm
_03723_,8.4µm
_03763_,8.4µm
_03832_,8.4µm
_03895_,8.4µm
_03901_,8.4µm
_03936_,8.4µm
_03967_,8.4µm
_04035_,8.4µm
_04123_,8.4µm
_04157_,8.4µm
_04280_,8.4µm
_04327_,8.4µm
_04349_,8.4µm
_04404_,8.4µm
_04431_,8.4µm
_04464_,8.4µm
_04591_,8.4µm
_04706_,8.4µm
_04719_,8.4µm
_04733_,8.4µm
_04818_,8.4µm
_04843_,8.4µm
_04929_,8.4µm
_04934_,8.4µm
_04941_,8.4µm
_05029_,8.4µm
_05174_,8.4µm
_05243_,8.4µm
_05280_,8.4µm
_05309_,8.4µm
_05312_,8.4µm
_05324_,8.4µm
_05387_,8.4µm
_05472_,8.4µm
_05473_,8.4µm
_05502_,8.4µm
_05545_,8.4µm
_05578_,8.4µm
_05753_,8.4µm
_05801_,8.4µm
_05814_,8.4µm
_05846_,8.4µm
_05852_,8.4µm
_05855_,8.4µm
_05954_,8.4µm
_06073_,8.4µm
_06220_,8.4µm
_06235_,8.4µm
_06366_,8.4µm
_06544_,8.4µm
_06644_,8.4µm
_06721_,8.4µm
_06723_,8.4µm
_06808_,8.4µm
_06890_,8.4µm
_06957_,8.4µm
_07020_,8.4µm
_07147_,8.4µm
_07164_,8.4µm
_07178_,8.4µm
_07228_,8.4µm
_07256_,8.4µm
_07272_,8.4µm
_07282_,8.4µm
_07348_,8.4µm
_07426_,8.4µm
_07453_,8.4µm
_07590_,8.4µm
_07595_,8.4µm
_07601_,8.4µm
_07769_,8.4µm
_07776_,8.4µm
_07784_,8.4µm
_07893_,8.4µm
_07926_,8.4µm
_07935_,8.4µm
_08005_,8.4µm
_08084_,8.4µm
_08170_,8.4µm
_08319_,8.4µm
_08332_,8.4µm
_08390_,8.4µm
_08548_,8.4µm
_08551_,8.4µm
_08633_,8.4µm
_08691_,8.4µm
_08919_,8.4µm
_08927_,8.4µm
_08990_,8.4µm
_08995_,8.4µm
_09057_,8.4µm
_09069_,8.4µm
_09097_,8.4µm
_09349_,8.4µm
_09797_,8.4µm
_09835_,8.4µm
_09926_,8.4µm
_10041_,8.4µm
_10056_,8.4µm
_10201_,8.4µm
_10214_,8.4µm
_10326_,8.4µm
_10401_,8.4µm
_10679_,8.4µm
_10732_,8.4µm
_10847_,8.4µm
_10873_,8.4µm
_11097_,8.4µm
_11207_,8.4µm
_11256_,8.4µm
_11279_,8.4µm
_11368_,8.4µm
_11451_,8.4µm
_11533_,8.4µm
_11539_,8.4µm
_11617_,8.4µm
_11623_,8.4µm
_11639_,8.4µm
_11871_,8.4µm
_12083_,8.4µm
_12133_,8.4µm
_12195_,8.4µm
bdi\[23\],8.4µm
pp_inst.core_inst.reg_state_i.data_d\[173\],8.4µm
pp_inst.core_inst.reg_state_i.data_d\[210\],8.4µm
pp_inst.core_inst.reg_state_i.data_d\[242\],8.4µm
pp_inst.fifo_data\[16\]\[2\],8.4µm
pp_inst.fifo_data\[33\]\[21\],8.4µm
pp_inst.fifo_data\[34\]\[7\],8.4µm
pp_inst.fifo_data\[39\]\[13\],8.4µm
pp_inst.fifo_data\[47\]\[26\],8.4µm
pp_inst.fifo_data\[4\]\[16\],8.4µm
pp_inst.fifo_data\[8\]\[25\],8.4µm
spi_ctrl.state\[9\],8.4µm
net1877,8.31µm
pp_inst.fifo_data\[37\]\[11\],8.17µm
_11018_,8.09µm
_05664_,7.99µm
_06168_,7.99µm
_11662_,7.99µm
_11750_,7.99µm
pp_inst.fifo_data\[12\]\[2\],7.99µm
pp_inst.fifo_data\[2\]\[17\],7.99µm
pp_inst.fifo_data\[32\]\[18\],7.99µm
pp_inst.fifo_data\[50\]\[16\],7.99µm
pp_inst.fifo_data\[9\]\[17\],7.99µm
_02091_,7.94µm
_02128_,7.94µm
_02558_,7.94µm
_02577_,7.94µm
_02672_,7.94µm
_02960_,7.94µm
_03051_,7.94µm
_03243_,7.94µm
_03687_,7.94µm
_04310_,7.94µm
_04377_,7.94µm
_04389_,7.94µm
_04811_,7.94µm
_05834_,7.94µm
_05950_,7.94µm
_06894_,7.94µm
_07337_,7.94µm
_07370_,7.94µm
_07940_,7.94µm
_08497_,7.94µm
_09229_,7.94µm
_09586_,7.94µm
_10162_,7.94µm
_10259_,7.94µm
_11156_,7.94µm
_11383_,7.94µm
_11674_,7.94µm
_11703_,7.94µm
_11737_,7.94µm
bdi\[27\],7.94µm
pp_inst.fifo_data\[0\]\[6\],7.94µm
pp_inst.fifo_data\[10\]\[24\],7.94µm
pp_inst.fifo_data\[15\]\[18\],7.94µm
pp_inst.fifo_data\[18\]\[30\],7.94µm
pp_inst.fifo_data\[1\]\[4\],7.94µm
pp_inst.fifo_data\[24\]\[26\],7.94µm
pp_inst.fifo_data\[29\]\[2\],7.94µm
pp_inst.fifo_data\[40\]\[18\],7.94µm
pp_inst.fifo_data\[43\]\[30\],7.94µm
pp_inst.fifo_data\[47\]\[24\],7.94µm
pp_inst.fifo_data\[47\]\[31\],7.94µm
pp_inst.fifo_data\[52\]\[26\],7.94µm
pp_inst.fifo_data\[55\]\[24\],7.94µm
pp_inst.fifo_data\[7\]\[25\],7.94µm
pp_inst.fifo_data\[8\]\[20\],7.94µm
pp_inst.fifo_data\[9\]\[0\],7.94µm
_00014_,7.89µm
_00019_,7.89µm
_00130_,7.89µm
_00203_,7.89µm
_00246_,7.89µm
_00457_,7.89µm
_00546_,7.89µm
_00579_,7.89µm
_00655_,7.89µm
_00687_,7.89µm
_00912_,7.89µm
_00956_,7.89µm
_00972_,7.89µm
_00983_,7.89µm
_01003_,7.89µm
_01095_,7.89µm
_01101_,7.89µm
_01176_,7.89µm
_01254_,7.89µm
_01323_,7.89µm
_01363_,7.89µm
_01381_,7.89µm
_01401_,7.89µm
_01477_,7.89µm
_01488_,7.89µm
_01503_,7.89µm
_01589_,7.89µm
_01603_,7.89µm
_01669_,7.89µm
_01689_,7.89µm
_01745_,7.89µm
_01772_,7.89µm
_01791_,7.89µm
_01820_,7.89µm
_01843_,7.89µm
_01852_,7.89µm
_01862_,7.89µm
_01868_,7.89µm
_01990_,7.89µm
_02004_,7.89µm
_02005_,7.89µm
_02068_,7.89µm
_02083_,7.89µm
_02084_,7.89µm
_02150_,7.89µm
_02178_,7.89µm
_02252_,7.89µm
_02290_,7.89µm
_02363_,7.89µm
_02429_,7.89µm
_02448_,7.89µm
_02504_,7.89µm
_02598_,7.89µm
_02612_,7.89µm
_02622_,7.89µm
_02639_,7.89µm
_02646_,7.89µm
_02673_,7.89µm
_02692_,7.89µm
_02695_,7.89µm
_02715_,7.89µm
_02791_,7.89µm
_02796_,7.89µm
_02797_,7.89µm
_02806_,7.89µm
_02815_,7.89µm
_02851_,7.89µm
_02927_,7.89µm
_03010_,7.89µm
_03042_,7.89µm
_03056_,7.89µm
_03079_,7.89µm
_03082_,7.89µm
_03093_,7.89µm
_03097_,7.89µm
_03224_,7.89µm
_03250_,7.89µm
_03274_,7.89µm
_03286_,7.89µm
_03318_,7.89µm
_03400_,7.89µm
_03458_,7.89µm
_03490_,7.89µm
_03815_,7.89µm
_03912_,7.89µm
_04296_,7.89µm
_04300_,7.89µm
_04649_,7.89µm
_04671_,7.89µm
_04844_,7.89µm
_04935_,7.89µm
_05175_,7.89µm
_05355_,7.89µm
_05366_,7.89µm
_05691_,7.89µm
_05760_,7.89µm
_05772_,7.89µm
_05816_,7.89µm
_05876_,7.89µm
_05925_,7.89µm
_05971_,7.89µm
_05973_,7.89µm
_06035_,7.89µm
_06057_,7.89µm
_06274_,7.89µm
_06353_,7.89µm
_06394_,7.89µm
_06600_,7.89µm
_06665_,7.89µm
_06867_,7.89µm
_06888_,7.89µm
_06898_,7.89µm
_07116_,7.89µm
_07154_,7.89µm
_07168_,7.89µm
_07249_,7.89µm
_07505_,7.89µm
_07571_,7.89µm
_07585_,7.89µm
_07603_,7.89µm
_07619_,7.89µm
_08188_,7.89µm
_08464_,7.89µm
_08560_,7.89µm
_08565_,7.89µm
_08763_,7.89µm
_08813_,7.89µm
_08889_,7.89µm
_09025_,7.89µm
_09133_,7.89µm
_09809_,7.89µm
_09840_,7.89µm
_09856_,7.89µm
_10120_,7.89µm
_10144_,7.89µm
_10297_,7.89µm
_10790_,7.89µm
_10804_,7.89µm
_10884_,7.89µm
_10918_,7.89µm
_10995_,7.89µm
_11385_,7.89µm
_11486_,7.89µm
_11567_,7.89µm
_11602_,7.89µm
_11857_,7.89µm
_12150_,7.89µm
_12206_,7.89µm
_12226_,7.89µm
pp_inst.core_inst.reg_state_i.data_d\[108\],7.89µm
pp_inst.core_inst.reg_state_i.data_d\[149\],7.89µm
pp_inst.core_inst.reg_state_i.data_d\[226\],7.89µm
pp_inst.core_inst.reg_state_i.data_d\[229\],7.89µm
pp_inst.core_inst.reg_state_i.data_d\[241\],7.89µm
pp_inst.core_inst.reg_state_i.data_d\[74\],7.89µm
pp_inst.fifo_data\[16\]\[10\],7.89µm
pp_inst.fifo_data\[1\]\[0\],7.89µm
pp_inst.fifo_data\[50\]\[11\],7.89µm
pp_inst.fifo_data\[50\]\[7\],7.89µm
pp_inst.fifo_data\[56\]\[29\],7.89µm
pp_inst.fifo_data\[59\]\[13\],7.89µm
pp_inst.fifo_data\[5\]\[28\],7.89µm
_00034_,7.84µm
_00069_,7.84µm
_00074_,7.84µm
_00084_,7.84µm
_00225_,7.84µm
_00229_,7.84µm
_00257_,7.84µm
_00266_,7.84µm
_00316_,7.84µm
_00324_,7.84µm
_00376_,7.84µm
_00479_,7.84µm
_00520_,7.84µm
_00705_,7.84µm
_00786_,7.84µm
_00804_,7.84µm
_00831_,7.84µm
_00885_,7.84µm
_00905_,7.84µm
_00928_,7.84µm
_01021_,7.84µm
_01027_,7.84µm
_01072_,7.84µm
_01074_,7.84µm
_01084_,7.84µm
_01085_,7.84µm
_01112_,7.84µm
_01125_,7.84µm
_01128_,7.84µm
_01173_,7.84µm
_01192_,7.84µm
_01314_,7.84µm
_01348_,7.84µm
_01367_,7.84µm
_01393_,7.84µm
_01406_,7.84µm
_01443_,7.84µm
_01458_,7.84µm
_01465_,7.84µm
_01508_,7.84µm
_01618_,7.84µm
_01656_,7.84µm
_01759_,7.84µm
_01778_,7.84µm
_01783_,7.84µm
_01797_,7.84µm
_01815_,7.84µm
_01824_,7.84µm
_01880_,7.84µm
_01905_,7.84µm
_01958_,7.84µm
_02142_,7.84µm
_02156_,7.84µm
_02224_,7.84µm
_02230_,7.84µm
_02240_,7.84µm
_02271_,7.84µm
_02327_,7.84µm
_02506_,7.84µm
_02527_,7.84µm
_02628_,7.84µm
_02753_,7.84µm
_02775_,7.84µm
_02793_,7.84µm
_02841_,7.84µm
_02850_,7.84µm
_02857_,7.84µm
_02883_,7.84µm
_03040_,7.84µm
_03090_,7.84µm
_03100_,7.84µm
_03138_,7.84µm
_03181_,7.84µm
_03193_,7.84µm
_03196_,7.84µm
_03239_,7.84µm
_03277_,7.84µm
_03282_,7.84µm
_03302_,7.84µm
_03303_,7.84µm
_03327_,7.84µm
_03334_,7.84µm
_03338_,7.84µm
_03347_,7.84µm
_03423_,7.84µm
_03443_,7.84µm
_03478_,7.84µm
_03554_,7.84µm
_03583_,7.84µm
_03588_,7.84µm
_03623_,7.84µm
_03650_,7.84µm
_03674_,7.84µm
_03692_,7.84µm
_03781_,7.84µm
_03792_,7.84µm
_03894_,7.84µm
_03978_,7.84µm
_04055_,7.84µm
_04261_,7.84µm
_04409_,7.84µm
_04410_,7.84µm
_04478_,7.84µm
_04530_,7.84µm
_04544_,7.84µm
_04576_,7.84µm
_04595_,7.84µm
_04639_,7.84µm
_04695_,7.84µm
_04698_,7.84µm
_04748_,7.84µm
_04765_,7.84µm
_04840_,7.84µm
_04857_,7.84µm
_04904_,7.84µm
_04917_,7.84µm
_05010_,7.84µm
_05108_,7.84µm
_05179_,7.84µm
_05202_,7.84µm
_05220_,7.84µm
_05228_,7.84µm
_05304_,7.84µm
_05334_,7.84µm
_05346_,7.84µm
_05527_,7.84µm
_05594_,7.84µm
_05629_,7.84µm
_05701_,7.84µm
_05985_,7.84µm
_06013_,7.84µm
_06137_,7.84µm
_06148_,7.84µm
_06179_,7.84µm
_06243_,7.84µm
_06388_,7.84µm
_06521_,7.84µm
_06672_,7.84µm
_06727_,7.84µm
_06737_,7.84µm
_06786_,7.84µm
_06797_,7.84µm
_06836_,7.84µm
_06875_,7.84µm
_06885_,7.84µm
_06891_,7.84µm
_06941_,7.84µm
_06969_,7.84µm
_07000_,7.84µm
_07016_,7.84µm
_07108_,7.84µm
_07118_,7.84µm
_07152_,7.84µm
_07172_,7.84µm
_07175_,7.84µm
_07224_,7.84µm
_07232_,7.84µm
_07255_,7.84µm
_07318_,7.84µm
_07331_,7.84µm
_07335_,7.84µm
_07351_,7.84µm
_07369_,7.84µm
_07472_,7.84µm
_07519_,7.84µm
_07584_,7.84µm
_07586_,7.84µm
_07623_,7.84µm
_07624_,7.84µm
_07637_,7.84µm
_07661_,7.84µm
_07678_,7.84µm
_07698_,7.84µm
_07704_,7.84µm
_07739_,7.84µm
_07741_,7.84µm
_07744_,7.84µm
_07767_,7.84µm
_07777_,7.84µm
_07796_,7.84µm
_07825_,7.84µm
_07827_,7.84µm
_07838_,7.84µm
_07842_,7.84µm
_07869_,7.84µm
_07891_,7.84µm
_07895_,7.84µm
_07900_,7.84µm
_07908_,7.84µm
_07921_,7.84µm
_07985_,7.84µm
_07994_,7.84µm
_08013_,7.84µm
_08038_,7.84µm
_08064_,7.84µm
_08078_,7.84µm
_08140_,7.84µm
_08142_,7.84µm
_08155_,7.84µm
_08171_,7.84µm
_08205_,7.84µm
_08265_,7.84µm
_08274_,7.84µm
_08283_,7.84µm
_08316_,7.84µm
_08320_,7.84µm
_08324_,7.84µm
_08331_,7.84µm
_08347_,7.84µm
_08386_,7.84µm
_08428_,7.84µm
_08442_,7.84µm
_08451_,7.84µm
_08458_,7.84µm
_08461_,7.84µm
_08466_,7.84µm
_08470_,7.84µm
_08493_,7.84µm
_08496_,7.84µm
_08500_,7.84µm
_08542_,7.84µm
_08564_,7.84µm
_08658_,7.84µm
_08666_,7.84µm
_08694_,7.84µm
_08724_,7.84µm
_08731_,7.84µm
_08772_,7.84µm
_08798_,7.84µm
_08863_,7.84µm
_08887_,7.84µm
_08888_,7.84µm
_08930_,7.84µm
_08941_,7.84µm
_08948_,7.84µm
_09023_,7.84µm
_09032_,7.84µm
_09074_,7.84µm
_09076_,7.84µm
_09078_,7.84µm
_09084_,7.84µm
_09119_,7.84µm
_09374_,7.84µm
_09721_,7.84µm
_09805_,7.84µm
_09817_,7.84µm
_09870_,7.84µm
_10027_,7.84µm
_10142_,7.84µm
_10170_,7.84µm
_10206_,7.84µm
_10212_,7.84µm
_10260_,7.84µm
_10383_,7.84µm
_10400_,7.84µm
_10404_,7.84µm
_10424_,7.84µm
_10639_,7.84µm
_10713_,7.84µm
_10776_,7.84µm
_10826_,7.84µm
_10917_,7.84µm
_11028_,7.84µm
_11082_,7.84µm
_11150_,7.84µm
_11240_,7.84µm
_11275_,7.84µm
_11315_,7.84µm
_11367_,7.84µm
_11413_,7.84µm
_11515_,7.84µm
_11605_,7.84µm
_11657_,7.84µm
_11673_,7.84µm
_11765_,7.84µm
_11977_,7.84µm
_12142_,7.84µm
_12184_,7.84µm
_12272_,7.84µm
pp_inst.core_inst.reg_state_i.data_d\[146\],7.84µm
pp_inst.core_inst.reg_state_i.data_d\[153\],7.84µm
pp_inst.core_inst.reg_state_i.data_d\[185\],7.84µm
pp_inst.core_inst.reg_state_i.data_d\[235\],7.84µm
pp_inst.core_inst.reg_state_i.data_d\[244\],7.84µm
pp_inst.core_inst.reg_state_i.data_d\[92\],7.84µm
pp_inst.fifo_data\[11\]\[13\],7.84µm
pp_inst.fifo_data\[16\]\[14\],7.84µm
pp_inst.fifo_data\[1\]\[11\],7.84µm
pp_inst.fifo_data\[1\]\[5\],7.84µm
pp_inst.fifo_data\[34\]\[3\],7.84µm
pp_inst.fifo_data\[3\]\[0\],7.84µm
pp_inst.fifo_data\[46\]\[31\],7.84µm
pp_inst.fifo_data\[55\]\[17\],7.84µm
pp_inst.fifo_data\[57\]\[14\],7.84µm
pp_inst.fifo_data\[8\]\[15\],7.84µm
spi_ctrl.tx_shift_reg\[14\],7.84µm
pp_inst.fifo_data\[47\]\[7\],7.51µm
_02407_,7.43µm
_03101_,7.43µm
_04943_,7.43µm
_09207_,7.43µm
_09557_,7.43µm
_11686_,7.43µm
bdi\[11\],7.43µm
_00295_,7.38µm
_01320_,7.38µm
_02706_,7.38µm
_03031_,7.38µm
_03108_,7.38µm
_03190_,7.38µm
_03837_,7.38µm
_03987_,7.38µm
_04143_,7.38µm
_04635_,7.38µm
_04651_,7.38µm
_04798_,7.38µm
_05158_,7.38µm
_05256_,7.38µm
_05789_,7.38µm
_06479_,7.38µm
_06551_,7.38µm
_06561_,7.38µm
_06728_,7.38µm
_06762_,7.38µm
_07087_,7.38µm
_09616_,7.38µm
_09960_,7.38µm
_10099_,7.38µm
_10427_,7.38µm
_10796_,7.38µm
_11460_,7.38µm
_11489_,7.38µm
pp_inst.core_inst.reg_state_i.data_d\[118\],7.38µm
pp_inst.fifo_data\[11\]\[0\],7.38µm
pp_inst.fifo_data\[14\]\[12\],7.38µm
pp_inst.fifo_data\[25\]\[26\],7.38µm
pp_inst.fifo_data\[29\]\[5\],7.38µm
pp_inst.fifo_data\[3\]\[21\],7.38µm
pp_inst.fifo_data\[3\]\[26\],7.38µm
pp_inst.fifo_data\[46\]\[12\],7.38µm
pp_inst.fifo_data\[52\]\[15\],7.38µm
pp_inst.fifo_data\[56\]\[5\],7.38µm
pp_inst.fifo_data\[63\]\[0\],7.38µm
pp_inst.fifo_data\[9\]\[12\],7.38µm
_00039_,7.33µm
_00051_,7.33µm
_00067_,7.33µm
_00235_,7.33µm
_00480_,7.33µm
_00599_,7.33µm
_00669_,7.33µm
_00697_,7.33µm
_00717_,7.33µm
_00751_,7.33µm
_00753_,7.33µm
_00887_,7.33µm
_00908_,7.33µm
_00920_,7.33µm
_00952_,7.33µm
_00975_,7.33µm
_00989_,7.33µm
_00993_,7.33µm
_01109_,7.33µm
_01129_,7.33µm
_01209_,7.33µm
_01267_,7.33µm
_01288_,7.33µm
_01308_,7.33µm
_01351_,7.33µm
_01368_,7.33µm
_01427_,7.33µm
_01432_,7.33µm
_01456_,7.33µm
_01517_,7.33µm
_01537_,7.33µm
_01539_,7.33µm
_01550_,7.33µm
_01551_,7.33µm
_01586_,7.33µm
_01765_,7.33µm
_01777_,7.33µm
_01786_,7.33µm
_01793_,7.33µm
_01854_,7.33µm
_01857_,7.33µm
_01939_,7.33µm
_01947_,7.33µm
_01952_,7.33µm
_01998_,7.33µm
_02006_,7.33µm
_02013_,7.33µm
_02065_,7.33µm
_02136_,7.33µm
_02183_,7.33µm
_02198_,7.33µm
_02250_,7.33µm
_02375_,7.33µm
_02408_,7.33µm
_02417_,7.33µm
_02419_,7.33µm
_02422_,7.33µm
_02483_,7.33µm
_02568_,7.33µm
_02569_,7.33µm
_02621_,7.33µm
_02631_,7.33µm
_02654_,7.33µm
_02685_,7.33µm
_02686_,7.33µm
_02719_,7.33µm
_02720_,7.33µm
_02742_,7.33µm
_02747_,7.33µm
_02751_,7.33µm
_02853_,7.33µm
_02908_,7.33µm
_02912_,7.33µm
_02924_,7.33µm
_02939_,7.33µm
_03022_,7.33µm
_03029_,7.33µm
_03158_,7.33µm
_03226_,7.33µm
_03233_,7.33µm
_03276_,7.33µm
_03290_,7.33µm
_03589_,7.33µm
_03943_,7.33µm
_04090_,7.33µm
_04338_,7.33µm
_04341_,7.33µm
_04563_,7.33µm
_04846_,7.33µm
_04851_,7.33µm
_04913_,7.33µm
_05026_,7.33µm
_05053_,7.33µm
_05072_,7.33µm
_05116_,7.33µm
_05185_,7.33µm
_05264_,7.33µm
_05298_,7.33µm
_05299_,7.33µm
_05489_,7.33µm
_05490_,7.33µm
_05505_,7.33µm
_05692_,7.33µm
_05749_,7.33µm
_05881_,7.33µm
_05903_,7.33µm
_05942_,7.33µm
_06191_,7.33µm
_06193_,7.33µm
_06236_,7.33µm
_06261_,7.33µm
_06345_,7.33µm
_06387_,7.33µm
_06535_,7.33µm
_06603_,7.33µm
_06703_,7.33µm
_06793_,7.33µm
_06805_,7.33µm
_06899_,7.33µm
_06953_,7.33µm
_06976_,7.33µm
_07289_,7.33µm
_07371_,7.33µm
_07539_,7.33µm
_07794_,7.33µm
_07798_,7.33µm
_07914_,7.33µm
_08059_,7.33µm
_08183_,7.33µm
_08263_,7.33µm
_08379_,7.33µm
_08704_,7.33µm
_08732_,7.33µm
_08767_,7.33µm
_08827_,7.33µm
_08832_,7.33µm
_08913_,7.33µm
_09338_,7.33µm
_10420_,7.33µm
_10429_,7.33µm
_10441_,7.33µm
_10606_,7.33µm
_10797_,7.33µm
_10870_,7.33µm
_10935_,7.33µm
_11181_,7.33µm
_11270_,7.33µm
_11281_,7.33µm
_11449_,7.33µm
_11606_,7.33µm
_11743_,7.33µm
_11818_,7.33µm
_11827_,7.33µm
_11968_,7.33µm
_12097_,7.33µm
_12122_,7.33µm
_12292_,7.33µm
pp_inst.core_inst.reg_state_i.data_d\[155\],7.33µm
pp_inst.core_inst.reg_state_i.data_d\[165\],7.33µm
pp_inst.core_inst.reg_state_i.data_d\[175\],7.33µm
pp_inst.core_inst.reg_state_i.data_d\[188\],7.33µm
pp_inst.core_inst.reg_state_i.data_d\[251\],7.33µm
pp_inst.core_inst.reg_state_i.data_d\[93\],7.33µm
pp_inst.fifo_data\[20\]\[9\],7.33µm
pp_inst.fifo_data\[27\]\[7\],7.33µm
pp_inst.fifo_data\[40\]\[24\],7.33µm
pp_inst.fifo_data\[45\]\[16\],7.33µm
pp_inst.fifo_data\[47\]\[12\],7.33µm
pp_inst.fifo_data\[48\]\[2\],7.33µm
pp_inst.fifo_data\[4\]\[4\],7.33µm
pp_inst.fifo_data\[8\]\[8\],7.33µm
spi_ctrl.tx_stage\[26\],7.33µm
spi_ctrl.tx_stage\[28\],7.33µm
spi_ctrl.tx_stage\[30\],7.33µm
spi_ctrl.tx_stage\[6\],7.33µm
_00028_,7.28µm
_00197_,7.28µm
_00199_,7.28µm
_00483_,7.28µm
_00832_,7.28µm
_01019_,7.28µm
_01047_,7.28µm
_01162_,7.28µm
_01233_,7.28µm
_01379_,7.28µm
_01561_,7.28µm
_01608_,7.28µm
_01610_,7.28µm
_01660_,7.28µm
_01758_,7.28µm
_01833_,7.28µm
_01936_,7.28µm
_02132_,7.28µm
_02231_,7.28µm
_02454_,7.28µm
_02543_,7.28µm
_02565_,7.28µm
_02567_,7.28µm
_02705_,7.28µm
_02722_,7.28µm
_02744_,7.28µm
_02749_,7.28µm
_02934_,7.28µm
_02959_,7.28µm
_02982_,7.28µm
_03032_,7.28µm
_03180_,7.28µm
_03259_,7.28µm
_03341_,7.28µm
_03371_,7.28µm
_03476_,7.28µm
_03519_,7.28µm
_03625_,7.28µm
_03663_,7.28µm
_03701_,7.28µm
_03704_,7.28µm
_03945_,7.28µm
_04000_,7.28µm
_04013_,7.28µm
_04045_,7.28µm
_04114_,7.28µm
_04124_,7.28µm
_04209_,7.28µm
_04282_,7.28µm
_04345_,7.28µm
_04373_,7.28µm
_04489_,7.28µm
_04605_,7.28µm
_04650_,7.28µm
_04679_,7.28µm
_04728_,7.28µm
_04743_,7.28µm
_04779_,7.28µm
_04783_,7.28µm
_04791_,7.28µm
_04799_,7.28µm
_04832_,7.28µm
_04847_,7.28µm
_04895_,7.28µm
_04914_,7.28µm
_05004_,7.28µm
_05013_,7.28µm
_05165_,7.28µm
_05212_,7.28µm
_05240_,7.28µm
_05317_,7.28µm
_05326_,7.28µm
_05347_,7.28µm
_05415_,7.28µm
_05555_,7.28µm
_05586_,7.28µm
_05589_,7.28µm
_05602_,7.28µm
_05641_,7.28µm
_05658_,7.28µm
_05682_,7.28µm
_05714_,7.28µm
_05733_,7.28µm
_05745_,7.28µm
_05758_,7.28µm
_05780_,7.28µm
_05897_,7.28µm
_05913_,7.28µm
_05923_,7.28µm
_05937_,7.28µm
_06109_,7.28µm
_06130_,7.28µm
_06157_,7.28µm
_06158_,7.28µm
_06245_,7.28µm
_06282_,7.28µm
_06290_,7.28µm
_06356_,7.28µm
_06392_,7.28µm
_06438_,7.28µm
_06617_,7.28µm
_06626_,7.28µm
_06663_,7.28µm
_06716_,7.28µm
_06749_,7.28µm
_06829_,7.28µm
_06878_,7.28µm
_06909_,7.28µm
_06917_,7.28µm
_06924_,7.28µm
_06937_,7.28µm
_06958_,7.28µm
_06973_,7.28µm
_07081_,7.28µm
_07094_,7.28µm
_07097_,7.28µm
_07113_,7.28µm
_07125_,7.28µm
_07185_,7.28µm
_07270_,7.28µm
_07298_,7.28µm
_07302_,7.28µm
_07321_,7.28µm
_07379_,7.28µm
_07478_,7.28µm
_07491_,7.28µm
_07496_,7.28µm
_07506_,7.28µm
_07518_,7.28µm
_07576_,7.28µm
_07654_,7.28µm
_07667_,7.28µm
_07701_,7.28µm
_07710_,7.28µm
_07719_,7.28µm
_07720_,7.28µm
_07786_,7.28µm
_07814_,7.28µm
_07818_,7.28µm
_07834_,7.28µm
_07850_,7.28µm
_07853_,7.28µm
_07867_,7.28µm
_07868_,7.28µm
_07886_,7.28µm
_07909_,7.28µm
_07975_,7.28µm
_07999_,7.28µm
_08002_,7.28µm
_08047_,7.28µm
_08074_,7.28µm
_08080_,7.28µm
_08081_,7.28µm
_08090_,7.28µm
_08092_,7.28µm
_08093_,7.28µm
_08139_,7.28µm
_08157_,7.28µm
_08160_,7.28µm
_08190_,7.28µm
_08221_,7.28µm
_08223_,7.28µm
_08235_,7.28µm
_08304_,7.28µm
_08309_,7.28µm
_08327_,7.28µm
_08346_,7.28µm
_08358_,7.28µm
_08362_,7.28µm
_08377_,7.28µm
_08388_,7.28µm
_08391_,7.28µm
_08395_,7.28µm
_08411_,7.28µm
_08434_,7.28µm
_08499_,7.28µm
_08502_,7.28µm
_08541_,7.28µm
_08589_,7.28µm
_08612_,7.28µm
_08722_,7.28µm
_08735_,7.28µm
_08741_,7.28µm
_08754_,7.28µm
_08790_,7.28µm
_08822_,7.28µm
_08826_,7.28µm
_08830_,7.28µm
_08860_,7.28µm
_08893_,7.28µm
_08898_,7.28µm
_08905_,7.28µm
_08945_,7.28µm
_08946_,7.28µm
_09047_,7.28µm
_09131_,7.28µm
_09181_,7.28µm
_09580_,7.28µm
_09617_,7.28µm
_09626_,7.28µm
_09804_,7.28µm
_09866_,7.28µm
_09875_,7.28µm
_09917_,7.28µm
_09924_,7.28µm
_10097_,7.28µm
_10169_,7.28µm
_10235_,7.28µm
_10478_,7.28µm
_10537_,7.28µm
_10633_,7.28µm
_10683_,7.28µm
_10709_,7.28µm
_10781_,7.28µm
_10794_,7.28µm
_10799_,7.28µm
_10936_,7.28µm
_10944_,7.28µm
_10979_,7.28µm
_11004_,7.28µm
_11065_,7.28µm
_11078_,7.28µm
_11106_,7.28µm
_11138_,7.28µm
_11158_,7.28µm
_11213_,7.28µm
_11345_,7.28µm
_11377_,7.28µm
_11399_,7.28µm
_11458_,7.28µm
_11497_,7.28µm
_11524_,7.28µm
_11531_,7.28µm
_11555_,7.28µm
_11635_,7.28µm
_11665_,7.28µm
_11700_,7.28µm
_11707_,7.28µm
_11710_,7.28µm
_11811_,7.28µm
_11816_,7.28µm
_11897_,7.28µm
_12111_,7.28µm
_12190_,7.28µm
_12245_,7.28µm
_12253_,7.28µm
pp_inst.core_inst.reg_state_i.data_d\[103\],7.28µm
pp_inst.core_inst.reg_state_i.data_d\[106\],7.28µm
pp_inst.core_inst.reg_state_i.data_d\[148\],7.28µm
pp_inst.core_inst.reg_state_i.data_d\[222\],7.28µm
pp_inst.core_inst.reg_state_i.data_d\[65\],7.28µm
pp_inst.core_inst.reg_state_i.data_d\[75\],7.28µm
pp_inst.core_inst.reg_state_i.data_d\[77\],7.28µm
pp_inst.core_inst.reg_state_i.data_d\[79\],7.28µm
pp_inst.core_inst.reg_state_i.data_d\[81\],7.28µm
pp_inst.core_inst.reg_state_i.data_d\[88\],7.28µm
pp_inst.fifo_data\[12\]\[18\],7.28µm
pp_inst.fifo_data\[14\]\[0\],7.28µm
pp_inst.fifo_data\[31\]\[11\],7.28µm
pp_inst.fifo_data\[38\]\[6\],7.28µm
pp_inst.fifo_data\[39\]\[31\],7.28µm
pp_inst.fifo_data\[42\]\[8\],7.28µm
pp_inst.fifo_data\[47\]\[28\],7.28µm
pp_inst.fifo_data\[56\]\[7\],7.28µm
pp_inst.fifo_data\[7\]\[22\],7.28µm
spi_ctrl.pend_word\[29\],7.28µm
spi_ctrl.tx_shift_reg\[26\],7.28µm
spi_phy.tx_reg\[0\],7.28µm
_05182_,6.87µm
_01036_,6.82µm
_01061_,6.82µm
_02286_,6.82µm
_03596_,6.82µm
_04525_,6.82µm
_05286_,6.82µm
_05386_,6.82µm
_05536_,6.82µm
_05721_,6.82µm
_06043_,6.82µm
_06095_,6.82µm
_06173_,6.82µm
_06296_,6.82µm
_06586_,6.82µm
_07089_,6.82µm
_07190_,6.82µm
_07408_,6.82µm
_07677_,6.82µm
_08778_,6.82µm
_08807_,6.82µm
_09174_,6.82µm
_09971_,6.82µm
_10051_,6.82µm
_11162_,6.82µm
_11467_,6.82µm
_11628_,6.82µm
_11644_,6.82µm
pp_inst.core_inst.reg_state_i.data_d\[166\],6.82µm
pp_inst.fifo_data\[12\]\[6\],6.82µm
pp_inst.fifo_data\[17\]\[25\],6.82µm
pp_inst.fifo_data\[20\]\[23\],6.82µm
pp_inst.fifo_data\[26\]\[0\],6.82µm
pp_inst.fifo_data\[41\]\[23\],6.82µm
pp_inst.fifo_data\[47\]\[20\],6.82µm
pp_inst.fifo_data\[57\]\[21\],6.82µm
pp_inst.fifo_data\[57\]\[29\],6.82µm
pp_inst.fifo_data\[63\]\[12\],6.82µm
pp_inst.fifo_data\[6\]\[24\],6.82µm
spi_ctrl.tx_stage\[7\],6.82µm
_00128_,6.77µm
_00444_,6.77µm
_00514_,6.77µm
_00708_,6.77µm
_00821_,6.77µm
_00849_,6.77µm
_00878_,6.77µm
_00914_,6.77µm
_00957_,6.77µm
_00979_,6.77µm
_00988_,6.77µm
_00999_,6.77µm
_01063_,6.77µm
_01096_,6.77µm
_01177_,6.77µm
_01193_,6.77µm
_01213_,6.77µm
_01218_,6.77µm
_01242_,6.77µm
_01249_,6.77µm
_01253_,6.77µm
_01317_,6.77µm
_01326_,6.77µm
_01394_,6.77µm
_01412_,6.77µm
_01442_,6.77µm
_01529_,6.77µm
_01549_,6.77µm
_01555_,6.77µm
_01557_,6.77µm
_01564_,6.77µm
_01585_,6.77µm
_01615_,6.77µm
_01638_,6.77µm
_01674_,6.77µm
_01698_,6.77µm
_01809_,6.77µm
_01863_,6.77µm
_01883_,6.77µm
_01923_,6.77µm
_01987_,6.77µm
_02019_,6.77µm
_02064_,6.77µm
_02101_,6.77µm
_02122_,6.77µm
_02125_,6.77µm
_02174_,6.77µm
_02189_,6.77µm
_02209_,6.77µm
_02261_,6.77µm
_02263_,6.77µm
_02296_,6.77µm
_02339_,6.77µm
_02368_,6.77µm
_02436_,6.77µm
_02443_,6.77µm
_02480_,6.77µm
_02547_,6.77µm
_02601_,6.77µm
_02650_,6.77µm
_02756_,6.77µm
_02772_,6.77µm
_02784_,6.77µm
_02790_,6.77µm
_02880_,6.77µm
_02893_,6.77µm
_02895_,6.77µm
_02901_,6.77µm
_02925_,6.77µm
_03004_,6.77µm
_03013_,6.77µm
_03049_,6.77µm
_03094_,6.77µm
_03103_,6.77µm
_03163_,6.77µm
_03183_,6.77µm
_03184_,6.77µm
_03229_,6.77µm
_03297_,6.77µm
_03311_,6.77µm
_03331_,6.77µm
_03355_,6.77µm
_03703_,6.77µm
_03731_,6.77µm
_03752_,6.77µm
_03816_,6.77µm
_04021_,6.77µm
_04064_,6.77µm
_04271_,6.77µm
_04647_,6.77µm
_04659_,6.77µm
_04711_,6.77µm
_04810_,6.77µm
_05068_,6.77µm
_05098_,6.77µm
_05229_,6.77µm
_05284_,6.77µm
_05300_,6.77µm
_05413_,6.77µm
_05437_,6.77µm
_05597_,6.77µm
_05930_,6.77µm
_06018_,6.77µm
_06112_,6.77µm
_06114_,6.77µm
_06117_,6.77µm
_06166_,6.77µm
_06272_,6.77µm
_06327_,6.77µm
_06437_,6.77µm
_06534_,6.77µm
_06538_,6.77µm
_06587_,6.77µm
_06709_,6.77µm
_06815_,6.77µm
_06887_,6.77µm
_06992_,6.77µm
_06993_,6.77µm
_07027_,6.77µm
_07046_,6.77µm
_07136_,6.77µm
_07252_,6.77µm
_07307_,6.77µm
_07558_,6.77µm
_07736_,6.77µm
_07855_,6.77µm
_07856_,6.77µm
_08029_,6.77µm
_08224_,6.77µm
_08262_,6.77µm
_08636_,6.77µm
_08713_,6.77µm
_09017_,6.77µm
_09297_,6.77µm
_09421_,6.77µm
_09758_,6.77µm
_09821_,6.77µm
_09978_,6.77µm
_10073_,6.77µm
_10101_,6.77µm
_10216_,6.77µm
_10438_,6.77µm
_10737_,6.77µm
_10883_,6.77µm
_11042_,6.77µm
_11124_,6.77µm
_11259_,6.77µm
_11547_,6.77µm
_11563_,6.77µm
_11832_,6.77µm
_11903_,6.77µm
_12167_,6.77µm
_12194_,6.77µm
pp_inst.core_inst.reg_state_i.data_d\[102\],6.77µm
pp_inst.core_inst.reg_state_i.data_d\[128\],6.77µm
pp_inst.core_inst.reg_state_i.data_d\[72\],6.77µm
pp_inst.core_inst.reg_state_i.data_d\[73\],6.77µm
pp_inst.fifo_data\[18\]\[23\],6.77µm
pp_inst.fifo_data\[31\]\[20\],6.77µm
pp_inst.fifo_data\[45\]\[4\],6.77µm
_00002_,6.72µm
_00304_,6.72µm
_00347_,6.72µm
_00361_,6.72µm
_00377_,6.72µm
_00403_,6.72µm
_00441_,6.72µm
_00505_,6.72µm
_00788_,6.72µm
_00847_,6.72µm
_00990_,6.72µm
_01031_,6.72µm
_01094_,6.72µm
_01185_,6.72µm
_01239_,6.72µm
_01250_,6.72µm
_01257_,6.72µm
_01277_,6.72µm
_01341_,6.72µm
_01448_,6.72µm
_01470_,6.72µm
_01536_,6.72µm
_01623_,6.72µm
_01741_,6.72µm
_01802_,6.72µm
_01830_,6.72µm
_01980_,6.72µm
_01983_,6.72µm
_02148_,6.72µm
_02185_,6.72µm
_02245_,6.72µm
_02277_,6.72µm
_02511_,6.72µm
_02597_,6.72µm
_02610_,6.72µm
_02634_,6.72µm
_02694_,6.72µm
_02773_,6.72µm
_02777_,6.72µm
_02785_,6.72µm
_02843_,6.72µm
_02863_,6.72µm
_02921_,6.72µm
_02954_,6.72µm
_02990_,6.72µm
_03147_,6.72µm
_03202_,6.72µm
_03217_,6.72µm
_03275_,6.72µm
_03385_,6.72µm
_03419_,6.72µm
_03435_,6.72µm
_03455_,6.72µm
_03465_,6.72µm
_03504_,6.72µm
_03544_,6.72µm
_03644_,6.72µm
_03666_,6.72µm
_03727_,6.72µm
_03800_,6.72µm
_03855_,6.72µm
_03903_,6.72µm
_03916_,6.72µm
_04044_,6.72µm
_04080_,6.72µm
_04091_,6.72µm
_04121_,6.72µm
_04153_,6.72µm
_04269_,6.72µm
_04343_,6.72µm
_04446_,6.72µm
_04463_,6.72µm
_04490_,6.72µm
_04623_,6.72µm
_04644_,6.72µm
_04780_,6.72µm
_04831_,6.72µm
_04898_,6.72µm
_04987_,6.72µm
_05095_,6.72µm
_05209_,6.72µm
_05411_,6.72µm
_05442_,6.72µm
_05471_,6.72µm
_05477_,6.72µm
_05495_,6.72µm
_05517_,6.72µm
_05542_,6.72µm
_05543_,6.72µm
_05571_,6.72µm
_05577_,6.72µm
_05669_,6.72µm
_05765_,6.72µm
_05771_,6.72µm
_05824_,6.72µm
_05843_,6.72µm
_05944_,6.72µm
_05982_,6.72µm
_05983_,6.72µm
_06044_,6.72µm
_06141_,6.72µm
_06156_,6.72µm
_06195_,6.72µm
_06252_,6.72µm
_06258_,6.72µm
_06294_,6.72µm
_06423_,6.72µm
_06453_,6.72µm
_06492_,6.72µm
_06503_,6.72µm
_06514_,6.72µm
_06601_,6.72µm
_06640_,6.72µm
_06687_,6.72µm
_06696_,6.72µm
_06705_,6.72µm
_06775_,6.72µm
_06847_,6.72µm
_06912_,6.72µm
_07049_,6.72µm
_07074_,6.72µm
_07180_,6.72µm
_07200_,6.72µm
_07209_,6.72µm
_07215_,6.72µm
_07217_,6.72µm
_07258_,6.72µm
_07320_,6.72µm
_07341_,6.72µm
_07354_,6.72µm
_07393_,6.72µm
_07440_,6.72µm
_07450_,6.72µm
_07474_,6.72µm
_07517_,6.72µm
_07533_,6.72µm
_07542_,6.72µm
_07560_,6.72µm
_07564_,6.72µm
_07567_,6.72µm
_07589_,6.72µm
_07630_,6.72µm
_07651_,6.72µm
_07665_,6.72µm
_07711_,6.72µm
_07743_,6.72µm
_07774_,6.72µm
_07805_,6.72µm
_07822_,6.72µm
_07828_,6.72µm
_07839_,6.72µm
_07845_,6.72µm
_07896_,6.72µm
_07920_,6.72µm
_07997_,6.72µm
_08024_,6.72µm
_08031_,6.72µm
_08043_,6.72µm
_08050_,6.72µm
_08055_,6.72µm
_08065_,6.72µm
_08073_,6.72µm
_08095_,6.72µm
_08098_,6.72µm
_08102_,6.72µm
_08106_,6.72µm
_08181_,6.72µm
_08186_,6.72µm
_08198_,6.72µm
_08210_,6.72µm
_08214_,6.72µm
_08219_,6.72µm
_08256_,6.72µm
_08354_,6.72µm
_08373_,6.72µm
_08398_,6.72µm
_08402_,6.72µm
_08407_,6.72µm
_08423_,6.72µm
_08430_,6.72µm
_08435_,6.72µm
_08460_,6.72µm
_08494_,6.72µm
_08498_,6.72µm
_08521_,6.72µm
_08523_,6.72µm
_08559_,6.72µm
_08561_,6.72µm
_08600_,6.72µm
_08605_,6.72µm
_08651_,6.72µm
_08674_,6.72µm
_08684_,6.72µm
_08696_,6.72µm
_08738_,6.72µm
_08774_,6.72µm
_08810_,6.72µm
_08818_,6.72µm
_08823_,6.72µm
_08833_,6.72µm
_08837_,6.72µm
_08838_,6.72µm
_08840_,6.72µm
_08847_,6.72µm
_08858_,6.72µm
_08872_,6.72µm
_08878_,6.72µm
_08890_,6.72µm
_08918_,6.72µm
_08920_,6.72µm
_08964_,6.72µm
_08965_,6.72µm
_08972_,6.72µm
_09011_,6.72µm
_09016_,6.72µm
_09021_,6.72µm
_09040_,6.72µm
_09064_,6.72µm
_09075_,6.72µm
_09086_,6.72µm
_09095_,6.72µm
_09277_,6.72µm
_09304_,6.72µm
_09411_,6.72µm
_09596_,6.72µm
_09722_,6.72µm
_10084_,6.72µm
_10148_,6.72µm
_10185_,6.72µm
_10241_,6.72µm
_10273_,6.72µm
_10465_,6.72µm
_10514_,6.72µm
_10561_,6.72µm
_10619_,6.72µm
_10888_,6.72µm
_10898_,6.72µm
_10899_,6.72µm
_11033_,6.72µm
_11054_,6.72µm
_11128_,6.72µm
_11139_,6.72µm
_11201_,6.72µm
_11247_,6.72µm
_11268_,6.72µm
_11284_,6.72µm
_11310_,6.72µm
_11528_,6.72µm
_11534_,6.72µm
_11577_,6.72µm
_11672_,6.72µm
_11758_,6.72µm
_11772_,6.72µm
_11895_,6.72µm
_11944_,6.72µm
_12135_,6.72µm
_12156_,6.72µm
_12163_,6.72µm
_12183_,6.72µm
_12217_,6.72µm
_12229_,6.72µm
_12239_,6.72µm
_12255_,6.72µm
_12277_,6.72µm
pp_inst.core_inst.reg_state_i.data_d\[192\],6.72µm
pp_inst.core_inst.reg_state_i.data_d\[194\],6.72µm
pp_inst.core_inst.reg_state_i.data_d\[198\],6.72µm
pp_inst.core_inst.reg_state_i.data_d\[204\],6.72µm
pp_inst.core_inst.reg_state_i.data_d\[245\],6.72µm
pp_inst.core_inst.reg_state_i.data_d\[69\],6.72µm
pp_inst.fifo_data\[14\]\[27\],6.72µm
pp_inst.fifo_data\[20\]\[24\],6.72µm
pp_inst.fifo_data\[27\]\[16\],6.72µm
pp_inst.fifo_data\[28\]\[7\],6.72µm
pp_inst.fifo_data\[2\]\[13\],6.72µm
pp_inst.fifo_data\[31\]\[27\],6.72µm
pp_inst.fifo_data\[42\]\[25\],6.72µm
pp_inst.fifo_data\[48\]\[31\],6.72µm
pp_inst.fifo_data\[51\]\[23\],6.72µm
pp_inst.fifo_data\[55\]\[22\],6.72µm
pp_inst.fifo_data\[55\]\[6\],6.72µm
pp_inst.fifo_data\[60\]\[26\],6.72µm
pp_inst.fifo_data\[62\]\[9\],6.72µm
spi_ctrl.tx_stage\[3\],6.72µm
_00026_,6.66µm
_02149_,6.31µm
_11205_,6.31µm
bdi\[8\],6.31µm
_00027_,6.26µm
_00172_,6.26µm
_00267_,6.26µm
_00301_,6.26µm
_00532_,6.26µm
_00540_,6.26µm
_00551_,6.26µm
_00561_,6.26µm
_01372_,6.26µm
_01445_,6.26µm
_01461_,6.26µm
_01767_,6.26µm
_02107_,6.26µm
_02486_,6.26µm
_03396_,6.26µm
_03639_,6.26µm
_03658_,6.26µm
_04697_,6.26µm
_04793_,6.26µm
_04884_,6.26µm
_05087_,6.26µm
_05187_,6.26µm
_05521_,6.26µm
_05797_,6.26µm
_06304_,6.26µm
_06944_,6.26µm
_08039_,6.26µm
_09393_,6.26µm
_09489_,6.26µm
_09879_,6.26µm
_09918_,6.26µm
_10994_,6.26µm
_11093_,6.26µm
_11126_,6.26µm
_11295_,6.26µm
_11379_,6.26µm
_11535_,6.26µm
_11911_,6.26µm
pp_inst.core_inst.reg_state_i.data_d\[145\],6.26µm
pp_inst.core_inst.reg_state_i.data_d\[220\],6.26µm
pp_inst.fifo_data\[34\]\[11\],6.26µm
_00108_,6.21µm
_00116_,6.21µm
_00247_,6.21µm
_00258_,6.21µm
_00298_,6.21µm
_00406_,6.21µm
_00552_,6.21µm
_00578_,6.21µm
_00648_,6.21µm
_00663_,6.21µm
_00785_,6.21µm
_00790_,6.21µm
_00810_,6.21µm
_00861_,6.21µm
_00875_,6.21µm
_00981_,6.21µm
_01091_,6.21µm
_01138_,6.21µm
_01143_,6.21µm
_01147_,6.21µm
_01231_,6.21µm
_01256_,6.21µm
_01282_,6.21µm
_01318_,6.21µm
_01365_,6.21µm
_01375_,6.21µm
_01441_,6.21µm
_01463_,6.21µm
_01468_,6.21µm
_01484_,6.21µm
_01494_,6.21µm
_01498_,6.21µm
_01519_,6.21µm
_01552_,6.21µm
_01556_,6.21µm
_01588_,6.21µm
_01613_,6.21µm
_01636_,6.21µm
_01643_,6.21µm
_01644_,6.21µm
_01673_,6.21µm
_01678_,6.21µm
_01693_,6.21µm
_01726_,6.21µm
_01796_,6.21µm
_01800_,6.21µm
_01825_,6.21µm
_01860_,6.21µm
_01878_,6.21µm
_01961_,6.21µm
_01978_,6.21µm
_01999_,6.21µm
_02089_,6.21µm
_02127_,6.21µm
_02191_,6.21µm
_02243_,6.21µm
_02272_,6.21µm
_02289_,6.21µm
_02292_,6.21µm
_02326_,6.21µm
_02352_,6.21µm
_02377_,6.21µm
_02378_,6.21µm
_02432_,6.21µm
_02487_,6.21µm
_02489_,6.21µm
_02521_,6.21µm
_02575_,6.21µm
_02633_,6.21µm
_02681_,6.21µm
_02758_,6.21µm
_02794_,6.21µm
_02812_,6.21µm
_02829_,6.21µm
_02906_,6.21µm
_02965_,6.21µm
_02997_,6.21µm
_03015_,6.21µm
_03041_,6.21µm
_03121_,6.21µm
_03148_,6.21µm
_03227_,6.21µm
_03252_,6.21µm
_03283_,6.21µm
_03307_,6.21µm
_03348_,6.21µm
_03669_,6.21µm
_03743_,6.21µm
_03928_,6.21µm
_04067_,6.21µm
_04228_,6.21µm
_04313_,6.21µm
_04414_,6.21µm
_04741_,6.21µm
_04830_,6.21µm
_04892_,6.21µm
_04985_,6.21µm
_05076_,6.21µm
_05297_,6.21µm
_05453_,6.21µm
_05455_,6.21µm
_05560_,6.21µm
_05783_,6.21µm
_05787_,6.21µm
_05822_,6.21µm
_05872_,6.21µm
_05980_,6.21µm
_06014_,6.21µm
_06041_,6.21µm
_06132_,6.21µm
_06211_,6.21µm
_06279_,6.21µm
_06323_,6.21µm
_06493_,6.21µm
_06780_,6.21µm
_06799_,6.21µm
_06807_,6.21µm
_06918_,6.21µm
_06939_,6.21µm
_06955_,6.21µm
_07013_,6.21µm
_07062_,6.21µm
_07418_,6.21µm
_07483_,6.21µm
_07583_,6.21µm
_07963_,6.21µm
_08028_,6.21µm
_08245_,6.21µm
_08267_,6.21µm
_08336_,6.21µm
_08532_,6.21µm
_08563_,6.21µm
_08760_,6.21µm
_08846_,6.21µm
_08908_,6.21µm
_09093_,6.21µm
_09383_,6.21µm
_09454_,6.21µm
_09786_,6.21µm
_10083_,6.21µm
_10127_,6.21µm
_10365_,6.21µm
_10419_,6.21µm
_10498_,6.21µm
_10580_,6.21µm
_10777_,6.21µm
_10896_,6.21µm
_11059_,6.21µm
_11091_,6.21µm
_11261_,6.21µm
_11331_,6.21µm
_11358_,6.21µm
_11370_,6.21µm
_11436_,6.21µm
_11525_,6.21µm
_11576_,6.21µm
_11734_,6.21µm
_11883_,6.21µm
_11973_,6.21µm
_12148_,6.21µm
_12200_,6.21µm
_12289_,6.21µm
bdi\[4\],6.21µm
pp_inst.core_inst.reg_state_i.data_d\[151\],6.21µm
pp_inst.core_inst.reg_state_i.data_d\[183\],6.21µm
pp_inst.core_inst.reg_state_i.data_d\[196\],6.21µm
pp_inst.core_inst.reg_state_i.data_d\[82\],6.21µm
pp_inst.fifo_data\[13\]\[10\],6.21µm
pp_inst.fifo_data\[13\]\[23\],6.21µm
pp_inst.fifo_data\[25\]\[16\],6.21µm
pp_inst.fifo_data\[38\]\[25\],6.21µm
_00018_,6.16µm
_00121_,6.16µm
_00186_,6.16µm
_00192_,6.16µm
_00276_,6.16µm
_00323_,6.16µm
_00463_,6.16µm
_00568_,6.16µm
_00616_,6.16µm
_00698_,6.16µm
_00704_,6.16µm
_00737_,6.16µm
_00750_,6.16µm
_00758_,6.16µm
_00791_,6.16µm
_00799_,6.16µm
_00888_,6.16µm
_00938_,6.16µm
_01022_,6.16µm
_01156_,6.16µm
_01169_,6.16µm
_01221_,6.16µm
_01260_,6.16µm
_01300_,6.16µm
_01371_,6.16µm
_01527_,6.16µm
_01582_,6.16µm
_01659_,6.16µm
_01699_,6.16µm
_01742_,6.16µm
_01752_,6.16µm
_01839_,6.16µm
_02009_,6.16µm
_02086_,6.16µm
_02238_,6.16µm
_02260_,6.16µm
_02331_,6.16µm
_02332_,6.16µm
_02361_,6.16µm
_02367_,6.16µm
_02537_,6.16µm
_02538_,6.16µm
_02587_,6.16µm
_02594_,6.16µm
_02629_,6.16µm
_02677_,6.16µm
_02682_,6.16µm
_02739_,6.16µm
_02892_,6.16µm
_02916_,6.16µm
_02992_,6.16µm
_03011_,6.16µm
_03271_,6.16µm
_03326_,6.16µm
_03412_,6.16µm
_03468_,6.16µm
_03518_,6.16µm
_03576_,6.16µm
_03646_,6.16µm
_03915_,6.16µm
_03966_,6.16µm
_04027_,6.16µm
_04111_,6.16µm
_04355_,6.16µm
_04593_,6.16µm
_04680_,6.16µm
_04691_,6.16µm
_04702_,6.16µm
_04807_,6.16µm
_04823_,6.16µm
_04896_,6.16µm
_04954_,6.16µm
_04958_,6.16µm
_04980_,6.16µm
_05089_,6.16µm
_05112_,6.16µm
_05118_,6.16µm
_05181_,6.16µm
_05239_,6.16µm
_05380_,6.16µm
_05423_,6.16µm
_05467_,6.16µm
_05564_,6.16µm
_05750_,6.16µm
_05828_,6.16µm
_06017_,6.16µm
_06053_,6.16µm
_06176_,6.16µm
_06184_,6.16µm
_06222_,6.16µm
_06227_,6.16µm
_06246_,6.16µm
_06269_,6.16µm
_06313_,6.16µm
_06347_,6.16µm
_06357_,6.16µm
_06364_,6.16µm
_06402_,6.16µm
_06413_,6.16µm
_06454_,6.16µm
_06506_,6.16µm
_06588_,6.16µm
_06634_,6.16µm
_06718_,6.16µm
_06750_,6.16µm
_06828_,6.16µm
_06855_,6.16µm
_06896_,6.16µm
_07065_,6.16µm
_07248_,6.16µm
_07311_,6.16µm
_07738_,6.16µm
_07780_,6.16µm
_07788_,6.16µm
_07876_,6.16µm
_07911_,6.16µm
_07955_,6.16µm
_07956_,6.16µm
_07987_,6.16µm
_08026_,6.16µm
_08066_,6.16µm
_08268_,6.16µm
_08302_,6.16µm
_08403_,6.16µm
_08421_,6.16µm
_08491_,6.16µm
_09357_,6.16µm
_09679_,6.16µm
_09860_,6.16µm
_09973_,6.16µm
_09986_,6.16µm
_10166_,6.16µm
_10227_,6.16µm
_10253_,6.16µm
_10305_,6.16µm
_10830_,6.16µm
_10854_,6.16µm
_10907_,6.16µm
_10945_,6.16µm
_10952_,6.16µm
_10961_,6.16µm
_10967_,6.16µm
_11064_,6.16µm
_11121_,6.16µm
_11262_,6.16µm
_11286_,6.16µm
_11326_,6.16µm
_11416_,6.16µm
_11562_,6.16µm
_11588_,6.16µm
_11607_,6.16µm
_11611_,6.16µm
_11664_,6.16µm
_11669_,6.16µm
_11670_,6.16µm
_11823_,6.16µm
_12110_,6.16µm
_12138_,6.16µm
_12176_,6.16µm
_12287_,6.16µm
pp_inst.core_inst.reg_state_i.data_d\[186\],6.16µm
pp_inst.fifo_data\[32\]\[31\],6.16µm
pp_inst.fifo_data\[51\]\[22\],6.16µm
pp_inst.fifo_data\[58\]\[22\],6.16µm
pp_inst.fifo_data\[62\]\[23\],6.16µm
_09217_,5.75µm
pp_inst.fifo_data\[1\]\[21\],5.75µm
_00169_,5.7µm
_00692_,5.7µm
_00731_,5.7µm
_01071_,5.7µm
_03313_,5.7µm
_03689_,5.7µm
_04427_,5.7µm
_04448_,5.7µm
_04498_,5.7µm
_05219_,5.7µm
_05337_,5.7µm
_05353_,5.7µm
_05506_,5.7µm
_05583_,5.7µm
_06150_,5.7µm
_06328_,5.7µm
_06798_,5.7µm
_07102_,5.7µm
_07566_,5.7µm
_07725_,5.7µm
_08019_,5.7µm
_08291_,5.7µm
_08457_,5.7µm
_08602_,5.7µm
_08649_,5.7µm
_08881_,5.7µm
_09422_,5.7µm
_10095_,5.7µm
_10314_,5.7µm
_11221_,5.7µm
_11731_,5.7µm
_11747_,5.7µm
_11876_,5.7µm
_11884_,5.7µm
pp_inst.core_inst.reg_state_i.data_d\[113\],5.7µm
pp_inst.core_inst.reg_state_i.data_d\[224\],5.7µm
spi_ctrl.tx_stage\[9\],5.7µm
_00088_,5.65µm
_00118_,5.65µm
_00147_,5.65µm
_00237_,5.65µm
_00300_,5.65µm
_00325_,5.65µm
_00385_,5.65µm
_00429_,5.65µm
_00448_,5.65µm
_00475_,5.65µm
_00610_,5.65µm
_00617_,5.65µm
_00664_,5.65µm
_00706_,5.65µm
_00743_,5.65µm
_00806_,5.65µm
_00925_,5.65µm
_00939_,5.65µm
_00995_,5.65µm
_01018_,5.65µm
_01055_,5.65µm
_01116_,5.65µm
_01161_,5.65µm
_01246_,5.65µm
_01251_,5.65µm
_01252_,5.65µm
_01258_,5.65µm
_01261_,5.65µm
_01389_,5.65µm
_01457_,5.65µm
_01467_,5.65µm
_01502_,5.65µm
_01524_,5.65µm
_01599_,5.65µm
_01602_,5.65µm
_01607_,5.65µm
_01609_,5.65µm
_01614_,5.65µm
_01622_,5.65µm
_01632_,5.65µm
_01722_,5.65µm
_01735_,5.65µm
_01744_,5.65µm
_01837_,5.65µm
_01841_,5.65µm
_01871_,5.65µm
_01881_,5.65µm
_01884_,5.65µm
_01948_,5.65µm
_01954_,5.65µm
_01959_,5.65µm
_01997_,5.65µm
_02063_,5.65µm
_02177_,5.65µm
_02349_,5.65µm
_02398_,5.65µm
_02458_,5.65µm
_02494_,5.65µm
_02495_,5.65µm
_02509_,5.65µm
_02596_,5.65µm
_02647_,5.65µm
_02680_,5.65µm
_02710_,5.65µm
_02776_,5.65µm
_02831_,5.65µm
_02835_,5.65µm
_02878_,5.65µm
_02907_,5.65µm
_02993_,5.65µm
_03043_,5.65µm
_03050_,5.65µm
_03060_,5.65µm
_03109_,5.65µm
_03149_,5.65µm
_03165_,5.65µm
_03232_,5.65µm
_03265_,5.65µm
_03279_,5.65µm
_03295_,5.65µm
_03310_,5.65µm
_03329_,5.65µm
_03351_,5.65µm
_03437_,5.65µm
_03525_,5.65µm
_03630_,5.65µm
_03678_,5.65µm
_03820_,5.65µm
_04096_,5.65µm
_04351_,5.65µm
_04420_,5.65µm
_04553_,5.65µm
_04575_,5.65µm
_04676_,5.65µm
_04694_,5.65µm
_04968_,5.65µm
_04999_,5.65µm
_05150_,5.65µm
_05213_,5.65µm
_05289_,5.65µm
_05581_,5.65µm
_05657_,5.65µm
_05699_,5.65µm
_05836_,5.65µm
_05840_,5.65µm
_05984_,5.65µm
_05997_,5.65µm
_06003_,5.65µm
_06033_,5.65µm
_06037_,5.65µm
_06300_,5.65µm
_06346_,5.65µm
_06816_,5.65µm
_07244_,5.65µm
_07546_,5.65µm
_07699_,5.65µm
_07734_,5.65µm
_07737_,5.65µm
_08212_,5.65µm
_08272_,5.65µm
_08450_,5.65µm
_08630_,5.65µm
_08896_,5.65µm
_09430_,5.65µm
_09727_,5.65µm
_10136_,5.65µm
_10349_,5.65µm
_10440_,5.65µm
_10576_,5.65µm
_10885_,5.65µm
_11229_,5.65µm
_11258_,5.65µm
_11308_,5.65µm
_11404_,5.65µm
_11441_,5.65µm
_11554_,5.65µm
_11569_,5.65µm
_11626_,5.65µm
_11681_,5.65µm
_11768_,5.65µm
_11782_,5.65µm
_11874_,5.65µm
_12279_,5.65µm
pp_inst.core_inst.reg_state_i.data_d\[123\],5.65µm
pp_inst.core_inst.reg_state_i.data_d\[239\],5.65µm
pp_inst.core_inst.reg_state_i.data_d\[250\],5.65µm
pp_inst.core_inst.reg_state_i.data_d\[98\],5.65µm
_00022_,5.6µm
_00033_,5.6µm
_00049_,5.6µm
_00085_,5.6µm
_00094_,5.6µm
_00096_,5.6µm
_00123_,5.6µm
_00132_,5.6µm
_00165_,5.6µm
_00167_,5.6µm
_00214_,5.6µm
_00238_,5.6µm
_00253_,5.6µm
_00317_,5.6µm
_00362_,5.6µm
_00371_,5.6µm
_00375_,5.6µm
_00378_,5.6µm
_00438_,5.6µm
_00460_,5.6µm
_00462_,5.6µm
_00510_,5.6µm
_00537_,5.6µm
_00643_,5.6µm
_00688_,5.6µm
_00732_,5.6µm
_00776_,5.6µm
_00828_,5.6µm
_00897_,5.6µm
_00898_,5.6µm
_00948_,5.6µm
_00953_,5.6µm
_00963_,5.6µm
_00970_,5.6µm
_01000_,5.6µm
_01052_,5.6µm
_01292_,5.6µm
_01325_,5.6µm
_01487_,5.6µm
_01562_,5.6µm
_01600_,5.6µm
_01652_,5.6µm
_01732_,5.6µm
_01851_,5.6µm
_01869_,5.6µm
_01926_,5.6µm
_01941_,5.6µm
_01946_,5.6µm
_01982_,5.6µm
_02026_,5.6µm
_02037_,5.6µm
_02070_,5.6µm
_02077_,5.6µm
_02207_,5.6µm
_02233_,5.6µm
_02323_,5.6µm
_02336_,5.6µm
_02346_,5.6µm
_02427_,5.6µm
_02479_,5.6µm
_02492_,5.6µm
_02500_,5.6µm
_02583_,5.6µm
_02689_,5.6µm
_02713_,5.6µm
_02738_,5.6µm
_02795_,5.6µm
_02885_,5.6µm
_02991_,5.6µm
_03052_,5.6µm
_03116_,5.6µm
_03131_,5.6µm
_03162_,5.6µm
_03169_,5.6µm
_03185_,5.6µm
_03204_,5.6µm
_03244_,5.6µm
_03278_,5.6µm
_03306_,5.6µm
_03357_,5.6µm
_03463_,5.6µm
_03561_,5.6µm
_03686_,5.6µm
_03736_,5.6µm
_03775_,5.6µm
_03924_,5.6µm
_04160_,5.6µm
_04185_,5.6µm
_04270_,5.6µm
_04412_,5.6µm
_04484_,5.6µm
_04638_,5.6µm
_04674_,5.6µm
_04777_,5.6µm
_04854_,5.6µm
_04901_,5.6µm
_05016_,5.6µm
_05024_,5.6µm
_05059_,5.6µm
_05096_,5.6µm
_05186_,5.6µm
_05263_,5.6µm
_05381_,5.6µm
_05501_,5.6µm
_05548_,5.6µm
_05561_,5.6µm
_05621_,5.6µm
_05712_,5.6µm
_05819_,5.6µm
_05845_,5.6µm
_05921_,5.6µm
_05945_,5.6µm
_06183_,5.6µm
_06295_,5.6µm
_06297_,5.6µm
_06305_,5.6µm
_06308_,5.6µm
_06336_,5.6µm
_06430_,5.6µm
_06791_,5.6µm
_06839_,5.6µm
_06852_,5.6µm
_06856_,5.6µm
_06882_,5.6µm
_06986_,5.6µm
_07121_,5.6µm
_07148_,5.6µm
_07269_,5.6µm
_07325_,5.6µm
_07358_,5.6µm
_07382_,5.6µm
_07407_,5.6µm
_07489_,5.6µm
_07657_,5.6µm
_07859_,5.6µm
_07873_,5.6µm
_07938_,5.6µm
_08200_,5.6µm
_08378_,5.6µm
_08509_,5.6µm
_08635_,5.6µm
_08733_,5.6µm
_08803_,5.6µm
_08864_,5.6µm
_08923_,5.6µm
_08924_,5.6µm
_09026_,5.6µm
_09035_,5.6µm
_09289_,5.6µm
_09301_,5.6µm
_09593_,5.6µm
_09647_,5.6µm
_09677_,5.6µm
_09684_,5.6µm
_09714_,5.6µm
_09725_,5.6µm
_09759_,5.6µm
_09920_,5.6µm
_09982_,5.6µm
_10016_,5.6µm
_10035_,5.6µm
_10079_,5.6µm
_10180_,5.6µm
_10355_,5.6µm
_10364_,5.6µm
_10460_,5.6µm
_10545_,5.6µm
_10641_,5.6µm
_10843_,5.6µm
_10975_,5.6µm
_11047_,5.6µm
_11111_,5.6µm
_11303_,5.6µm
_11333_,5.6µm
_11414_,5.6µm
_11426_,5.6µm
_11457_,5.6µm
_11574_,5.6µm
_11625_,5.6µm
_11666_,5.6µm
_11766_,5.6µm
_11777_,5.6µm
_11783_,5.6µm
_12208_,5.6µm
pp_inst.core_inst.reg_state_i.data_d\[114\],5.6µm
pp_inst.core_inst.reg_state_i.data_d\[139\],5.6µm
pp_inst.core_inst.reg_state_i.data_d\[147\],5.6µm
pp_inst.core_inst.reg_state_i.data_d\[178\],5.6µm
pp_inst.core_inst.reg_state_i.data_d\[87\],5.6µm
pp_inst.fifo_data\[22\]\[11\],5.6µm
pp_inst.core_inst.asconp_i.x0\[12\],5.19µm
_00093_,5.14µm
_00155_,5.14µm
_00198_,5.14µm
_00200_,5.14µm
_00202_,5.14µm
_00232_,5.14µm
_00242_,5.14µm
_00277_,5.14µm
_00297_,5.14µm
_00302_,5.14µm
_00338_,5.14µm
_00416_,5.14µm
_00417_,5.14µm
_00420_,5.14µm
_00455_,5.14µm
_00502_,5.14µm
_00535_,5.14µm
_00582_,5.14µm
_00588_,5.14µm
_00631_,5.14µm
_00668_,5.14µm
_00719_,5.14µm
_00742_,5.14µm
_00745_,5.14µm
_00747_,5.14µm
_00748_,5.14µm
_00899_,5.14µm
_00932_,5.14µm
_01033_,5.14µm
_01077_,5.14µm
_02864_,5.14µm
_03317_,5.14µm
_03367_,5.14µm
_03940_,5.14µm
_04002_,5.14µm
_04614_,5.14µm
_04703_,5.14µm
_04965_,5.14µm
_05101_,5.14µm
_05327_,5.14µm
_05368_,5.14µm
_05434_,5.14µm
_05452_,5.14µm
_05719_,5.14µm
_05941_,5.14µm
_06011_,5.14µm
_06062_,5.14µm
_06338_,5.14µm
_06361_,5.14µm
_07260_,5.14µm
_07340_,5.14µm
_07346_,5.14µm
_07365_,5.14µm
_07475_,5.14µm
_07614_,5.14µm
_07904_,5.14µm
_08045_,5.14µm
_08286_,5.14µm
_08638_,5.14µm
_08764_,5.14µm
_08899_,5.14µm
_09310_,5.14µm
_09726_,5.14µm
_10463_,5.14µm
_10534_,5.14µm
_11218_,5.14µm
_11321_,5.14µm
_11384_,5.14µm
_11517_,5.14µm
_11697_,5.14µm
_12211_,5.14µm
_12228_,5.14µm
_00227_,5.13µm
_00109_,5.09µm
_00114_,5.09µm
_00271_,5.09µm
_00313_,5.09µm
_00326_,5.09µm
_00478_,5.09µm
_00539_,5.09µm
_00548_,5.09µm
_00553_,5.09µm
_00609_,5.09µm
_00766_,5.09µm
_00805_,5.09µm
_00992_,5.09µm
_01050_,5.09µm
_01058_,5.09µm
_01093_,5.09µm
_01106_,5.09µm
_01201_,5.09µm
_01374_,5.09µm
_01403_,5.09µm
_01415_,5.09µm
_01421_,5.09µm
_01454_,5.09µm
_01489_,5.09µm
_01521_,5.09µm
_01563_,5.09µm
_01577_,5.09µm
_01594_,5.09µm
_01604_,5.09µm
_01620_,5.09µm
_01627_,5.09µm
_01631_,5.09µm
_01649_,5.09µm
_01682_,5.09µm
_01687_,5.09µm
_01712_,5.09µm
_01731_,5.09µm
_01734_,5.09µm
_01779_,5.09µm
_01788_,5.09µm
_01859_,5.09µm
_01940_,5.09µm
_01981_,5.09µm
_01994_,5.09µm
_02007_,5.09µm
_02055_,5.09µm
_02076_,5.09µm
_02115_,5.09µm
_02118_,5.09µm
_02119_,5.09µm
_02140_,5.09µm
_02146_,5.09µm
_02154_,5.09µm
_02175_,5.09µm
_02202_,5.09µm
_02211_,5.09µm
_02227_,5.09µm
_02246_,5.09µm
_02255_,5.09µm
_02256_,5.09µm
_02258_,5.09µm
_02269_,5.09µm
_02305_,5.09µm
_02312_,5.09µm
_02315_,5.09µm
_02322_,5.09µm
_02340_,5.09µm
_02360_,5.09µm
_02373_,5.09µm
_02404_,5.09µm
_02413_,5.09µm
_02414_,5.09µm
_02424_,5.09µm
_02470_,5.09µm
_02474_,5.09µm
_02535_,5.09µm
_02541_,5.09µm
_02545_,5.09µm
_02564_,5.09µm
_02595_,5.09µm
_02651_,5.09µm
_02666_,5.09µm
_02675_,5.09µm
_02678_,5.09µm
_02764_,5.09µm
_02781_,5.09µm
_02839_,5.09µm
_02868_,5.09µm
_02971_,5.09µm
_02994_,5.09µm
_03001_,5.09µm
_03007_,5.09µm
_03023_,5.09µm
_03034_,5.09µm
_03055_,5.09µm
_03064_,5.09µm
_03067_,5.09µm
_03068_,5.09µm
_03089_,5.09µm
_03114_,5.09µm
_03146_,5.09µm
_03166_,5.09µm
_03198_,5.09µm
_03216_,5.09µm
_03234_,5.09µm
_03249_,5.09µm
_03267_,5.09µm
_03273_,5.09µm
_03298_,5.09µm
_03342_,5.09µm
_03353_,5.09µm
_03810_,5.09µm
_03869_,5.09µm
_03913_,5.09µm
_04018_,5.09µm
_04557_,5.09µm
_04588_,5.09µm
_04607_,5.09µm
_04612_,5.09µm
_04686_,5.09µm
_04710_,5.09µm
_04848_,5.09µm
_04988_,5.09µm
_05011_,5.09µm
_05130_,5.09µm
_05152_,5.09µm
_05410_,5.09µm
_05565_,5.09µm
_05605_,5.09µm
_05731_,5.09µm
_05910_,5.09µm
_06071_,5.09µm
_06108_,5.09µm
_06175_,5.09µm
_06226_,5.09µm
_06418_,5.09µm
_06465_,5.09µm
_06615_,5.09µm
_06637_,5.09µm
_06695_,5.09µm
_06950_,5.09µm
_07051_,5.09µm
_07216_,5.09µm
_07486_,5.09µm
_07618_,5.09µm
_08025_,5.09µm
_08103_,5.09µm
_08153_,5.09µm
_08233_,5.09µm
_08431_,5.09µm
_08436_,5.09µm
_08562_,5.09µm
_08597_,5.09µm
_08685_,5.09µm
_08787_,5.09µm
_09367_,5.09µm
_09448_,5.09µm
_09768_,5.09µm
_10192_,5.09µm
_10335_,5.09µm
_10740_,5.09µm
_10766_,5.09µm
_11013_,5.09µm
_11107_,5.09µm
_11175_,5.09µm
_11254_,5.09µm
_11264_,5.09µm
_11330_,5.09µm
_11390_,5.09µm
_11959_,5.09µm
_12088_,5.09µm
_12204_,5.09µm
_12282_,5.09µm
pp_inst.core_inst.reg_state_i.data_d\[157\],5.09µm
pp_inst.core_inst.reg_state_i.data_d\[190\],5.09µm
pp_inst.core_inst.reg_state_i.data_d\[246\],5.09µm
_00100_,5.04µm
_00124_,5.04µm
_00170_,5.04µm
_00189_,5.04µm
_00191_,5.04µm
_00193_,5.04µm
_00260_,5.04µm
_00270_,5.04µm
_00274_,5.04µm
_00289_,5.04µm
_00294_,5.04µm
_00336_,5.04µm
_00382_,5.04µm
_00413_,5.04µm
_00426_,5.04µm
_00488_,5.04µm
_00490_,5.04µm
_00494_,5.04µm
_00495_,5.04µm
_00522_,5.04µm
_00567_,5.04µm
_00572_,5.04µm
_00686_,5.04µm
_00721_,5.04µm
_00723_,5.04µm
_00730_,5.04µm
_00775_,5.04µm
_00793_,5.04µm
_00800_,5.04µm
_00827_,5.04µm
_00882_,5.04µm
_00927_,5.04µm
_00962_,5.04µm
_01026_,5.04µm
_01043_,5.04µm
_01051_,5.04µm
_01083_,5.04µm
_01087_,5.04µm
_01103_,5.04µm
_01132_,5.04µm
_01151_,5.04µm
_01153_,5.04µm
_01155_,5.04µm
_01160_,5.04µm
_01164_,5.04µm
_01170_,5.04µm
_01172_,5.04µm
_01174_,5.04µm
_01180_,5.04µm
_01196_,5.04µm
_01206_,5.04µm
_01220_,5.04µm
_01223_,5.04µm
_01227_,5.04µm
_01278_,5.04µm
_01284_,5.04µm
_01286_,5.04µm
_01303_,5.04µm
_01305_,5.04µm
_01339_,5.04µm
_01377_,5.04µm
_01380_,5.04µm
_01390_,5.04µm
_01404_,5.04µm
_01410_,5.04µm
_01420_,5.04µm
_01439_,5.04µm
_01440_,5.04µm
_01466_,5.04µm
_01474_,5.04µm
_01526_,5.04µm
_01612_,5.04µm
_01710_,5.04µm
_01724_,5.04µm
_01727_,5.04µm
_01743_,5.04µm
_01766_,5.04µm
_01774_,5.04µm
_01822_,5.04µm
_01827_,5.04µm
_01865_,5.04µm
_01882_,5.04µm
_01906_,5.04µm
_01910_,5.04µm
_01917_,5.04µm
_01918_,5.04µm
_01968_,5.04µm
_01969_,5.04µm
_01971_,5.04µm
_01977_,5.04µm
_02001_,5.04µm
_02015_,5.04µm
_02033_,5.04µm
_02035_,5.04µm
_02056_,5.04µm
_02066_,5.04µm
_02138_,5.04µm
_02143_,5.04µm
_02158_,5.04µm
_02173_,5.04µm
_02196_,5.04µm
_02212_,5.04µm
_02218_,5.04µm
_02235_,5.04µm
_02297_,5.04µm
_02299_,5.04µm
_02314_,5.04µm
_02390_,5.04µm
_02394_,5.04µm
_02395_,5.04µm
_02401_,5.04µm
_02435_,5.04µm
_02442_,5.04µm
_02460_,5.04µm
_02476_,5.04µm
_02499_,5.04µm
_02554_,5.04µm
_02555_,5.04µm
_02557_,5.04µm
_02559_,5.04µm
_02572_,5.04µm
_02573_,5.04µm
_02606_,5.04µm
_02613_,5.04µm
_02616_,5.04µm
_02627_,5.04µm
_02645_,5.04µm
_02657_,5.04µm
_02659_,5.04µm
_02660_,5.04µm
_02684_,5.04µm
_02697_,5.04µm
_02707_,5.04µm
_02708_,5.04µm
_02709_,5.04µm
_02718_,5.04µm
_02743_,5.04µm
_02754_,5.04µm
_02768_,5.04µm
_02782_,5.04µm
_02792_,5.04µm
_02805_,5.04µm
_02814_,5.04µm
_02824_,5.04µm
_02830_,5.04µm
_02844_,5.04µm
_02849_,5.04µm
_02873_,5.04µm
_02942_,5.04µm
_02945_,5.04µm
_02968_,5.04µm
_02995_,5.04µm
_02998_,5.04µm
_03006_,5.04µm
_03020_,5.04µm
_03076_,5.04µm
_03086_,5.04µm
_03120_,5.04µm
_03171_,5.04µm
_03201_,5.04µm
_03214_,5.04µm
_03218_,5.04µm
_03223_,5.04µm
_03237_,5.04µm
_03242_,5.04µm
_03248_,5.04µm
_03269_,5.04µm
_03281_,5.04µm
_03301_,5.04µm
_03304_,5.04µm
_03339_,5.04µm
_03340_,5.04µm
_03344_,5.04µm
_03610_,5.04µm
_03834_,5.04µm
_03852_,5.04µm
_03866_,5.04µm
_03897_,5.04µm
_04175_,5.04µm
_04184_,5.04µm
_04382_,5.04µm
_04398_,5.04µm
_04480_,5.04µm
_04656_,5.04µm
_04745_,5.04µm
_04804_,5.04µm
_04815_,5.04µm
_04827_,5.04µm
_04921_,5.04µm
_04922_,5.04µm
_04947_,5.04µm
_04952_,5.04µm
_05048_,5.04µm
_05156_,5.04µm
_05157_,5.04µm
_05225_,5.04µm
_05342_,5.04µm
_05378_,5.04µm
_05390_,5.04µm
_05407_,5.04µm
_05556_,5.04µm
_05572_,5.04µm
_05601_,5.04µm
_05610_,5.04µm
_05624_,5.04µm
_05628_,5.04µm
_05635_,5.04µm
_05680_,5.04µm
_05775_,5.04µm
_05800_,5.04µm
_05808_,5.04µm
_05835_,5.04µm
_05867_,5.04µm
_05931_,5.04µm
_05979_,5.04µm
_06045_,5.04µm
_06063_,5.04µm
_06092_,5.04µm
_06093_,5.04µm
_06152_,5.04µm
_06160_,5.04µm
_06202_,5.04µm
_06265_,5.04µm
_06329_,5.04µm
_06396_,5.04µm
_06405_,5.04µm
_06469_,5.04µm
_06566_,5.04µm
_06711_,5.04µm
_06745_,5.04µm
_06806_,5.04µm
_06809_,5.04µm
_06826_,5.04µm
_06833_,5.04µm
_06843_,5.04µm
_06873_,5.04µm
_06902_,5.04µm
_06936_,5.04µm
_06949_,5.04µm
_07079_,5.04µm
_07141_,5.04µm
_07165_,5.04µm
_07193_,5.04µm
_07342_,5.04µm
_07468_,5.04µm
_07520_,5.04µm
_07692_,5.04µm
_07694_,5.04µm
_07812_,5.04µm
_07888_,5.04µm
_07928_,5.04µm
_07959_,5.04µm
_08020_,5.04µm
_08152_,5.04µm
_08199_,5.04µm
_08218_,5.04µm
_08232_,5.04µm
_08249_,5.04µm
_08310_,5.04µm
_08501_,5.04µm
_08628_,5.04µm
_08808_,5.04µm
_08895_,5.04µm
_08966_,5.04µm
_08978_,5.04µm
_08999_,5.04µm
_09039_,5.04µm
_09060_,5.04µm
_09187_,5.04µm
_09366_,5.04µm
_09429_,5.04µm
_09627_,5.04µm
_09704_,5.04µm
_09765_,5.04µm
_09843_,5.04µm
_09998_,5.04µm
_10081_,5.04µm
_10122_,5.04µm
_10186_,5.04µm
_10210_,5.04µm
_10220_,5.04µm
_10309_,5.04µm
_10350_,5.04µm
_10589_,5.04µm
_10695_,5.04µm
_10760_,5.04µm
_10770_,5.04µm
_11012_,5.04µm
_11021_,5.04µm
_11080_,5.04µm
_11096_,5.04µm
_11122_,5.04µm
_11155_,5.04µm
_11266_,5.04µm
_11267_,5.04µm
_11283_,5.04µm
_11415_,5.04µm
_11437_,5.04µm
_11456_,5.04µm
_11510_,5.04µm
_11512_,5.04µm
_11518_,5.04µm
_11538_,5.04µm
_11614_,5.04µm
_11631_,5.04µm
_11667_,5.04µm
_11800_,5.04µm
_11846_,5.04µm
_11847_,5.04µm
_11953_,5.04µm
_12090_,5.04µm
_12248_,5.04µm
_12257_,5.04µm
pp_inst.core_inst.reg_state_i.data_d\[122\],5.04µm
pp_inst.core_inst.reg_state_i.data_d\[156\],5.04µm
pp_inst.core_inst.reg_state_i.data_d\[217\],5.04µm
pp_inst.core_inst.reg_state_i.data_d\[225\],5.04µm
pp_inst.core_inst.reg_state_i.data_d\[247\],5.04µm
pp_inst.core_inst.reg_state_i.data_d\[248\],5.04µm
pp_inst.core_inst.reg_state_i.data_d\[253\],5.04µm
pp_inst.core_inst.reg_state_i.data_d\[64\],5.04µm
pp_inst.core_inst.reg_state_i.data_d\[67\],5.04µm
pp_inst.core_inst.reg_state_i.data_d\[70\],5.04µm
pp_inst.core_inst.reg_state_i.data_d\[96\],5.04µm
spi_phy.sclk_sync\[2\],5.04µm
_06267_,4.76µm
_05981_,4.63µm
_08046_,4.63µm
bdi\[21\],4.63µm
_00387_,4.58µm
_00689_,4.58µm
_03798_,4.58µm
_04138_,4.58µm
_04191_,4.58µm
_04374_,4.58µm
_04418_,4.58µm
_04435_,4.58µm
_04508_,4.58µm
_04524_,4.58µm
_04701_,4.58µm
_04740_,4.58µm
_05052_,4.58µm
_05350_,4.58µm
_05508_,4.58µm
_05532_,4.58µm
_05810_,4.58µm
_05883_,4.58µm
_05938_,4.58µm
_06094_,4.58µm
_06464_,4.58µm
_06481_,4.58µm
_06533_,4.58µm
_06547_,4.58µm
_06584_,4.58µm
_06627_,4.58µm
_06648_,4.58µm
_07023_,4.58µm
_07067_,4.58µm
_07204_,4.58µm
_07469_,4.58µm
_07498_,4.58µm
_07521_,4.58µm
_07669_,4.58µm
_07960_,4.58µm
_08018_,4.58µm
_08111_,4.58µm
_08401_,4.58µm
_08417_,4.58µm
_08445_,4.58µm
_08525_,4.58µm
_08533_,4.58µm
_08550_,4.58µm
_08784_,4.58µm
_08912_,4.58µm
_08963_,4.58µm
_09302_,4.58µm
_10105_,4.58µm
_10246_,4.58µm
_11072_,4.58µm
_11242_,4.58µm
_11369_,4.58µm
_11378_,4.58µm
_11701_,4.58µm
_11831_,4.58µm
pp_inst.core_inst.reg_state_i.data_d\[207\],4.58µm
_00112_,4.53µm
_00393_,4.53µm
_00601_,4.53µm
_00615_,4.53µm
_00634_,4.53µm
_01302_,4.53µm
_01337_,4.53µm
_01352_,4.53µm
_01354_,4.53µm
_01386_,4.53µm
_01424_,4.53µm
_01479_,4.53µm
_01485_,4.53µm
_01486_,4.53µm
_01531_,4.53µm
_01543_,4.53µm
_01593_,4.53µm
_01621_,4.53µm
_01664_,4.53µm
_01695_,4.53µm
_01700_,4.53µm
_01701_,4.53µm
_01716_,4.53µm
_01717_,4.53µm
_01821_,4.53µm
_01838_,4.53µm
_01876_,4.53µm
_01886_,4.53µm
_01894_,4.53µm
_01928_,4.53µm
_01934_,4.53µm
_01979_,4.53µm
_02022_,4.53µm
_02032_,4.53µm
_02072_,4.53µm
_02110_,4.53µm
_02130_,4.53µm
_02176_,4.53µm
_02179_,4.53µm
_02206_,4.53µm
_02228_,4.53µm
_02262_,4.53µm
_02306_,4.53µm
_02382_,4.53µm
_02393_,4.53µm
_02402_,4.53µm
_02445_,4.53µm
_02488_,4.53µm
_02513_,4.53µm
_02609_,4.53µm
_02620_,4.53µm
_02625_,4.53µm
_02641_,4.53µm
_02653_,4.53µm
_02691_,4.53µm
_02696_,4.53µm
_02766_,4.53µm
_02808_,4.53µm
_02809_,4.53µm
_02819_,4.53µm
_02896_,4.53µm
_02928_,4.53µm
_02948_,4.53µm
_02986_,4.53µm
_03033_,4.53µm
_03054_,4.53µm
_03107_,4.53µm
_03118_,4.53µm
_03144_,4.53µm
_03238_,4.53µm
_03251_,4.53µm
_03256_,4.53µm
_03268_,4.53µm
_03294_,4.53µm
_03325_,4.53µm
_04052_,4.53µm
_04072_,4.53µm
_04188_,4.53µm
_04471_,4.53µm
_04627_,4.53µm
_04722_,4.53µm
_05162_,4.53µm
_05235_,4.53µm
_05388_,4.53µm
_05613_,4.53µm
_05736_,4.53µm
_05790_,4.53µm
_05862_,4.53µm
_05978_,4.53µm
_06081_,4.53µm
_06167_,4.53µm
_06185_,4.53µm
_06216_,4.53µm
_06368_,4.53µm
_06441_,4.53µm
_06717_,4.53µm
_06988_,4.53µm
_07465_,4.53µm
_07574_,4.53µm
_07636_,4.53µm
_07915_,4.53µm
_07980_,4.53µm
_08447_,4.53µm
_08642_,4.53µm
_08659_,4.53µm
_08662_,4.53µm
_08747_,4.53µm
_08792_,4.53µm
_08806_,4.53µm
_08957_,4.53µm
_09394_,4.53µm
_09423_,4.53µm
_09453_,4.53µm
_09753_,4.53µm
_09777_,4.53µm
_10010_,4.53µm
_10096_,4.53µm
_10264_,4.53µm
_10310_,4.53µm
_10330_,4.53µm
_10380_,4.53µm
_10482_,4.53µm
_10485_,4.53µm
_11115_,4.53µm
_11234_,4.53µm
_11271_,4.53µm
_11371_,4.53µm
_11376_,4.53µm
_11505_,4.53µm
_11589_,4.53µm
_11604_,4.53µm
_11727_,4.53µm
_11741_,4.53µm
_11760_,4.53µm
_11773_,4.53µm
_12112_,4.53µm
_12119_,4.53µm
_12139_,4.53µm
pp_inst.core_inst.reg_state_i.data_d\[319\],4.53µm
spi_ctrl.cs_rise_comb,4.53µm
spi_ctrl.tx_stage\[24\],4.53µm
_00021_,4.48µm
_00035_,4.48µm
_00144_,4.48µm
_00213_,4.48µm
_00218_,4.48µm
_00220_,4.48µm
_00233_,4.48µm
_00244_,4.48µm
_00256_,4.48µm
_00285_,4.48µm
_00345_,4.48µm
_00351_,4.48µm
_00354_,4.48µm
_00400_,4.48µm
_00435_,4.48µm
_00451_,4.48µm
_00471_,4.48µm
_00560_,4.48µm
_00573_,4.48µm
_00574_,4.48µm
_00590_,4.48µm
_00618_,4.48µm
_00658_,4.48µm
_00661_,4.48µm
_00673_,4.48µm
_00716_,4.48µm
_00836_,4.48µm
_00889_,4.48µm
_00918_,4.48µm
_00931_,4.48µm
_00934_,4.48µm
_00942_,4.48µm
_00991_,4.48µm
_01007_,4.48µm
_01034_,4.48µm
_01045_,4.48µm
_01059_,4.48µm
_01068_,4.48µm
_01088_,4.48µm
_01098_,4.48µm
_01105_,4.48µm
_01123_,4.48µm
_01126_,4.48µm
_01139_,4.48µm
_01146_,4.48µm
_01165_,4.48µm
_01186_,4.48µm
_01188_,4.48µm
_01199_,4.48µm
_01203_,4.48µm
_01211_,4.48µm
_01236_,4.48µm
_01240_,4.48µm
_01241_,4.48µm
_01245_,4.48µm
_01272_,4.48µm
_01273_,4.48µm
_01275_,4.48µm
_01280_,4.48µm
_01295_,4.48µm
_01298_,4.48µm
_01310_,4.48µm
_01312_,4.48µm
_01332_,4.48µm
_01343_,4.48µm
_01356_,4.48µm
_01383_,4.48µm
_01411_,4.48µm
_01426_,4.48µm
_01433_,4.48µm
_01451_,4.48µm
_01453_,4.48µm
_01471_,4.48µm
_01472_,4.48µm
_01480_,4.48µm
_01495_,4.48µm
_01499_,4.48µm
_01504_,4.48µm
_01511_,4.48µm
_01516_,4.48µm
_01532_,4.48µm
_01533_,4.48µm
_01540_,4.48µm
_01560_,4.48µm
_01567_,4.48µm
_01569_,4.48µm
_01570_,4.48µm
_01572_,4.48µm
_01592_,4.48µm
_01595_,4.48µm
_01598_,4.48µm
_01617_,4.48µm
_01624_,4.48µm
_01625_,4.48µm
_01629_,4.48µm
_01633_,4.48µm
_01637_,4.48µm
_01641_,4.48µm
_01657_,4.48µm
_01686_,4.48µm
_01691_,4.48µm
_01694_,4.48µm
_01696_,4.48µm
_01708_,4.48µm
_01715_,4.48µm
_01725_,4.48µm
_01733_,4.48µm
_01753_,4.48µm
_01755_,4.48µm
_01760_,4.48µm
_01763_,4.48µm
_01780_,4.48µm
_01782_,4.48µm
_01785_,4.48µm
_01787_,4.48µm
_01795_,4.48µm
_01812_,4.48µm
_01816_,4.48µm
_01819_,4.48µm
_01836_,4.48µm
_01842_,4.48µm
_01849_,4.48µm
_01866_,4.48µm
_01875_,4.48µm
_01877_,4.48µm
_01890_,4.48µm
_01893_,4.48µm
_01897_,4.48µm
_01909_,4.48µm
_01927_,4.48µm
_01929_,4.48µm
_01942_,4.48µm
_01956_,4.48µm
_01962_,4.48µm
_01965_,4.48µm
_01974_,4.48µm
_01985_,4.48µm
_01986_,4.48µm
_01988_,4.48µm
_01992_,4.48µm
_02003_,4.48µm
_02011_,4.48µm
_02012_,4.48µm
_02017_,4.48µm
_02020_,4.48µm
_02024_,4.48µm
_02038_,4.48µm
_02043_,4.48µm
_02046_,4.48µm
_02052_,4.48µm
_02062_,4.48µm
_02075_,4.48µm
_02082_,4.48µm
_02098_,4.48µm
_02104_,4.48µm
_02106_,4.48µm
_02116_,4.48µm
_02124_,4.48µm
_02139_,4.48µm
_02152_,4.48µm
_02164_,4.48µm
_02165_,4.48µm
_02172_,4.48µm
_02180_,4.48µm
_02193_,4.48µm
_02220_,4.48µm
_02226_,4.48µm
_02232_,4.48µm
_02265_,4.48µm
_02266_,4.48µm
_02270_,4.48µm
_02273_,4.48µm
_02307_,4.48µm
_02317_,4.48µm
_02329_,4.48µm
_02342_,4.48µm
_02353_,4.48µm
_02358_,4.48µm
_02370_,4.48µm
_02374_,4.48µm
_02388_,4.48µm
_02392_,4.48µm
_02409_,4.48µm
_02423_,4.48µm
_02430_,4.48µm
_02437_,4.48µm
_02457_,4.48µm
_02463_,4.48µm
_02468_,4.48µm
_02471_,4.48µm
_02491_,4.48µm
_02502_,4.48µm
_02508_,4.48µm
_02515_,4.48µm
_02517_,4.48µm
_02523_,4.48µm
_02540_,4.48µm
_02546_,4.48µm
_02553_,4.48µm
_02570_,4.48µm
_02585_,4.48µm
_02591_,4.48µm
_02600_,4.48µm
_02619_,4.48µm
_02632_,4.48µm
_02637_,4.48µm
_02665_,4.48µm
_02671_,4.48µm
_02687_,4.48µm
_02700_,4.48µm
_02704_,4.48µm
_02712_,4.48µm
_02717_,4.48µm
_02725_,4.48µm
_02727_,4.48µm
_02741_,4.48µm
_02750_,4.48µm
_02755_,4.48µm
_02765_,4.48µm
_02769_,4.48µm
_02779_,4.48µm
_02786_,4.48µm
_02787_,4.48µm
_02828_,4.48µm
_02833_,4.48µm
_02838_,4.48µm
_02840_,4.48µm
_02847_,4.48µm
_02855_,4.48µm
_02856_,4.48µm
_02861_,4.48µm
_02862_,4.48µm
_02866_,4.48µm
_02869_,4.48µm
_02884_,4.48µm
_02898_,4.48µm
_02900_,4.48µm
_02917_,4.48µm
_02919_,4.48µm
_02922_,4.48µm
_02931_,4.48µm
_02940_,4.48µm
_02943_,4.48µm
_02951_,4.48µm
_02964_,4.48µm
_02969_,4.48µm
_02980_,4.48µm
_02984_,4.48µm
_03018_,4.48µm
_03025_,4.48µm
_03026_,4.48µm
_03045_,4.48µm
_03048_,4.48µm
_03053_,4.48µm
_03061_,4.48µm
_03070_,4.48µm
_03073_,4.48µm
_03088_,4.48µm
_03096_,4.48µm
_03122_,4.48µm
_03135_,4.48µm
_03159_,4.48µm
_03161_,4.48µm
_03168_,4.48µm
_03170_,4.48µm
_03178_,4.48µm
_03188_,4.48µm
_03194_,4.48µm
_03215_,4.48µm
_03221_,4.48µm
_03247_,4.48µm
_03257_,4.48µm
_03260_,4.48µm
_03262_,4.48µm
_03270_,4.48µm
_03272_,4.48µm
_03284_,4.48µm
_03289_,4.48µm
_03292_,4.48µm
_03293_,4.48µm
_03328_,4.48µm
_03330_,4.48µm
_03332_,4.48µm
_03352_,4.48µm
_03428_,4.48µm
_03553_,4.48µm
_03760_,4.48µm
_03872_,4.48µm
_03923_,4.48µm
_03969_,4.48µm
_04234_,4.48µm
_04301_,4.48µm
_04337_,4.48µm
_04585_,4.48µm
_04631_,4.48µm
_04641_,4.48µm
_04670_,4.48µm
_04708_,4.48µm
_04736_,4.48µm
_04796_,4.48µm
_04800_,4.48µm
_04836_,4.48µm
_04838_,4.48µm
_04839_,4.48µm
_04894_,4.48µm
_04995_,4.48µm
_05001_,4.48µm
_05042_,4.48µm
_05067_,4.48µm
_05080_,4.48µm
_05090_,4.48µm
_05126_,4.48µm
_05129_,4.48µm
_05141_,4.48µm
_05161_,4.48µm
_05163_,4.48µm
_05278_,4.48µm
_05354_,4.48µm
_05384_,4.48µm
_05394_,4.48µm
_05454_,4.48µm
_05465_,4.48µm
_05466_,4.48µm
_05481_,4.48µm
_05484_,4.48µm
_05500_,4.48µm
_05603_,4.48µm
_05607_,4.48µm
_05619_,4.48µm
_05632_,4.48µm
_05653_,4.48µm
_05667_,4.48µm
_05688_,4.48µm
_05724_,4.48µm
_05744_,4.48µm
_05752_,4.48µm
_05773_,4.48µm
_05864_,4.48µm
_05879_,4.48µm
_05882_,4.48µm
_05907_,4.48µm
_05911_,4.48µm
_05951_,4.48µm
_05953_,4.48µm
_05998_,4.48µm
_06054_,4.48µm
_06082_,4.48µm
_06089_,4.48µm
_06128_,4.48µm
_06140_,4.48µm
_06155_,4.48µm
_06186_,4.48µm
_06203_,4.48µm
_06264_,4.48µm
_06277_,4.48µm
_06288_,4.48µm
_06302_,4.48µm
_06314_,4.48µm
_06378_,4.48µm
_06389_,4.48µm
_06420_,4.48µm
_06427_,4.48µm
_06432_,4.48µm
_06501_,4.48µm
_06510_,4.48µm
_06520_,4.48µm
_06570_,4.48µm
_06572_,4.48µm
_06616_,4.48µm
_06628_,4.48µm
_06671_,4.48µm
_06683_,4.48µm
_06719_,4.48µm
_06774_,4.48µm
_06812_,4.48µm
_06820_,4.48µm
_06827_,4.48µm
_06846_,4.48µm
_06848_,4.48µm
_06874_,4.48µm
_06895_,4.48µm
_06906_,4.48µm
_06929_,4.48µm
_06940_,4.48µm
_06948_,4.48µm
_06951_,4.48µm
_06991_,4.48µm
_07030_,4.48µm
_07063_,4.48µm
_07091_,4.48µm
_07167_,4.48µm
_07231_,4.48µm
_07266_,4.48µm
_07273_,4.48µm
_07300_,4.48µm
_07316_,4.48µm
_07381_,4.48µm
_07435_,4.48µm
_07487_,4.48µm
_07502_,4.48µm
_07561_,4.48µm
_07591_,4.48µm
_07643_,4.48µm
_07795_,4.48µm
_07833_,4.48µm
_07862_,4.48µm
_07906_,4.48µm
_07984_,4.48µm
_07988_,4.48µm
_08083_,4.48µm
_08150_,4.48µm
_08195_,4.48µm
_08241_,4.48µm
_08258_,4.48µm
_08476_,4.48µm
_08580_,4.48µm
_08582_,4.48µm
_08610_,4.48µm
_08619_,4.48µm
_08660_,4.48µm
_08710_,4.48µm
_08734_,4.48µm
_08843_,4.48µm
_08854_,4.48µm
_08869_,4.48µm
_08906_,4.48µm
_08979_,4.48µm
_09070_,4.48µm
_09129_,4.48µm
_09385_,4.48µm
_09700_,4.48µm
_09705_,4.48µm
_09974_,4.48µm
_10013_,4.48µm
_10045_,4.48µm
_10068_,4.48µm
_10069_,4.48µm
_10113_,4.48µm
_10125_,4.48µm
_10159_,4.48µm
_10168_,4.48µm
_10203_,4.48µm
_10209_,4.48µm
_10238_,4.48µm
_10293_,4.48µm
_10303_,4.48µm
_10317_,4.48µm
_10390_,4.48µm
_10479_,4.48µm
_10510_,4.48µm
_10591_,4.48µm
_10597_,4.48µm
_10600_,4.48µm
_10621_,4.48µm
_10721_,4.48µm
_10792_,4.48µm
_10871_,4.48µm
_10998_,4.48µm
_11071_,4.48µm
_11104_,4.48µm
_11225_,4.48µm
_11282_,4.48µm
_11294_,4.48µm
_11421_,4.48µm
_11431_,4.48µm
_11442_,4.48µm
_11475_,4.48µm
_11523_,4.48µm
_11572_,4.48µm
_11609_,4.48µm
_11641_,4.48µm
_11684_,4.48µm
_11718_,4.48µm
_11728_,4.48µm
_11764_,4.48µm
_11855_,4.48µm
_11866_,4.48µm
_11976_,4.48µm
_12092_,4.48µm
_12242_,4.48µm
bdi\[26\],4.48µm
bdi\[7\],4.48µm
pp_inst.core_inst.reg_state_i.data_d\[112\],4.48µm
pp_inst.core_inst.reg_state_i.data_d\[120\],4.48µm
pp_inst.core_inst.reg_state_i.data_d\[154\],4.48µm
pp_inst.core_inst.reg_state_i.data_d\[191\],4.48µm
pp_inst.core_inst.reg_state_i.data_d\[237\],4.48µm
pp_inst.core_inst.reg_state_i.data_d\[254\],4.48µm
pp_inst.core_inst.reg_state_i.data_d\[86\],4.48µm
pp_inst.core_inst.reg_state_i.data_d\[68\],4.42µm
_02918_,4.07µm
_00081_,4.02µm
_00091_,4.02µm
_00095_,4.02µm
_00098_,4.02µm
_00106_,4.02µm
_00107_,4.02µm
_00129_,4.02µm
_00156_,4.02µm
_00159_,4.02µm
_00168_,4.02µm
_00180_,4.02µm
_00208_,4.02µm
_00240_,4.02µm
_00243_,4.02µm
_00254_,4.02µm
_00261_,4.02µm
_00262_,4.02µm
_00269_,4.02µm
_00279_,4.02µm
_00282_,4.02µm
_00309_,4.02µm
_00314_,4.02µm
_00335_,4.02µm
_00384_,4.02µm
_00386_,4.02µm
_00412_,4.02µm
_00433_,4.02µm
_00465_,4.02µm
_00473_,4.02µm
_00474_,4.02µm
_00476_,4.02µm
_00489_,4.02µm
_00500_,4.02µm
_00516_,4.02µm
_00524_,4.02µm
_00592_,4.02µm
_00602_,4.02µm
_00603_,4.02µm
_00612_,4.02µm
_00614_,4.02µm
_00622_,4.02µm
_00624_,4.02µm
_00642_,4.02µm
_00644_,4.02µm
_00651_,4.02µm
_00667_,4.02µm
_00677_,4.02µm
_00684_,4.02µm
_00694_,4.02µm
_00696_,4.02µm
_00700_,4.02µm
_00702_,4.02µm
_00713_,4.02µm
_00724_,4.02µm
_00726_,4.02µm
_00727_,4.02µm
_00728_,4.02µm
_00752_,4.02µm
_00762_,4.02µm
_00763_,4.02µm
_00768_,4.02µm
_00771_,4.02µm
_00782_,4.02µm
_00784_,4.02µm
_00787_,4.02µm
_00801_,4.02µm
_02910_,4.02µm
_04135_,4.02µm
_04768_,4.02µm
_05032_,4.02µm
_05045_,4.02µm
_05198_,4.02µm
_05270_,4.02µm
_05358_,4.02µm
_05408_,4.02µm
_05513_,4.02µm
_05739_,4.02µm
_05826_,4.02µm
_05874_,4.02µm
_05943_,4.02µm
_05958_,4.02µm
_06121_,4.02µm
_06144_,4.02µm
_06224_,4.02µm
_06562_,4.02µm
_06859_,4.02µm
_06933_,4.02µm
_06981_,4.02µm
_07031_,4.02µm
_07050_,4.02µm
_07053_,4.02µm
_07163_,4.02µm
_07259_,4.02µm
_07294_,4.02µm
_07501_,4.02µm
_07632_,4.02µm
_07766_,4.02µm
_08004_,4.02µm
_08088_,4.02µm
_08253_,4.02µm
_08902_,4.02µm
_10761_,4.02µm
_10997_,4.02µm
_11405_,4.02µm
_11411_,4.02µm
_11472_,4.02µm
_11550_,4.02µm
_11691_,4.02µm
_11770_,4.02µm
_11791_,4.02µm
_11948_,4.02µm
_12121_,4.02µm
_12169_,4.02µm
_00628_,3.97µm
_00645_,3.97µm
_01478_,3.97µm
_01497_,3.97µm
_01581_,3.97µm
_01891_,3.97µm
_01975_,3.97µm
_01996_,3.97µm
_02029_,3.97µm
_02294_,3.97µm
_02461_,3.97µm
_02761_,3.97µm
_02852_,3.97µm
_02949_,3.97µm
_02957_,3.97µm
_03002_,3.97µm
_03085_,3.97µm
_03296_,3.97µm
_03416_,3.97µm
_03447_,3.97µm
_03720_,3.97µm
_04136_,3.97µm
_04621_,3.97µm
_04640_,3.97µm
_04675_,3.97µm
_04790_,3.97µm
_05291_,3.97µm
_06113_,3.97µm
_06542_,3.97µm
_06624_,3.97µm
_06771_,3.97µm
_06854_,3.97µm
_06861_,3.97µm
_06931_,3.97µm
_07162_,3.97µm
_07673_,3.97µm
_08060_,3.97µm
_08072_,3.97µm
_08116_,3.97µm
_08238_,3.97µm
_08352_,3.97µm
_08672_,3.97µm
_08950_,3.97µm
_08975_,3.97µm
_09010_,3.97µm
_09396_,3.97µm
_09666_,3.97µm
_09945_,3.97µm
_10302_,3.97µm
_10638_,3.97µm
_10640_,3.97µm
_10941_,3.97µm
_11624_,3.97µm
_11715_,3.97µm
_11950_,3.97µm
_12172_,3.97µm
pp_inst.core_inst.reg_state_i.data_d\[212\],3.97µm
_00025_,3.92µm
_00059_,3.92µm
_00073_,3.92µm
_00079_,3.92µm
_00080_,3.92µm
_00082_,3.92µm
_00099_,3.92µm
_00103_,3.92µm
_00105_,3.92µm
_00110_,3.92µm
_00115_,3.92µm
_00119_,3.92µm
_00122_,3.92µm
_00148_,3.92µm
_00150_,3.92µm
_00166_,3.92µm
_00174_,3.92µm
_00177_,3.92µm
_00178_,3.92µm
_00182_,3.92µm
_00188_,3.92µm
_00190_,3.92µm
_00195_,3.92µm
_00211_,3.92µm
_00217_,3.92µm
_00226_,3.92µm
_00228_,3.92µm
_00236_,3.92µm
_00241_,3.92µm
_00245_,3.92µm
_00249_,3.92µm
_00252_,3.92µm
_00264_,3.92µm
_00280_,3.92µm
_00283_,3.92µm
_00293_,3.92µm
_00296_,3.92µm
_00311_,3.92µm
_00337_,3.92µm
_00350_,3.92µm
_00353_,3.92µm
_00358_,3.92µm
_00369_,3.92µm
_00370_,3.92µm
_00372_,3.92µm
_00389_,3.92µm
_00392_,3.92µm
_00394_,3.92µm
_00397_,3.92µm
_00398_,3.92µm
_00404_,3.92µm
_00408_,3.92µm
_00411_,3.92µm
_00418_,3.92µm
_00430_,3.92µm
_00432_,3.92µm
_00437_,3.92µm
_00439_,3.92µm
_00450_,3.92µm
_00452_,3.92µm
_00453_,3.92µm
_00456_,3.92µm
_00459_,3.92µm
_00464_,3.92µm
_00481_,3.92µm
_00501_,3.92µm
_00508_,3.92µm
_00512_,3.92µm
_00513_,3.92µm
_00518_,3.92µm
_00521_,3.92µm
_00523_,3.92µm
_00526_,3.92µm
_00527_,3.92µm
_00534_,3.92µm
_00550_,3.92µm
_00563_,3.92µm
_00584_,3.92µm
_00600_,3.92µm
_00608_,3.92µm
_00625_,3.92µm
_00632_,3.92µm
_00633_,3.92µm
_00637_,3.92µm
_00650_,3.92µm
_00666_,3.92µm
_00670_,3.92µm
_00674_,3.92µm
_00676_,3.92µm
_00682_,3.92µm
_00693_,3.92µm
_00695_,3.92µm
_00699_,3.92µm
_00701_,3.92µm
_00710_,3.92µm
_00733_,3.92µm
_00734_,3.92µm
_00736_,3.92µm
_00739_,3.92µm
_00740_,3.92µm
_00746_,3.92µm
_00755_,3.92µm
_00759_,3.92µm
_00777_,3.92µm
_00778_,3.92µm
_00780_,3.92µm
_00781_,3.92µm
_00798_,3.92µm
_00802_,3.92µm
_00807_,3.92µm
_00808_,3.92µm
_00814_,3.92µm
_00816_,3.92µm
_00817_,3.92µm
_00818_,3.92µm
_00824_,3.92µm
_00844_,3.92µm
_00858_,3.92µm
_00877_,3.92µm
_00892_,3.92µm
_00940_,3.92µm
_00960_,3.92µm
_00976_,3.92µm
_00977_,3.92µm
_00980_,3.92µm
_00987_,3.92µm
_01008_,3.92µm
_01041_,3.92µm
_01060_,3.92µm
_01080_,3.92µm
_01157_,3.92µm
_01187_,3.92µm
_01189_,3.92µm
_01202_,3.92µm
_01210_,3.92µm
_01214_,3.92µm
_01226_,3.92µm
_01230_,3.92µm
_01262_,3.92µm
_01264_,3.92µm
_01281_,3.92µm
_01290_,3.92µm
_01296_,3.92µm
_01304_,3.92µm
_01311_,3.92µm
_01313_,3.92µm
_01330_,3.92µm
_01334_,3.92µm
_01345_,3.92µm
_01349_,3.92µm
_01350_,3.92µm
_01361_,3.92µm
_01370_,3.92µm
_01376_,3.92µm
_01384_,3.92µm
_01385_,3.92µm
_01397_,3.92µm
_01408_,3.92µm
_01413_,3.92µm
_01438_,3.92µm
_01450_,3.92µm
_01459_,3.92µm
_01464_,3.92µm
_01475_,3.92µm
_01476_,3.92µm
_01493_,3.92µm
_01505_,3.92µm
_01525_,3.92µm
_01528_,3.92µm
_01546_,3.92µm
_01565_,3.92µm
_01575_,3.92µm
_01580_,3.92µm
_01616_,3.92µm
_01630_,3.92µm
_01635_,3.92µm
_01647_,3.92µm
_01651_,3.92µm
_01655_,3.92µm
_01667_,3.92µm
_01670_,3.92µm
_01684_,3.92µm
_01685_,3.92µm
_01705_,3.92µm
_01714_,3.92µm
_01737_,3.92µm
_01748_,3.92µm
_01792_,3.92µm
_01798_,3.92µm
_01806_,3.92µm
_01808_,3.92µm
_01814_,3.92µm
_01829_,3.92µm
_01831_,3.92µm
_01892_,3.92µm
_01914_,3.92µm
_01920_,3.92µm
_01922_,3.92µm
_01924_,3.92µm
_01932_,3.92µm
_01933_,3.92µm
_01945_,3.92µm
_01957_,3.92µm
_02016_,3.92µm
_02021_,3.92µm
_02034_,3.92µm
_02036_,3.92µm
_02040_,3.92µm
_02041_,3.92µm
_02042_,3.92µm
_02047_,3.92µm
_02058_,3.92µm
_02081_,3.92µm
_02085_,3.92µm
_02087_,3.92µm
_02088_,3.92µm
_02094_,3.92µm
_02099_,3.92µm
_02126_,3.92µm
_02131_,3.92µm
_02137_,3.92µm
_02144_,3.92µm
_02151_,3.92µm
_02166_,3.92µm
_02190_,3.92µm
_02200_,3.92µm
_02276_,3.92µm
_02287_,3.92µm
_02293_,3.92µm
_02311_,3.92µm
_02320_,3.92µm
_02324_,3.92µm
_02348_,3.92µm
_02350_,3.92µm
_02369_,3.92µm
_02389_,3.92µm
_02406_,3.92µm
_02421_,3.92µm
_02426_,3.92µm
_02434_,3.92µm
_02453_,3.92µm
_02465_,3.92µm
_02467_,3.92µm
_02469_,3.92µm
_02498_,3.92µm
_02503_,3.92µm
_02505_,3.92µm
_02514_,3.92µm
_02522_,3.92µm
_02525_,3.92µm
_02534_,3.92µm
_02551_,3.92µm
_02566_,3.92µm
_02579_,3.92µm
_02581_,3.92µm
_02604_,3.92µm
_02605_,3.92µm
_02614_,3.92µm
_02618_,3.92µm
_02626_,3.92µm
_02642_,3.92µm
_02652_,3.92µm
_02663_,3.92µm
_02669_,3.92µm
_02676_,3.92µm
_02688_,3.92µm
_02693_,3.92µm
_02716_,3.92µm
_02728_,3.92µm
_02732_,3.92µm
_02737_,3.92µm
_02740_,3.92µm
_02760_,3.92µm
_02770_,3.92µm
_02774_,3.92µm
_02798_,3.92µm
_02800_,3.92µm
_02802_,3.92µm
_02803_,3.92µm
_02821_,3.92µm
_02848_,3.92µm
_02871_,3.92µm
_02872_,3.92µm
_02874_,3.92µm
_02875_,3.92µm
_02876_,3.92µm
_02887_,3.92µm
_02894_,3.92µm
_02903_,3.92µm
_02905_,3.92µm
_02926_,3.92µm
_02929_,3.92µm
_02941_,3.92µm
_02953_,3.92µm
_02976_,3.92µm
_02985_,3.92µm
_02988_,3.92µm
_03000_,3.92µm
_03014_,3.92µm
_03017_,3.92µm
_03024_,3.92µm
_03030_,3.92µm
_03046_,3.92µm
_03066_,3.92µm
_03075_,3.92µm
_03104_,3.92µm
_03110_,3.92µm
_03111_,3.92µm
_03112_,3.92µm
_03117_,3.92µm
_03123_,3.92µm
_03129_,3.92µm
_03134_,3.92µm
_03139_,3.92µm
_03140_,3.92µm
_03155_,3.92µm
_03173_,3.92µm
_03175_,3.92µm
_03187_,3.92µm
_03211_,3.92µm
_03220_,3.92µm
_03228_,3.92µm
_03235_,3.92µm
_03236_,3.92µm
_03241_,3.92µm
_03245_,3.92µm
_03261_,3.92µm
_03263_,3.92µm
_03288_,3.92µm
_03300_,3.92µm
_03319_,3.92µm
_03323_,3.92µm
_03333_,3.92µm
_03335_,3.92µm
_03337_,3.92µm
_03350_,3.92µm
_03456_,3.92µm
_03471_,3.92µm
_03475_,3.92µm
_03558_,3.92µm
_03605_,3.92µm
_03621_,3.92µm
_03647_,3.92µm
_03682_,3.92µm
_03732_,3.92µm
_03963_,3.92µm
_03965_,3.92µm
_04006_,3.92µm
_04025_,3.92µm
_04041_,3.92µm
_04061_,3.92µm
_04070_,3.92µm
_04332_,3.92µm
_04608_,3.92µm
_04625_,3.92µm
_04652_,3.92µm
_04704_,3.92µm
_04727_,3.92µm
_04729_,3.92µm
_04737_,3.92µm
_04753_,3.92µm
_04769_,3.92µm
_04817_,3.92µm
_04873_,3.92µm
_04899_,3.92µm
_04936_,3.92µm
_04956_,3.92µm
_04971_,3.92µm
_04972_,3.92µm
_04989_,3.92µm
_05028_,3.92µm
_05038_,3.92µm
_05040_,3.92µm
_05085_,3.92µm
_05166_,3.92µm
_05184_,3.92µm
_05237_,3.92µm
_05238_,3.92µm
_05265_,3.92µm
_05302_,3.92µm
_05313_,3.92µm
_05328_,3.92µm
_05369_,3.92µm
_05439_,3.92µm
_05449_,3.92µm
_05550_,3.92µm
_05559_,3.92µm
_05567_,3.92µm
_05588_,3.92µm
_05590_,3.92µm
_05592_,3.92µm
_05593_,3.92µm
_05598_,3.92µm
_05609_,3.92µm
_05622_,3.92µm
_05631_,3.92µm
_05644_,3.92µm
_05649_,3.92µm
_05673_,3.92µm
_05679_,3.92µm
_05700_,3.92µm
_05703_,3.92µm
_05708_,3.92µm
_05735_,3.92µm
_05761_,3.92µm
_05837_,3.92µm
_05889_,3.92µm
_05892_,3.92µm
_05912_,3.92µm
_05949_,3.92µm
_05960_,3.92µm
_05968_,3.92µm
_06012_,3.92µm
_06042_,3.92µm
_06072_,3.92µm
_06083_,3.92µm
_06099_,3.92µm
_06100_,3.92µm
_06127_,3.92µm
_06129_,3.92µm
_06138_,3.92µm
_06231_,3.92µm
_06260_,3.92µm
_06266_,3.92µm
_06299_,3.92µm
_06301_,3.92µm
_06311_,3.92µm
_06321_,3.92µm
_06439_,3.92µm
_06447_,3.92µm
_06451_,3.92µm
_06483_,3.92µm
_06487_,3.92µm
_06511_,3.92µm
_06528_,3.92µm
_06563_,3.92µm
_06577_,3.92µm
_06685_,3.92µm
_06738_,3.92µm
_06740_,3.92µm
_06741_,3.92µm
_06753_,3.92µm
_06758_,3.92µm
_06760_,3.92µm
_06766_,3.92µm
_06814_,3.92µm
_06834_,3.92µm
_06840_,3.92µm
_06845_,3.92µm
_06866_,3.92µm
_06877_,3.92µm
_06881_,3.92µm
_06905_,3.92µm
_06922_,3.92µm
_06932_,3.92µm
_07056_,3.92µm
_07078_,3.92µm
_07083_,3.92µm
_07123_,3.92µm
_07126_,3.92µm
_07130_,3.92µm
_07137_,3.92µm
_07160_,3.92µm
_07240_,3.92µm
_07388_,3.92µm
_07402_,3.92µm
_07424_,3.92µm
_07436_,3.92µm
_07530_,3.92µm
_07588_,3.92µm
_07750_,3.92µm
_07754_,3.92µm
_07760_,3.92µm
_08035_,3.92µm
_08037_,3.92µm
_08063_,3.92µm
_08137_,3.92µm
_08179_,3.92µm
_08182_,3.92µm
_08314_,3.92µm
_08400_,3.92µm
_08406_,3.92µm
_08454_,3.92µm
_08477_,3.92µm
_08577_,3.92µm
_08622_,3.92µm
_08647_,3.92µm
_08729_,3.92µm
_08796_,3.92µm
_08925_,3.92µm
_08955_,3.92µm
_08962_,3.92µm
_09052_,3.92µm
_09087_,3.92µm
_09360_,3.92µm
_09378_,3.92µm
_09443_,3.92µm
_09445_,3.92µm
_09488_,3.92µm
_09665_,3.92µm
_09783_,3.92µm
_09789_,3.92µm
_09827_,3.92µm
_09868_,3.92µm
_09966_,3.92µm
_10029_,3.92µm
_10032_,3.92µm
_10062_,3.92µm
_10156_,3.92µm
_10262_,3.92µm
_10426_,3.92µm
_10435_,3.92µm
_10443_,3.92µm
_10481_,3.92µm
_10496_,3.92µm
_10623_,3.92µm
_10630_,3.92µm
_10667_,3.92µm
_10686_,3.92µm
_10700_,3.92µm
_10808_,3.92µm
_10905_,3.92µm
_11038_,3.92µm
_11060_,3.92µm
_11075_,3.92µm
_11109_,3.92µm
_11177_,3.92µm
_11185_,3.92µm
_11235_,3.92µm
_11245_,3.92µm
_11287_,3.92µm
_11290_,3.92µm
_11291_,3.92µm
_11299_,3.92µm
_11425_,3.92µm
_11429_,3.92µm
_11445_,3.92µm
_11447_,3.92µm
_11450_,3.92µm
_11488_,3.92µm
_11532_,3.92µm
_11545_,3.92µm
_11546_,3.92µm
_11596_,3.92µm
_11651_,3.92µm
_11658_,3.92µm
_11716_,3.92µm
_11723_,3.92µm
_11751_,3.92µm
_11813_,3.92µm
_11820_,3.92µm
_11843_,3.92µm
_11849_,3.92µm
_11863_,3.92µm
_11869_,3.92µm
_11900_,3.92µm
_11928_,3.92µm
_11956_,3.92µm
_12087_,3.92µm
_12101_,3.92µm
_12126_,3.92µm
pp_inst.core_inst.eoi_d,3.92µm
pp_inst.core_inst.reg_state_i.data_d\[100\],3.92µm
pp_inst.core_inst.reg_state_i.data_d\[105\],3.92µm
pp_inst.core_inst.reg_state_i.data_d\[116\],3.92µm
pp_inst.core_inst.reg_state_i.data_d\[130\],3.92µm
pp_inst.core_inst.reg_state_i.data_d\[143\],3.92µm
pp_inst.core_inst.reg_state_i.data_d\[197\],3.92µm
pp_inst.core_inst.reg_state_i.data_d\[218\],3.92µm
pp_inst.core_inst.reg_state_i.data_d\[71\],3.92µm
pp_inst.core_inst.reg_state_i.data_d\[76\],3.92µm
spi_ctrl.tx_stage\[21\],3.92µm
spi_ctrl.tx_stage\[29\],3.92µm
net1897,3.92µm
_05741_,3.69µm
_09347_,3.64µm
_11027_,3.64µm
_00639_,3.51µm
_02845_,3.51µm
_06102_,3.51µm
_06772_,3.51µm
_03527_,3.46µm
_03528_,3.46µm
_04107_,3.46µm
_04662_,3.46µm
_04735_,3.46µm
_05115_,3.46µm
_05537_,3.46µm
_05557_,3.46µm
_05587_,3.46µm
_05709_,3.46µm
_05956_,3.46µm
_05961_,3.46µm
_06038_,3.46µm
_06111_,3.46µm
_06119_,3.46µm
_06254_,3.46µm
_06574_,3.46µm
_06704_,3.46µm
_06889_,3.46µm
_07057_,3.46µm
_07129_,3.46µm
_07243_,3.46µm
_07383_,3.46µm
_07443_,3.46µm
_07458_,3.46µm
_07481_,3.46µm
_07543_,3.46µm
_07559_,3.46µm
_07607_,3.46µm
_07634_,3.46µm
_07681_,3.46µm
_07775_,3.46µm
_07993_,3.46µm
_08126_,3.46µm
_08159_,3.46µm
_08236_,3.46µm
_08547_,3.46µm
_08576_,3.46µm
_08609_,3.46µm
_08621_,3.46µm
_08664_,3.46µm
_08730_,3.46µm
_08819_,3.46µm
_08856_,3.46µm
_08886_,3.46µm
_08917_,3.46µm
_08980_,3.46µm
_09056_,3.46µm
_09288_,3.46µm
_09308_,3.46µm
_09806_,3.46µm
_10437_,3.46µm
_10579_,3.46µm
_10968_,3.46µm
_11690_,3.46µm
_11699_,3.46µm
_11755_,3.46µm
_00332_,3.41µm
_01919_,3.41µm
_02054_,3.41µm
_03715_,3.41µm
_04210_,3.41µm
_04546_,3.41µm
_05222_,3.41µm
_05325_,3.41µm
_05341_,3.41µm
_05383_,3.41µm
_05396_,3.41µm
_05574_,3.41µm
_05868_,3.41µm
_05934_,3.41µm
_05959_,3.41µm
_05996_,3.41µm
_06080_,3.41µm
_06123_,3.41µm
_06344_,3.41µm
_06769_,3.41µm
_06831_,3.41µm
_07286_,3.41µm
_07308_,3.41µm
_07328_,3.41µm
_07357_,3.41µm
_07434_,3.41µm
_07524_,3.41µm
_07550_,3.41µm
_07577_,3.41µm
_07596_,3.41µm
_07610_,3.41µm
_07989_,3.41µm
_08097_,3.41µm
_08334_,3.41µm
_08344_,3.41µm
_08441_,3.41µm
_08909_,3.41µm
_09833_,3.41µm
_10046_,3.41µm
_10502_,3.41µm
_11031_,3.41µm
_11237_,3.41µm
_11374_,3.41µm
_11559_,3.41µm
_11608_,3.41µm
_00038_,3.36µm
_00076_,3.36µm
_00087_,3.36µm
_00113_,3.36µm
_00120_,3.36µm
_00131_,3.36µm
_00134_,3.36µm
_00135_,3.36µm
_00138_,3.36µm
_00139_,3.36µm
_00153_,3.36µm
_00175_,3.36µm
_00183_,3.36µm
_00184_,3.36µm
_00206_,3.36µm
_00209_,3.36µm
_00216_,3.36µm
_00222_,3.36µm
_00250_,3.36µm
_00265_,3.36µm
_00273_,3.36µm
_00291_,3.36µm
_00303_,3.36µm
_00305_,3.36µm
_00307_,3.36µm
_00340_,3.36µm
_00374_,3.36µm
_00381_,3.36µm
_00405_,3.36µm
_00421_,3.36µm
_00440_,3.36µm
_00449_,3.36µm
_00467_,3.36µm
_00470_,3.36µm
_00484_,3.36µm
_00486_,3.36µm
_00496_,3.36µm
_00525_,3.36µm
_00528_,3.36µm
_00531_,3.36µm
_00566_,3.36µm
_00595_,3.36µm
_00596_,3.36µm
_00613_,3.36µm
_00619_,3.36µm
_00654_,3.36µm
_00662_,3.36µm
_00690_,3.36µm
_00691_,3.36µm
_00709_,3.36µm
_00738_,3.36µm
_00779_,3.36µm
_00809_,3.36µm
_00834_,3.36µm
_00850_,3.36µm
_00873_,3.36µm
_00894_,3.36µm
_00900_,3.36µm
_00904_,3.36µm
_00913_,3.36µm
_00917_,3.36µm
_00919_,3.36µm
_00929_,3.36µm
_00951_,3.36µm
_00954_,3.36µm
_00967_,3.36µm
_00982_,3.36µm
_00994_,3.36µm
_01004_,3.36µm
_01070_,3.36µm
_01073_,3.36µm
_01090_,3.36µm
_01117_,3.36µm
_01144_,3.36µm
_01145_,3.36µm
_01158_,3.36µm
_01247_,3.36µm
_01269_,3.36µm
_01271_,3.36µm
_01283_,3.36µm
_01315_,3.36µm
_01338_,3.36µm
_01342_,3.36µm
_01360_,3.36µm
_01364_,3.36µm
_01392_,3.36µm
_01395_,3.36µm
_01396_,3.36µm
_01414_,3.36µm
_01449_,3.36µm
_01490_,3.36µm
_01509_,3.36µm
_01541_,3.36µm
_01544_,3.36µm
_01558_,3.36µm
_01583_,3.36µm
_01605_,3.36µm
_01628_,3.36µm
_01640_,3.36µm
_01668_,3.36µm
_01671_,3.36µm
_01680_,3.36µm
_01681_,3.36µm
_01692_,3.36µm
_01703_,3.36µm
_01704_,3.36µm
_01711_,3.36µm
_01719_,3.36µm
_01721_,3.36µm
_01730_,3.36µm
_01736_,3.36µm
_01750_,3.36µm
_01757_,3.36µm
_01804_,3.36µm
_01807_,3.36µm
_01832_,3.36µm
_01844_,3.36µm
_01864_,3.36µm
_01898_,3.36µm
_01908_,3.36µm
_01912_,3.36µm
_01951_,3.36µm
_01955_,3.36µm
_01960_,3.36µm
_01972_,3.36µm
_01973_,3.36µm
_02014_,3.36µm
_02028_,3.36µm
_02112_,3.36µm
_02117_,3.36µm
_02141_,3.36µm
_02181_,3.36µm
_02182_,3.36µm
_02187_,3.36µm
_02204_,3.36µm
_02249_,3.36µm
_02257_,3.36µm
_02267_,3.36µm
_02291_,3.36µm
_02295_,3.36µm
_02301_,3.36µm
_02304_,3.36µm
_02328_,3.36µm
_02343_,3.36µm
_02354_,3.36µm
_02385_,3.36µm
_02386_,3.36µm
_02387_,3.36µm
_02433_,3.36µm
_02439_,3.36µm
_02464_,3.36µm
_02472_,3.36µm
_02473_,3.36µm
_02485_,3.36µm
_02490_,3.36µm
_02518_,3.36µm
_02526_,3.36µm
_02528_,3.36µm
_02529_,3.36µm
_02536_,3.36µm
_02550_,3.36µm
_02562_,3.36µm
_02563_,3.36µm
_02643_,3.36µm
_02648_,3.36µm
_02668_,3.36µm
_02748_,3.36µm
_02752_,3.36µm
_02783_,3.36µm
_02788_,3.36µm
_02789_,3.36µm
_02817_,3.36µm
_02820_,3.36µm
_02877_,3.36µm
_02904_,3.36µm
_02913_,3.36µm
_02915_,3.36µm
_02937_,3.36µm
_02944_,3.36µm
_02961_,3.36µm
_02972_,3.36µm
_02975_,3.36µm
_02996_,3.36µm
_03008_,3.36µm
_03036_,3.36µm
_03058_,3.36µm
_03071_,3.36µm
_03072_,3.36µm
_03125_,3.36µm
_03132_,3.36µm
_03156_,3.36µm
_03157_,3.36µm
_03195_,3.36µm
_03203_,3.36µm
_03222_,3.36µm
_03231_,3.36µm
_03299_,3.36µm
_03308_,3.36µm
_03315_,3.36µm
_03324_,3.36µm
_03346_,3.36µm
_03445_,3.36µm
_03534_,3.36µm
_03585_,3.36µm
_03626_,3.36µm
_03709_,3.36µm
_03712_,3.36µm
_03757_,3.36µm
_03795_,3.36µm
_03831_,3.36µm
_03836_,3.36µm
_04076_,3.36µm
_04171_,3.36µm
_04422_,3.36µm
_04533_,3.36µm
_04587_,3.36µm
_04590_,3.36µm
_04618_,3.36µm
_04619_,3.36µm
_04690_,3.36µm
_04696_,3.36µm
_04707_,3.36µm
_04712_,3.36µm
_04723_,3.36µm
_04731_,3.36µm
_04742_,3.36µm
_04751_,3.36µm
_04786_,3.36µm
_04852_,3.36µm
_04862_,3.36µm
_04926_,3.36µm
_04976_,3.36µm
_04982_,3.36µm
_04984_,3.36µm
_05014_,3.36µm
_05023_,3.36µm
_05065_,3.36µm
_05088_,3.36µm
_05094_,3.36µm
_05104_,3.36µm
_05123_,3.36µm
_05132_,3.36µm
_05146_,3.36µm
_05193_,3.36µm
_05233_,3.36µm
_05259_,3.36µm
_05332_,3.36µm
_05365_,3.36µm
_05375_,3.36µm
_05379_,3.36µm
_05435_,3.36µm
_05445_,3.36µm
_05457_,3.36µm
_05460_,3.36µm
_05463_,3.36µm
_05491_,3.36µm
_05507_,3.36µm
_05539_,3.36µm
_05549_,3.36µm
_05570_,3.36µm
_05638_,3.36µm
_05654_,3.36µm
_05672_,3.36µm
_05713_,3.36µm
_05715_,3.36µm
_05722_,3.36µm
_05723_,3.36µm
_05725_,3.36µm
_05769_,3.36µm
_05794_,3.36µm
_05806_,3.36µm
_05817_,3.36µm
_05893_,3.36µm
_05901_,3.36µm
_05904_,3.36µm
_05972_,3.36µm
_06004_,3.36µm
_06015_,3.36µm
_06064_,3.36µm
_06091_,3.36µm
_06104_,3.36µm
_06110_,3.36µm
_06120_,3.36µm
_06139_,3.36µm
_06204_,3.36µm
_06210_,3.36µm
_06212_,3.36µm
_06213_,3.36µm
_06233_,3.36µm
_06255_,3.36µm
_06315_,3.36µm
_06326_,3.36µm
_06401_,3.36µm
_06417_,3.36µm
_06425_,3.36µm
_06445_,3.36µm
_06461_,3.36µm
_06489_,3.36µm
_06507_,3.36µm
_06524_,3.36µm
_06536_,3.36µm
_06620_,3.36µm
_06645_,3.36µm
_06702_,3.36µm
_06706_,3.36µm
_06729_,3.36µm
_06730_,3.36µm
_06792_,3.36µm
_06804_,3.36µm
_06819_,3.36µm
_06822_,3.36µm
_06832_,3.36µm
_06864_,3.36µm
_06883_,3.36µm
_06910_,3.36µm
_06938_,3.36µm
_07060_,3.36µm
_07068_,3.36µm
_07073_,3.36µm
_07092_,3.36µm
_07189_,3.36µm
_07205_,3.36µm
_07212_,3.36µm
_07218_,3.36µm
_07247_,3.36µm
_07268_,3.36µm
_07319_,3.36µm
_07324_,3.36µm
_07333_,3.36µm
_07387_,3.36µm
_07417_,3.36µm
_07645_,3.36µm
_07687_,3.36µm
_07728_,3.36µm
_07746_,3.36µm
_07800_,3.36µm
_07881_,3.36µm
_07890_,3.36µm
_07902_,3.36µm
_07922_,3.36µm
_07929_,3.36µm
_07962_,3.36µm
_07970_,3.36µm
_08012_,3.36µm
_08114_,3.36µm
_08202_,3.36µm
_08225_,3.36µm
_08226_,3.36µm
_08326_,3.36µm
_08348_,3.36µm
_08367_,3.36µm
_08371_,3.36µm
_08469_,3.36µm
_08517_,3.36µm
_08603_,3.36µm
_08616_,3.36µm
_08626_,3.36µm
_08682_,3.36µm
_08688_,3.36µm
_08695_,3.36µm
_08700_,3.36µm
_08739_,3.36µm
_08933_,3.36µm
_08986_,3.36µm
_08997_,3.36µm
_09090_,3.36µm
_09410_,3.36µm
_09426_,3.36µm
_09427_,3.36µm
_09452_,3.36µm
_09598_,3.36µm
_09643_,3.36µm
_09660_,3.36µm
_09690_,3.36µm
_09762_,3.36µm
_09764_,3.36µm
_09774_,3.36µm
_09889_,3.36µm
_09980_,3.36µm
_10053_,3.36µm
_10140_,3.36µm
_10257_,3.36µm
_10311_,3.36µm
_10318_,3.36µm
_10352_,3.36µm
_10361_,3.36µm
_10362_,3.36µm
_10377_,3.36µm
_10439_,3.36µm
_10512_,3.36µm
_10523_,3.36µm
_10547_,3.36µm
_10563_,3.36µm
_10565_,3.36µm
_10596_,3.36µm
_10601_,3.36µm
_10625_,3.36µm
_10656_,3.36µm
_10715_,3.36µm
_10717_,3.36µm
_10765_,3.36µm
_10784_,3.36µm
_10828_,3.36µm
_10876_,3.36µm
_11016_,3.36µm
_11044_,3.36µm
_11056_,3.36µm
_11141_,3.36µm
_11166_,3.36µm
_11178_,3.36µm
_11214_,3.36µm
_11233_,3.36µm
_11236_,3.36µm
_11244_,3.36µm
_11342_,3.36µm
_11347_,3.36µm
_11400_,3.36µm
_11406_,3.36µm
_11433_,3.36µm
_11440_,3.36µm
_11471_,3.36µm
_11473_,3.36µm
_11479_,3.36µm
_11511_,3.36µm
_11526_,3.36µm
_11541_,3.36µm
_11564_,3.36µm
_11584_,3.36µm
_11636_,3.36µm
_11649_,3.36µm
_11650_,3.36µm
_11689_,3.36µm
_11742_,3.36µm
_11746_,3.36µm
_11754_,3.36µm
_11756_,3.36µm
_11771_,3.36µm
_11774_,3.36µm
_11788_,3.36µm
_11797_,3.36µm
_11803_,3.36µm
_11833_,3.36µm
_11840_,3.36µm
_11856_,3.36µm
_12107_,3.36µm
_12212_,3.36µm
_12214_,3.36µm
_12233_,3.36µm
bdi\[1\],3.36µm
pp_inst.core_inst.ad_eot_d,3.36µm
pp_inst.core_inst.reg_state_i.data_d\[141\],3.36µm
pp_inst.core_inst.reg_state_i.data_d\[150\],3.36µm
pp_inst.core_inst.reg_state_i.data_d\[162\],3.36µm
pp_inst.core_inst.reg_state_i.data_d\[172\],3.36µm
pp_inst.core_inst.reg_state_i.data_d\[189\],3.36µm
pp_inst.core_inst.reg_state_i.data_d\[193\],3.36µm
pp_inst.core_inst.reg_state_i.data_d\[223\],3.36µm
pp_inst.core_inst.reg_state_i.data_d\[231\],3.36µm
pp_inst.core_inst.reg_state_i.data_d\[243\],3.36µm
pp_inst.core_inst.reg_state_i.data_d\[78\],3.36µm
pp_inst.core_inst.reg_state_i.data_d\[83\],3.36µm
_05409_,3.08µm
_00487_,2.95µm
_05974_,2.95µm
_04672_,2.9µm
_04718_,2.9µm
_04821_,2.9µm
_04890_,2.9µm
_04930_,2.9µm
_05066_,2.9µm
_05203_,2.9µm
_05216_,2.9µm
_05226_,2.9µm
_05251_,2.9µm
_05283_,2.9µm
_05287_,2.9µm
_05399_,2.9µm
_05533_,2.9µm
_05608_,2.9µm
_05612_,2.9µm
_05710_,2.9µm
_05796_,2.9µm
_05900_,2.9µm
_05919_,2.9µm
_05991_,2.9µm
_06032_,2.9µm
_06090_,2.9µm
_06146_,2.9µm
_06154_,2.9µm
_06164_,2.9µm
_06330_,2.9µm
_06473_,2.9µm
_06609_,2.9µm
_06764_,2.9µm
_06838_,2.9µm
_06880_,2.9µm
_06946_,2.9µm
_06998_,2.9µm
_07024_,2.9µm
_07064_,2.9µm
_07196_,2.9µm
_07221_,2.9µm
_07254_,2.9µm
_07299_,2.9µm
_07362_,2.9µm
_07409_,2.9µm
_07464_,2.9µm
_07529_,2.9µm
_07548_,2.9µm
_07723_,2.9µm
_07797_,2.9µm
_07801_,2.9µm
_07821_,2.9µm
_07823_,2.9µm
_08120_,2.9µm
_08389_,2.9µm
_08414_,2.9µm
_08474_,2.9µm
_08655_,2.9µm
_08758_,2.9µm
_08776_,2.9µm
_08867_,2.9µm
_08932_,2.9µm
_09050_,2.9µm
_09442_,2.9µm
_09892_,2.9µm
_09985_,2.9µm
_10454_,2.9µm
_10703_,2.9µm
_10878_,2.9µm
_10921_,2.9µm
_11274_,2.9µm
_11339_,2.9µm
_11527_,2.9µm
_11642_,2.9µm
_11733_,2.9µm
_11836_,2.9µm
_11858_,2.9µm
_11872_,2.9µm
_00428_,2.85µm
_00472_,2.85µm
_05169_,2.85µm
_05902_,2.85µm
_06908_,2.85µm
_06943_,2.85µm
_07004_,2.85µm
_07086_,2.85µm
_07191_,2.85µm
_07201_,2.85µm
_07662_,2.85µm
_07861_,2.85µm
_07905_,2.85µm
_07973_,2.85µm
_08022_,2.85µm
_08292_,2.85µm
_08325_,2.85µm
_08707_,2.85µm
_08752_,2.85µm
_09027_,2.85µm
_09037_,2.85µm
_10470_,2.85µm
_11081_,2.85µm
_11301_,2.85µm
_11875_,2.85µm
_11961_,2.85µm
_00023_,2.8µm
_00078_,2.8µm
_00083_,2.8µm
_00212_,2.8µm
_00230_,2.8µm
_00321_,2.8µm
_00328_,2.8µm
_00355_,2.8µm
_00356_,2.8µm
_00422_,2.8µm
_00446_,2.8µm
_00498_,2.8µm
_00519_,2.8µm
_00538_,2.8µm
_00543_,2.8µm
_00544_,2.8µm
_00565_,2.8µm
_00587_,2.8µm
_00591_,2.8µm
_00640_,2.8µm
_00653_,2.8µm
_00720_,2.8µm
_00749_,2.8µm
_00835_,2.8µm
_00837_,2.8µm
_00845_,2.8µm
_00856_,2.8µm
_00874_,2.8µm
_00893_,2.8µm
_00915_,2.8µm
_00921_,2.8µm
_00923_,2.8µm
_00930_,2.8µm
_00969_,2.8µm
_00973_,2.8µm
_00985_,2.8µm
_00998_,2.8µm
_01017_,2.8µm
_01037_,2.8µm
_01056_,2.8µm
_01118_,2.8µm
_01152_,2.8µm
_01175_,2.8µm
_01181_,2.8µm
_01190_,2.8µm
_01197_,2.8µm
_01215_,2.8µm
_01216_,2.8µm
_01217_,2.8µm
_01219_,2.8µm
_01234_,2.8µm
_01235_,2.8µm
_01243_,2.8µm
_01255_,2.8µm
_01259_,2.8µm
_01270_,2.8µm
_01279_,2.8µm
_01294_,2.8µm
_01297_,2.8µm
_01299_,2.8µm
_01301_,2.8µm
_01358_,2.8µm
_01366_,2.8µm
_01378_,2.8µm
_01407_,2.8µm
_01436_,2.8µm
_01452_,2.8µm
_01455_,2.8µm
_01462_,2.8µm
_01510_,2.8µm
_01515_,2.8µm
_01518_,2.8µm
_01535_,2.8µm
_01571_,2.8µm
_01573_,2.8µm
_01574_,2.8µm
_01596_,2.8µm
_01597_,2.8µm
_01606_,2.8µm
_01654_,2.8µm
_01662_,2.8µm
_01709_,2.8µm
_01738_,2.8µm
_01848_,2.8µm
_01867_,2.8µm
_01913_,2.8µm
_01915_,2.8µm
_01953_,2.8µm
_01989_,2.8µm
_01993_,2.8µm
_02025_,2.8µm
_02060_,2.8µm
_02121_,2.8µm
_02129_,2.8µm
_02169_,2.8µm
_02186_,2.8µm
_02201_,2.8µm
_02208_,2.8µm
_02248_,2.8µm
_02253_,2.8µm
_02280_,2.8µm
_02281_,2.8µm
_02302_,2.8µm
_02310_,2.8µm
_02345_,2.8µm
_02362_,2.8µm
_02364_,2.8µm
_02371_,2.8µm
_02405_,2.8µm
_02440_,2.8µm
_02444_,2.8µm
_02447_,2.8µm
_02459_,2.8µm
_02501_,2.8µm
_02524_,2.8µm
_02552_,2.8µm
_02580_,2.8µm
_02611_,2.8µm
_02644_,2.8µm
_02649_,2.8µm
_02662_,2.8µm
_02690_,2.8µm
_02698_,2.8µm
_02702_,2.8µm
_02714_,2.8µm
_02724_,2.8µm
_02726_,2.8µm
_02757_,2.8µm
_02759_,2.8µm
_02816_,2.8µm
_02823_,2.8µm
_02825_,2.8µm
_02827_,2.8µm
_02879_,2.8µm
_02888_,2.8µm
_02890_,2.8µm
_02981_,2.8µm
_02983_,2.8µm
_02999_,2.8µm
_03037_,2.8µm
_03063_,2.8µm
_03069_,2.8µm
_03074_,2.8µm
_03081_,2.8µm
_03098_,2.8µm
_03099_,2.8µm
_03113_,2.8µm
_03126_,2.8µm
_03128_,2.8µm
_03143_,2.8µm
_03145_,2.8µm
_03152_,2.8µm
_03154_,2.8µm
_03160_,2.8µm
_03189_,2.8µm
_03197_,2.8µm
_03207_,2.8µm
_03240_,2.8µm
_03264_,2.8µm
_03320_,2.8µm
_03354_,2.8µm
_03406_,2.8µm
_03408_,2.8µm
_03535_,2.8µm
_03616_,2.8µm
_03620_,2.8µm
_03657_,2.8µm
_03672_,2.8µm
_03726_,2.8µm
_03762_,2.8µm
_03770_,2.8µm
_03906_,2.8µm
_03911_,2.8µm
_04058_,2.8µm
_04092_,2.8µm
_04122_,2.8µm
_04400_,2.8µm
_04583_,2.8µm
_04601_,2.8µm
_04615_,2.8µm
_04617_,2.8µm
_04622_,2.8µm
_04643_,2.8µm
_04715_,2.8µm
_04732_,2.8µm
_04734_,2.8µm
_04746_,2.8µm
_04792_,2.8µm
_04802_,2.8µm
_04835_,2.8µm
_04865_,2.8µm
_04910_,2.8µm
_04944_,2.8µm
_04949_,2.8µm
_04997_,2.8µm
_05054_,2.8µm
_05062_,2.8µm
_05099_,2.8µm
_05113_,2.8µm
_05227_,2.8µm
_05245_,2.8µm
_05250_,2.8µm
_05254_,2.8µm
_05345_,2.8µm
_05356_,2.8µm
_05417_,2.8µm
_05428_,2.8µm
_05438_,2.8µm
_05451_,2.8µm
_05479_,2.8µm
_05546_,2.8µm
_05623_,2.8µm
_05627_,2.8µm
_05637_,2.8µm
_05661_,2.8µm
_05720_,2.8µm
_05768_,2.8µm
_05788_,2.8µm
_05791_,2.8µm
_05815_,2.8µm
_05856_,2.8µm
_05873_,2.8µm
_05880_,2.8µm
_05890_,2.8µm
_05899_,2.8µm
_05916_,2.8µm
_05918_,2.8µm
_05920_,2.8µm
_05928_,2.8µm
_05962_,2.8µm
_06034_,2.8µm
_06136_,2.8µm
_06147_,2.8µm
_06165_,2.8µm
_06192_,2.8µm
_06194_,2.8µm
_06201_,2.8µm
_06214_,2.8µm
_06221_,2.8µm
_06234_,2.8µm
_06240_,2.8µm
_06293_,2.8µm
_06365_,2.8µm
_06407_,2.8µm
_06455_,2.8µm
_06471_,2.8µm
_06530_,2.8µm
_06537_,2.8µm
_06548_,2.8µm
_06556_,2.8µm
_06592_,2.8µm
_06595_,2.8µm
_06597_,2.8µm
_06669_,2.8µm
_06677_,2.8µm
_06707_,2.8µm
_06743_,2.8µm
_06782_,2.8µm
_06783_,2.8µm
_06788_,2.8µm
_06795_,2.8µm
_06835_,2.8µm
_06914_,2.8µm
_06930_,2.8µm
_06934_,2.8µm
_06942_,2.8µm
_06985_,2.8µm
_06996_,2.8µm
_06997_,2.8µm
_07026_,2.8µm
_07044_,2.8µm
_07054_,2.8µm
_07055_,2.8µm
_07100_,2.8µm
_07101_,2.8µm
_07109_,2.8µm
_07138_,2.8µm
_07143_,2.8µm
_07151_,2.8µm
_07177_,2.8µm
_07192_,2.8µm
_07197_,2.8µm
_07202_,2.8µm
_07233_,2.8µm
_07239_,2.8µm
_07253_,2.8µm
_07257_,2.8µm
_07292_,2.8µm
_07295_,2.8µm
_07313_,2.8µm
_07315_,2.8µm
_07326_,2.8µm
_07329_,2.8µm
_07332_,2.8µm
_07355_,2.8µm
_07359_,2.8µm
_07391_,2.8µm
_07397_,2.8µm
_07398_,2.8µm
_07404_,2.8µm
_07419_,2.8µm
_07441_,2.8µm
_07463_,2.8µm
_07466_,2.8µm
_07467_,2.8µm
_07495_,2.8µm
_07499_,2.8µm
_07579_,2.8µm
_07599_,2.8µm
_07608_,2.8µm
_07622_,2.8µm
_07633_,2.8µm
_07644_,2.8µm
_07659_,2.8µm
_07663_,2.8µm
_07709_,2.8µm
_07729_,2.8µm
_07758_,2.8µm
_07765_,2.8µm
_07787_,2.8µm
_07820_,2.8µm
_07871_,2.8µm
_07872_,2.8µm
_07898_,2.8µm
_07907_,2.8µm
_07913_,2.8µm
_07919_,2.8µm
_07924_,2.8µm
_07932_,2.8µm
_07942_,2.8µm
_07946_,2.8µm
_08036_,2.8µm
_08056_,2.8µm
_08107_,2.8µm
_08112_,2.8µm
_08121_,2.8µm
_08146_,2.8µm
_08148_,2.8µm
_08154_,2.8µm
_08169_,2.8µm
_08172_,2.8µm
_08217_,2.8µm
_08229_,2.8µm
_08239_,2.8µm
_08243_,2.8µm
_08271_,2.8µm
_08280_,2.8µm
_08284_,2.8µm
_08298_,2.8µm
_08300_,2.8µm
_08311_,2.8µm
_08328_,2.8µm
_08342_,2.8µm
_08356_,2.8µm
_08364_,2.8µm
_08385_,2.8µm
_08399_,2.8µm
_08416_,2.8µm
_08468_,2.8µm
_08483_,2.8µm
_08492_,2.8µm
_08511_,2.8µm
_08512_,2.8µm
_08520_,2.8µm
_08540_,2.8µm
_08543_,2.8µm
_08567_,2.8µm
_08570_,2.8µm
_08579_,2.8µm
_08587_,2.8µm
_08588_,2.8µm
_08620_,2.8µm
_08650_,2.8µm
_08673_,2.8µm
_08693_,2.8µm
_08697_,2.8µm
_08702_,2.8µm
_08708_,2.8µm
_08715_,2.8µm
_08726_,2.8µm
_08753_,2.8µm
_08756_,2.8µm
_08765_,2.8µm
_08766_,2.8µm
_08768_,2.8µm
_08781_,2.8µm
_08789_,2.8µm
_08799_,2.8µm
_08805_,2.8µm
_08809_,2.8µm
_08815_,2.8µm
_08829_,2.8µm
_08834_,2.8µm
_08836_,2.8µm
_08865_,2.8µm
_08877_,2.8µm
_08922_,2.8µm
_08983_,2.8µm
_08985_,2.8µm
_08992_,2.8µm
_09001_,2.8µm
_09009_,2.8µm
_09018_,2.8µm
_09030_,2.8µm
_09062_,2.8µm
_09071_,2.8µm
_09088_,2.8µm
_09132_,2.8µm
_09428_,2.8µm
_09441_,2.8µm
_09650_,2.8µm
_09686_,2.8µm
_09694_,2.8µm
_09697_,2.8µm
_09748_,2.8µm
_09807_,2.8µm
_09825_,2.8µm
_09872_,2.8µm
_09956_,2.8µm
_10074_,2.8µm
_10114_,2.8µm
_10161_,2.8µm
_10266_,2.8µm
_10270_,2.8µm
_10325_,2.8µm
_10342_,2.8µm
_10387_,2.8µm
_10413_,2.8µm
_10453_,2.8µm
_10483_,2.8µm
_10484_,2.8µm
_10521_,2.8µm
_10524_,2.8µm
_10543_,2.8µm
_10642_,2.8µm
_10738_,2.8µm
_10901_,2.8µm
_10937_,2.8µm
_10971_,2.8µm
_10982_,2.8µm
_11212_,2.8µm
_11250_,2.8µm
_11263_,2.8µm
_11296_,2.8µm
_11309_,2.8µm
_11319_,2.8µm
_11365_,2.8µm
_11481_,2.8µm
_11502_,2.8µm
_11504_,2.8µm
_11551_,2.8µm
_11581_,2.8µm
_11582_,2.8µm
_11620_,2.8µm
_11648_,2.8µm
_11680_,2.8µm
_11719_,2.8µm
_11761_,2.8µm
_11763_,2.8µm
_11781_,2.8µm
_11792_,2.8µm
_11834_,2.8µm
_11899_,2.8µm
_12105_,2.8µm
_12265_,2.8µm
bdi\[25\],2.8µm
pp_inst.core_inst.reg_state_i.data_d\[101\],2.8µm
pp_inst.core_inst.reg_state_i.data_d\[109\],2.8µm
pp_inst.core_inst.reg_state_i.data_d\[115\],2.8µm
pp_inst.core_inst.reg_state_i.data_d\[117\],2.8µm
pp_inst.core_inst.reg_state_i.data_d\[176\],2.8µm
pp_inst.core_inst.reg_state_i.data_d\[195\],2.8µm
pp_inst.core_inst.reg_state_i.data_d\[214\],2.8µm
pp_inst.core_inst.reg_state_i.data_d\[221\],2.8µm
pp_inst.core_inst.reg_state_i.data_d\[230\],2.8µm
pp_inst.core_inst.reg_state_i.data_d\[66\],2.8µm
pp_inst.core_inst.reg_state_i.data_d\[84\],2.8µm
pp_inst.core_inst.reg_state_i.data_d\[85\],2.8µm
_03998_,2.34µm
_04685_,2.34µm
_04744_,2.34µm
_04812_,2.34µm
_05027_,2.34µm
_05057_,2.34µm
_05109_,2.34µm
_05272_,2.34µm
_05319_,2.34µm
_05450_,2.34µm
_05526_,2.34µm
_05625_,2.34µm
_05854_,2.34µm
_06051_,2.34µm
_06590_,2.34µm
_06682_,2.34µm
_07194_,2.34µm
_07211_,2.34µm
_07438_,2.34µm
_08067_,2.34µm
_08094_,2.34µm
_08392_,2.34µm
_08594_,2.34µm
_08607_,2.34µm
_08625_,2.34µm
_08629_,2.34µm
_08891_,2.34µm
_08973_,2.34µm
_09082_,2.34µm
_09375_,2.34µm
_09732_,2.34µm
_09834_,2.34µm
_09855_,2.34µm
_09977_,2.34µm
_10023_,2.34µm
_10818_,2.34µm
_10940_,2.34µm
_11312_,2.34µm
_11407_,2.34µm
_11778_,2.34µm
_11798_,2.34µm
_11810_,2.34µm
_11870_,2.34µm
_11881_,2.34µm
_11974_,2.34µm
_04875_,2.29µm
_05922_,2.29µm
_06759_,2.29µm
_06853_,2.29µm
_07032_,2.29µm
_07084_,2.29µm
_08330_,2.29µm
_11318_,2.29µm
_11634_,2.29µm
_00151_,2.24µm
_00171_,2.24µm
_00179_,2.24µm
_00207_,2.24µm
_00248_,2.24µm
_00259_,2.24µm
_00263_,2.24µm
_00320_,2.24µm
_00330_,2.24µm
_00365_,2.24µm
_00407_,2.24µm
_00427_,2.24µm
_00466_,2.24µm
_00515_,2.24µm
_00564_,2.24µm
_00570_,2.24µm
_00576_,2.24µm
_00585_,2.24µm
_00594_,2.24µm
_00620_,2.24µm
_00626_,2.24µm
_00707_,2.24µm
_00725_,2.24µm
_00767_,2.24µm
_00769_,2.24µm
_00789_,2.24µm
_00803_,2.24µm
_01373_,2.24µm
_01399_,2.24µm
_01400_,2.24µm
_01492_,2.24µm
_01534_,2.24µm
_01587_,2.24µm
_01690_,2.24µm
_01702_,2.24µm
_01718_,2.24µm
_01728_,2.24µm
_01770_,2.24µm
_01776_,2.24µm
_01805_,2.24µm
_01847_,2.24µm
_01991_,2.24µm
_02030_,2.24µm
_02078_,2.24µm
_02162_,2.24µm
_02215_,2.24µm
_02222_,2.24µm
_02239_,2.24µm
_02278_,2.24µm
_02428_,2.24µm
_02484_,2.24µm
_02560_,2.24µm
_02586_,2.24µm
_02588_,2.24µm
_02590_,2.24µm
_02778_,2.24µm
_02854_,2.24µm
_02889_,2.24µm
_03005_,2.24µm
_03077_,2.24µm
_03080_,2.24µm
_03102_,2.24µm
_03124_,2.24µm
_03136_,2.24µm
_03206_,2.24µm
_03305_,2.24µm
_03322_,2.24µm
_03502_,2.24µm
_03567_,2.24µm
_03786_,2.24µm
_03882_,2.24µm
_04331_,2.24µm
_04522_,2.24µm
_04603_,2.24µm
_04646_,2.24µm
_04648_,2.24µm
_04699_,2.24µm
_04716_,2.24µm
_04738_,2.24µm
_04739_,2.24µm
_04907_,2.24µm
_04970_,2.24µm
_05043_,2.24µm
_05070_,2.24µm
_05071_,2.24µm
_05127_,2.24µm
_05183_,2.24µm
_05211_,2.24µm
_05232_,2.24µm
_05253_,2.24µm
_05267_,2.24µm
_05274_,2.24µm
_05385_,2.24µm
_05440_,2.24µm
_05480_,2.24µm
_05516_,2.24µm
_05528_,2.24µm
_05538_,2.24µm
_05617_,2.24µm
_05655_,2.24µm
_05665_,2.24µm
_05681_,2.24µm
_05698_,2.24µm
_05742_,2.24µm
_05759_,2.24µm
_05774_,2.24µm
_05844_,2.24µm
_05992_,2.24µm
_06056_,2.24µm
_06067_,2.24µm
_06244_,2.24µm
_06250_,2.24µm
_06332_,2.24µm
_06412_,2.24µm
_06450_,2.24µm
_06575_,2.24µm
_06614_,2.24µm
_06643_,2.24µm
_06656_,2.24µm
_06662_,2.24µm
_06692_,2.24µm
_06860_,2.24µm
_06904_,2.24µm
_06956_,2.24µm
_06982_,2.24µm
_07144_,2.24µm
_07213_,2.24µm
_07400_,2.24µm
_07471_,2.24µm
_07685_,2.24µm
_07889_,2.24µm
_07930_,2.24µm
_07969_,2.24µm
_07992_,2.24µm
_08085_,2.24µm
_08384_,2.24µm
_08568_,2.24µm
_08680_,2.24µm
_08687_,2.24µm
_08762_,2.24µm
_09045_,2.24µm
_09130_,2.24µm
_09574_,2.24µm
_09802_,2.24µm
_09874_,2.24µm
_09877_,2.24µm
_10001_,2.24µm
_10021_,2.24µm
_10121_,2.24µm
_10165_,2.24µm
_10181_,2.24µm
_10244_,2.24µm
_10324_,2.24µm
_10331_,2.24µm
_10354_,2.24µm
_10444_,2.24µm
_10637_,2.24µm
_10674_,2.24µm
_10759_,2.24µm
_10911_,2.24µm
_10954_,2.24µm
_11009_,2.24µm
_11015_,2.24µm
_11099_,2.24µm
_11151_,2.24µm
_11334_,2.24µm
_11382_,2.24µm
_11452_,2.24µm
_11462_,2.24µm
_11613_,2.24µm
_11687_,2.24µm
_11749_,2.24µm
_11947_,2.24µm
_11970_,2.24µm
_12136_,2.24µm
net1895,2.24µm
_03500_,1.78µm
_05421_,1.78µm
_06242_,1.78µm
_06732_,1.78µm
_07182_,1.78µm
_07361_,1.78µm
_07947_,1.78µm
_08184_,1.78µm
_08485_,1.78µm
_08996_,1.78µm
_09044_,1.78µm
_09092_,1.78µm
_09318_,1.78µm
_10431_,1.78µm
_10552_,1.78µm
_11493_,1.78µm
_11516_,1.78µm
_11677_,1.78µm
_11720_,1.78µm
_07214_,1.73µm
_07281_,1.73µm
_07916_,1.73µm
_08165_,1.73µm
_00077_,1.68µm
_00086_,1.68µm
_00090_,1.68µm
_00097_,1.68µm
_00111_,1.68µm
_00127_,1.68µm
_00133_,1.68µm
_00142_,1.68µm
_00145_,1.68µm
_00149_,1.68µm
_00152_,1.68µm
_00160_,1.68µm
_00161_,1.68µm
_00162_,1.68µm
_00164_,1.68µm
_00173_,1.68µm
_00176_,1.68µm
_00181_,1.68µm
_00185_,1.68µm
_00187_,1.68µm
_00196_,1.68µm
_00201_,1.68µm
_00204_,1.68µm
_00205_,1.68µm
_00210_,1.68µm
_00215_,1.68µm
_00223_,1.68µm
_00224_,1.68µm
_00231_,1.68µm
_00234_,1.68µm
_00275_,1.68µm
_00278_,1.68µm
_00281_,1.68µm
_00284_,1.68µm
_00286_,1.68µm
_00287_,1.68µm
_00288_,1.68µm
_00290_,1.68µm
_00308_,1.68µm
_00312_,1.68µm
_00315_,1.68µm
_00318_,1.68µm
_00322_,1.68µm
_00327_,1.68µm
_00329_,1.68µm
_00331_,1.68µm
_00333_,1.68µm
_00334_,1.68µm
_00339_,1.68µm
_00341_,1.68µm
_00342_,1.68µm
_00343_,1.68µm
_00344_,1.68µm
_00348_,1.68µm
_00359_,1.68µm
_00360_,1.68µm
_00367_,1.68µm
_00368_,1.68µm
_00379_,1.68µm
_00380_,1.68µm
_00390_,1.68µm
_00395_,1.68µm
_00399_,1.68µm
_00401_,1.68µm
_00402_,1.68µm
_00409_,1.68µm
_00410_,1.68µm
_00424_,1.68µm
_00425_,1.68µm
_00431_,1.68µm
_00434_,1.68µm
_00442_,1.68µm
_00443_,1.68µm
_00454_,1.68µm
_00458_,1.68µm
_00468_,1.68µm
_00469_,1.68µm
_00477_,1.68µm
_00485_,1.68µm
_00493_,1.68µm
_00503_,1.68µm
_00504_,1.68µm
_00506_,1.68µm
_00511_,1.68µm
_00517_,1.68µm
_00536_,1.68µm
_00542_,1.68µm
_00545_,1.68µm
_00549_,1.68µm
_00554_,1.68µm
_00556_,1.68µm
_00558_,1.68µm
_00559_,1.68µm
_00562_,1.68µm
_00569_,1.68µm
_00571_,1.68µm
_00575_,1.68µm
_00580_,1.68µm
_00583_,1.68µm
_00593_,1.68µm
_00604_,1.68µm
_00629_,1.68µm
_00630_,1.68µm
_00636_,1.68µm
_00646_,1.68µm
_00647_,1.68µm
_00649_,1.68µm
_00652_,1.68µm
_00657_,1.68µm
_00665_,1.68µm
_00672_,1.68µm
_00678_,1.68µm
_00680_,1.68µm
_00681_,1.68µm
_00685_,1.68µm
_00711_,1.68µm
_00712_,1.68µm
_00715_,1.68µm
_00718_,1.68µm
_00722_,1.68µm
_00729_,1.68µm
_00735_,1.68µm
_00754_,1.68µm
_00757_,1.68µm
_00760_,1.68µm
_00761_,1.68µm
_00765_,1.68µm
_00770_,1.68µm
_00774_,1.68µm
_00792_,1.68µm
_00796_,1.68µm
_00826_,1.68µm
_03788_,1.68µm
_03862_,1.68µm
_04406_,1.68µm
_04624_,1.68µm
_04713_,1.68µm
_04795_,1.68µm
_04809_,1.68µm
_04912_,1.68µm
_05000_,1.68µm
_05084_,1.68µm
_05167_,1.68µm
_05340_,1.68µm
_05431_,1.68µm
_05504_,1.68µm
_05512_,1.68µm
_05523_,1.68µm
_05568_,1.68µm
_05576_,1.68µm
_05591_,1.68µm
_05640_,1.68µm
_05645_,1.68µm
_05651_,1.68µm
_05763_,1.68µm
_05957_,1.68µm
_06048_,1.68µm
_06331_,1.68µm
_06334_,1.68µm
_06348_,1.68µm
_06373_,1.68µm
_06391_,1.68µm
_06404_,1.68µm
_06478_,1.68µm
_06523_,1.68µm
_06583_,1.68µm
_06785_,1.68µm
_06794_,1.68µm
_06850_,1.68µm
_06857_,1.68µm
_06983_,1.68µm
_06984_,1.68µm
_06989_,1.68µm
_07014_,1.68µm
_07018_,1.68µm
_07022_,1.68µm
_07093_,1.68µm
_07111_,1.68µm
_07119_,1.68µm
_07156_,1.68µm
_07158_,1.68µm
_07159_,1.68µm
_07171_,1.68µm
_07199_,1.68µm
_07225_,1.68µm
_07236_,1.68µm
_07262_,1.68µm
_07265_,1.68µm
_07284_,1.68µm
_07353_,1.68µm
_07384_,1.68µm
_07432_,1.68µm
_07449_,1.68µm
_07488_,1.68µm
_07509_,1.68µm
_07598_,1.68µm
_07626_,1.68µm
_07635_,1.68µm
_07716_,1.68µm
_07789_,1.68µm
_07857_,1.68µm
_07874_,1.68µm
_07885_,1.68µm
_07941_,1.68µm
_07951_,1.68µm
_07968_,1.68µm
_08001_,1.68µm
_08014_,1.68µm
_08135_,1.68µm
_08173_,1.68µm
_08234_,1.68µm
_08248_,1.68µm
_08252_,1.68µm
_08299_,1.68µm
_08376_,1.68µm
_08424_,1.68µm
_08425_,1.68µm
_08478_,1.68µm
_08481_,1.68µm
_08593_,1.68µm
_08601_,1.68µm
_08643_,1.68µm
_08656_,1.68µm
_08698_,1.68µm
_08714_,1.68µm
_08751_,1.68µm
_08811_,1.68µm
_08820_,1.68µm
_08839_,1.68µm
_08855_,1.68µm
_08892_,1.68µm
_08928_,1.68µm
_08929_,1.68µm
_08935_,1.68µm
_08977_,1.68µm
_09042_,1.68µm
_09812_,1.68µm
_09838_,1.68µm
_10414_,1.68µm
_10423_,1.68µm
_10436_,1.68µm
_10696_,1.68µm
_10705_,1.68µm
_10809_,1.68µm
_10816_,1.68µm
_11061_,1.68µm
_11253_,1.68µm
_11386_,1.68µm
_11401_,1.68µm
_11419_,1.68µm
_11455_,1.68µm
_11485_,1.68µm
_11552_,1.68µm
_11692_,1.68µm
_11695_,1.68µm
_11787_,1.68µm
_11835_,1.68µm
_11852_,1.68µm
_11859_,1.68µm
_11978_,1.68µm
spi_ctrl.tx_stage\[31\],1.68µm
_06223_,1.22µm
_06475_,1.22µm
_07015_,1.22µm
_07552_,1.22µm
_07568_,1.22µm
_08260_,1.22µm
_08322_,1.22µm
_08369_,1.22µm
_08393_,1.22µm
_08404_,1.22µm
_08427_,1.22µm
_08495_,1.22µm
_08590_,1.22µm
_08757_,1.22µm
_08911_,1.22µm
_08976_,1.22µm
_09053_,1.22µm
_03680_,1.12µm
_04596_,1.12µm
_04655_,1.12µm
_04837_,1.12µm
_04915_,1.12µm
_04932_,1.12µm
_04960_,1.12µm
_05009_,1.12µm
_05316_,1.12µm
_05323_,1.12µm
_05406_,1.12µm
_05535_,1.12µm
_05857_,1.12µm
_06317_,1.12µm
_06355_,1.12µm
_06429_,1.12µm
_06459_,1.12µm
_06499_,1.12µm
_06552_,1.12µm
_06580_,1.12µm
_06605_,1.12µm
_06667_,1.12µm
_06697_,1.12µm
_06734_,1.12µm
_06784_,1.12µm
_06862_,1.12µm
_06971_,1.12µm
_06972_,1.12µm
_06975_,1.12µm
_06977_,1.12µm
_06978_,1.12µm
_06990_,1.12µm
_06994_,1.12µm
_06995_,1.12µm
_07008_,1.12µm
_07010_,1.12µm
_07011_,1.12µm
_07012_,1.12µm
_07025_,1.12µm
_07028_,1.12µm
_07035_,1.12µm
_07045_,1.12µm
_07048_,1.12µm
_07061_,1.12µm
_07072_,1.12µm
_07077_,1.12µm
_07080_,1.12µm
_07085_,1.12µm
_07090_,1.12µm
_07099_,1.12µm
_07103_,1.12µm
_07115_,1.12µm
_07117_,1.12µm
_07120_,1.12µm
_07127_,1.12µm
_07131_,1.12µm
_07133_,1.12µm
_07135_,1.12µm
_07145_,1.12µm
_07146_,1.12µm
_07149_,1.12µm
_07150_,1.12µm
_07155_,1.12µm
_07161_,1.12µm
_07169_,1.12µm
_07179_,1.12µm
_07181_,1.12µm
_07186_,1.12µm
_07198_,1.12µm
_07203_,1.12µm
_07219_,1.12µm
_07220_,1.12µm
_07222_,1.12µm
_07223_,1.12µm
_07226_,1.12µm
_07234_,1.12µm
_07235_,1.12µm
_07246_,1.12µm
_07264_,1.12µm
_07267_,1.12µm
_07271_,1.12µm
_07277_,1.12µm
_07279_,1.12µm
_07291_,1.12µm
_07297_,1.12µm
_07303_,1.12µm
_07305_,1.12µm
_07314_,1.12µm
_07317_,1.12µm
_07322_,1.12µm
_07327_,1.12µm
_07334_,1.12µm
_07338_,1.12µm
_07339_,1.12µm
_07344_,1.12µm
_07347_,1.12µm
_07349_,1.12µm
_07360_,1.12µm
_07363_,1.12µm
_07364_,1.12µm
_07367_,1.12µm
_07368_,1.12µm
_07375_,1.12µm
_07386_,1.12µm
_07389_,1.12µm
_07390_,1.12µm
_07392_,1.12µm
_07394_,1.12µm
_07396_,1.12µm
_07399_,1.12µm
_07405_,1.12µm
_07406_,1.12µm
_07415_,1.12µm
_07416_,1.12µm
_07422_,1.12µm
_07423_,1.12µm
_07429_,1.12µm
_07431_,1.12µm
_07437_,1.12µm
_07452_,1.12µm
_07456_,1.12µm
_07459_,1.12µm
_07460_,1.12µm
_07462_,1.12µm
_07485_,1.12µm
_07490_,1.12µm
_07493_,1.12µm
_07494_,1.12µm
_07497_,1.12µm
_07500_,1.12µm
_07507_,1.12µm
_07511_,1.12µm
_07516_,1.12µm
_07522_,1.12µm
_07526_,1.12µm
_07534_,1.12µm
_07540_,1.12µm
_07544_,1.12µm
_07551_,1.12µm
_07555_,1.12µm
_07557_,1.12µm
_07563_,1.12µm
_07565_,1.12µm
_07569_,1.12µm
_07573_,1.12µm
_07578_,1.12µm
_07592_,1.12µm
_07597_,1.12µm
_07602_,1.12µm
_07604_,1.12µm
_07605_,1.12µm
_07606_,1.12µm
_07616_,1.12µm
_07625_,1.12µm
_07639_,1.12µm
_07642_,1.12µm
_07652_,1.12µm
_07656_,1.12µm
_07658_,1.12µm
_07660_,1.12µm
_07672_,1.12µm
_07674_,1.12µm
_07680_,1.12µm
_07686_,1.12µm
_07695_,1.12µm
_07696_,1.12µm
_07697_,1.12µm
_07700_,1.12µm
_07703_,1.12µm
_07706_,1.12µm
_07707_,1.12µm
_07708_,1.12µm
_07713_,1.12µm
_07715_,1.12µm
_07717_,1.12µm
_07722_,1.12µm
_07724_,1.12µm
_07726_,1.12µm
_07730_,1.12µm
_07732_,1.12µm
_07735_,1.12µm
_07742_,1.12µm
_07752_,1.12µm
_07753_,1.12µm
_07755_,1.12µm
_07761_,1.12µm
_07763_,1.12µm
_07764_,1.12µm
_07771_,1.12µm
_07772_,1.12µm
_07773_,1.12µm
_07779_,1.12µm
_07783_,1.12µm
_07785_,1.12µm
_07792_,1.12µm
_07799_,1.12µm
_07803_,1.12µm
_07804_,1.12µm
_07816_,1.12µm
_07826_,1.12µm
_07840_,1.12µm
_07841_,1.12µm
_07854_,1.12µm
_07860_,1.12µm
_07866_,1.12µm
_07870_,1.12µm
_07875_,1.12µm
_07878_,1.12µm
_07884_,1.12µm
_07901_,1.12µm
_07903_,1.12µm
_07918_,1.12µm
_07923_,1.12µm
_07927_,1.12µm
_07936_,1.12µm
_07939_,1.12µm
_07944_,1.12µm
_07948_,1.12µm
_07954_,1.12µm
_07957_,1.12µm
_07958_,1.12µm
_07964_,1.12µm
_07966_,1.12µm
_07977_,1.12µm
_07982_,1.12µm
_07983_,1.12µm
_07986_,1.12µm
_07991_,1.12µm
_07995_,1.12µm
_07998_,1.12µm
_08000_,1.12µm
_08008_,1.12µm
_08010_,1.12µm
_08017_,1.12µm
_08027_,1.12µm
_08034_,1.12µm
_08040_,1.12µm
_08051_,1.12µm
_08054_,1.12µm
_08058_,1.12µm
_08068_,1.12µm
_08071_,1.12µm
_08076_,1.12µm
_08082_,1.12µm
_08087_,1.12µm
_08091_,1.12µm
_08096_,1.12µm
_08099_,1.12µm
_08100_,1.12µm
_08101_,1.12µm
_08104_,1.12µm
_08109_,1.12µm
_08113_,1.12µm
_08115_,1.12µm
_08119_,1.12µm
_08123_,1.12µm
_08124_,1.12µm
_08129_,1.12µm
_08132_,1.12µm
_08133_,1.12µm
_08136_,1.12µm
_08144_,1.12µm
_08151_,1.12µm
_08161_,1.12µm
_08162_,1.12µm
_08163_,1.12µm
_08167_,1.12µm
_08168_,1.12µm
_08175_,1.12µm
_08177_,1.12µm
_08187_,1.12µm
_08193_,1.12µm
_08197_,1.12µm
_08204_,1.12µm
_08215_,1.12µm
_08216_,1.12µm
_08222_,1.12µm
_08227_,1.12µm
_08228_,1.12µm
_08230_,1.12µm
_08244_,1.12µm
_08250_,1.12µm
_08261_,1.12µm
_08264_,1.12µm
_08266_,1.12µm
_08269_,1.12µm
_08270_,1.12µm
_08275_,1.12µm
_08276_,1.12µm
_08277_,1.12µm
_08279_,1.12µm
_08282_,1.12µm
_08287_,1.12µm
_08288_,1.12µm
_08289_,1.12µm
_08290_,1.12µm
_08293_,1.12µm
_08295_,1.12µm
_08303_,1.12µm
_08312_,1.12µm
_08317_,1.12µm
_08318_,1.12µm
_08321_,1.12µm
_08333_,1.12µm
_08338_,1.12µm
_08340_,1.12µm
_08349_,1.12µm
_08350_,1.12µm
_08357_,1.12µm
_08361_,1.12µm
_08363_,1.12µm
_08365_,1.12µm
_08366_,1.12µm
_08370_,1.12µm
_08380_,1.12µm
_08394_,1.12µm
_08396_,1.12µm
_08397_,1.12µm
_08409_,1.12µm
_08415_,1.12µm
_08420_,1.12µm
_08429_,1.12µm
_08437_,1.12µm
_08439_,1.12µm
_08443_,1.12µm
_08449_,1.12µm
_08453_,1.12µm
_08456_,1.12µm
_08459_,1.12µm
_08463_,1.12µm
_08467_,1.12µm
_08475_,1.12µm
_08479_,1.12µm
_08486_,1.12µm
_08488_,1.12µm
_08489_,1.12µm
_08503_,1.12µm
_08508_,1.12µm
_08516_,1.12µm
_08518_,1.12µm
_08522_,1.12µm
_08524_,1.12µm
_08528_,1.12µm
_08529_,1.12µm
_08530_,1.12µm
_08534_,1.12µm
_08535_,1.12µm
_08546_,1.12µm
_08553_,1.12µm
_08556_,1.12µm
_08557_,1.12µm
_08558_,1.12µm
_08566_,1.12µm
_08569_,1.12µm
_08572_,1.12µm
_08574_,1.12µm
_08575_,1.12µm
_08578_,1.12µm
_08583_,1.12µm
_08585_,1.12µm
_08592_,1.12µm
_08595_,1.12µm
_08599_,1.12µm
_08606_,1.12µm
_08614_,1.12µm
_08617_,1.12µm
_08624_,1.12µm
_08631_,1.12µm
_08634_,1.12µm
_08646_,1.12µm
_08652_,1.12µm
_08653_,1.12µm
_08654_,1.12µm
_08661_,1.12µm
_08667_,1.12µm
_08669_,1.12µm
_08675_,1.12µm
_08676_,1.12µm
_08683_,1.12µm
_08686_,1.12µm
_08692_,1.12µm
_08699_,1.12µm
_08706_,1.12µm
_08712_,1.12µm
_08716_,1.12µm
_08719_,1.12µm
_08723_,1.12µm
_08727_,1.12µm
_08737_,1.12µm
_08740_,1.12µm
_08744_,1.12µm
_08745_,1.12µm
_08748_,1.12µm
_08750_,1.12µm
_08761_,1.12µm
_08770_,1.12µm
_08773_,1.12µm
_08775_,1.12µm
_08777_,1.12µm
_08779_,1.12µm
_08782_,1.12µm
_08786_,1.12µm
_08788_,1.12µm
_08791_,1.12µm
_08793_,1.12µm
_08801_,1.12µm
_08812_,1.12µm
_08814_,1.12µm
_08817_,1.12µm
_08821_,1.12µm
_08824_,1.12µm
_08828_,1.12µm
_08842_,1.12µm
_08848_,1.12µm
_08851_,1.12µm
_08859_,1.12µm
_08861_,1.12µm
_08873_,1.12µm
_08875_,1.12µm
_08876_,1.12µm
_08884_,1.12µm
_08900_,1.12µm
_08904_,1.12µm
_08910_,1.12µm
_08916_,1.12µm
_08921_,1.12µm
_08931_,1.12µm
_08937_,1.12µm
_08938_,1.12µm
_08940_,1.12µm
_08942_,1.12µm
_08944_,1.12µm
_08958_,1.12µm
_08959_,1.12µm
_08987_,1.12µm
_08988_,1.12µm
_08989_,1.12µm
_08998_,1.12µm
_09005_,1.12µm
_09007_,1.12µm
_09012_,1.12µm
_09019_,1.12µm
_09024_,1.12µm
_09029_,1.12µm
_09031_,1.12µm
_09041_,1.12µm
_09046_,1.12µm
_09049_,1.12µm
_09051_,1.12µm
_09054_,1.12µm
_09059_,1.12µm
_09061_,1.12µm
_09080_,1.12µm
_09085_,1.12µm
_09094_,1.12µm
_09096_,1.12µm
_09098_,1.12µm
_09839_,1.12µm
_11238_,1.12µm
_11257_,1.12µm
_11487_,1.12µm
_11789_,1.12µm
_11865_,1.12µm
_11972_,1.12µm
_08387_,0.56µm
_08954_,0.56µm
