
===========================================================================
Violator List
============================================================================
[setup reg-reg] _25494_/Q -> _26219_/D : -7.029766
[setup reg-reg] _25494_/Q -> _27371_/D : -7.022543
[setup reg-reg] _25494_/Q -> _27307_/D : -7.011531
[setup reg-reg] _25494_/Q -> _25803_/D : -6.995450
[setup reg-reg] _25494_/Q -> _26315_/D : -6.993734
[setup reg-reg] _25494_/Q -> _25835_/D : -6.981305
[setup reg-reg] _25494_/Q -> _26891_/D : -6.967746
[setup reg-reg] _25494_/Q -> _27083_/D : -6.960680
[setup reg-reg] _25494_/Q -> _27051_/D : -6.949890
[setup reg-reg] _25494_/Q -> _27595_/D : -6.946280
[setup reg-reg] _25494_/Q -> _25481_/D : -6.905383
[setup reg-reg] _25494_/Q -> _26123_/D : -6.797853
[setup reg-reg] _25494_/Q -> _26763_/D : -6.784031
[setup reg-reg] _25494_/Q -> _27627_/D : -6.778137
[setup reg-reg] _25494_/Q -> _27563_/D : -6.771886
[setup reg-reg] _25494_/Q -> _26347_/D : -6.764475
[setup reg-reg] _25494_/Q -> _26443_/D : -6.745037
[setup reg-reg] _25494_/Q -> _26603_/D : -6.740280
[setup reg-reg] _25494_/Q -> _27707_/D : -6.715879
[setup reg-reg] _25494_/Q -> _27403_/D : -6.714032
[setup reg-reg] _25494_/Q -> _26155_/D : -6.697791
[setup reg-reg] _25494_/Q -> _25482_/D : -6.631183
[setup reg-reg] _25494_/Q -> _25321_/D : -6.577308
[setup reg-reg] _25494_/Q -> _25290_/D : -6.545122
[setup reg-reg] _25494_/Q -> _25289_/D : -6.402960
[setup reg-reg] _25494_/Q -> _25189_/D : -6.325811
[setup reg-reg] _25494_/Q -> _25353_/D : -6.297487
[setup reg-reg] _25494_/Q -> _25156_/D : -6.180905
[setup reg-reg] _25494_/Q -> _27156_/D : -6.171076
[setup reg-reg] _25494_/Q -> _25188_/D : -6.170677
[setup reg-reg] _25494_/Q -> _25157_/D : -6.148314
[setup reg-reg] _25494_/Q -> _25844_/D : -6.148012
[setup reg-reg] _25494_/Q -> _25354_/D : -6.142774
[setup reg-reg] _25494_/Q -> _27252_/D : -6.136443
[setup reg-reg] _25494_/Q -> _25191_/D : -6.131984
[setup reg-reg] _25494_/Q -> _26036_/D : -6.119873
[setup reg-reg] _25494_/Q -> _25155_/D : -6.112924
[setup reg-reg] _25494_/Q -> _25386_/D : -6.084838
[setup reg-reg] _25494_/Q -> _25385_/D : -6.082145
[setup reg-reg] _25494_/Q -> _27380_/D : -6.064708
[setup reg-reg] _25494_/Q -> _25459_/D : -6.064466
[setup reg-reg] _25494_/Q -> _25137_/D : -6.047431
[setup reg-reg] _25494_/Q -> _25227_/D : -6.046333
[setup reg-reg] _25494_/Q -> _26859_/D : -6.026874
[setup reg-reg] _25494_/Q -> _25132_/D : -6.011719
[setup reg-reg] _25494_/Q -> _25257_/D : -5.993282
[setup reg-reg] _25494_/Q -> _26027_/D : -5.980898
[setup reg-reg] _25494_/Q -> _26836_/D : -5.976436
[setup reg-reg] _25494_/Q -> _26196_/D : -5.972636
[setup reg-reg] _25494_/Q -> _27604_/D : -5.971305
[setup reg-reg] _25494_/Q -> _26153_/D : -5.964326
[setup reg-reg] _25494_/Q -> _25707_/D : -5.963070
[setup reg-reg] _25494_/Q -> _26708_/D : -5.962560
[setup reg-reg] _25494_/Q -> _26795_/D : -5.960732
[setup reg-reg] _25494_/Q -> _27369_/D : -5.955668
[setup reg-reg] _25494_/Q -> _27444_/D : -5.943377
[setup reg-reg] _25494_/Q -> _27540_/D : -5.934252
[setup reg-reg] _25494_/Q -> _26793_/D : -5.929430
[setup reg-reg] _25494_/Q -> _26601_/D : -5.925312
[setup reg-reg] _25494_/Q -> _26132_/D : -5.921610
[setup reg-reg] _25494_/Q -> _26953_/D : -5.921253
[setup reg-reg] _25494_/Q -> _27049_/D : -5.917862
[setup reg-reg] _25494_/Q -> _27401_/D : -5.909731
[setup reg-reg] _25494_/Q -> _27625_/D : -5.898438
[setup reg-reg] _25494_/Q -> _26388_/D : -5.896569
[setup reg-reg] _25494_/Q -> _27113_/D : -5.893734
[setup reg-reg] _25494_/Q -> _26345_/D : -5.893664
[setup reg-reg] _25494_/Q -> _25682_/D : -5.892908
[setup reg-reg] _25494_/Q -> _26130_/D : -5.888481
[setup reg-reg] _25494_/Q -> _25324_/D : -5.882983
[setup reg-reg] _25494_/Q -> _27437_/D : -5.882500
[setup reg-reg] _25494_/Q -> _25805_/D : -5.876190
[setup reg-reg] _25494_/Q -> _27565_/D : -5.866273
[setup reg-reg] _25494_/Q -> _26989_/D : -5.858905
[setup reg-reg] _25494_/Q -> _25292_/D : -5.853002
[setup reg-reg] _25494_/Q -> _27279_/D : -5.852202
[setup reg-reg] _25494_/Q -> _26605_/D : -5.847701
[setup reg-reg] _25494_/Q -> _27570_/D : -5.836150
[setup reg-reg] _25494_/Q -> _25741_/D : -5.826136
[setup reg-reg] _25494_/Q -> _25669_/D : -5.821583
[setup reg-reg] _25494_/Q -> _26733_/D : -5.821283
[setup reg-reg] _25494_/Q -> _26445_/D : -5.820432
[setup reg-reg] _25494_/Q -> _26674_/D : -5.820100
[setup reg-reg] _25494_/Q -> _26484_/D : -5.815911
[setup reg-reg] _25494_/Q -> _25646_/D : -5.813499
[setup reg-reg] _25494_/Q -> _27405_/D : -5.805838
[setup reg-reg] _25494_/Q -> _25901_/D : -5.805022
[setup reg-reg] _25494_/Q -> _27499_/D : -5.795743
[setup reg-reg] _25494_/Q -> _26834_/D : -5.795373
[setup reg-reg] _25494_/Q -> _26135_/D : -5.787175
[setup reg-reg] _25494_/Q -> _26987_/D : -5.783248
[setup reg-reg] _25494_/Q -> _25293_/D : -5.781525
[setup reg-reg] _25494_/Q -> _27147_/D : -5.779015
[setup reg-reg] _25494_/Q -> _26475_/D : -5.777572
[setup reg-reg] _25494_/Q -> _27311_/D : -5.777268
[setup reg-reg] _25494_/Q -> _26539_/D : -5.776729
[setup reg-reg] _25494_/Q -> _25908_/D : -5.774727
[setup reg-reg] _25494_/Q -> _26004_/D : -5.772758
[setup reg-reg] _25494_/Q -> _26479_/D : -5.770925
[setup reg-reg] _25494_/Q -> _25899_/D : -5.770763
[setup reg-reg] _25494_/Q -> _25322_/D : -5.762484
[setup reg-reg] _25494_/Q -> _27159_/D : -5.761042
[setup reg-reg] _25494_/Q -> _26676_/D : -5.759121
[setup reg-reg] _25494_/Q -> _27188_/D : -5.754688
[setup reg-reg] _25494_/Q -> _25780_/D : -5.753236
[setup reg-reg] _25494_/Q -> _26290_/D : -5.753187
[setup reg-reg] _25494_/Q -> _26711_/D : -5.746566
[setup reg-reg] _25494_/Q -> _25484_/D : -5.746158
[setup reg-reg] _25494_/Q -> _27211_/D : -5.744191
[setup reg-reg] _25494_/Q -> _26071_/D : -5.741189
[setup reg-reg] _25494_/Q -> _26191_/D : -5.736014
[setup reg-reg] _25494_/Q -> _25175_/D : -5.734945
[setup reg-reg] _25494_/Q -> _26039_/D : -5.732036
[setup reg-reg] _25494_/Q -> _25911_/D : -5.730545
[setup reg-reg] _25494_/Q -> _26423_/D : -5.725486
[setup reg-reg] _25494_/Q -> _26231_/D : -5.725184
[setup reg-reg] _25494_/Q -> _25975_/D : -5.725042
[setup reg-reg] _25494_/Q -> _25258_/D : -5.722008
[setup reg-reg] _25494_/Q -> _25165_/D : -5.712876
[setup reg-reg] _25494_/Q -> _25418_/D : -5.707067
[setup reg-reg] _25494_/Q -> _26615_/D : -5.698077
[setup reg-reg] _25494_/Q -> _25810_/D : -5.685236
[setup reg-reg] _25494_/Q -> _26511_/D : -5.683367
[setup reg-reg] _25494_/Q -> _26098_/D : -5.619470
[setup reg-reg] _25494_/Q -> _27055_/D : -5.613080
[setup reg-reg] _25494_/Q -> _25288_/D : -5.574275
[setup reg-reg] _25494_/Q -> _26159_/D : -5.569316
[setup reg-reg] _25494_/Q -> _26927_/D : -5.554760
[setup reg-reg] _25494_/Q -> _25325_/D : -5.550678
[setup reg-reg] _25494_/Q -> _25356_/D : -5.533442
[setup reg-reg] _25494_/Q -> _27186_/D : -5.532155
[setup reg-reg] _25494_/Q -> _27599_/D : -5.523257
[setup reg-reg] _25494_/Q -> _25874_/D : -5.515398
[setup reg-reg] _25494_/Q -> _25180_/D : -5.505863
[setup reg-reg] _25494_/Q -> _25417_/D : -5.494348
[setup reg-reg] _25494_/Q -> _27282_/D : -5.467081
[setup reg-reg] _25494_/Q -> _25159_/D : -5.459068
[setup reg-reg] _25494_/Q -> _26898_/D : -5.440901
[setup reg-reg] _25494_/Q -> _26194_/D : -5.439802
[setup reg-reg] _25494_/Q -> _25775_/D : -5.415743
[setup reg-reg] _25494_/Q -> _27506_/D : -5.406785
[setup reg-reg] _25494_/Q -> _25361_/D : -5.404042
[setup reg-reg] _25494_/Q -> _24978_/D : -5.397142
[setup reg-reg] _25494_/Q -> _25357_/D : -5.396057
[setup reg-reg] _25494_/Q -> _25286_/D : -5.393615
[setup reg-reg] _25494_/Q -> _27378_/D : -5.385040
[setup reg-reg] _25494_/Q -> _25468_/D : -5.384418
[setup reg-reg] _25494_/Q -> _26514_/D : -5.381795
[setup reg-reg] _25494_/Q -> _25260_/D : -5.381697
[setup reg-reg] _25494_/Q -> _26610_/D : -5.379817
[setup reg-reg] _25494_/Q -> _25187_/D : -5.367774
[setup reg-reg] _25494_/Q -> _26162_/D : -5.365450
[setup reg-reg] _25494_/Q -> _25842_/D : -5.364713
[setup reg-reg] _25494_/Q -> _26450_/D : -5.358258
[setup reg-reg] _25494_/Q -> _25480_/D : -5.357704
[setup reg-reg] _25494_/Q -> _25748_/D : -5.355665
[setup reg-reg] _25494_/Q -> _25485_/D : -5.355259
[setup reg-reg] _25494_/Q -> _25421_/D : -5.343226
[setup reg-reg] _25494_/Q -> _27343_/D : -5.338039
[setup reg-reg] _25494_/Q -> _25160_/D : -5.336352
[setup reg-reg] _25494_/Q -> _26131_/D : -5.334208
[setup reg-reg] _25494_/Q -> _25366_/D : -5.326388
[setup reg-reg] _25494_/Q -> _27155_/D : -5.322788
[setup reg-reg] _25494_/Q -> _26226_/D : -5.318272
[setup reg-reg] _25494_/Q -> _25267_/D : -5.299812
[setup reg-reg] _25494_/Q -> _27026_/D : -5.299773
[setup reg-reg] _25494_/Q -> _25940_/D : -5.290787
[setup reg-reg] _25494_/Q -> _25299_/D : -5.290202
[setup reg-reg] _25494_/Q -> _25644_/D : -5.281422
[setup reg-reg] _25494_/Q -> _26866_/D : -5.279750
[setup reg-reg] _25494_/Q -> _26739_/D : -5.273318
[setup reg-reg] _25494_/Q -> _26873_/D : -5.258782
[setup reg-reg] _25494_/Q -> _26292_/D : -5.245280
[setup reg-reg] _25494_/Q -> _25276_/D : -5.242724
[setup reg-reg] _25494_/Q -> _25233_/D : -5.242448
[setup reg-reg] _25494_/Q -> _26777_/D : -5.241853
[setup reg-reg] _25494_/Q -> _27001_/D : -5.240546
[setup reg-reg] _25494_/Q -> _26169_/D : -5.237997
[setup reg-reg] _25494_/Q -> _26100_/D : -5.233418
[setup reg-reg] _25494_/Q -> _27028_/D : -5.226037
[setup reg-reg] _25494_/Q -> _27213_/D : -5.217485
[setup reg-reg] _25494_/Q -> _25281_/D : -5.217462
[setup reg-reg] _25494_/Q -> _26041_/D : -5.211336
[setup reg-reg] _25494_/Q -> _25179_/D : -5.208834
[setup reg-reg] _25494_/Q -> _25382_/D : -5.208479
[setup reg-reg] _25494_/Q -> _25388_/D : -5.208365
[setup reg-reg] _25494_/Q -> _26964_/D : -5.207564
[setup reg-reg] _25494_/Q -> _27124_/D : -5.205595
[setup reg-reg] _25494_/Q -> _26868_/D : -5.199739
[setup reg-reg] _25494_/Q -> _26324_/D : -5.199102
[setup reg-reg] _25494_/Q -> _25166_/D : -5.194878
[setup reg-reg] _25494_/Q -> _26073_/D : -5.193295
[setup reg-reg] _25494_/Q -> _25683_/D : -5.189598
[setup reg-reg] _25494_/Q -> _25352_/D : -5.189081
[setup reg-reg] _25494_/Q -> _26803_/D : -5.177915
[setup reg-reg] _25494_/Q -> _26546_/D : -5.177535
[setup reg-reg] _25494_/Q -> _26521_/D : -5.176432
[setup reg-reg] _25494_/Q -> _26285_/D : -5.176014
[setup reg-reg] _25494_/Q -> _25404_/D : -5.170213
[setup reg-reg] _25494_/Q -> _27193_/D : -5.161613
[setup reg-reg] _25494_/Q -> _26029_/D : -5.159548
[setup reg-reg] _25494_/Q -> _26809_/D : -5.158631
[setup reg-reg] _25494_/Q -> _27284_/D : -5.154883
[setup reg-reg] _25494_/Q -> _25331_/D : -5.154283
[setup reg-reg] _25494_/Q -> _25384_/D : -5.149357
[setup reg-reg] _25494_/Q -> _26841_/D : -5.149223
[setup reg-reg] _25494_/Q -> _26644_/D : -5.147747
[setup reg-reg] _25494_/Q -> _25372_/D : -5.138967
[setup reg-reg] _25494_/Q -> _27597_/D : -5.138908
[setup reg-reg] _25494_/Q -> _25308_/D : -5.137823
[setup reg-reg] _25494_/Q -> _25458_/D : -5.136455
[setup reg-reg] _25494_/Q -> _27370_/D : -5.110627
[setup reg-reg] _25494_/Q -> _26026_/D : -5.107779
[setup reg-reg] _25494_/Q -> _27562_/D : -5.100399
[setup reg-reg] _25494_/Q -> _26008_/D : -5.095517
[setup reg-reg] _25494_/Q -> _26698_/D : -5.094193
[setup reg-reg] _25494_/Q -> _25265_/D : -5.089674
[setup reg-reg] _25494_/Q -> _26666_/D : -5.086298
[setup reg-reg] _25494_/Q -> _27572_/D : -5.083717
[setup reg-reg] _25494_/Q -> _25738_/D : -5.083615
[setup reg-reg] _25494_/Q -> _25298_/D : -5.082452
[setup reg-reg] _25494_/Q -> _26986_/D : -5.081677
[setup reg-reg] _25494_/Q -> _26221_/D : -5.078302
[setup reg-reg] _25494_/Q -> _25381_/D : -5.070453
[setup reg-reg] _25494_/Q -> _25185_/D : -5.068536
[setup reg-reg] _25494_/Q -> _27658_/D : -5.067907
[setup reg-reg] _25494_/Q -> _26904_/D : -5.066534
[setup reg-reg] _25494_/Q -> _26410_/D : -5.066339
[setup reg-reg] _25494_/Q -> _27192_/D : -5.065290
[setup reg-reg] _25494_/Q -> _26186_/D : -5.063489
[setup reg-reg] _25494_/Q -> _25668_/D : -5.062997
[setup reg-reg] _25494_/Q -> _26744_/D : -5.062740
[setup reg-reg] _25494_/Q -> _25837_/D : -5.061893
[setup reg-reg] _25494_/Q -> _26840_/D : -5.061660
[setup reg-reg] _25494_/Q -> _26346_/D : -5.060274
[setup reg-reg] _25494_/Q -> _26474_/D : -5.060000
[setup reg-reg] _25494_/Q -> _25225_/D : -5.058100
[setup reg-reg] _25494_/Q -> _26456_/D : -5.055616
[setup reg-reg] _25494_/Q -> _27050_/D : -5.053627
[setup reg-reg] _25494_/Q -> _26893_/D : -5.051303
[setup reg-reg] _25494_/Q -> _26701_/D : -5.051000
[setup reg-reg] _25494_/Q -> _26826_/D : -5.050744
[setup reg-reg] _25494_/Q -> _26189_/D : -5.047713
[setup reg-reg] _25494_/Q -> _26072_/D : -5.044903
[setup reg-reg] _25494_/Q -> _26637_/D : -5.042829
[setup reg-reg] _25494_/Q -> _25318_/D : -5.042708
[setup reg-reg] _25494_/Q -> _26890_/D : -5.040498
[setup reg-reg] _25494_/Q -> _26954_/D : -5.034536
[setup reg-reg] _25494_/Q -> _25944_/D : -5.034220
[setup reg-reg] _25494_/Q -> _26538_/D : -5.030056
[setup reg-reg] _25494_/Q -> _26669_/D : -5.029808
[setup reg-reg] _25494_/Q -> _26377_/D : -5.024454
[setup reg-reg] _25494_/Q -> _26009_/D : -5.023612
[setup reg-reg] _25494_/Q -> _26712_/D : -5.023024
[setup reg-reg] _25494_/Q -> _26473_/D : -5.018858
[setup reg-reg] _25494_/Q -> _25377_/D : -5.014423
[setup reg-reg] _25494_/Q -> _26168_/D : -5.009890
[setup reg-reg] _25494_/Q -> _27531_/D : -5.006584
[setup reg-reg] _25494_/Q -> _26765_/D : -5.004656
[setup reg-reg] _25494_/Q -> _27274_/D : -5.001958
[setup reg-reg] _25494_/Q -> _26381_/D : -4.996015
[setup reg-reg] _25494_/Q -> _26218_/D : -4.995197
[setup reg-reg] _25494_/Q -> _25773_/D : -4.992581
[setup reg-reg] _25494_/Q -> _27434_/D : -4.990854
[setup reg-reg] _25494_/Q -> _26007_/D : -4.987596
[setup reg-reg] _25494_/Q -> _26925_/D : -4.987218
[setup reg-reg] _25494_/Q -> _26379_/D : -4.982052
[setup reg-reg] _25494_/Q -> _25962_/D : -4.981915
[setup reg-reg] _25494_/Q -> _25476_/D : -4.979405
[setup reg-reg] _25494_/Q -> _27289_/D : -4.978301
[setup reg-reg] _25494_/Q -> _27086_/D : -4.976934
[setup reg-reg] _25494_/Q -> _27082_/D : -4.976668
[setup reg-reg] _25494_/Q -> _26411_/D : -4.976521
[setup reg-reg] _25494_/Q -> _27021_/D : -4.976172
[setup reg-reg] _25494_/Q -> _26871_/D : -4.975521
[setup reg-reg] _25494_/Q -> _25933_/D : -4.974359
[setup reg-reg] _25494_/Q -> _26583_/D : -4.970000
[setup reg-reg] _25494_/Q -> _25930_/D : -4.967809
[setup reg-reg] _25494_/Q -> _27385_/D : -4.967134
[setup reg-reg] _25494_/Q -> _26602_/D : -4.965715
[setup reg-reg] _25494_/Q -> _25977_/D : -4.965251
[setup reg-reg] _25494_/Q -> _26059_/D : -4.964740
[setup reg-reg] _25494_/Q -> _25929_/D : -4.963909
[setup reg-reg] _25494_/Q -> _26612_/D : -4.963349
[setup reg-reg] _25494_/Q -> _27629_/D : -4.963008
[setup reg-reg] _25494_/Q -> _25783_/D : -4.962294
[setup reg-reg] _25494_/Q -> _25802_/D : -4.962170
[setup reg-reg] _25494_/Q -> _25473_/D : -4.961343
[setup reg-reg] _25494_/Q -> _26157_/D : -4.960956
[setup reg-reg] _25494_/Q -> _26441_/D : -4.960450
[setup reg-reg] _25494_/Q -> _26713_/D : -4.959825
[setup reg-reg] _25494_/Q -> _25378_/D : -4.959654
[setup reg-reg] _25494_/Q -> _26250_/D : -4.957919
[setup reg-reg] _25494_/Q -> _26729_/D : -4.957567
[setup reg-reg] _25494_/Q -> _27577_/D : -4.956373
[setup reg-reg] _25494_/Q -> _26391_/D : -4.955077
[setup reg-reg] _25494_/Q -> _27241_/D : -4.954840
[setup reg-reg] _25494_/Q -> _25313_/D : -4.954506
[setup reg-reg] _25494_/Q -> _26058_/D : -4.954197
[setup reg-reg] _25494_/Q -> _26258_/D : -4.954121
[setup reg-reg] _25494_/Q -> _25721_/D : -4.952291
[setup reg-reg] _25494_/Q -> _27497_/D : -4.951779
[setup reg-reg] _25494_/Q -> _27321_/D : -4.951702
[setup reg-reg] _25494_/Q -> _27209_/D : -4.951588
[setup reg-reg] _25494_/Q -> _27706_/D : -4.951103
[setup reg-reg] _25494_/Q -> _26354_/D : -4.947573
[setup reg-reg] _25494_/Q -> _26283_/D : -4.946648
[setup reg-reg] _25494_/Q -> _26002_/D : -4.945895
[setup reg-reg] _25494_/Q -> _26187_/D : -4.945703
[setup reg-reg] _25494_/Q -> _25475_/D : -4.945276
[setup reg-reg] _25494_/Q -> _25801_/D : -4.944603
[setup reg-reg] _25494_/Q -> _27705_/D : -4.944086
[setup reg-reg] _25494_/Q -> _26761_/D : -4.943656
[setup reg-reg] _25494_/Q -> _27465_/D : -4.943179
[setup reg-reg] _25494_/Q -> _27243_/D : -4.942816
[setup reg-reg] _25494_/Q -> _26681_/D : -4.942138
[setup reg-reg] _25494_/Q -> _27662_/D : -4.941077
[setup reg-reg] _25494_/Q -> _27626_/D : -4.940054
[setup reg-reg] _25494_/Q -> _24937_/D : -4.939265
[setup reg-reg] _25494_/Q -> _27682_/D : -4.939075
[setup reg-reg] _25494_/Q -> _26731_/D : -4.937160
[setup reg-reg] _25494_/Q -> _26455_/D : -4.936011
[setup reg-reg] _25494_/Q -> _27019_/D : -4.935281
[setup reg-reg] _25494_/Q -> _25847_/D : -4.935197
[setup reg-reg] _25494_/Q -> _27498_/D : -4.934752
[setup reg-reg] _25494_/Q -> _26570_/D : -4.934323
[setup reg-reg] _25494_/Q -> _27214_/D : -4.933600
[setup reg-reg] _25494_/Q -> _25192_/D : -4.933215
[setup reg-reg] _25494_/Q -> _26734_/D : -4.933115
[setup reg-reg] _25494_/Q -> _27543_/D : -4.932393
[setup reg-reg] _25494_/Q -> _26185_/D : -4.932178
[setup reg-reg] _25494_/Q -> _27305_/D : -4.932135
[setup reg-reg] _25494_/Q -> _27063_/D : -4.931167
[setup reg-reg] _25494_/Q -> _26089_/D : -4.931062
[setup reg-reg] _25494_/Q -> _25706_/D : -4.930964
[setup reg-reg] _25494_/Q -> _25833_/D : -4.930828
[setup reg-reg] _25494_/Q -> _26201_/D : -4.930831
[setup reg-reg] _25494_/Q -> _26190_/D : -4.930772
[setup reg-reg] _25494_/Q -> _25297_/D : -4.928639
[setup reg-reg] _25494_/Q -> _26217_/D : -4.928492
[setup reg-reg] _25494_/Q -> _26697_/D : -4.928129
[setup reg-reg] _25494_/Q -> _26649_/D : -4.927319
[setup reg-reg] _25494_/Q -> _26921_/D : -4.926104
[setup reg-reg] _25494_/Q -> _25705_/D : -4.925683
[setup reg-reg] _25494_/Q -> _25849_/D : -4.925152
[setup reg-reg] _25494_/Q -> _27242_/D : -4.924903
[setup reg-reg] _25494_/Q -> _25994_/D : -4.924525
[setup reg-reg] _25494_/Q -> _27513_/D : -4.924049
[setup reg-reg] _25494_/Q -> _27092_/D : -4.922431
[setup reg-reg] _25494_/Q -> _26297_/D : -4.922200
[setup reg-reg] _25494_/Q -> _26923_/D : -4.921889
[setup reg-reg] _25494_/Q -> _25870_/D : -4.920495
[setup reg-reg] _25494_/Q -> _25961_/D : -4.920145
[setup reg-reg] _25494_/Q -> _25897_/D : -4.916577
[setup reg-reg] _25494_/Q -> _27593_/D : -4.916249
[setup reg-reg] _25494_/Q -> _27530_/D : -4.915858
[setup reg-reg] _25494_/Q -> _27449_/D : -4.915680
[setup reg-reg] _25494_/Q -> _25963_/D : -4.915023
[setup reg-reg] _25494_/Q -> _26386_/D : -4.914544
[setup reg-reg] _25494_/Q -> _27529_/D : -4.912380
[setup reg-reg] _25494_/Q -> _25867_/D : -4.910643
[setup reg-reg] _25494_/Q -> _24975_/D : -4.910160
[setup reg-reg] _25494_/Q -> _26314_/D : -4.909005
[setup reg-reg] _25494_/Q -> _26922_/D : -4.907983
[setup reg-reg] _25494_/Q -> _27178_/D : -4.907621
[setup reg-reg] _25494_/Q -> _25714_/D : -4.906788
[setup reg-reg] _25494_/Q -> _27145_/D : -4.905465
[setup reg-reg] _25494_/Q -> _26699_/D : -4.905076
[setup reg-reg] _25494_/Q -> _26122_/D : -4.902496
[setup reg-reg] _25494_/Q -> _27161_/D : -4.901445
[setup reg-reg] _25494_/Q -> _25866_/D : -4.900789
[setup reg-reg] _25494_/Q -> _26167_/D : -4.900290
[setup reg-reg] _25494_/Q -> _26889_/D : -4.898931
[setup reg-reg] _25494_/Q -> _25739_/D : -4.892509
[setup reg-reg] _25494_/Q -> _27435_/D : -4.891863
[setup reg-reg] _25494_/Q -> _26327_/D : -4.891792
[setup reg-reg] _25494_/Q -> _27538_/D : -4.889031
[setup reg-reg] _25494_/Q -> _25672_/D : -4.887648
[setup reg-reg] _25494_/Q -> _27017_/D : -4.887385
[setup reg-reg] _25494_/Q -> _27467_/D : -4.887362
[setup reg-reg] _25494_/Q -> _26030_/D : -4.886957
[setup reg-reg] _25494_/Q -> _27177_/D : -4.884953
[setup reg-reg] _25494_/Q -> _25363_/D : -4.884690
[setup reg-reg] _25494_/Q -> _26548_/D : -4.884184
[setup reg-reg] _25494_/Q -> _27179_/D : -4.883621
[setup reg-reg] _25494_/Q -> _26025_/D : -4.883351
[setup reg-reg] _25494_/Q -> _26507_/D : -4.881438
[setup reg-reg] _25494_/Q -> _26827_/D : -4.881276
[setup reg-reg] _25494_/Q -> _26762_/D : -4.880814
[setup reg-reg] _25494_/Q -> _26574_/D : -4.880754
[setup reg-reg] _25494_/Q -> _26634_/D : -4.879261
[setup reg-reg] _25494_/Q -> _26730_/D : -4.876677
[setup reg-reg] _25494_/Q -> _26253_/D : -4.875332
[setup reg-reg] _25494_/Q -> _26478_/D : -4.875276
[setup reg-reg] _25494_/Q -> _26034_/D : -4.875147
[setup reg-reg] _25494_/Q -> _27022_/D : -4.875075
[setup reg-reg] _25494_/Q -> _25834_/D : -4.869561
[setup reg-reg] _25494_/Q -> _27339_/D : -4.868865
[setup reg-reg] _25494_/Q -> _26414_/D : -4.868314
[setup reg-reg] _25494_/Q -> _26926_/D : -4.867074
[setup reg-reg] _25494_/Q -> _27502_/D : -4.867069
[setup reg-reg] _25494_/Q -> _27115_/D : -4.864353
[setup reg-reg] _25494_/Q -> _27374_/D : -4.862114
[setup reg-reg] _25494_/Q -> _26702_/D : -4.861454
[setup reg-reg] _25494_/Q -> _25464_/D : -4.860075
[setup reg-reg] _25494_/Q -> _26667_/D : -4.858128
[setup reg-reg] _25494_/Q -> _27117_/D : -4.857846
[setup reg-reg] _25494_/Q -> _25671_/D : -4.857069
[setup reg-reg] _25494_/Q -> _26862_/D : -4.853236
[setup reg-reg] _25494_/Q -> _27275_/D : -4.852245
[setup reg-reg] _25494_/Q -> _25389_/D : -4.851616
[setup reg-reg] _25494_/Q -> _25869_/D : -4.850900
[setup reg-reg] _25494_/Q -> _25771_/D : -4.850625
[setup reg-reg] _25494_/Q -> _25134_/D : -4.849565
[setup reg-reg] _25494_/Q -> _27054_/D : -4.849508
[setup reg-reg] _25494_/Q -> _26094_/D : -4.849296
[setup reg-reg] _25494_/Q -> _26091_/D : -4.848127
[setup reg-reg] _25494_/Q -> _26797_/D : -4.847680
[setup reg-reg] _25494_/Q -> _26158_/D : -4.847339
[setup reg-reg] _25494_/Q -> _25169_/D : -4.847211
[setup reg-reg] _25494_/Q -> _25153_/D : -4.845068
[setup reg-reg] _25494_/Q -> _25995_/D : -4.844831
[setup reg-reg] _25494_/Q -> _26829_/D : -4.841249
[setup reg-reg] _25494_/Q -> _24981_/D : -4.837101
[setup reg-reg] _25494_/Q -> _25472_/D : -4.836102
[setup reg-reg] _25494_/Q -> _25283_/D : -4.835764
[setup reg-reg] _25494_/Q -> _25340_/D : -4.834947
[setup reg-reg] _25494_/Q -> _26571_/D : -4.833638
[setup reg-reg] _25494_/Q -> _25902_/D : -4.832419
[setup reg-reg] _25494_/Q -> _25931_/D : -4.825744
[setup reg-reg] _25494_/Q -> _25462_/D : -4.822823
[setup reg-reg] _25494_/Q -> _25395_/D : -4.821269
[setup reg-reg] _25494_/Q -> _26251_/D : -4.819482
[setup reg-reg] _25494_/Q -> _27182_/D : -4.817924
[setup reg-reg] _25494_/Q -> _26551_/D : -4.815656
[setup reg-reg] _25494_/Q -> _25256_/D : -4.809074
[setup reg-reg] _25494_/Q -> _25350_/D : -4.808717
[setup reg-reg] _25494_/Q -> _25774_/D : -4.805479
[setup reg-reg] _25494_/Q -> _27255_/D : -4.804116
[setup reg-reg] _25494_/Q -> _26958_/D : -4.801057
[setup reg-reg] _25494_/Q -> _25394_/D : -4.797489
[setup reg-reg] _25494_/Q -> _26955_/D : -4.797277
[setup reg-reg] _25494_/Q -> _25879_/D : -4.796933
[setup reg-reg] _25494_/Q -> _27630_/D : -4.795938
[setup reg-reg] _25494_/Q -> _27447_/D : -4.789024
[setup reg-reg] _25494_/Q -> _26199_/D : -4.786655
[setup reg-reg] _25494_/Q -> _25320_/D : -4.785582
[setup reg-reg] _25494_/Q -> _26487_/D : -4.784479
[setup reg-reg] _25494_/Q -> _25457_/D : -4.784052
[setup reg-reg] _25494_/Q -> _27342_/D : -4.782543
[setup reg-reg] _25494_/Q -> _25329_/D : -4.777118
[setup reg-reg] _25494_/Q -> _25687_/D : -4.776872
[setup reg-reg] _25494_/Q -> _27204_/D : -4.773570
[setup reg-reg] _25494_/Q -> _25171_/D : -4.768980
[setup reg-reg] _25494_/Q -> _26468_/D : -4.767893
[setup reg-reg] _25494_/Q -> _27575_/D : -4.766900
[setup reg-reg] _25494_/Q -> _26839_/D : -4.764784
[setup reg-reg] _25494_/Q -> _26999_/D : -4.763878
[setup reg-reg] _25494_/Q -> _26738_/D : -4.763313
[setup reg-reg] _25494_/Q -> _25345_/D : -4.758929
[setup reg-reg] _25494_/Q -> _27268_/D : -4.758611
[setup reg-reg] _25494_/Q -> _26788_/D : -4.756460
[setup reg-reg] _25494_/Q -> _25649_/D : -4.751538
[setup reg-reg] _25494_/Q -> _26767_/D : -4.746996
[setup reg-reg] _25494_/Q -> _25143_/D : -4.744102
[setup reg-reg] _25494_/Q -> _25700_/D : -4.742118
[setup reg-reg] _25494_/Q -> _25420_/D : -4.740136
[setup reg-reg] _25494_/Q -> _25778_/D : -4.739297
[setup reg-reg] _25494_/Q -> _25277_/D : -4.738689
[setup reg-reg] _25494_/Q -> _27236_/D : -4.734938
[setup reg-reg] _25494_/Q -> _25186_/D : -4.730580
[setup reg-reg] _25494_/Q -> _26340_/D : -4.726500
[setup reg-reg] _25494_/Q -> _27687_/D : -4.726500
[setup reg-reg] _25494_/Q -> _26660_/D : -4.725619
[setup reg-reg] _25494_/Q -> _26935_/D : -4.725235
[setup reg-reg] _25494_/Q -> _25261_/D : -4.724139
[setup reg-reg] _25494_/Q -> _26903_/D : -4.720381
[setup reg-reg] _25494_/Q -> _25815_/D : -4.718760
[setup reg-reg] _25494_/Q -> _25312_/D : -4.714718
[setup reg-reg] _25494_/Q -> _25456_/D : -4.710170
[setup reg-reg] _25494_/Q -> _25943_/D : -4.705662
[setup reg-reg] _25494_/Q -> _25662_/D : -4.705582
[setup reg-reg] _25494_/Q -> _26482_/D : -4.704831
[setup reg-reg] _25494_/Q -> _25751_/D : -4.704369
[setup reg-reg] _25494_/Q -> _25477_/D : -4.699221
[setup reg-reg] _25494_/Q -> _25285_/D : -4.689431
[setup reg-reg] _25494_/Q -> _25309_/D : -4.686854
[setup reg-reg] _25494_/Q -> _25235_/D : -4.686804
[setup reg-reg] _25494_/Q -> _25172_/D : -4.684827
[setup reg-reg] _25494_/Q -> _26276_/D : -4.683351
[setup reg-reg] _25494_/Q -> _25486_/D : -4.680812
[setup reg-reg] _25494_/Q -> _25450_/D : -4.677867
[setup reg-reg] _25494_/Q -> _25743_/D : -4.677055
[setup reg-reg] _25494_/Q -> _25296_/D : -4.667261
[setup reg-reg] _25494_/Q -> _25264_/D : -4.646563
[setup reg-reg] _25494_/Q -> _25304_/D : -4.646466
[setup reg-reg] _25494_/Q -> _25455_/D : -4.640267
[setup reg-reg] _25494_/Q -> _26566_/D : -4.637194
[setup reg-reg] _25494_/Q -> _27535_/D : -4.635540
[setup reg-reg] _25494_/Q -> _25244_/D : -4.629781
[setup reg-reg] _25494_/Q -> _25317_/D : -4.627051
[setup reg-reg] _25494_/Q -> _25347_/D : -4.625594
[setup reg-reg] _25494_/Q -> _25400_/D : -4.624596
[setup reg-reg] _25494_/Q -> _25266_/D : -4.623992
[setup reg-reg] _25494_/Q -> _25478_/D : -4.622050
[setup reg-reg] _25494_/Q -> _25190_/D : -4.618983
[setup reg-reg] _25494_/Q -> _25794_/D : -4.618402
[setup reg-reg] _25494_/Q -> _25449_/D : -4.612503
[setup reg-reg] _25494_/Q -> _27426_/D : -4.608809
[setup reg-reg] _25494_/Q -> _26804_/D : -4.604660
[setup reg-reg] _25494_/Q -> _25272_/D : -4.601724
[setup reg-reg] _25494_/Q -> _25270_/D : -4.596522
[setup reg-reg] _25494_/Q -> _24940_/D : -4.590273
[setup reg-reg] _25494_/Q -> _25416_/D : -4.589950
[setup reg-reg] _25494_/Q -> _26351_/D : -4.589770
[setup reg-reg] _25494_/Q -> _26402_/D : -4.587099
[setup reg-reg] _25494_/Q -> _27074_/D : -4.578956
[setup reg-reg] _25494_/Q -> _25148_/D : -4.575812
[setup reg-reg] _25494_/Q -> _27010_/D : -4.574714
[setup reg-reg] _25494_/Q -> _27298_/D : -4.570941
[setup reg-reg] _25494_/Q -> _26068_/D : -4.566145
[setup reg-reg] _25494_/Q -> _25334_/D : -4.565619
[setup reg-reg] _25494_/Q -> _27042_/D : -4.564693
[setup reg-reg] _25494_/Q -> _25178_/D : -4.558247
[setup reg-reg] _25494_/Q -> _26050_/D : -4.557981
[setup reg-reg] _25494_/Q -> _25183_/D : -4.551952
[setup reg-reg] _25494_/Q -> _26959_/D : -4.542468
[setup reg-reg] _25494_/Q -> _25280_/D : -4.542194
[setup reg-reg] _25494_/Q -> _25762_/D : -4.539572
[setup reg-reg] _25494_/Q -> _26502_/D : -4.537611
[setup reg-reg] _25494_/Q -> _26228_/D : -4.532623
[setup reg-reg] _25494_/Q -> _26374_/D : -4.531813
[setup reg-reg] _25494_/Q -> _25393_/D : -4.530756
[setup reg-reg] _25494_/Q -> _25379_/D : -4.527792
[setup reg-reg] _25494_/Q -> _26822_/D : -4.524776
[setup reg-reg] _25494_/Q -> _25336_/D : -4.523603
[setup reg-reg] _25494_/Q -> _25164_/D : -4.521601
[setup reg-reg] _25494_/Q -> _25460_/D : -4.521146
[setup reg-reg] _25494_/Q -> _25999_/D : -4.516222
[setup reg-reg] _25494_/Q -> _27119_/D : -4.515038
[setup reg-reg] _25494_/Q -> _25839_/D : -4.512261
[setup reg-reg] _25494_/Q -> _25465_/D : -4.511790
[setup reg-reg] _25494_/Q -> _27110_/D : -4.511401
[setup reg-reg] _25494_/Q -> _25461_/D : -4.509905
[setup reg-reg] _25494_/Q -> _26415_/D : -4.509387
[setup reg-reg] _25494_/Q -> _26370_/D : -4.509134
[setup reg-reg] _25494_/Q -> _27602_/D : -4.507426
[setup reg-reg] _25494_/Q -> _25935_/D : -4.503255
[setup reg-reg] _25494_/Q -> _26622_/D : -4.500681
[setup reg-reg] _25494_/Q -> _26735_/D : -4.498117
[setup reg-reg] _25494_/Q -> _25684_/D : -4.495876
[setup reg-reg] _25494_/Q -> _25664_/D : -4.491303
[setup reg-reg] _25494_/Q -> _27334_/D : -4.490508
[setup reg-reg] _25494_/Q -> _26022_/D : -4.487209
[setup reg-reg] _25494_/Q -> _25295_/D : -4.487189
[setup reg-reg] _25494_/Q -> _27471_/D : -4.485999
[setup reg-reg] _25494_/Q -> _26287_/D : -4.481335
[setup reg-reg] _25494_/Q -> _25341_/D : -4.481049
[setup reg-reg] _25494_/Q -> _25342_/D : -4.480743
[setup reg-reg] _25494_/Q -> _26214_/D : -4.478803
[setup reg-reg] _25494_/Q -> _25133_/D : -4.475554
[setup reg-reg] _25494_/Q -> _26799_/D : -4.474185
[setup reg-reg] _25494_/Q -> _26895_/D : -4.472870
[setup reg-reg] _25494_/Q -> _25182_/D : -4.470291
[setup reg-reg] _25494_/Q -> _27711_/D : -4.469841
[setup reg-reg] _25494_/Q -> _25184_/D : -4.469641
[setup reg-reg] _25494_/Q -> _27407_/D : -4.469563
[setup reg-reg] _25494_/Q -> _25369_/D : -4.469445
[setup reg-reg] _25494_/Q -> _25344_/D : -4.467280
[setup reg-reg] _25494_/Q -> _25734_/D : -4.463035
[setup reg-reg] _25494_/Q -> _25330_/D : -4.458374
[setup reg-reg] _25494_/Q -> _25362_/D : -4.449442
[setup reg-reg] _25494_/Q -> _27215_/D : -4.448612
[setup reg-reg] _25494_/Q -> _25469_/D : -4.447289
[setup reg-reg] _25494_/Q -> _27183_/D : -4.444299
[setup reg-reg] _25494_/Q -> _25483_/D : -4.440988
[setup reg-reg] _25494_/Q -> _25367_/D : -4.438421
[setup reg-reg] _25494_/Q -> _25807_/D : -4.430607
[setup reg-reg] _25494_/Q -> _25694_/D : -4.427282
[setup reg-reg] _25494_/Q -> _25398_/D : -4.425539
[setup reg-reg] _25494_/Q -> _25392_/D : -4.424909
[setup reg-reg] _25494_/Q -> _24934_/D : -4.424626
[setup reg-reg] _25494_/Q -> _25423_/D : -4.421805
[setup reg-reg] _25494_/Q -> _25716_/D : -4.415437
[setup reg-reg] _25494_/Q -> _25139_/D : -4.414448
[setup reg-reg] _25494_/Q -> _26270_/D : -4.413867
[setup reg-reg] _25494_/Q -> _26260_/D : -4.413467
[setup reg-reg] _25494_/Q -> _25397_/D : -4.411987
[setup reg-reg] _25494_/Q -> _25387_/D : -4.411664
[setup reg-reg] _25494_/Q -> _26547_/D : -4.409390
[setup reg-reg] _25494_/Q -> _26580_/D : -4.402502
[setup reg-reg] _25494_/Q -> _27006_/D : -4.400795
[setup reg-reg] _25494_/Q -> _26310_/D : -4.400395
[setup reg-reg] _25494_/Q -> _26319_/D : -4.397212
[setup reg-reg] _25494_/Q -> _26430_/D : -4.397148
[setup reg-reg] _25494_/Q -> _26419_/D : -4.396842
[setup reg-reg] _25494_/Q -> _25405_/D : -4.394439
[setup reg-reg] _25494_/Q -> _25335_/D : -4.394018
[setup reg-reg] _25494_/Q -> _26483_/D : -4.389717
[setup reg-reg] _25494_/Q -> _25151_/D : -4.387371
[setup reg-reg] _25494_/Q -> _27443_/D : -4.386467
[setup reg-reg] _25494_/Q -> _25328_/D : -4.384855
[setup reg-reg] _25494_/Q -> _25376_/D : -4.383573
[setup reg-reg] _25494_/Q -> _27154_/D : -4.382090
[setup reg-reg] _25494_/Q -> _25254_/D : -4.375679
[setup reg-reg] _25494_/Q -> _25368_/D : -4.373780
[setup reg-reg] _25494_/Q -> _25466_/D : -4.372719
[setup reg-reg] _25494_/Q -> _26031_/D : -4.369982
[setup reg-reg] _25494_/Q -> _27123_/D : -4.365747
[setup reg-reg] _25494_/Q -> _25163_/D : -4.363307
[setup reg-reg] _25494_/Q -> _25474_/D : -4.362967
[setup reg-reg] _25494_/Q -> _26771_/D : -4.358572
[setup reg-reg] _25494_/Q -> _27439_/D : -4.358325
[setup reg-reg] _25494_/Q -> _27247_/D : -4.356629
[setup reg-reg] _25494_/Q -> _27503_/D : -4.355611
[setup reg-reg] _25494_/Q -> _26142_/D : -4.355188
[setup reg-reg] _25494_/Q -> _25349_/D : -4.354163
[setup reg-reg] _25494_/Q -> _27070_/D : -4.350401
[setup reg-reg] _25494_/Q -> _25822_/D : -4.350286
[setup reg-reg] _25494_/Q -> _25173_/D : -4.348886
[setup reg-reg] _25494_/Q -> _27446_/D : -4.346660
[setup reg-reg] _25494_/Q -> _25812_/D : -4.341256
[setup reg-reg] _25494_/Q -> _27174_/D : -4.340283
[setup reg-reg] _25494_/Q -> _25176_/D : -4.339720
[setup reg-reg] _25494_/Q -> _26494_/D : -4.339276
[setup reg-reg] _25494_/Q -> _25150_/D : -4.339107
[setup reg-reg] _25494_/Q -> _25396_/D : -4.338346
[setup reg-reg] _25494_/Q -> _27542_/D : -4.334426
[setup reg-reg] _25494_/Q -> _26740_/D : -4.334185
[setup reg-reg] _25494_/Q -> _26163_/D : -4.334094
[setup reg-reg] _25494_/Q -> _25131_/D : -4.332284
[setup reg-reg] _25494_/Q -> _27398_/D : -4.329474
[setup reg-reg] _25494_/Q -> _25399_/D : -4.328802
[setup reg-reg] _25494_/Q -> _26579_/D : -4.327454
[setup reg-reg] _25494_/Q -> _25302_/D : -4.325637
[setup reg-reg] _25494_/Q -> _25886_/D : -4.324948
[setup reg-reg] _25494_/Q -> _25814_/D : -4.323312
[setup reg-reg] _25494_/Q -> _25181_/D : -4.322534
[setup reg-reg] _25494_/Q -> _27027_/D : -4.320928
[setup reg-reg] _25494_/Q -> _25876_/D : -4.313897
[setup reg-reg] _25494_/Q -> _26671_/D : -4.313181
[setup reg-reg] _25494_/Q -> _26772_/D : -4.307332
[setup reg-reg] _25494_/Q -> _27663_/D : -4.301706
[setup reg-reg] _25494_/Q -> _26438_/D : -4.300700
[setup reg-reg] _25494_/Q -> _27094_/D : -4.299739
[setup reg-reg] _25494_/Q -> _25348_/D : -4.297869
[setup reg-reg] _25494_/Q -> _25355_/D : -4.294291
[setup reg-reg] _25494_/Q -> _25333_/D : -4.293612
[setup reg-reg] _25494_/Q -> _26452_/D : -4.293508
[setup reg-reg] _25494_/Q -> _26227_/D : -4.292886
[setup reg-reg] _25494_/Q -> _24959_/D : -4.289451
[setup reg-reg] _25494_/Q -> _25316_/D : -4.288848
[setup reg-reg] _25494_/Q -> _25000_/D : -4.284139
[setup reg-reg] _25494_/Q -> _25239_/D : -4.282839
[setup reg-reg] _25494_/Q -> _26515_/D : -4.280789
[setup reg-reg] _25494_/Q -> _25715_/D : -4.275698
[setup reg-reg] _25494_/Q -> _26195_/D : -4.275524
[setup reg-reg] _25494_/Q -> _26063_/D : -4.271875
[setup reg-reg] _25494_/Q -> _27091_/D : -4.261697
[setup reg-reg] _25494_/Q -> _25306_/D : -4.258185
[setup reg-reg] _25494_/Q -> _26387_/D : -4.255696
[setup reg-reg] _25494_/Q -> _26794_/D : -4.253614
[setup reg-reg] _25494_/Q -> _25971_/D : -4.251060
[setup reg-reg] _25494_/Q -> _26950_/D : -4.249745
[setup reg-reg] _25494_/Q -> _25391_/D : -4.248657
[setup reg-reg] _25494_/Q -> _26278_/D : -4.248635
[setup reg-reg] _25494_/Q -> _26675_/D : -4.248058
[setup reg-reg] _25494_/Q -> _27283_/D : -4.245546
[setup reg-reg] _25494_/Q -> _26654_/D : -4.242169
[setup reg-reg] _25494_/Q -> _27622_/D : -4.240896
[setup reg-reg] _25494_/Q -> _26899_/D : -4.239972
[setup reg-reg] _25494_/Q -> _27603_/D : -4.237972
[setup reg-reg] _25494_/Q -> _26164_/D : -4.237542
[setup reg-reg] _25494_/Q -> _25470_/D : -4.236075
[setup reg-reg] _25494_/Q -> _25843_/D : -4.235229
[setup reg-reg] _25494_/Q -> _27361_/D : -4.233725
[setup reg-reg] _25494_/Q -> _27347_/D : -4.231721
[setup reg-reg] _25494_/Q -> _27277_/D : -4.229221
[setup reg-reg] _25494_/Q -> _25926_/D : -4.227680
[setup reg-reg] _25494_/Q -> _27251_/D : -4.225724
[setup reg-reg] _25494_/Q -> _25144_/D : -4.223386
[setup reg-reg] _25494_/Q -> _27571_/D : -4.220800
[setup reg-reg] _25494_/Q -> _26776_/D : -4.220562
[setup reg-reg] _25494_/Q -> _25779_/D : -4.218876
[setup reg-reg] _25494_/Q -> _26643_/D : -4.218672
[setup reg-reg] _25494_/Q -> _26035_/D : -4.217464
[setup reg-reg] _25494_/Q -> _25234_/D : -4.216293
[setup reg-reg] _25494_/Q -> _27315_/D : -4.213643
[setup reg-reg] _25494_/Q -> _25249_/D : -4.213456
[setup reg-reg] _25494_/Q -> _26662_/D : -4.209848
[setup reg-reg] _25494_/Q -> _25830_/D : -4.209259
[setup reg-reg] _25494_/Q -> _25645_/D : -4.208538
[setup reg-reg] _25494_/Q -> _25907_/D : -4.206072
[setup reg-reg] _25494_/Q -> _26291_/D : -4.205273
[setup reg-reg] _25494_/Q -> _27146_/D : -4.201283
[setup reg-reg] _25494_/Q -> _26099_/D : -4.201157
[setup reg-reg] _25494_/Q -> _25284_/D : -4.200448
[setup reg-reg] _25494_/Q -> _26259_/D : -4.198590
[setup reg-reg] _25494_/Q -> _26046_/D : -4.197229
[setup reg-reg] _25494_/Q -> _27457_/D : -4.196396
[setup reg-reg] _25494_/Q -> _25825_/D : -4.196380
[setup reg-reg] _25494_/Q -> _25238_/D : -4.194723
[setup reg-reg] _25494_/Q -> _26742_/D : -4.194474
[setup reg-reg] _25494_/Q -> _26578_/D : -4.193906
[setup reg-reg] _25494_/Q -> _25758_/D : -4.193215
[setup reg-reg] _25494_/Q -> _27318_/D : -4.191293
[setup reg-reg] _25494_/Q -> _27059_/D : -4.186673
[setup reg-reg] _25494_/Q -> _27683_/D : -4.186642
[setup reg-reg] _25494_/Q -> _26878_/D : -4.183132
[setup reg-reg] _25494_/Q -> _25373_/D : -4.182070
[setup reg-reg] _25494_/Q -> _26067_/D : -4.178970
[setup reg-reg] _25494_/Q -> _25380_/D : -4.178441
[setup reg-reg] _25494_/Q -> _27265_/D : -4.175647
[setup reg-reg] _25494_/Q -> _27411_/D : -4.174499
[setup reg-reg] _25494_/Q -> _26910_/D : -4.174129
[setup reg-reg] _25494_/Q -> _25162_/D : -4.171056
[setup reg-reg] _25494_/Q -> _25985_/D : -4.169245
[setup reg-reg] _25494_/Q -> _25918_/D : -4.168891
[setup reg-reg] _25494_/Q -> _27102_/D : -4.167253
[setup reg-reg] _25494_/Q -> _26003_/D : -4.166101
[setup reg-reg] _25494_/Q -> _26867_/D : -4.164161
[setup reg-reg] _25494_/Q -> _26516_/D : -4.157981
[setup reg-reg] _25494_/Q -> _25898_/D : -4.157867
[setup reg-reg] _25494_/Q -> _26506_/D : -4.156999
[setup reg-reg] _25494_/Q -> _25965_/D : -4.156855
[setup reg-reg] _25494_/Q -> _27547_/D : -4.156087
[setup reg-reg] _25494_/Q -> _25371_/D : -4.156005
[setup reg-reg] _25494_/Q -> _26835_/D : -4.153440
[setup reg-reg] _25494_/Q -> _25942_/D : -4.151580
[setup reg-reg] _25494_/Q -> _25659_/D : -4.151207
[setup reg-reg] _25494_/Q -> _26689_/D : -4.150921
[setup reg-reg] _25494_/Q -> _25770_/D : -4.150511
[setup reg-reg] _25494_/Q -> _25939_/D : -4.146699
[setup reg-reg] _25494_/Q -> _27539_/D : -4.146216
[setup reg-reg] _25494_/Q -> _25375_/D : -4.144429
[setup reg-reg] _25494_/Q -> _26900_/D : -4.143203
[setup reg-reg] _25494_/Q -> _27454_/D : -4.141233
[setup reg-reg] _25494_/Q -> _26721_/D : -4.141034
[setup reg-reg] _25494_/Q -> _26519_/D : -4.140830
[setup reg-reg] _25494_/Q -> _26273_/D : -4.139583
[setup reg-reg] _25494_/Q -> _27358_/D : -4.138116
[setup reg-reg] _25494_/Q -> _26558_/D : -4.136909
[setup reg-reg] _25494_/Q -> _25997_/D : -4.136709
[setup reg-reg] _25494_/Q -> _27306_/D : -4.134979
[setup reg-reg] _25494_/Q -> _26066_/D : -4.134421
[setup reg-reg] _25494_/Q -> _27000_/D : -4.134089
[setup reg-reg] _25494_/Q -> _25720_/D : -4.133671
[setup reg-reg] _25494_/Q -> _25650_/D : -4.132344
[setup reg-reg] _25494_/Q -> _26541_/D : -4.131849
[setup reg-reg] _25494_/Q -> _27245_/D : -4.128055
[setup reg-reg] _25494_/Q -> _27309_/D : -4.126246
[setup reg-reg] _25494_/Q -> _26611_/D : -4.125831
[setup reg-reg] _25494_/Q -> _26359_/D : -4.125124
[setup reg-reg] _25494_/Q -> _25147_/D : -4.124708
[setup reg-reg] _25494_/Q -> _27351_/D : -4.123814
[setup reg-reg] _25494_/Q -> _25953_/D : -4.122551
[setup reg-reg] _25494_/Q -> _27187_/D : -4.121722
[setup reg-reg] _25494_/Q -> _26317_/D : -4.118899
[setup reg-reg] _25494_/Q -> _27338_/D : -4.117720
[setup reg-reg] _25494_/Q -> _27224_/D : -4.116203
[setup reg-reg] _25494_/Q -> _26241_/D : -4.115405
[setup reg-reg] _25494_/Q -> _27105_/D : -4.111495
[setup reg-reg] _25494_/Q -> _26537_/D : -4.111405
[setup reg-reg] _25494_/Q -> _26785_/D : -4.109950
[setup reg-reg] _25494_/Q -> _26413_/D : -4.107800
[setup reg-reg] _25494_/Q -> _26753_/D : -4.107552
[setup reg-reg] _25494_/Q -> _27489_/D : -4.106617
[setup reg-reg] _25494_/Q -> _25323_/D : -4.105752
[setup reg-reg] _25494_/Q -> _27158_/D : -4.105365
[setup reg-reg] _25494_/Q -> _27448_/D : -4.104957
[setup reg-reg] _25494_/Q -> _27097_/D : -4.104589
[setup reg-reg] _25494_/Q -> _26971_/D : -4.103239
[setup reg-reg] _25494_/Q -> _27373_/D : -4.100487
[setup reg-reg] _25494_/Q -> _26349_/D : -4.100451
[setup reg-reg] _25494_/Q -> _26249_/D : -4.100039
[setup reg-reg] _25494_/Q -> _26505_/D : -4.098494
[setup reg-reg] _25494_/Q -> _26121_/D : -4.097632
[setup reg-reg] _25494_/Q -> _26125_/D : -4.097355
[setup reg-reg] _25494_/Q -> _27594_/D : -4.095273
[setup reg-reg] _25494_/Q -> _26014_/D : -4.094890
[setup reg-reg] _25494_/Q -> _27533_/D : -4.092170
[setup reg-reg] _25494_/Q -> _27466_/D : -4.091803
[setup reg-reg] _25494_/Q -> _27508_/D : -4.091298
[setup reg-reg] _25494_/Q -> _26409_/D : -4.091092
[setup reg-reg] _25494_/Q -> _26861_/D : -4.090984
[setup reg-reg] _25494_/Q -> _27085_/D : -4.090554
[setup reg-reg] _25494_/Q -> _27114_/D : -4.089209
[setup reg-reg] _25494_/Q -> _26561_/D : -4.088857
[setup reg-reg] _25494_/Q -> _25865_/D : -4.087896
[setup reg-reg] _25494_/Q -> _25790_/D : -4.087612
[setup reg-reg] _25494_/Q -> _26166_/D : -4.087600
[setup reg-reg] _25494_/Q -> _26957_/D : -4.086917
[setup reg-reg] _25494_/Q -> _25688_/D : -4.086260
[setup reg-reg] _25494_/Q -> _27064_/D : -4.086063
[setup reg-reg] _25494_/Q -> _25689_/D : -4.083967
[setup reg-reg] _25494_/Q -> _26061_/D : -4.082768
[setup reg-reg] _25494_/Q -> _25130_/D : -4.081896
[setup reg-reg] _25494_/Q -> _25168_/D : -4.080841
[setup reg-reg] _25494_/Q -> _27501_/D : -4.080743
[setup reg-reg] _25494_/Q -> _25273_/D : -4.080367
[setup reg-reg] _25494_/Q -> _26969_/D : -4.080292
[setup reg-reg] _25494_/Q -> _27218_/D : -4.080294
[setup reg-reg] _25494_/Q -> _27160_/D : -4.078896
[setup reg-reg] _25494_/Q -> _27041_/D : -4.078668
[setup reg-reg] _25494_/Q -> _25921_/D : -4.078281
[setup reg-reg] _25494_/Q -> _27545_/D : -4.077625
[setup reg-reg] _25494_/Q -> _26442_/D : -4.077439
[setup reg-reg] _25494_/Q -> _26313_/D : -4.076758
[setup reg-reg] _25494_/Q -> _26569_/D : -4.073835
[setup reg-reg] _25494_/Q -> _27412_/D : -4.073130
[setup reg-reg] _25494_/Q -> _26110_/D : -4.072767
[setup reg-reg] _25494_/Q -> _26282_/D : -4.072506
[setup reg-reg] _25494_/Q -> _25278_/D : -4.068420
[setup reg-reg] _25494_/Q -> _25709_/D : -4.066951
[setup reg-reg] _25494_/Q -> _27003_/D : -4.066218
[setup reg-reg] _25494_/Q -> _25817_/D : -4.065798
[setup reg-reg] _25494_/Q -> _25889_/D : -4.065614
[setup reg-reg] _25494_/Q -> _25463_/D : -4.065589
[setup reg-reg] _25494_/Q -> _26281_/D : -4.062358
[setup reg-reg] _25494_/Q -> _25729_/D : -4.061588
[setup reg-reg] _25494_/Q -> _26573_/D : -4.060718
[setup reg-reg] _25494_/Q -> _27585_/D : -4.059652
[setup reg-reg] _25494_/Q -> _27329_/D : -4.059228
[setup reg-reg] _25494_/Q -> _26509_/D : -4.057110
[setup reg-reg] _25494_/Q -> _27341_/D : -4.055474
[setup reg-reg] _25494_/Q -> _27297_/D : -4.054146
[setup reg-reg] _25494_/Q -> _25167_/D : -4.053041
[setup reg-reg] _25494_/Q -> _27053_/D : -4.052700
[setup reg-reg] _25494_/Q -> _27617_/D : -4.051904
[setup reg-reg] _25494_/Q -> _27262_/D : -4.051144
[setup reg-reg] _25494_/Q -> _27291_/D : -4.051129
[setup reg-reg] _25494_/Q -> _26137_/D : -4.047090
[setup reg-reg] _25494_/Q -> _27035_/D : -4.046456
[setup reg-reg] _25494_/Q -> _27643_/D : -4.043148
[setup reg-reg] _25494_/Q -> _27451_/D : -4.042892
[setup reg-reg] _25494_/Q -> _25315_/D : -4.042221
[setup reg-reg] _25494_/Q -> _27697_/D : -4.041487
[setup reg-reg] _25494_/Q -> _26798_/D : -4.038467
[setup reg-reg] _25494_/Q -> _27126_/D : -4.038135
[setup reg-reg] _25494_/Q -> _25972_/D : -4.037787
[setup reg-reg] _25494_/Q -> _27009_/D : -4.036736
[setup reg-reg] _25494_/Q -> _25883_/D : -4.034401
[setup reg-reg] _25494_/Q -> _25761_/D : -4.032433
[setup reg-reg] _25494_/Q -> _26267_/D : -4.029076
[setup reg-reg] _25494_/Q -> _27469_/D : -4.028646
[setup reg-reg] _25494_/Q -> _26057_/D : -4.022180
[setup reg-reg] _25494_/Q -> _27709_/D : -4.021803
[setup reg-reg] _25494_/Q -> _26849_/D : -4.018999
[setup reg-reg] _25494_/Q -> _26465_/D : -4.015959
[setup reg-reg] _25494_/Q -> _26905_/D : -4.015955
[setup reg-reg] _25494_/Q -> _26477_/D : -4.015689
[setup reg-reg] _25494_/Q -> _27425_/D : -4.015524
[setup reg-reg] _25494_/Q -> _25719_/D : -4.013156
[setup reg-reg] _25494_/Q -> _25806_/D : -4.012748
[setup reg-reg] _25494_/Q -> _26093_/D : -4.012490
[setup reg-reg] _25494_/Q -> _27127_/D : -4.012252
[setup reg-reg] _25494_/Q -> _27222_/D : -4.011925
[setup reg-reg] _25494_/Q -> _26105_/D : -4.011712
[setup reg-reg] _25494_/Q -> _27166_/D : -4.011028
[setup reg-reg] _25494_/Q -> _26807_/D : -4.010787
[setup reg-reg] _25494_/Q -> _25710_/D : -4.009319
[setup reg-reg] _25494_/Q -> _25152_/D : -4.009202
[setup reg-reg] _25494_/Q -> _26329_/D : -4.008817
[setup reg-reg] _25494_/Q -> _26382_/D : -4.008769
[setup reg-reg] _25494_/Q -> _27521_/D : -4.008522
[setup reg-reg] _25494_/Q -> _27479_/D : -4.008207
[setup reg-reg] _25494_/Q -> _25913_/D : -4.008012
[setup reg-reg] _25494_/Q -> _26302_/D : -4.006184
[setup reg-reg] _25494_/Q -> _25838_/D : -4.005800
[setup reg-reg] _25494_/Q -> _27118_/D : -4.005580
[setup reg-reg] _25494_/Q -> _27319_/D : -4.005081
[setup reg-reg] _25494_/Q -> _27233_/D : -4.004537
[setup reg-reg] _25494_/Q -> _27433_/D : -4.004424
[setup reg-reg] _25494_/Q -> _25248_/D : -4.002629
[setup reg-reg] _25494_/Q -> _27353_/D : -4.002075
[setup reg-reg] _25494_/Q -> _27316_/D : -4.001617
[setup reg-reg] _25494_/Q -> _27415_/D : -4.001423
[setup reg-reg] _25494_/Q -> _27273_/D : -4.000045
[setup reg-reg] _25494_/Q -> _27310_/D : -3.999299
[setup reg-reg] _25494_/Q -> _27018_/D : -3.999276
[setup reg-reg] _25494_/Q -> _26542_/D : -3.998924
[setup reg-reg] _25494_/Q -> _27225_/D : -3.998560
[setup reg-reg] _25494_/Q -> _26145_/D : -3.997938
[setup reg-reg] _25494_/Q -> _26830_/D : -3.996336
[setup reg-reg] _25494_/Q -> _26967_/D : -3.996119
[setup reg-reg] _25494_/Q -> _27257_/D : -3.994343
[setup reg-reg] _25494_/Q -> _26457_/D : -3.993568
[setup reg-reg] _25494_/Q -> _25934_/D : -3.992684
[setup reg-reg] _25494_/Q -> _27438_/D : -3.992337
[setup reg-reg] _25494_/Q -> _26913_/D : -3.991245
[setup reg-reg] _25494_/Q -> _27419_/D : -3.991220
[setup reg-reg] _25494_/Q -> _26103_/D : -3.990806
[setup reg-reg] _25494_/Q -> _27476_/D : -3.990392
[setup reg-reg] _25494_/Q -> _26049_/D : -3.989863
[setup reg-reg] _25494_/Q -> _26233_/D : -3.989181
[setup reg-reg] _25494_/Q -> _26350_/D : -3.988582
[setup reg-reg] _25494_/Q -> _27402_/D : -3.988337
[setup reg-reg] _25494_/Q -> _27511_/D : -3.988317
[setup reg-reg] _25494_/Q -> _25174_/D : -3.988179
[setup reg-reg] _25494_/Q -> _27210_/D : -3.987019
[setup reg-reg] _25494_/Q -> _27337_/D : -3.986431
[setup reg-reg] _25494_/Q -> _25001_/D : -3.986140
[setup reg-reg] _25494_/Q -> _27689_/D : -3.984743
[setup reg-reg] _25494_/Q -> _25240_/D : -3.984489
[setup reg-reg] _25494_/Q -> _25291_/D : -3.984441
[setup reg-reg] _25494_/Q -> _27065_/D : -3.983345
[setup reg-reg] _25494_/Q -> _26510_/D : -3.983207
[setup reg-reg] _25494_/Q -> _26369_/D : -3.982853
[setup reg-reg] _25494_/Q -> _26062_/D : -3.982105
[setup reg-reg] _25494_/Q -> _26418_/D : -3.981983
[setup reg-reg] _25494_/Q -> _26745_/D : -3.980567
[setup reg-reg] _25494_/Q -> _26295_/D : -3.979237
[setup reg-reg] _25494_/Q -> _27073_/D : -3.978759
[setup reg-reg] _25494_/Q -> _26177_/D : -3.977791
[setup reg-reg] _25494_/Q -> _27350_/D : -3.977398
[setup reg-reg] _25494_/Q -> _27657_/D : -3.976810
[setup reg-reg] _25494_/Q -> _26858_/D : -3.976650
[setup reg-reg] _25494_/Q -> _25177_/D : -3.976469
[setup reg-reg] _25494_/Q -> _25742_/D : -3.974018
[setup reg-reg] _25494_/Q -> _26174_/D : -3.972744
[setup reg-reg] _25494_/Q -> _27481_/D : -3.972374
[setup reg-reg] _25494_/Q -> _26017_/D : -3.970431
[setup reg-reg] _25494_/Q -> _26743_/D : -3.969484
[setup reg-reg] _25494_/Q -> _27081_/D : -3.969131
[setup reg-reg] _25494_/Q -> _26090_/D : -3.968511
[setup reg-reg] _25494_/Q -> _25170_/D : -3.968223
[setup reg-reg] _25494_/Q -> _25737_/D : -3.968145
[setup reg-reg] _25494_/Q -> _26825_/D : -3.967442
[setup reg-reg] _25494_/Q -> _26446_/D : -3.967117
[setup reg-reg] _25494_/Q -> _27060_/D : -3.966846
[setup reg-reg] _25494_/Q -> _27684_/D : -3.966715
[setup reg-reg] _25494_/Q -> _26126_/D : -3.965701
[setup reg-reg] _25494_/Q -> _27607_/D : -3.965051
[setup reg-reg] _25494_/Q -> _25232_/D : -3.964258
[setup reg-reg] _25494_/Q -> _25769_/D : -3.962935
[setup reg-reg] _25494_/Q -> _26102_/D : -3.961352
[setup reg-reg] _25494_/Q -> _26585_/D : -3.960468
[setup reg-reg] _25494_/Q -> _26606_/D : -3.960311
[setup reg-reg] _25494_/Q -> _26180_/D : -3.959988
[setup reg-reg] _25494_/Q -> _27348_/D : -3.958149
[setup reg-reg] _25494_/Q -> _27137_/D : -3.957649
[setup reg-reg] _25494_/Q -> _26154_/D : -3.957375
[setup reg-reg] _25494_/Q -> _27659_/D : -3.955794
[setup reg-reg] _25494_/Q -> _27550_/D : -3.955559
[setup reg-reg] _25494_/Q -> _25686_/D : -3.955130
[setup reg-reg] _25494_/Q -> _27510_/D : -3.951952
[setup reg-reg] _25494_/Q -> _26756_/D : -3.951016
[setup reg-reg] _25494_/Q -> _25245_/D : -3.950648
[setup reg-reg] _25494_/Q -> _27561_/D : -3.950117
[setup reg-reg] _25494_/Q -> _26990_/D : -3.947980
[setup reg-reg] _25494_/Q -> _25651_/D : -3.946855
[setup reg-reg] _25494_/Q -> _26932_/D : -3.944425
[setup reg-reg] _25494_/Q -> _26489_/D : -3.943661
[setup reg-reg] _25494_/Q -> _25271_/D : -3.942878
[setup reg-reg] _25494_/Q -> _27381_/D : -3.942418
[setup reg-reg] _25494_/Q -> _27383_/D : -3.942299
[setup reg-reg] _25494_/Q -> _27406_/D : -3.942152
[setup reg-reg] _25494_/Q -> _26005_/D : -3.940963
[setup reg-reg] _25494_/Q -> _26425_/D : -3.940391
[setup reg-reg] _25494_/Q -> _26805_/D : -3.940363
[setup reg-reg] _25494_/Q -> _26810_/D : -3.939985
[setup reg-reg] _25494_/Q -> _27417_/D : -3.937959
[setup reg-reg] _25494_/Q -> _26393_/D : -3.937167
[setup reg-reg] _25494_/Q -> _25974_/D : -3.936055
[setup reg-reg] _25494_/Q -> _26148_/D : -3.934948
[setup reg-reg] _25494_/Q -> _27636_/D : -3.934430
[setup reg-reg] _25494_/Q -> _25274_/D : -3.934336
[setup reg-reg] _25494_/Q -> _27031_/D : -3.931795
[setup reg-reg] _25494_/Q -> _25845_/D : -3.931156
[setup reg-reg] _25494_/Q -> _27534_/D : -3.928614
[setup reg-reg] _25494_/Q -> _25945_/D : -3.924928
[setup reg-reg] _25494_/Q -> _26420_/D : -3.924557
[setup reg-reg] _25494_/Q -> _26766_/D : -3.922939
[setup reg-reg] _25494_/Q -> _27278_/D : -3.921072
[setup reg-reg] _25494_/Q -> _27223_/D : -3.919437
[setup reg-reg] _25494_/Q -> _26020_/D : -3.918752
[setup reg-reg] _25494_/Q -> _27445_/D : -3.917977
[setup reg-reg] _25494_/Q -> _26230_/D : -3.917411
[setup reg-reg] _25494_/Q -> _26263_/D : -3.917281
[setup reg-reg] _25494_/Q -> _27524_/D : -3.916982
[setup reg-reg] _25494_/Q -> _27470_/D : -3.915510
[setup reg-reg] _25494_/Q -> _27710_/D : -3.915430
[setup reg-reg] _25494_/Q -> _26134_/D : -3.915343
[setup reg-reg] _25494_/Q -> _25749_/D : -3.915096
[setup reg-reg] _25494_/Q -> _27639_/D : -3.914485
[setup reg-reg] _25494_/Q -> _25413_/D : -3.913977
[setup reg-reg] _25494_/Q -> _27566_/D : -3.913352
[setup reg-reg] _25494_/Q -> _27512_/D : -3.911353
[setup reg-reg] _25494_/Q -> _27125_/D : -3.910673
[setup reg-reg] _25494_/Q -> _26985_/D : -3.910518
[setup reg-reg] _25494_/Q -> _27382_/D : -3.908747
[setup reg-reg] _25494_/Q -> _27354_/D : -3.908365
[setup reg-reg] _25494_/Q -> _26774_/D : -3.907650
[setup reg-reg] _25494_/Q -> _26322_/D : -3.907010
[setup reg-reg] _25494_/Q -> _26936_/D : -3.906475
[setup reg-reg] _25494_/Q -> _25753_/D : -3.905529
[setup reg-reg] _25494_/Q -> _25750_/D : -3.905473
[setup reg-reg] _25494_/Q -> _25998_/D : -3.904475
[setup reg-reg] _25494_/Q -> _27332_/D : -3.902480
[setup reg-reg] _25494_/Q -> _26679_/D : -3.902276
[setup reg-reg] _25494_/Q -> _27477_/D : -3.901844
[setup reg-reg] _25494_/Q -> _26638_/D : -3.901455
[setup reg-reg] _25494_/Q -> _25251_/D : -3.900775
[setup reg-reg] _25494_/Q -> _25383_/D : -3.900500
[setup reg-reg] _25494_/Q -> _26453_/D : -3.898867
[setup reg-reg] _25494_/Q -> _26678_/D : -3.896432
[setup reg-reg] _25494_/Q -> _26328_/D : -3.895444
[setup reg-reg] _25494_/Q -> _25402_/D : -3.894917
[setup reg-reg] _25494_/Q -> _27220_/D : -3.894153
[setup reg-reg] _25494_/Q -> _25909_/D : -3.893943
[setup reg-reg] _25494_/Q -> _26356_/D : -3.893126
[setup reg-reg] _25494_/Q -> _26677_/D : -3.892314
[setup reg-reg] _25494_/Q -> _26104_/D : -3.891953
[setup reg-reg] _25494_/Q -> _25813_/D : -3.891351
[setup reg-reg] _25494_/Q -> _25993_/D : -3.891323
[setup reg-reg] _25494_/Q -> _27700_/D : -3.890786
[setup reg-reg] _25494_/Q -> _25667_/D : -3.890692
[setup reg-reg] _25494_/Q -> _27095_/D : -3.890460
[setup reg-reg] _25494_/Q -> _27384_/D : -3.890172
[setup reg-reg] _25494_/Q -> _26294_/D : -3.889106
[setup reg-reg] _25494_/Q -> _26070_/D : -3.889046
[setup reg-reg] _25494_/Q -> _25652_/D : -3.888834
[setup reg-reg] _25494_/Q -> _27606_/D : -3.888824
[setup reg-reg] _25494_/Q -> _26296_/D : -3.887737
[setup reg-reg] _25494_/Q -> _26424_/D : -3.886646
[setup reg-reg] _25494_/Q -> _26934_/D : -3.886134
[setup reg-reg] _25494_/Q -> _27191_/D : -3.883567
[setup reg-reg] _25494_/Q -> _26564_/D : -3.883427
[setup reg-reg] _25494_/Q -> _26262_/D : -3.883205
[setup reg-reg] _25494_/Q -> _26170_/D : -3.880711
[setup reg-reg] _25494_/Q -> _27246_/D : -3.879173
[setup reg-reg] _25494_/Q -> _26232_/D : -3.878414
[setup reg-reg] _25494_/Q -> _27062_/D : -3.877151
[setup reg-reg] _25494_/Q -> _26033_/D : -3.877055
[setup reg-reg] _25494_/Q -> _25882_/D : -3.876888
[setup reg-reg] _25494_/Q -> _26670_/D : -3.875124
[setup reg-reg] _25494_/Q -> _27574_/D : -3.874067
[setup reg-reg] _25494_/Q -> _26852_/D : -3.873147
[setup reg-reg] _25494_/Q -> _26857_/D : -3.873018
[setup reg-reg] _25494_/Q -> _25906_/D : -3.871829
[setup reg-reg] _25494_/Q -> _27287_/D : -3.871382
[setup reg-reg] _25494_/Q -> _26404_/D : -3.871334
[setup reg-reg] _25494_/Q -> _26933_/D : -3.870529
[setup reg-reg] _25494_/Q -> _26616_/D : -3.870339
[setup reg-reg] _25494_/Q -> _27256_/D : -3.868156
[setup reg-reg] _25494_/Q -> _26884_/D : -3.865670
[setup reg-reg] _25494_/Q -> _26635_/D : -3.864932
[setup reg-reg] _25494_/Q -> _26552_/D : -3.864550
[setup reg-reg] _25494_/Q -> _26901_/D : -3.861521
[setup reg-reg] _25494_/Q -> _25956_/D : -3.860091
[setup reg-reg] _25494_/Q -> _25253_/D : -3.859269
[setup reg-reg] _25494_/Q -> _26773_/D : -3.858338
[setup reg-reg] _25494_/Q -> _27032_/D : -3.857990
[setup reg-reg] _25494_/Q -> _26872_/D : -3.856988
[setup reg-reg] _25494_/Q -> _27556_/D : -3.856224
[setup reg-reg] _25494_/Q -> _27150_/D : -3.855492
[setup reg-reg] _25494_/Q -> _27128_/D : -3.855462
[setup reg-reg] _25494_/Q -> _26584_/D : -3.854899
[setup reg-reg] _25494_/Q -> _26517_/D : -3.852291
[setup reg-reg] _25494_/Q -> _27286_/D : -3.850921
[setup reg-reg] _25494_/Q -> _26500_/D : -3.848310
[setup reg-reg] _25494_/Q -> _25912_/D : -3.848250
[setup reg-reg] _25494_/Q -> _27608_/D : -3.844958
[setup reg-reg] _25494_/Q -> _26628_/D : -3.842997
[setup reg-reg] _25494_/Q -> _26293_/D : -3.842718
[setup reg-reg] _25494_/Q -> _25973_/D : -3.842217
[setup reg-reg] _25494_/Q -> _25448_/D : -3.842153
[setup reg-reg] _25494_/Q -> _26161_/D : -3.841697
[setup reg-reg] _25494_/Q -> _27189_/D : -3.840571
[setup reg-reg] _25494_/Q -> _26244_/D : -3.840386
[setup reg-reg] _25494_/Q -> _25241_/D : -3.838862
[setup reg-reg] _25494_/Q -> _25966_/D : -3.838448
[setup reg-reg] _25494_/Q -> _25414_/D : -3.833268
[setup reg-reg] _25494_/Q -> _26680_/D : -3.831882
[setup reg-reg] _25494_/Q -> _27413_/D : -3.831680
[setup reg-reg] _25494_/Q -> _27688_/D : -3.830360
[setup reg-reg] _25494_/Q -> _27541_/D : -3.829429
[setup reg-reg] _25494_/Q -> _25310_/D : -3.828710
[setup reg-reg] _25494_/Q -> _26837_/D : -3.828161
[setup reg-reg] _25494_/Q -> _27061_/D : -3.823706
[setup reg-reg] _25494_/Q -> _26360_/D : -3.823406
[setup reg-reg] _25494_/Q -> _25303_/D : -3.820437
[setup reg-reg] _25494_/Q -> _27140_/D : -3.816359
[setup reg-reg] _25494_/Q -> _24960_/D : -3.816139
[setup reg-reg] _25494_/Q -> _27441_/D : -3.814465
[setup reg-reg] _25494_/Q -> _26254_/D : -3.813892
[setup reg-reg] _25494_/Q -> _26084_/D : -3.813820
[setup reg-reg] _25494_/Q -> _26869_/D : -3.811918
[setup reg-reg] _25494_/Q -> _26325_/D : -3.810435
[setup reg-reg] _25494_/Q -> _25479_/D : -3.810044
[setup reg-reg] _25494_/Q -> _26394_/D : -3.807729
[setup reg-reg] _25494_/Q -> _27349_/D : -3.801327
[setup reg-reg] _25494_/Q -> _26705_/D : -3.798625
[setup reg-reg] _25494_/Q -> _25370_/D : -3.797155
[setup reg-reg] _25494_/Q -> _26802_/D : -3.793703
[setup reg-reg] _25494_/Q -> _27281_/D : -3.792430
[setup reg-reg] _25494_/Q -> _26545_/D : -3.789648
[setup reg-reg] _25494_/Q -> _26645_/D : -3.789616
[setup reg-reg] _25494_/Q -> _25408_/D : -3.787026
[setup reg-reg] _25494_/Q -> _27285_/D : -3.783684
[setup reg-reg] _25494_/Q -> _26513_/D : -3.783619
[setup reg-reg] _25494_/Q -> _25969_/D : -3.783089
[setup reg-reg] _25494_/Q -> _27554_/D : -3.782462
[setup reg-reg] _25494_/Q -> _25452_/D : -3.781082
[setup reg-reg] _25494_/Q -> _27509_/D : -3.780723
[setup reg-reg] _25494_/Q -> _26065_/D : -3.778650
[setup reg-reg] _25494_/Q -> _25941_/D : -3.778014
[setup reg-reg] _25494_/Q -> _26709_/D : -3.774208
[setup reg-reg] _25494_/Q -> _26042_/D : -3.773962
[setup reg-reg] _25494_/Q -> _25136_/D : -3.769559
[setup reg-reg] _25494_/Q -> _27377_/D : -3.768824
[setup reg-reg] _25494_/Q -> _27681_/D : -3.767895
[setup reg-reg] _25494_/Q -> _26001_/D : -3.767726
[setup reg-reg] _25494_/Q -> _25301_/D : -3.766884
[setup reg-reg] _25494_/Q -> _26993_/D : -3.766262
[setup reg-reg] _25494_/Q -> _25890_/D : -3.764903
[setup reg-reg] _25494_/Q -> _27317_/D : -3.764207
[setup reg-reg] _25494_/Q -> _25841_/D : -3.763225
[setup reg-reg] _25494_/Q -> _25374_/D : -3.760061
[setup reg-reg] _25494_/Q -> _25681_/D : -3.758691
[setup reg-reg] _25494_/Q -> _25467_/D : -3.756595
[setup reg-reg] _25494_/Q -> _27185_/D : -3.755224
[setup reg-reg] _25494_/Q -> _25954_/D : -3.753330
[setup reg-reg] _25494_/Q -> _25409_/D : -3.752565
[setup reg-reg] _25494_/Q -> _26225_/D : -3.751834
[setup reg-reg] _25494_/Q -> _26690_/D : -3.751126
[setup reg-reg] _25494_/Q -> _25717_/D : -3.748378
[setup reg-reg] _25494_/Q -> _26833_/D : -3.744292
[setup reg-reg] _25494_/Q -> _25401_/D : -3.743645
[setup reg-reg] _25494_/Q -> _26737_/D : -3.742232
[setup reg-reg] _25494_/Q -> _26133_/D : -3.741304
[setup reg-reg] _25494_/Q -> _25781_/D : -3.740739
[setup reg-reg] _25494_/Q -> _27409_/D : -3.738842
[setup reg-reg] _25494_/Q -> _25252_/D : -3.738462
[setup reg-reg] _25494_/Q -> _27202_/D : -3.736986
[setup reg-reg] _25494_/Q -> _25268_/D : -3.736115
[setup reg-reg] _25494_/Q -> _26362_/D : -3.735487
[setup reg-reg] _25494_/Q -> _25411_/D : -3.734998
[setup reg-reg] _25494_/Q -> _27089_/D : -3.733913
[setup reg-reg] _25494_/Q -> _25877_/D : -3.733648
[setup reg-reg] _25494_/Q -> _27618_/D : -3.733355
[setup reg-reg] _25494_/Q -> _27194_/D : -3.731831
[setup reg-reg] _25494_/Q -> _27313_/D : -3.731087
[setup reg-reg] _25494_/Q -> _26146_/D : -3.728873
[setup reg-reg] _25494_/Q -> _26385_/D : -3.724280
[setup reg-reg] _25494_/Q -> _25937_/D : -3.723942
[setup reg-reg] _25494_/Q -> _25873_/D : -3.723377
[setup reg-reg] _25494_/Q -> _27121_/D : -3.722907
[setup reg-reg] _25494_/Q -> _26818_/D : -3.721233
[setup reg-reg] _25494_/Q -> _25338_/D : -3.718622
[setup reg-reg] _25494_/Q -> _27249_/D : -3.718313
[setup reg-reg] _25494_/Q -> _26961_/D : -3.716990
[setup reg-reg] _25494_/Q -> _27057_/D : -3.716391
[setup reg-reg] _25494_/Q -> _27234_/D : -3.716115
[setup reg-reg] _25494_/Q -> _26609_/D : -3.714892
[setup reg-reg] _25494_/Q -> _25269_/D : -3.714387
[setup reg-reg] _25494_/Q -> _27138_/D : -3.714226
[setup reg-reg] _25494_/Q -> _27258_/D : -3.713991
[setup reg-reg] _25494_/Q -> _25003_/D : -3.713895
[setup reg-reg] _25494_/Q -> _26577_/D : -3.711843
[setup reg-reg] _25494_/Q -> _26197_/D : -3.711088
[setup reg-reg] _25494_/Q -> _27345_/D : -3.710044
[setup reg-reg] _25494_/Q -> _26641_/D : -3.709605
[setup reg-reg] _25494_/Q -> _26389_/D : -3.708621
[setup reg-reg] _25494_/Q -> _26275_/D : -3.701206
[setup reg-reg] _25494_/Q -> _26097_/D : -3.699533
[setup reg-reg] _25494_/Q -> _25287_/D : -3.699528
[setup reg-reg] _25494_/Q -> _26626_/D : -3.699095
[setup reg-reg] _25494_/Q -> _26417_/D : -3.698196
[setup reg-reg] _25494_/Q -> _26594_/D : -3.697181
[setup reg-reg] _25494_/Q -> _27025_/D : -3.696899
[setup reg-reg] _25494_/Q -> _27153_/D : -3.696877
[setup reg-reg] _25494_/Q -> _27106_/D : -3.696297
[setup reg-reg] _25494_/Q -> _26850_/D : -3.695977
[setup reg-reg] _25494_/Q -> _27093_/D : -3.695655
[setup reg-reg] _25494_/Q -> _26147_/D : -3.695328
[setup reg-reg] _25494_/Q -> _27029_/D : -3.693549
[setup reg-reg] _25494_/Q -> _25407_/D : -3.692900
[setup reg-reg] _25494_/Q -> _27458_/D : -3.692083
[setup reg-reg] _25494_/Q -> _26897_/D : -3.691278
[setup reg-reg] _25494_/Q -> _26481_/D : -3.690939
[setup reg-reg] _25494_/Q -> _26965_/D : -3.688975
[setup reg-reg] _25494_/Q -> _27250_/D : -3.688850
[setup reg-reg] _25494_/Q -> _26019_/D : -3.688765
[setup reg-reg] _25494_/Q -> _26306_/D : -3.688609
[setup reg-reg] _25494_/Q -> _25660_/D : -3.687303
[setup reg-reg] _25494_/Q -> _26037_/D : -3.686832
[setup reg-reg] _25494_/Q -> _26321_/D : -3.685841
[setup reg-reg] _25494_/Q -> _25412_/D : -3.683489
[setup reg-reg] _25494_/Q -> _26448_/D : -3.681995
[setup reg-reg] _25494_/Q -> _26193_/D : -3.681732
[setup reg-reg] _25494_/Q -> _25305_/D : -3.681706
[setup reg-reg] _25494_/Q -> _26498_/D : -3.681045
[setup reg-reg] _25494_/Q -> _27235_/D : -3.677530
[setup reg-reg] _25494_/Q -> _26353_/D : -3.676945
[setup reg-reg] _25494_/Q -> _26865_/D : -3.676345
[setup reg-reg] _25494_/Q -> _27586_/D : -3.674646
[setup reg-reg] _25494_/Q -> _27536_/D : -3.673993
[setup reg-reg] _25494_/Q -> _27217_/D : -3.673360
[setup reg-reg] _25494_/Q -> _25871_/D : -3.669131
[setup reg-reg] _25494_/Q -> _25850_/D : -3.667003
[setup reg-reg] _25494_/Q -> _25647_/D : -3.659078
[setup reg-reg] _25494_/Q -> _27011_/D : -3.658947
[setup reg-reg] _25494_/Q -> _26754_/D : -3.657007
[setup reg-reg] _25494_/Q -> _27107_/D : -3.656878
[setup reg-reg] _25494_/Q -> _27075_/D : -3.655961
[setup reg-reg] _25494_/Q -> _26658_/D : -3.655853
[setup reg-reg] _25494_/Q -> _26544_/D : -3.653383
[setup reg-reg] _25494_/Q -> _26997_/D : -3.651195
[setup reg-reg] _25494_/Q -> _26723_/D : -3.650266
[setup reg-reg] _25494_/Q -> _26549_/D : -3.649967
[setup reg-reg] _25494_/Q -> _27266_/D : -3.649884
[setup reg-reg] _25494_/Q -> _26434_/D : -3.649214
[setup reg-reg] _25494_/Q -> _27685_/D : -3.648799
[setup reg-reg] _25494_/Q -> _26274_/D : -3.647863
[setup reg-reg] _25494_/Q -> _26069_/D : -3.647095
[setup reg-reg] _25494_/Q -> _26160_/D : -3.646498
[setup reg-reg] _25494_/Q -> _26851_/D : -3.644885
[setup reg-reg] _25494_/Q -> _25327_/D : -3.644349
[setup reg-reg] _25494_/Q -> _25685_/D : -3.643256
[setup reg-reg] _25494_/Q -> _27395_/D : -3.642388
[setup reg-reg] _25494_/Q -> _26449_/D : -3.640542
[setup reg-reg] _25494_/Q -> _27170_/D : -3.640445
[setup reg-reg] _25494_/Q -> _25471_/D : -3.639878
[setup reg-reg] _25494_/Q -> _25337_/D : -3.637405
[setup reg-reg] _25494_/Q -> _27157_/D : -3.634957
[setup reg-reg] _25494_/Q -> _24962_/D : -3.630071
[setup reg-reg] _25494_/Q -> _27490_/D : -3.624999
[setup reg-reg] _25494_/Q -> _27600_/D : -3.624404
[setup reg-reg] _25494_/Q -> _26018_/D : -3.624162
[setup reg-reg] _25494_/Q -> _25300_/D : -3.622001
[setup reg-reg] _25494_/Q -> _25690_/D : -3.615334
[setup reg-reg] _25494_/Q -> _25427_/D : -3.614474
[setup reg-reg] _25494_/Q -> _25698_/D : -3.612241
[setup reg-reg] _25494_/Q -> _26101_/D : -3.610435
[setup reg-reg] _25494_/Q -> _26906_/D : -3.610222
[setup reg-reg] _25494_/Q -> _27472_/D : -3.608921
[setup reg-reg] _25494_/Q -> _26384_/D : -3.607417
[setup reg-reg] _25494_/Q -> _26357_/D : -3.604892
[setup reg-reg] _25494_/Q -> _26581_/D : -3.603765
[setup reg-reg] _25494_/Q -> _26613_/D : -3.603734
[setup reg-reg] _25494_/Q -> _25642_/D : -3.602095
[setup reg-reg] _25494_/Q -> _27088_/D : -3.601439
[setup reg-reg] _25494_/Q -> _26672_/D : -3.599659
[setup reg-reg] _25494_/Q -> _26914_/D : -3.597764
[setup reg-reg] _25494_/Q -> _24977_/D : -3.591158
[setup reg-reg] _25494_/Q -> _27151_/D : -3.588300
[setup reg-reg] _25494_/Q -> _24986_/D : -3.588060
[setup reg-reg] _25494_/Q -> _26458_/D : -3.586674
[setup reg-reg] _25494_/Q -> _25673_/D : -3.586283
[setup reg-reg] _25494_/Q -> _26750_/D : -3.586026
[setup reg-reg] _25494_/Q -> _25332_/D : -3.585243
[setup reg-reg] _25494_/Q -> _25978_/D : -3.585235
[setup reg-reg] _25494_/Q -> _26010_/D : -3.584541
[setup reg-reg] _25494_/Q -> _25243_/D : -3.583855
[setup reg-reg] _25494_/Q -> _26741_/D : -3.581700
[setup reg-reg] _25494_/Q -> _26485_/D : -3.581446
[setup reg-reg] _25494_/Q -> _24979_/D : -3.579341
[setup reg-reg] _25494_/Q -> _25818_/D : -3.578938
[setup reg-reg] _25494_/Q -> _26127_/D : -3.566086
[setup reg-reg] _25494_/Q -> _27375_/D : -3.563116
[setup reg-reg] _25494_/Q -> _26106_/D : -3.560807
[setup reg-reg] _25494_/Q -> _27066_/D : -3.554218
[setup reg-reg] _25494_/Q -> _25145_/D : -3.553696
[setup reg-reg] _25494_/Q -> _25282_/D : -3.553387
[setup reg-reg] _25494_/Q -> _26978_/D : -3.551279
[setup reg-reg] _25494_/Q -> _26298_/D : -3.551071
[setup reg-reg] _25494_/Q -> _26165_/D : -3.550637
[setup reg-reg] _25494_/Q -> _27184_/D : -3.548021
[setup reg-reg] _25494_/Q -> _25138_/D : -3.545568
[setup reg-reg] _25494_/Q -> _26114_/D : -3.543988
[setup reg-reg] _25494_/Q -> _26086_/D : -3.542382
[setup reg-reg] _25494_/Q -> _27494_/D : -3.540000
[setup reg-reg] _25494_/Q -> _27238_/D : -3.533360
[setup reg-reg] _25494_/Q -> _26256_/D : -3.531246
[setup reg-reg] _25494_/Q -> _26342_/D : -3.531026
[setup reg-reg] _25494_/Q -> _27440_/D : -3.530593
[setup reg-reg] _25494_/Q -> _27462_/D : -3.529996
[setup reg-reg] _25494_/Q -> _25712_/D : -3.528634
[setup reg-reg] _25494_/Q -> _26882_/D : -3.526656
[setup reg-reg] _25494_/Q -> _25141_/D : -3.517590
[setup reg-reg] _25494_/Q -> _26703_/D : -3.517409
[setup reg-reg] _25494_/Q -> _26554_/D : -3.516005
[setup reg-reg] _25494_/Q -> _26288_/D : -3.515007
[setup reg-reg] _25494_/Q -> _25360_/D : -3.514233
[setup reg-reg] _25494_/Q -> _27162_/D : -3.512279
[setup reg-reg] _25494_/Q -> _27522_/D : -3.510257
[setup reg-reg] _25494_/Q -> _25968_/D : -3.504569
[setup reg-reg] _25494_/Q -> _27237_/D : -3.501839
[setup reg-reg] _25494_/Q -> _26842_/D : -3.501663
[setup reg-reg] _25494_/Q -> _26054_/D : -3.500412
[setup reg-reg] _25494_/Q -> _27280_/D : -3.499459
[setup reg-reg] _25494_/Q -> _25722_/D : -3.499206
[setup reg-reg] _25494_/Q -> _26896_/D : -3.494202
[setup reg-reg] _25494_/Q -> _26096_/D : -3.493114
[setup reg-reg] _25494_/Q -> _26618_/D : -3.491440
[setup reg-reg] _25494_/Q -> _27698_/D : -3.490927
[setup reg-reg] _25494_/Q -> _26242_/D : -3.489255
[setup reg-reg] _25494_/Q -> _25766_/D : -3.488216
[setup reg-reg] _25494_/Q -> _24994_/D : -3.487738
[setup reg-reg] _25494_/Q -> _26082_/D : -3.487303
[setup reg-reg] _25494_/Q -> _26682_/D : -3.486477
[setup reg-reg] _25494_/Q -> _26447_/D : -3.483077
[setup reg-reg] _25494_/Q -> _27152_/D : -3.481802
[setup reg-reg] _25494_/Q -> _27631_/D : -3.481784
[setup reg-reg] _25494_/Q -> _25656_/D : -3.481702
[setup reg-reg] _25494_/Q -> _27087_/D : -3.480659
[setup reg-reg] _25494_/Q -> _26918_/D : -3.479611
[setup reg-reg] _25494_/Q -> _27582_/D : -3.478629
[setup reg-reg] _25494_/Q -> _27290_/D : -3.477957
[setup reg-reg] _25494_/Q -> _25754_/D : -3.470689
[setup reg-reg] _25494_/Q -> _27142_/D : -3.470019
[setup reg-reg] _25494_/Q -> _26118_/D : -3.467861
[setup reg-reg] _25494_/Q -> _26938_/D : -3.467237
[setup reg-reg] _25494_/Q -> _26182_/D : -3.466813
[setup reg-reg] _25494_/Q -> _26790_/D : -3.465297
[setup reg-reg] _25494_/Q -> _25862_/D : -3.464288
[setup reg-reg] _25494_/Q -> _26778_/D : -3.459862
[setup reg-reg] _25494_/Q -> _26597_/D : -3.456084
[setup reg-reg] _25494_/Q -> _25364_/D : -3.449969
[setup reg-reg] _25494_/Q -> _26462_/D : -3.445514
[setup reg-reg] _25494_/Q -> _27493_/D : -3.442832
[setup reg-reg] _25494_/Q -> _26846_/D : -3.442771
[setup reg-reg] _25494_/Q -> _26526_/D : -3.442724
[setup reg-reg] _25494_/Q -> _26437_/D : -3.442043
[setup reg-reg] _25494_/Q -> _25453_/D : -3.439800
[setup reg-reg] _25494_/Q -> _27558_/D : -3.438080
[setup reg-reg] _25494_/Q -> _27525_/D : -3.435744
[setup reg-reg] _25494_/Q -> _27422_/D : -3.431215
[setup reg-reg] _25494_/Q -> _26814_/D : -3.425092
[setup reg-reg] _25494_/Q -> _26150_/D : -3.424894
[setup reg-reg] _25494_/Q -> _27518_/D : -3.424518
[setup reg-reg] _25494_/Q -> _26366_/D : -3.421922
[setup reg-reg] _25494_/Q -> _27134_/D : -3.421308
[setup reg-reg] _25494_/Q -> _26782_/D : -3.421232
[setup reg-reg] _25494_/Q -> _27450_/D : -3.420860
[setup reg-reg] _25494_/Q -> _27694_/D : -3.420860
[setup reg-reg] _25494_/Q -> _27301_/D : -3.420295
[setup reg-reg] _25494_/Q -> _26398_/D : -3.418499
[setup reg-reg] _25494_/Q -> _27455_/D : -3.417775
[setup reg-reg] _25494_/Q -> _27294_/D : -3.417679
[setup reg-reg] _25494_/Q -> _27038_/D : -3.417554
[setup reg-reg] _25494_/Q -> _26341_/D : -3.417249
[setup reg-reg] _25494_/Q -> _26309_/D : -3.411424
[setup reg-reg] _25494_/Q -> _26942_/D : -3.410392
[setup reg-reg] _25494_/Q -> _26590_/D : -3.408623
[setup reg-reg] _25494_/Q -> _25982_/D : -3.408177
[setup reg-reg] _25494_/Q -> _26238_/D : -3.406706
[setup reg-reg] _25494_/Q -> _25786_/D : -3.406552
[setup reg-reg] _25494_/Q -> _27326_/D : -3.403816
[setup reg-reg] _25494_/Q -> _27557_/D : -3.402334
[setup reg-reg] _25494_/Q -> _27486_/D : -3.400814
[setup reg-reg] _25494_/Q -> _27230_/D : -3.400711
[setup reg-reg] _25494_/Q -> _25797_/D : -3.398368
[setup reg-reg] _25494_/Q -> _26334_/D : -3.397908
[setup reg-reg] _25494_/Q -> _25351_/D : -3.397048
[setup reg-reg] _25494_/Q -> _26970_/D : -3.396236
[setup reg-reg] _25494_/Q -> _25726_/D : -3.394641
[setup reg-reg] _25494_/Q -> _26206_/D : -3.390703
[setup reg-reg] _25494_/Q -> _26469_/D : -3.390692
[setup reg-reg] _25494_/Q -> _26725_/D : -3.388323
[setup reg-reg] _25494_/Q -> _27397_/D : -3.386083
[setup reg-reg] _25494_/Q -> _26853_/D : -3.382668
[setup reg-reg] _25494_/Q -> _27045_/D : -3.382647
[setup reg-reg] _25494_/Q -> _25701_/D : -3.380803
[setup reg-reg] _25494_/Q -> _26330_/D : -3.376563
[setup reg-reg] _25494_/Q -> _26053_/D : -3.373947
[setup reg-reg] _25494_/Q -> _27109_/D : -3.373534
[setup reg-reg] _25494_/Q -> _27514_/D : -3.373046
[setup reg-reg] _25494_/Q -> _26693_/D : -3.372540
[setup reg-reg] _25494_/Q -> _27461_/D : -3.372142
[setup reg-reg] _25494_/Q -> _27198_/D : -3.369747
[setup reg-reg] _25494_/Q -> _26078_/D : -3.369696
[setup reg-reg] _25494_/Q -> _27429_/D : -3.367372
[setup reg-reg] _25494_/Q -> _25893_/D : -3.366150
[setup reg-reg] _25494_/Q -> _26323_/D : -3.365628
[setup reg-reg] _25494_/Q -> _25854_/D : -3.362485
[setup reg-reg] _25494_/Q -> _25425_/D : -3.359546
[setup reg-reg] _25494_/Q -> _26149_/D : -3.358649
[setup reg-reg] _25494_/Q -> _25950_/D : -3.358522
[setup reg-reg] _25494_/Q -> _24991_/D : -3.355956
[setup reg-reg] _25494_/Q -> _27546_/D : -3.349966
[setup reg-reg] _25494_/Q -> _26367_/D : -3.343800
[setup reg-reg] _25494_/Q -> _26831_/D : -3.335533
[setup reg-reg] _25494_/Q -> _26885_/D : -3.334348
[setup reg-reg] _25494_/Q -> _26495_/D : -3.332662
[setup reg-reg] _25494_/Q -> _25711_/D : -3.331515
[setup reg-reg] _25494_/Q -> _26534_/D : -3.329772
[setup reg-reg] _25494_/Q -> _25242_/D : -3.328049
[setup reg-reg] _25494_/Q -> _27386_/D : -3.327560
[setup reg-reg] _25494_/Q -> _26863_/D : -3.327108
[setup reg-reg] _25494_/Q -> _26085_/D : -3.326576
[setup reg-reg] _25494_/Q -> _25946_/D : -3.325015
[setup reg-reg] _25494_/Q -> _27226_/D : -3.324017
[setup reg-reg] _25494_/Q -> _25903_/D : -3.320473
[setup reg-reg] _25494_/Q -> _25326_/D : -3.320343
[setup reg-reg] _25494_/Q -> _26991_/D : -3.317744
[setup reg-reg] _25494_/Q -> _25894_/D : -3.317453
[setup reg-reg] _25494_/Q -> _27197_/D : -3.314337
[setup reg-reg] _25494_/Q -> _27610_/D : -3.313225
[setup reg-reg] _25494_/Q -> _26931_/D : -3.312358
[setup reg-reg] _25494_/Q -> _26694_/D : -3.308573
[setup reg-reg] _25494_/Q -> _26751_/D : -3.307633
[setup reg-reg] _25494_/Q -> _26271_/D : -3.304219
[setup reg-reg] _25494_/Q -> _25140_/D : -3.303757
[setup reg-reg] _25494_/Q -> _25887_/D : -3.295563
[setup reg-reg] _25494_/Q -> _27423_/D : -3.291767
[setup reg-reg] _25494_/Q -> _26911_/D : -3.291218
[setup reg-reg] _25494_/Q -> _25919_/D : -3.291188
[setup reg-reg] _25494_/Q -> _27005_/D : -3.291104
[setup reg-reg] _25494_/Q -> _25436_/D : -3.289534
[setup reg-reg] _25494_/Q -> _26239_/D : -3.288450
[setup reg-reg] _25494_/Q -> _27100_/D : -3.287408
[setup reg-reg] _25494_/Q -> _25237_/D : -3.285504
[setup reg-reg] _25494_/Q -> _25725_/D : -3.284436
[setup reg-reg] _25494_/Q -> _24976_/D : -3.282327
[setup reg-reg] _25494_/Q -> _25875_/D : -3.281770
[setup reg-reg] _25494_/Q -> _26047_/D : -3.281606
[setup reg-reg] _25494_/Q -> _25823_/D : -3.280349
[setup reg-reg] _25494_/Q -> _27231_/D : -3.279148
[setup reg-reg] _25494_/Q -> _25263_/D : -3.278197
[setup reg-reg] _25494_/Q -> _25146_/D : -3.277380
[setup reg-reg] _25494_/Q -> _26079_/D : -3.276853
[setup reg-reg] _25494_/Q -> _27551_/D : -3.275954
[setup reg-reg] _25494_/Q -> _26527_/D : -3.275533
[setup reg-reg] _25494_/Q -> _26396_/D : -3.270063
[setup reg-reg] _25494_/Q -> _26886_/D : -3.269765
[setup reg-reg] _25494_/Q -> _25983_/D : -3.269309
[setup reg-reg] _25494_/Q -> _27071_/D : -3.269085
[setup reg-reg] _25494_/Q -> _25279_/D : -3.267596
[setup reg-reg] _25494_/Q -> _27388_/D : -3.266399
[setup reg-reg] _25494_/Q -> _25236_/D : -3.266385
[setup reg-reg] _25494_/Q -> _26205_/D : -3.266314
[setup reg-reg] _25494_/Q -> _27379_/D : -3.264399
[setup reg-reg] _25494_/Q -> _26975_/D : -3.263463
[setup reg-reg] _25494_/Q -> _27390_/D : -3.259611
[setup reg-reg] _25494_/Q -> _26908_/D : -3.258206
[setup reg-reg] _25494_/Q -> _25294_/D : -3.258117
[setup reg-reg] _25494_/Q -> _26974_/D : -3.254307
[setup reg-reg] _25494_/Q -> _26687_/D : -3.252847
[setup reg-reg] _25494_/Q -> _27612_/D : -3.251802
[setup reg-reg] _25494_/Q -> _26401_/D : -3.245621
[setup reg-reg] _25494_/Q -> _26844_/D : -3.244996
[setup reg-reg] _25494_/Q -> _25852_/D : -3.243933
[setup reg-reg] _25494_/Q -> _26301_/D : -3.239753
[setup reg-reg] _25494_/Q -> _26996_/D : -3.239029
[setup reg-reg] _25494_/Q -> _26973_/D : -3.238455
[setup reg-reg] _25494_/Q -> _26707_/D : -3.231696
[setup reg-reg] _25494_/Q -> _26716_/D : -3.231527
[setup reg-reg] _25494_/Q -> _26718_/D : -3.229527
[setup reg-reg] _25494_/Q -> _26870_/D : -3.228497
[setup reg-reg] _25494_/Q -> _26686_/D : -3.227296
[setup reg-reg] _25494_/Q -> _27196_/D : -3.226839
[setup reg-reg] _25494_/Q -> _27324_/D : -3.225285
[setup reg-reg] _25494_/Q -> _27613_/D : -3.225143
[setup reg-reg] _25494_/Q -> _24936_/D : -3.225072
[setup reg-reg] _25494_/Q -> _26365_/D : -3.222953
[setup reg-reg] _25494_/Q -> _25917_/D : -3.221549
[setup reg-reg] _25494_/Q -> _25415_/D : -3.219826
[setup reg-reg] _25494_/Q -> _25365_/D : -3.217187
[setup reg-reg] _25494_/Q -> _26236_/D : -3.205672
[setup reg-reg] _25494_/Q -> _25135_/D : -3.205416
[setup reg-reg] _25494_/Q -> _26268_/D : -3.201192
[setup reg-reg] _25494_/Q -> _27452_/D : -3.199007
[setup reg-reg] _25494_/Q -> _27068_/D : -3.198363
[setup reg-reg] _25494_/Q -> _24958_/D : -3.196693
[setup reg-reg] _25494_/Q -> _27228_/D : -3.196250
[setup reg-reg] _25494_/Q -> _25693_/D : -3.195339
[setup reg-reg] _25494_/Q -> _26140_/D : -3.192874
[setup reg-reg] _25494_/Q -> _27567_/D : -3.192646
[setup reg-reg] _25494_/Q -> _26433_/D : -3.192580
[setup reg-reg] _25494_/Q -> _25432_/D : -3.191049
[setup reg-reg] _25494_/Q -> _25916_/D : -3.188296
[setup reg-reg] _25494_/Q -> _25747_/D : -3.187484
[setup reg-reg] _25494_/Q -> _26461_/D : -3.186729
[setup reg-reg] _25494_/Q -> _27692_/D : -3.185353
[setup reg-reg] _25494_/Q -> _26492_/D : -3.183304
[setup reg-reg] _25494_/Q -> _25811_/D : -3.181119
[setup reg-reg] _25494_/Q -> _24995_/D : -3.180018
[setup reg-reg] _25494_/Q -> _24999_/D : -3.179478
[setup reg-reg] _25494_/Q -> _26337_/D : -3.176735
[setup reg-reg] _25494_/Q -> _26588_/D : -3.175813
[setup reg-reg] _25494_/Q -> _26977_/D : -3.174387
[setup reg-reg] _25494_/Q -> _26044_/D : -3.172462
[setup reg-reg] _25494_/Q -> _26113_/D : -3.172371
[setup reg-reg] _25494_/Q -> _26173_/D : -3.169547
[setup reg-reg] _25494_/Q -> _25390_/D : -3.168722
[setup reg-reg] _25494_/Q -> _26770_/D : -3.168214
[setup reg-reg] _25494_/Q -> _26593_/D : -3.168046
[setup reg-reg] _25494_/Q -> _26497_/D : -3.166916
[setup reg-reg] _25494_/Q -> _27201_/D : -3.164557
[setup reg-reg] _25494_/Q -> _26012_/D : -3.163326
[setup reg-reg] _25494_/Q -> _27101_/D : -3.163311
[setup reg-reg] _25494_/Q -> _26966_/D : -3.160755
[setup reg-reg] _25494_/Q -> _27133_/D : -3.159929
[setup reg-reg] _25494_/Q -> _27069_/D : -3.158569
[setup reg-reg] _25494_/Q -> _27004_/D : -3.158256
[setup reg-reg] _25494_/Q -> _25275_/D : -3.157652
[setup reg-reg] _25494_/Q -> _25697_/D : -3.156222
[setup reg-reg] _25494_/Q -> _26652_/D : -3.154554
[setup reg-reg] _25494_/Q -> _25793_/D : -3.154419
[setup reg-reg] _25494_/Q -> _26625_/D : -3.152119
[setup reg-reg] _25494_/Q -> _26109_/D : -3.152076
[setup reg-reg] _25494_/Q -> _25314_/D : -3.150126
[setup reg-reg] _25494_/Q -> _26881_/D : -3.149634
[setup reg-reg] _25494_/Q -> _27169_/D : -3.147928
[setup reg-reg] _25494_/Q -> _24938_/D : -3.145134
[setup reg-reg] _25494_/Q -> _26486_/D : -3.143821
[setup reg-reg] _25494_/Q -> _26378_/D : -3.143674
[setup reg-reg] _25494_/Q -> _27553_/D : -3.142748
[setup reg-reg] _25494_/Q -> _27132_/D : -3.139531
[setup reg-reg] _25494_/Q -> _27633_/D : -3.137657
[setup reg-reg] _25494_/Q -> _27410_/D : -3.132621
[setup reg-reg] _25494_/Q -> _26665_/D : -3.130445
[setup reg-reg] _25494_/Q -> _26451_/D : -3.130012
[setup reg-reg] _25494_/Q -> _25888_/D : -3.128188
[setup reg-reg] _25494_/Q -> _26305_/D : -3.127353
[setup reg-reg] _25494_/Q -> _25346_/D : -3.127280
[setup reg-reg] _25494_/Q -> _25857_/D : -3.125804
[setup reg-reg] _25494_/Q -> _26255_/D : -3.120359
[setup reg-reg] _25494_/Q -> _24974_/D : -3.117917
[setup reg-reg] _25494_/Q -> _27414_/D : -3.117618
[setup reg-reg] _25494_/Q -> _26141_/D : -3.116394
[setup reg-reg] _25494_/Q -> _25816_/D : -3.114362
[setup reg-reg] _25494_/Q -> _27442_/D : -3.108186
[setup reg-reg] _25494_/Q -> _25655_/D : -3.108122
[setup reg-reg] _25209_/Q -> _25262_/D : -3.106997
[setup reg-reg] _25494_/Q -> _25406_/D : -3.106862
[setup reg-reg] _25494_/Q -> _25343_/D : -3.105665
[setup reg-reg] _25494_/Q -> _26235_/D : -3.105264
[setup reg-reg] _25494_/Q -> _27293_/D : -3.104821
[setup reg-reg] _25494_/Q -> _25723_/D : -3.102740
[setup reg-reg] _25494_/Q -> _27096_/D : -3.100810
[setup reg-reg] _25494_/Q -> _26715_/D : -3.098220
[setup reg-reg] _25494_/Q -> _27261_/D : -3.094217
[setup reg-reg] _25494_/Q -> _27517_/D : -3.091204
[setup reg-reg] _25494_/Q -> _27320_/D : -3.087500
[setup reg-reg] _25494_/Q -> _25422_/D : -3.086150
[setup reg-reg] _25494_/Q -> _27569_/D : -3.084480
[setup reg-reg] _25494_/Q -> _27581_/D : -3.082736
[setup reg-reg] _25494_/Q -> _26651_/D : -3.082384
[setup reg-reg] _25494_/Q -> _26269_/D : -3.081942
[setup reg-reg] _25494_/Q -> _26491_/D : -3.081640
[setup reg-reg] _25494_/Q -> _25784_/D : -3.080380
[setup reg-reg] _25494_/Q -> _27416_/D : -3.080324
[setup reg-reg] _25494_/Q -> _26016_/D : -3.080214
[setup reg-reg] _25494_/Q -> _26392_/D : -3.078602
[setup reg-reg] _25494_/Q -> _26646_/D : -3.078185
[setup reg-reg] _25494_/Q -> _26464_/D : -3.077942
[setup reg-reg] _25494_/Q -> _27288_/D : -3.076295
[setup reg-reg] _25494_/Q -> _27181_/D : -3.073765
[setup reg-reg] _25494_/Q -> _25311_/D : -3.071524
[setup reg-reg] _25494_/Q -> _26657_/D : -3.071223
[setup reg-reg] _25494_/Q -> _26336_/D : -3.069364
[setup reg-reg] _25494_/Q -> _26112_/D : -3.068772
[setup reg-reg] _25494_/Q -> _26529_/D : -3.064846
[setup reg-reg] _25494_/Q -> _26557_/D : -3.064430
[setup reg-reg] _25494_/Q -> _25848_/D : -3.063223
[setup reg-reg] _25494_/Q -> _27421_/D : -3.063187
[setup reg-reg] _25494_/Q -> _26779_/D : -3.063137
[setup reg-reg] _25494_/Q -> _27453_/D : -3.062073
[setup reg-reg] _25494_/Q -> _27393_/D : -3.061231
[setup reg-reg] _25494_/Q -> _26811_/D : -3.061066
[setup reg-reg] _25494_/Q -> _26589_/D : -3.060645
[setup reg-reg] _25494_/Q -> _25984_/D : -3.059888
[setup reg-reg] _25494_/Q -> _27552_/D : -3.059867
[setup reg-reg] _25494_/Q -> _26171_/D : -3.059777
[setup reg-reg] _25494_/Q -> _26209_/D : -3.059542
[setup reg-reg] _25494_/Q -> _26333_/D : -3.059178
[setup reg-reg] _25494_/Q -> _26642_/D : -3.057661
[setup reg-reg] _25494_/Q -> _25924_/D : -3.057636
[setup reg-reg] _25494_/Q -> _27227_/D : -3.057002
[setup reg-reg] _25494_/Q -> _26523_/D : -3.055842
[setup reg-reg] _25494_/Q -> _26929_/D : -3.055540
[setup reg-reg] _25494_/Q -> _25981_/D : -3.054906
[setup reg-reg] _25494_/Q -> _25846_/D : -3.054819
[setup reg-reg] _25494_/Q -> _25976_/D : -3.054481
[setup reg-reg] _25494_/Q -> _26800_/D : -3.054401
[setup reg-reg] _25494_/Q -> _26633_/D : -3.054193
[setup reg-reg] _25494_/Q -> _26129_/D : -3.052479
[setup reg-reg] _25494_/Q -> _26136_/D : -3.052039
[setup reg-reg] _25494_/Q -> _26043_/D : -3.051486
[setup reg-reg] _25494_/Q -> _27544_/D : -3.051220
[setup reg-reg] _25494_/Q -> _25789_/D : -3.050660
[setup reg-reg] _25494_/Q -> _27691_/D : -3.049001
[setup reg-reg] _25494_/Q -> _26817_/D : -3.047292
[setup reg-reg] _25494_/Q -> _25821_/D : -3.046852
[setup reg-reg] _25494_/Q -> _26011_/D : -3.046566
[setup reg-reg] _25494_/Q -> _27480_/D : -3.046237
[setup reg-reg] _25494_/Q -> _27168_/D : -3.045885
[setup reg-reg] _25494_/Q -> _26040_/D : -3.041048
[setup reg-reg] _25494_/Q -> _26587_/D : -3.040208
[setup reg-reg] _25494_/Q -> _26525_/D : -3.039151
[setup reg-reg] _25494_/Q -> _26560_/D : -3.036238
[setup reg-reg] _25494_/Q -> _27259_/D : -3.034595
[setup reg-reg] _25494_/Q -> _26877_/D : -3.033234
[setup reg-reg] _25494_/Q -> _26976_/D : -3.033211
[setup reg-reg] _25494_/Q -> _25339_/D : -3.032684
[setup reg-reg] _25494_/Q -> _27362_/D : -3.032607
[setup reg-reg] _25494_/Q -> _26427_/D : -3.031907
[setup reg-reg] _25494_/Q -> _25752_/D : -3.031554
[setup reg-reg] _25494_/Q -> _26752_/D : -3.029756
[setup reg-reg] _25494_/Q -> _25246_/D : -3.027582
[setup reg-reg] _25494_/Q -> _27357_/D : -3.025034
[setup reg-reg] _25494_/Q -> _27485_/D : -3.023731
[setup reg-reg] _25494_/Q -> _26400_/D : -3.023276
[setup reg-reg] _25494_/Q -> _27300_/D : -3.021679
[setup reg-reg] _25494_/Q -> _27149_/D : -3.020137
[setup reg-reg] _25494_/Q -> _26488_/D : -3.019235
[setup reg-reg] _25494_/Q -> _26528_/D : -3.019203
[setup reg-reg] _25494_/Q -> _26304_/D : -3.019140
[setup reg-reg] _25494_/Q -> _25441_/D : -3.017910
[setup reg-reg] _25494_/Q -> _27611_/D : -3.017801
[setup reg-reg] _25494_/Q -> _26808_/D : -3.017144
[setup reg-reg] _25494_/Q -> _25718_/D : -3.016479
[setup reg-reg] _25494_/Q -> _27616_/D : -3.015101
[setup reg-reg] _25494_/Q -> _25745_/D : -3.014929
[setup reg-reg] _25494_/Q -> _27352_/D : -3.014357
[setup reg-reg] _25494_/Q -> _27686_/D : -3.013181
[setup reg-reg] _25494_/Q -> _26459_/D : -3.012653
[setup reg-reg] _25494_/Q -> _26647_/D : -3.010415
[setup reg-reg] _25494_/Q -> _26998_/D : -3.010348
[setup reg-reg] _25494_/Q -> _26673_/D : -3.008493
[setup reg-reg] _25494_/Q -> _26308_/D : -3.008179
[setup reg-reg] _25494_/Q -> _27136_/D : -3.007617
[setup reg-reg] _25494_/Q -> _27129_/D : -3.007381
[setup reg-reg] _25494_/Q -> _26013_/D : -3.006937
[setup reg-reg] _25494_/Q -> _26422_/D : -3.006113
[setup reg-reg] _25494_/Q -> _26520_/D : -3.005845
[setup reg-reg] _25494_/Q -> _25949_/D : -3.005550
[setup reg-reg] _25494_/Q -> _26838_/D : -3.004391
[setup reg-reg] _25494_/Q -> _26289_/D : -3.003796
[setup reg-reg] _25494_/Q -> _27549_/D : -3.003438
[setup reg-reg] _25494_/Q -> _27696_/D : -3.001855
[setup reg-reg] _25494_/Q -> _26845_/D : -2.999347
[setup reg-reg] _25494_/Q -> _27693_/D : -2.999101
[setup reg-reg] _25494_/Q -> _25809_/D : -2.998476
[setup reg-reg] _25494_/Q -> _26706_/D : -2.997213
[setup reg-reg] _25494_/Q -> _26493_/D : -2.997039
[setup reg-reg] _25494_/Q -> _25885_/D : -2.996052
[setup reg-reg] _25494_/Q -> _26894_/D : -2.995108
[setup reg-reg] _25494_/Q -> _26397_/D : -2.994673
[setup reg-reg] _25494_/Q -> _26848_/D : -2.993744
[setup reg-reg] _25494_/Q -> _26006_/D : -2.993526
[setup reg-reg] _25494_/Q -> _25756_/D : -2.993449
[setup reg-reg] _25494_/Q -> _25426_/D : -2.992440
[setup reg-reg] _25494_/Q -> _26532_/D : -2.991937
[setup reg-reg] _25494_/Q -> _27190_/D : -2.991751
[setup reg-reg] _25494_/Q -> _26775_/D : -2.990383
[setup reg-reg] _25494_/Q -> _26717_/D : -2.989444
[setup reg-reg] _25494_/Q -> _26769_/D : -2.989177
[setup reg-reg] _25494_/Q -> _26621_/D : -2.989035
[setup reg-reg] _25494_/Q -> _27478_/D : -2.988992
[setup reg-reg] _25494_/Q -> _27325_/D : -2.988601
[setup reg-reg] _25494_/Q -> _25920_/D : -2.988033
[setup reg-reg] _25494_/Q -> _26436_/D : -2.987992
[setup reg-reg] _25494_/Q -> _26077_/D : -2.985063
[setup reg-reg] _25494_/Q -> _26361_/D : -2.984898
[setup reg-reg] _25494_/Q -> _24945_/D : -2.983908
[setup reg-reg] _25494_/Q -> _27044_/D : -2.983239
[setup reg-reg] _25494_/Q -> _26364_/D : -2.981798
[setup reg-reg] _25494_/Q -> _24988_/D : -2.980308
[setup reg-reg] _25494_/Q -> _26749_/D : -2.979530
[setup reg-reg] _25494_/Q -> _26781_/D : -2.976703
[setup reg-reg] _25494_/Q -> _26941_/D : -2.976305
[setup reg-reg] _25494_/Q -> _27165_/D : -2.975510
[setup reg-reg] _25494_/Q -> _27356_/D : -2.974604
[setup reg-reg] _25494_/Q -> _26710_/D : -2.973506
[setup reg-reg] _25494_/Q -> _26432_/D : -2.973145
[setup reg-reg] _25494_/Q -> _27394_/D : -2.973124
[setup reg-reg] _25494_/Q -> _26912_/D : -2.970838
[setup reg-reg] _25494_/Q -> _25785_/D : -2.970399
[setup reg-reg] _25494_/Q -> _27620_/D : -2.970243
[setup reg-reg] _25494_/Q -> _27122_/D : -2.966829
[setup reg-reg] _25494_/Q -> _24983_/D : -2.965575
[setup reg-reg] _25494_/Q -> _26592_/D : -2.962977
[setup reg-reg] _25494_/Q -> _26466_/D : -2.962395
[setup reg-reg] _25494_/Q -> _27248_/D : -2.961899
[setup reg-reg] _25494_/Q -> _25892_/D : -2.961617
[setup reg-reg] _25494_/Q -> _27360_/D : -2.960588
[setup reg-reg] _25494_/Q -> _26820_/D : -2.960491
[setup reg-reg] _25494_/Q -> _25796_/D : -2.959450
[setup reg-reg] _25494_/Q -> _27492_/D : -2.958418
[setup reg-reg] _25494_/Q -> _26200_/D : -2.957449
[setup reg-reg] _25494_/Q -> _27389_/D : -2.956879
[setup reg-reg] _25494_/Q -> _25161_/D : -2.956078
[setup reg-reg] _25494_/Q -> _27456_/D : -2.954122
[setup reg-reg] _25494_/Q -> _25158_/D : -2.954053
[setup reg-reg] _25494_/Q -> _26540_/D : -2.953932
[setup reg-reg] _25494_/Q -> _27548_/D : -2.953366
[setup reg-reg] _25494_/Q -> _25858_/D : -2.952760
[setup reg-reg] _25494_/Q -> _26052_/D : -2.952120
[setup reg-reg] _25494_/Q -> _27588_/D : -2.951909
[setup reg-reg] _25494_/Q -> _27609_/D : -2.951520
[setup reg-reg] _25494_/Q -> _26518_/D : -2.951282
[setup reg-reg] _25494_/Q -> _25764_/D : -2.949895
[setup reg-reg] _25494_/Q -> _26286_/D : -2.949246
[setup reg-reg] _25494_/Q -> _26812_/D : -2.949189
[setup reg-reg] _25494_/Q -> _27030_/D : -2.947097
[setup reg-reg] _25494_/Q -> _25938_/D : -2.946161
[setup reg-reg] _25494_/Q -> _25792_/D : -2.945837
[setup reg-reg] _25494_/Q -> _27040_/D : -2.945066
[setup reg-reg] _25494_/Q -> _26229_/D : -2.944649
[setup reg-reg] _25494_/Q -> _27580_/D : -2.944335
[setup reg-reg] _25494_/Q -> _26617_/D : -2.944260
[setup reg-reg] _25494_/Q -> _27650_/D : -2.942748
[setup reg-reg] _25494_/Q -> _27292_/D : -2.942516
[setup reg-reg] _25494_/Q -> _26318_/D : -2.942299
[setup reg-reg] _25494_/Q -> _26264_/D : -2.941498
[setup reg-reg] _25494_/Q -> _24993_/D : -2.940482
[setup reg-reg] _25494_/Q -> _25692_/D : -2.938384
[setup reg-reg] _25494_/Q -> _26614_/D : -2.936895
[setup reg-reg] _25494_/Q -> _27484_/D : -2.935240
[setup reg-reg] _25494_/Q -> _26648_/D : -2.934464
[setup reg-reg] _25494_/Q -> _25923_/D : -2.934300
[setup reg-reg] _25494_/Q -> _24950_/D : -2.934289
[setup reg-reg] _25494_/Q -> _26390_/D : -2.934167
[setup reg-reg] _25494_/Q -> _25358_/D : -2.933980
[setup reg-reg] _25494_/Q -> _26909_/D : -2.933728
[setup reg-reg] _25494_/Q -> _27340_/D : -2.932536
[setup reg-reg] _25494_/Q -> _26653_/D : -2.931406
[setup reg-reg] _25494_/Q -> _26108_/D : -2.931174
[setup reg-reg] _25494_/Q -> _25713_/D : -2.931046
[setup reg-reg] _25494_/Q -> _26656_/D : -2.931044
[setup reg-reg] _25494_/Q -> _25884_/D : -2.929754
[setup reg-reg] _25494_/Q -> _27260_/D : -2.929731
[setup reg-reg] _25494_/Q -> _26968_/D : -2.923162
[setup reg-reg] _25494_/Q -> _26045_/D : -2.922784
[setup reg-reg] _25494_/Q -> _25826_/D : -2.922750
[setup reg-reg] _25494_/Q -> _26265_/D : -2.921398
[setup reg-reg] _25494_/Q -> _26684_/D : -2.917895
[setup reg-reg] _25494_/Q -> _27428_/D : -2.917135
[setup reg-reg] _25494_/Q -> _27164_/D : -2.913382
[setup reg-reg] _25494_/Q -> _26076_/D : -2.912723
[setup reg-reg] _25494_/Q -> _25440_/D : -2.911170
[setup reg-reg] _25494_/Q -> _26178_/D : -2.907731
[setup reg-reg] _25494_/Q -> _27232_/D : -2.906310
[setup reg-reg] _25494_/Q -> _26204_/D : -2.905697
[setup reg-reg] _25494_/Q -> _26916_/D : -2.905036
[setup reg-reg] _25494_/Q -> _26806_/D : -2.904912
[setup reg-reg] _25494_/Q -> _26816_/D : -2.904736
[setup reg-reg] _25494_/Q -> _25880_/D : -2.903375
[setup reg-reg] _25494_/Q -> _26828_/D : -2.902533
[setup reg-reg] _25494_/Q -> _26796_/D : -2.900242
[setup reg-reg] _25494_/Q -> _26620_/D : -2.900022
[setup reg-reg] _25494_/Q -> _27708_/D : -2.897321
[setup reg-reg] _25494_/Q -> _25905_/D : -2.895224
[setup reg-reg] _25494_/Q -> _25828_/D : -2.894142
[setup reg-reg] _25494_/Q -> _25643_/D : -2.893966
[setup reg-reg] _25494_/Q -> _26460_/D : -2.893284
[setup reg-reg] _25494_/Q -> _26813_/D : -2.893019
[setup reg-reg] _25494_/Q -> _25881_/D : -2.892211
[setup reg-reg] _25494_/Q -> _26582_/D : -2.889872
[setup reg-reg] _25494_/Q -> _25259_/D : -2.888165
[setup reg-reg] _25494_/Q -> _25446_/D : -2.887957
[setup reg-reg] _25494_/Q -> _25948_/D : -2.886955
[setup reg-reg] _25494_/Q -> _26553_/D : -2.885763
[setup reg-reg] _25494_/Q -> _26688_/D : -2.884995
[setup reg-reg] _25494_/Q -> _25359_/D : -2.881514
[setup reg-reg] _25494_/Q -> _25782_/D : -2.879826
[setup reg-reg] _25494_/Q -> _27641_/D : -2.879117
[setup reg-reg] _25494_/Q -> _25840_/D : -2.878896
[setup reg-reg] _25494_/Q -> _26724_/D : -2.878251
[setup reg-reg] _25494_/Q -> _25980_/D : -2.875826
[setup reg-reg] _25494_/Q -> _26596_/D : -2.875613
[setup reg-reg] _25494_/Q -> _25878_/D : -2.874691
[setup reg-reg] _25494_/Q -> _26937_/D : -2.874408
[setup reg-reg] _25494_/Q -> _27537_/D : -2.873762
[setup reg-reg] _25494_/Q -> _26252_/D : -2.873584
[setup reg-reg] _25494_/Q -> _27033_/D : -2.872788
[setup reg-reg] _25494_/Q -> _26988_/D : -2.872509
[setup reg-reg] _25494_/Q -> _26801_/D : -2.871637
[setup reg-reg] _25494_/Q -> _25732_/D : -2.869245
[setup reg-reg] _25494_/Q -> _27690_/D : -2.867818
[setup reg-reg] _25494_/Q -> _26257_/D : -2.865644
[setup reg-reg] _25494_/Q -> _25658_/D : -2.865569
[setup reg-reg] _25494_/Q -> _26272_/D : -2.864233
[setup reg-reg] _25494_/Q -> _27645_/D : -2.862876
[setup reg-reg] _25494_/Q -> _25437_/D : -2.861720
[setup reg-reg] _25494_/Q -> _24980_/D : -2.856924
[setup reg-reg] _25494_/Q -> _26476_/D : -2.856520
[setup reg-reg] _25494_/Q -> _26028_/D : -2.856288
[setup reg-reg] _25494_/Q -> _25860_/D : -2.853193
[setup reg-reg] _25494_/Q -> _25403_/D : -2.853124
[setup reg-reg] _25494_/Q -> _26821_/D : -2.852531
[setup reg-reg] _25494_/Q -> _26338_/D : -2.852476
[setup reg-reg] _25494_/Q -> _27020_/D : -2.851680
[setup reg-reg] _25494_/Q -> _27648_/D : -2.850275
[setup reg-reg] _25494_/Q -> _27396_/D : -2.849646
[setup reg-reg] _25494_/Q -> _27072_/D : -2.849163
[setup reg-reg] _25494_/Q -> _27473_/D : -2.849149
[setup reg-reg] _25494_/Q -> _27012_/D : -2.847401
[setup reg-reg] _25494_/Q -> _25986_/D : -2.846869
[setup reg-reg] _25494_/Q -> _27634_/D : -2.844750
[setup reg-reg] _25494_/Q -> _26530_/D : -2.840400
[setup reg-reg] _25494_/Q -> _26208_/D : -2.834234
[setup reg-reg] _25494_/Q -> _26784_/D : -2.834049
[setup reg-reg] _25494_/Q -> _27058_/D : -2.833849
[setup reg-reg] _25494_/Q -> _27314_/D : -2.833598
[setup reg-reg] _25494_/Q -> _27505_/D : -2.833593
[setup reg-reg] _25494_/Q -> _26880_/D : -2.831861
[setup reg-reg] _25494_/Q -> _26550_/D : -2.825541
[setup reg-reg] _25494_/Q -> _27601_/D : -2.824125
[setup reg-reg] _25494_/Q -> _24935_/D : -2.823221
[setup reg-reg] _25494_/Q -> _25760_/D : -2.821885
[setup reg-reg] _25494_/Q -> _26358_/D : -2.821761
[setup reg-reg] _25494_/Q -> _26722_/D : -2.820517
[setup reg-reg] _25494_/Q -> _26368_/D : -2.819563
[setup reg-reg] _25494_/Q -> _27221_/D : -2.814702
[setup reg-reg] _25494_/Q -> _27573_/D : -2.813389
[setup reg-reg] _25494_/Q -> _27253_/D : -2.811069
[setup reg-reg] _25494_/Q -> _26210_/D : -2.809628
[setup reg-reg] _25494_/Q -> _27296_/D : -2.808203
[setup reg-reg] _25494_/Q -> _25922_/D : -2.807630
[setup reg-reg] _25494_/Q -> _24942_/D : -2.807513
[setup reg-reg] _25494_/Q -> _25307_/D : -2.796835
[setup reg-reg] _25494_/Q -> _26038_/D : -2.792657
[setup reg-reg] _25494_/Q -> _27206_/D : -2.791941
[setup reg-reg] _25494_/Q -> _26902_/D : -2.789841
[setup reg-reg] _25494_/Q -> _25230_/D : -2.789299
[setup reg-reg] _25494_/Q -> _27254_/D : -2.775409
[setup reg-reg] _25494_/Q -> _26562_/D : -2.773446
[setup reg-reg] _25494_/Q -> _26307_/D : -2.772202
[setup reg-reg] _25494_/Q -> _26454_/D : -2.771214
[setup reg-reg] _25494_/Q -> _25872_/D : -2.770221
[setup reg-reg] _25494_/Q -> _25730_/D : -2.768022
[setup reg-reg] _25494_/Q -> _26979_/D : -2.767605
[setup reg-reg] _25494_/Q -> _25914_/D : -2.764759
[setup reg-reg] _25494_/Q -> _25777_/D : -2.764704
[setup reg-reg] _25494_/Q -> _27587_/D : -2.763555
[setup reg-reg] _25494_/Q -> _26223_/D : -2.759243
[setup reg-reg] _25494_/Q -> _24933_/D : -2.757641
[setup reg-reg] _25494_/Q -> _26083_/D : -2.752733
[setup reg-reg] _25494_/Q -> _24953_/D : -2.751858
[setup reg-reg] _25494_/Q -> _26371_/D : -2.751172
[setup reg-reg] _25494_/Q -> _25319_/D : -2.748204
[setup reg-reg] _25494_/Q -> _25910_/D : -2.746145
[setup reg-reg] _25494_/Q -> _26962_/D : -2.744969
[setup reg-reg] _25494_/Q -> _26915_/D : -2.734073
[setup reg-reg] _25494_/Q -> _26883_/D : -2.731790
[setup reg-reg] _25494_/Q -> _27024_/D : -2.729797
[setup reg-reg] _25494_/Q -> _27487_/D : -2.725816
[setup reg-reg] _25494_/Q -> _26032_/D : -2.724175
[setup reg-reg] _25494_/Q -> _27299_/D : -2.721205
[setup reg-reg] _25494_/Q -> _27046_/D : -2.719686
[setup reg-reg] _25494_/Q -> _25424_/D : -2.718167
[setup reg-reg] _25494_/Q -> _27120_/D : -2.716849
[setup reg-reg] _25494_/Q -> _27642_/D : -2.712504
[setup reg-reg] _25494_/Q -> _27555_/D : -2.711792
[setup reg-reg] _25494_/Q -> _26320_/D : -2.708113
[setup reg-reg] _25494_/Q -> _26947_/D : -2.707980
[setup reg-reg] _25494_/Q -> _25987_/D : -2.707129
[setup reg-reg] _25494_/Q -> _25955_/D : -2.706747
[setup reg-reg] _25494_/Q -> _26463_/D : -2.706706
[setup reg-reg] _25494_/Q -> _27130_/D : -2.706344
[setup reg-reg] _25494_/Q -> _26691_/D : -2.705324
[setup reg-reg] _25494_/Q -> _26576_/D : -2.705191
[setup reg-reg] _25494_/Q -> _26627_/D : -2.704445
[setup reg-reg] _25494_/Q -> _26435_/D : -2.703038
[setup reg-reg] _25494_/Q -> _26847_/D : -2.697915
[setup reg-reg] _25494_/Q -> _25695_/D : -2.697243
[setup reg-reg] _25494_/Q -> _26128_/D : -2.694426
[setup reg-reg] _25494_/Q -> _26499_/D : -2.693552
[setup reg-reg] _25494_/Q -> _26467_/D : -2.692742
[setup reg-reg] _25494_/Q -> _26074_/D : -2.691920
[setup reg-reg] _25494_/Q -> _26224_/D : -2.691408
[setup reg-reg] _25494_/Q -> _26982_/D : -2.687001
[setup reg-reg] _25494_/Q -> _25004_/D : -2.686782
[setup reg-reg] _25494_/Q -> _25247_/D : -2.685495
[setup reg-reg] _25494_/Q -> _27605_/D : -2.682985
[setup reg-reg] _25494_/Q -> _27523_/D : -2.680055
[setup reg-reg] _25494_/Q -> _26608_/D : -2.679828
[setup reg-reg] _25494_/Q -> _27139_/D : -2.678876
[setup reg-reg] _25494_/Q -> _25904_/D : -2.677215
[setup reg-reg] _25494_/Q -> _25445_/D : -2.674122
[setup reg-reg] _25494_/Q -> _27363_/D : -2.672335
[setup reg-reg] _25494_/Q -> _26864_/D : -2.670403
[setup reg-reg] _25494_/Q -> _26563_/D : -2.669992
[setup reg-reg] _25494_/Q -> _26819_/D : -2.668287
[setup reg-reg] _25494_/Q -> _27002_/D : -2.667898
[setup reg-reg] _25494_/Q -> _27482_/D : -2.666012
[setup reg-reg] _25494_/Q -> _26211_/D : -2.661235
[setup reg-reg] _25494_/Q -> _26480_/D : -2.660276
[setup reg-reg] _25494_/Q -> _26832_/D : -2.659073
[setup reg-reg] _25494_/Q -> _27619_/D : -2.656343
[setup reg-reg] _25494_/Q -> _26261_/D : -2.653794
[setup reg-reg] _25494_/Q -> _27043_/D : -2.651374
[setup reg-reg] _25494_/Q -> _27703_/D : -2.651316
[setup reg-reg] _25494_/Q -> _25827_/D : -2.648063
[setup reg-reg] _25494_/Q -> _27391_/D : -2.647605
[setup reg-reg] _25494_/Q -> _25699_/D : -2.646967
[setup reg-reg] _25494_/Q -> _27263_/D : -2.645933
[setup reg-reg] _25494_/Q -> _26855_/D : -2.645768
[setup reg-reg] _25494_/Q -> _26115_/D : -2.644926
[setup reg-reg] _25494_/Q -> _26051_/D : -2.643883
[setup reg-reg] _25494_/Q -> _26192_/D : -2.643068
[setup reg-reg] _25494_/Q -> _26598_/D : -2.640519
[setup reg-reg] _25494_/Q -> _27590_/D : -2.640164
[setup reg-reg] _25494_/Q -> _26000_/D : -2.638160
[setup reg-reg] _25494_/Q -> _26854_/D : -2.638071
[setup reg-reg] _25494_/Q -> _25154_/D : -2.637275
[setup reg-reg] _25494_/Q -> _25744_/D : -2.636686
[setup reg-reg] _25494_/Q -> _26023_/D : -2.634696
[setup reg-reg] _25494_/Q -> _26640_/D : -2.630882
[setup reg-reg] _25494_/Q -> _25958_/D : -2.629092
[setup reg-reg] _25494_/Q -> _27430_/D : -2.626784
[setup reg-reg] _25494_/Q -> _26746_/D : -2.625910
[setup reg-reg] _25494_/Q -> _27568_/D : -2.624562
[setup reg-reg] _25494_/Q -> _26119_/D : -2.623207
[setup reg-reg] _25494_/Q -> _26631_/D : -2.620869
[setup reg-reg] _25494_/Q -> _26343_/D : -2.616995
[setup reg-reg] _25494_/Q -> _25443_/D : -2.615463
[setup reg-reg] _25494_/Q -> _24954_/D : -2.614437
[setup reg-reg] _25494_/Q -> _25776_/D : -2.614225
[setup reg-reg] _25494_/Q -> _25680_/D : -2.613534
[setup reg-reg] _25494_/Q -> _25798_/D : -2.612199
[setup reg-reg] _25494_/Q -> _26215_/D : -2.611676
[setup reg-reg] _25494_/Q -> _24963_/D : -2.608621
[setup reg-reg] _25494_/Q -> _27459_/D : -2.606008
[setup reg-reg] _25494_/Q -> _27376_/D : -2.604217
[setup reg-reg] _25494_/Q -> _27079_/D : -2.600654
[setup reg-reg] _25494_/Q -> _27203_/D : -2.598922
[setup reg-reg] _25494_/Q -> _25989_/D : -2.598801
[setup reg-reg] _25494_/Q -> _26471_/D : -2.598593
[setup reg-reg] _25494_/Q -> _26879_/D : -2.597622
[setup reg-reg] _25494_/Q -> _26183_/D : -2.596638
[setup reg-reg] _25494_/Q -> _25444_/D : -2.596346
[setup reg-reg] _25494_/Q -> _26791_/D : -2.596012
[setup reg-reg] _25494_/Q -> _27239_/D : -2.592429
[setup reg-reg] _25494_/Q -> _27527_/D : -2.592305
[setup reg-reg] _25494_/Q -> _25142_/D : -2.592302
[setup reg-reg] _25494_/Q -> _27431_/D : -2.590859
[setup reg-reg] _25494_/Q -> _26179_/D : -2.590422
[setup reg-reg] _25494_/Q -> _26531_/D : -2.588426
[setup reg-reg] _25494_/Q -> _26783_/D : -2.588346
[setup reg-reg] _25494_/Q -> _26470_/D : -2.581403
[setup reg-reg] _25494_/Q -> _27699_/D : -2.580119
[setup reg-reg] _25494_/Q -> _27367_/D : -2.578478
[setup reg-reg] _25494_/Q -> _25927_/D : -2.575350
[setup reg-reg] _25494_/Q -> _26736_/D : -2.571355
[setup reg-reg] _25494_/Q -> _26279_/D : -2.571220
[setup reg-reg] _25494_/Q -> _27205_/D : -2.570888
[setup reg-reg] _25494_/Q -> _26726_/D : -2.570175
[setup reg-reg] _25494_/Q -> _26704_/D : -2.567981
[setup reg-reg] _25494_/Q -> _27302_/D : -2.566685
[setup reg-reg] _25494_/Q -> _26768_/D : -2.566100
[setup reg-reg] _25494_/Q -> _26758_/D : -2.564480
[setup reg-reg] _25494_/Q -> _27654_/D : -2.563874
[setup reg-reg] _25494_/Q -> _27015_/D : -2.561418
[setup reg-reg] _25494_/Q -> _26983_/D : -2.561222
[setup reg-reg] _25494_/Q -> _26246_/D : -2.561009
[setup reg-reg] _25494_/Q -> _27702_/D : -2.558842
[setup reg-reg] _25494_/Q -> _26919_/D : -2.558471
[setup reg-reg] _25494_/Q -> _25990_/D : -2.558318
[setup reg-reg] _25494_/Q -> _26335_/D : -2.557025
[setup reg-reg] _25494_/Q -> _27366_/D : -2.556789
[setup reg-reg] _25494_/Q -> _27207_/D : -2.554002
[setup reg-reg] _25494_/Q -> _25702_/D : -2.553533
[setup reg-reg] _25494_/Q -> _27591_/D : -2.552465
[setup reg-reg] _25494_/Q -> _27271_/D : -2.552182
[setup reg-reg] _25494_/Q -> _27589_/D : -2.551987
[setup reg-reg] _25494_/Q -> _27680_/D : -2.551703
[setup reg-reg] _25494_/Q -> _25231_/D : -2.550250
[setup reg-reg] _25494_/Q -> _27039_/D : -2.549154
[setup reg-reg] _25494_/Q -> _26917_/D : -2.549021
[setup reg-reg] _25494_/Q -> _26727_/D : -2.547182
[setup reg-reg] _25494_/Q -> _25703_/D : -2.544294
[setup reg-reg] _25494_/Q -> _27474_/D : -2.543406
[setup reg-reg] _25494_/Q -> _27098_/D : -2.539562
[setup reg-reg] _25494_/Q -> _27047_/D : -2.532392
[setup reg-reg] _25494_/Q -> _26599_/D : -2.531978
[setup reg-reg] _25494_/Q -> _25255_/D : -2.531886
[setup reg-reg] _25494_/Q -> _26887_/D : -2.529768
[setup reg-reg] _25494_/Q -> _24989_/D : -2.529157
[setup reg-reg] _25494_/Q -> _26757_/D : -2.529143
[setup reg-reg] _25494_/Q -> _26949_/D : -2.528214
[setup reg-reg] _25494_/Q -> _24952_/D : -2.525789
[setup reg-reg] _25494_/Q -> _26247_/D : -2.523366
[setup reg-reg] _25494_/Q -> _24947_/D : -2.521004
[setup reg-reg] _25494_/Q -> _26951_/D : -2.518007
[setup reg-reg] _25494_/Q -> _27559_/D : -2.515405
[setup reg-reg] _25494_/Q -> _25959_/D : -2.515289
[setup reg-reg] _25494_/Q -> _25891_/D : -2.513078
[setup reg-reg] _25494_/Q -> _25795_/D : -2.508939
[setup reg-reg] _25494_/Q -> _26787_/D : -2.506880
[setup reg-reg] _25494_/Q -> _27143_/D : -2.505203
[setup reg-reg] _25494_/Q -> _26277_/D : -2.504352
[setup reg-reg] _25494_/Q -> _25661_/D : -2.502812
[setup reg-reg] _25494_/Q -> _26181_/D : -2.502464
[setup reg-reg] _25494_/Q -> _26213_/D : -2.501482
[setup reg-reg] _25494_/Q -> _25799_/D : -2.501297
[setup reg-reg] _25494_/Q -> _24939_/D : -2.500270
[setup reg-reg] _25494_/Q -> _27495_/D : -2.499103
[setup reg-reg] _25494_/Q -> _27623_/D : -2.498592
[setup reg-reg] _25494_/Q -> _27331_/D : -2.497760
[setup reg-reg] _25494_/Q -> _27322_/D : -2.497165
[setup reg-reg] _25494_/Q -> _26243_/D : -2.495760
[setup reg-reg] _25494_/Q -> _26373_/D : -2.495241
[setup reg-reg] _25494_/Q -> _25665_/D : -2.492584
[setup reg-reg] _25494_/Q -> _26586_/D : -2.491904
[setup reg-reg] _25494_/Q -> _26759_/D : -2.490994
[setup reg-reg] _25494_/Q -> _25735_/D : -2.490593
[setup reg-reg] _25494_/Q -> _26522_/D : -2.483837
[setup reg-reg] _25494_/Q -> _27635_/D : -2.482237
[setup reg-reg] _25494_/Q -> _27014_/D : -2.479958
[setup reg-reg] _25494_/Q -> _26055_/D : -2.479677
[setup reg-reg] _25494_/Q -> _26439_/D : -2.478080
[setup reg-reg] _25494_/Q -> _26407_/D : -2.474483
[setup reg-reg] _25494_/Q -> _27399_/D : -2.471767
[setup reg-reg] _25494_/Q -> _25454_/D : -2.471168
[setup reg-reg] _25494_/Q -> _25663_/D : -2.468989
[setup reg-reg] _25494_/Q -> _27090_/D : -2.468500
[setup reg-reg] _25494_/Q -> _27111_/D : -2.466830
[setup reg-reg] _25494_/Q -> _26431_/D : -2.466754
[setup reg-reg] _25494_/Q -> _26659_/D : -2.466443
[setup reg-reg] _25494_/Q -> _26714_/D : -2.464947
[setup reg-reg] _25494_/Q -> _26629_/D : -2.462421
[setup reg-reg] _25209_/Q -> _25250_/D : -2.462354
[setup reg-reg] _25494_/Q -> _26535_/D : -2.461237
[setup reg-reg] _25494_/Q -> _26874_/D : -2.459105
[setup reg-reg] _25494_/Q -> _27655_/D : -2.457679
[setup reg-reg] _25494_/Q -> _27621_/D : -2.456957
[setup reg-reg] _25494_/Q -> _26823_/D : -2.455135
[setup reg-reg] _25494_/Q -> _26202_/D : -2.454847
[setup reg-reg] _25494_/Q -> _27175_/D : -2.453655
[setup reg-reg] _25494_/Q -> _26639_/D : -2.450728
[setup reg-reg] _25494_/Q -> _26087_/D : -2.450687
[setup reg-reg] _25494_/Q -> _25731_/D : -2.450504
[setup reg-reg] _25494_/Q -> _27418_/D : -2.448367
[setup reg-reg] _25494_/Q -> _26503_/D : -2.445969
[setup reg-reg] _25494_/Q -> _26234_/D : -2.445260
[setup reg-reg] _25494_/Q -> _26138_/D : -2.444967
[setup reg-reg] _25494_/Q -> _26490_/D : -2.443512
[setup reg-reg] _25494_/Q -> _26655_/D : -2.442251
[setup reg-reg] _25494_/Q -> _25149_/D : -2.439450
[setup reg-reg] _25494_/Q -> _26695_/D : -2.437624
[setup reg-reg] _25494_/Q -> _26406_/D : -2.436030
[setup reg-reg] _25494_/Q -> _25831_/D : -2.435685
[setup reg-reg] _25494_/Q -> _25727_/D : -2.434662
[setup reg-reg] _25494_/Q -> _27701_/D : -2.434286
[setup reg-reg] _25494_/Q -> _25970_/D : -2.433719
[setup reg-reg] _25202_/Q -> _25495_/D : -2.433295
[setup reg-reg] _25494_/Q -> _26501_/D : -2.431460
[setup reg-reg] _25494_/Q -> _25991_/D : -2.430657
[setup reg-reg] _25494_/Q -> _27578_/D : -2.427553
[setup reg-reg] _25494_/Q -> _25855_/D : -2.426489
[setup reg-reg] _25494_/Q -> _26355_/D : -2.425349
[setup reg-reg] _25494_/Q -> _27173_/D : -2.425329
[setup reg-reg] _25494_/Q -> _26117_/D : -2.424924
[setup reg-reg] _25494_/Q -> _25419_/D : -2.423832
[setup reg-reg] _25494_/Q -> _27270_/D : -2.420695
[setup reg-reg] _25494_/Q -> _26426_/D : -2.420565
[setup reg-reg] _25494_/Q -> _27614_/D : -2.419437
[setup reg-reg] _25202_/Q -> _25497_/D : -2.417918
[setup reg-reg] _25494_/Q -> _25863_/D : -2.417885
[setup reg-reg] _25494_/Q -> _26943_/D : -2.417293
[setup reg-reg] _25494_/Q -> _26567_/D : -2.416087
[setup reg-reg] _25494_/Q -> _24996_/D : -2.413575
[setup reg-reg] _25494_/Q -> _27013_/D : -2.413311
[setup reg-reg] _25494_/Q -> _26661_/D : -2.412096
[setup reg-reg] _25494_/Q -> _27583_/D : -2.410964
[setup reg-reg] _25494_/Q -> _27365_/D : -2.409728
[setup reg-reg] _25494_/Q -> _27141_/D : -2.402237
[setup reg-reg] _25494_/Q -> _26021_/D : -2.398474
[setup reg-reg] _25494_/Q -> _26207_/D : -2.398473
[setup reg-reg] _25494_/Q -> _27077_/D : -2.396554
[setup reg-reg] _25494_/Q -> _25733_/D : -2.391982
[setup reg-reg] _25494_/Q -> _27034_/D : -2.390204
[setup reg-reg] _25494_/Q -> _27135_/D : -2.389441
[setup reg-reg] _25494_/Q -> _27199_/D : -2.388617
[setup reg-reg] _25494_/Q -> _27269_/D : -2.387985
[setup reg-reg] _25494_/Q -> _25431_/D : -2.387635
[setup reg-reg] _25494_/Q -> _26981_/D : -2.386358
[setup reg-reg] _25494_/Q -> _26789_/D : -2.382880
[setup reg-reg] _25494_/Q -> _26399_/D : -2.382061
[setup reg-reg] _25494_/Q -> _25957_/D : -2.381997
[setup reg-reg] _25494_/Q -> _26719_/D : -2.380828
[setup reg-reg] _25494_/Q -> _26303_/D : -2.379727
[setup reg-reg] _25494_/Q -> _27526_/D : -2.378419
[setup reg-reg] _25494_/Q -> _26623_/D : -2.378300
[setup reg-reg] _25494_/Q -> _26143_/D : -2.377444
[setup reg-reg] _25494_/Q -> _26533_/D : -2.375076
[setup reg-reg] _25494_/Q -> _25765_/D : -2.371936
[setup reg-reg] _25494_/Q -> _27327_/D : -2.371634
[setup reg-reg] _25494_/Q -> _27103_/D : -2.371163
[setup reg-reg] _25494_/Q -> _26963_/D : -2.367628
[setup reg-reg] _25494_/Q -> _26565_/D : -2.364333
[setup reg-reg] _25494_/Q -> _27333_/D : -2.362162
[setup reg-reg] _25494_/Q -> _26815_/D : -2.360997
[setup reg-reg] _25494_/Q -> _27295_/D : -2.358396
[setup reg-reg] _25494_/Q -> _26175_/D : -2.356764
[setup reg-reg] _25494_/Q -> _25861_/D : -2.356318
[setup reg-reg] _25494_/Q -> _25791_/D : -2.354078
[setup reg-reg] _25494_/Q -> _27167_/D : -2.353879
[setup reg-reg] _25494_/Q -> _26245_/D : -2.351493
[setup reg-reg] _25494_/Q -> _25434_/D : -2.349122
[setup reg-reg] _25202_/Q -> _25494_/D : -2.347344
[setup reg-reg] _25494_/Q -> _25724_/D : -2.346088
[setup reg-reg] _25494_/Q -> _25438_/D : -2.340590
[setup reg-reg] _25494_/Q -> _25829_/D : -2.338728
[setup reg-reg] _25494_/Q -> _27475_/D : -2.338627
[setup reg-reg] _25494_/Q -> _27483_/D : -2.337874
[setup reg-reg] _25494_/Q -> _27355_/D : -2.336085
[setup reg-reg] _25494_/Q -> _26995_/D : -2.327276
[setup reg-reg] _25494_/Q -> _25746_/D : -2.322173
[setup reg-reg] _25494_/Q -> _27359_/D : -2.321912
[setup reg-reg] _25494_/Q -> _26907_/D : -2.319112
[setup reg-reg] _25494_/Q -> _27131_/D : -2.316217
[setup reg-reg] _25494_/Q -> _27195_/D : -2.315243
[setup reg-reg] _25494_/Q -> _25410_/D : -2.312529
[setup reg-reg] _25494_/Q -> _27219_/D : -2.310486
[setup reg-reg] _25494_/Q -> _25654_/D : -2.302191
[setup reg-reg] _25494_/Q -> _25788_/D : -2.298382
[setup reg-reg] _25494_/Q -> _25759_/D : -2.292804
[setup reg-reg] _25494_/Q -> _26198_/D : -2.290191
[setup reg-reg] _25209_/Q -> _25435_/D : -2.288568
[setup reg-reg] _25494_/Q -> _27519_/D : -2.278510
[setup reg-reg] _25494_/Q -> _24987_/D : -2.276392
[setup reg-reg] _25494_/Q -> _27067_/D : -2.270825
[setup reg-reg] _25494_/Q -> _26081_/D : -2.255449
[setup reg-reg] _25494_/Q -> _24941_/D : -2.235131
[setup reg-reg] _25494_/Q -> _27515_/D : -2.231149
[setup reg-reg] _25494_/Q -> _25653_/D : -2.230166
[setup reg-reg] _25494_/Q -> _26331_/D : -2.222819
[setup reg-reg] _25494_/Q -> _26395_/D : -2.222297
[setup reg-reg] _25494_/Q -> _24984_/D : -2.220473
[setup reg-reg] _25494_/Q -> _26203_/D : -2.216231
[setup reg-reg] _25494_/Q -> _27640_/D : -2.210790
[setup reg-reg] _25494_/Q -> _27579_/D : -2.206146
[setup reg-reg] _25494_/Q -> _26139_/D : -2.205628
[setup reg-reg] _25494_/Q -> _27036_/D : -2.202649
[setup reg-reg] _25494_/Q -> _25755_/D : -2.200768
[setup reg-reg] _25494_/Q -> _27163_/D : -2.198741
[setup reg-reg] _25494_/Q -> _26326_/D : -2.198504
[setup reg-reg] _25494_/Q -> _27507_/D : -2.197275
[setup reg-reg] _25494_/Q -> _25851_/D : -2.194856
[setup reg-reg] _25494_/Q -> _26555_/D : -2.194531
[setup reg-reg] _25494_/Q -> _26780_/D : -2.186017
[setup reg-reg] _25494_/Q -> _25787_/D : -2.183139
[setup reg-reg] _25494_/Q -> _26619_/D : -2.182514
[setup reg-reg] _25494_/Q -> _24982_/D : -2.182464
[setup reg-reg] _25494_/Q -> _25648_/D : -2.182084
[setup reg-reg] _25494_/Q -> _24964_/D : -2.180657
[setup reg-reg] _25494_/Q -> _27099_/D : -2.180023
[setup reg-reg] _25494_/Q -> _26363_/D : -2.176225
[setup reg-reg] _25494_/Q -> _25819_/D : -2.172387
[setup reg-reg] _25494_/Q -> _26876_/D : -2.170832
[setup reg-reg] _25494_/Q -> _26945_/D : -2.169847
[setup reg-reg] _25494_/Q -> _26300_/D : -2.167317
[setup reg-reg] _25494_/Q -> _25429_/D : -2.167090
[setup reg-reg] _25494_/Q -> _26748_/D : -2.166527
[setup reg-reg] _25494_/Q -> _25915_/D : -2.166523
[setup reg-reg] _25494_/Q -> _26747_/D : -2.165528
[setup reg-reg] _25494_/Q -> _25820_/D : -2.164866
[setup reg-reg] _25494_/Q -> _25947_/D : -2.164263
[setup reg-reg] _25494_/Q -> _26107_/D : -2.162887
[setup reg-reg] _25494_/Q -> _26332_/D : -2.159395
[setup reg-reg] _25494_/Q -> _26683_/D : -2.159393
[setup reg-reg] _25494_/Q -> _25005_/D : -2.157293
[setup reg-reg] _25202_/Q -> _25496_/D : -2.156611
[setup reg-reg] _25494_/Q -> _27387_/D : -2.148763
[setup reg-reg] _25494_/Q -> _26428_/D : -2.148504
[setup reg-reg] _25494_/Q -> _26972_/D : -2.146448
[setup reg-reg] _25494_/Q -> _27649_/D : -2.140812
[setup reg-reg] _25494_/Q -> _26940_/D : -2.138881
[setup reg-reg] _25494_/Q -> _26994_/D : -2.127729
[setup reg-reg] _25494_/Q -> _26176_/D : -2.123656
[setup reg-reg] _25494_/Q -> _27108_/D : -2.120453
[setup reg-reg] _25494_/Q -> _26299_/D : -2.119906
[setup reg-reg] _25494_/Q -> _27229_/D : -2.114925
[setup reg-reg] _25494_/Q -> _26496_/D : -2.112738
[setup reg-reg] _25494_/Q -> _26116_/D : -2.110793
[setup reg-reg] _25494_/Q -> _26429_/D : -2.108276
[setup reg-reg] _25494_/Q -> _26685_/D : -2.107212
[setup reg-reg] _25494_/Q -> _27346_/D : -2.103908
[setup reg-reg] _25494_/Q -> _26939_/D : -2.103855
[setup reg-reg] _25494_/Q -> _25691_/D : -2.097927
[setup reg-reg] _25494_/Q -> _27323_/D : -2.096117
[setup reg-reg] _25494_/Q -> _25979_/D : -2.090843
[setup reg-reg] _25494_/Q -> _26980_/D : -2.088377
[setup reg-reg] _25494_/Q -> _25853_/D : -2.087139
[setup reg-reg] _25494_/Q -> _24948_/D : -2.077988
[setup reg-reg] _25494_/Q -> _24997_/D : -2.076424
[setup reg-reg] _25494_/Q -> _26875_/D : -2.075371
[setup reg-reg] _25494_/Q -> _26075_/D : -2.073818
[setup reg-reg] _25494_/Q -> _24992_/D : -2.072754
[setup reg-reg] _25494_/Q -> _26212_/D : -2.065558
[setup reg-reg] _25494_/Q -> _24951_/D : -2.062857
[setup reg-reg] _25494_/Q -> _27037_/D : -2.062851
[setup reg-reg] _25494_/Q -> _27330_/D : -2.057950
[setup reg-reg] _25494_/Q -> _25428_/D : -2.055114
[setup reg-reg] _25494_/Q -> _27576_/D : -2.051671
[setup reg-reg] _25494_/Q -> _26556_/D : -2.048273
[setup reg-reg] _25494_/Q -> _26786_/D : -2.045949
[setup reg-reg] _25494_/Q -> _24985_/D : -2.045011
[setup reg-reg] _25494_/Q -> _26930_/D : -2.038142
[setup reg-reg] _25494_/Q -> _24955_/D : -2.037796
[setup reg-reg] _25494_/Q -> _27328_/D : -2.032394
[setup reg-reg] _25494_/Q -> _27516_/D : -2.027893
[setup reg-reg] _25494_/Q -> _25757_/D : -2.018100
[setup reg-reg] _25494_/Q -> _27180_/D : -2.013694
[setup reg-reg] _25494_/Q -> _25988_/D : -2.012879
[setup reg-reg] _25494_/Q -> _26222_/D : -2.011273
[setup reg-reg] _25494_/Q -> _26172_/D : -2.006459
[setup reg-reg] _25494_/Q -> _26860_/D : -2.000840
[setup reg-reg] _25494_/Q -> _25430_/D : -1.997821
[setup reg-reg] _25494_/Q -> _27460_/D : -1.996744
[setup reg-reg] _25494_/Q -> _27420_/D : -1.992779
[setup reg-reg] _25494_/Q -> _26948_/D : -1.986283
[setup reg-reg] _25494_/Q -> _27661_/D : -1.981828
[setup reg-reg] _25494_/Q -> _26946_/D : -1.980991
[setup reg-reg] _25494_/Q -> _26284_/D : -1.980324
[setup reg-reg] _25494_/Q -> _27076_/D : -1.976323
[setup reg-reg] _25494_/Q -> _25900_/D : -1.972351
[setup reg-reg] _25494_/Q -> _25996_/D : -1.971188
[setup reg-reg] _25494_/Q -> _27598_/D : -1.970403
[setup reg-reg] _25494_/Q -> _27172_/D : -1.968312
[setup reg-reg] _25494_/Q -> _26372_/D : -1.967809
[setup reg-reg] _25494_/Q -> _25804_/D : -1.965702
[setup reg-reg] _25494_/Q -> _26700_/D : -1.965130
[setup reg-reg] _25494_/Q -> _25932_/D : -1.963947
[setup reg-reg] _25494_/Q -> _27364_/D : -1.963143
[setup reg-reg] _25494_/Q -> _26924_/D : -1.959741
[setup reg-reg] _25494_/Q -> _27104_/D : -1.957432
[setup reg-reg] _25494_/Q -> _26237_/D : -1.954875
[setup reg-reg] _25494_/Q -> _26124_/D : -1.951715
[setup reg-reg] _25494_/Q -> _27404_/D : -1.944549
[setup reg-reg] _25494_/Q -> _27212_/D : -1.942473
[setup reg-reg] _25494_/Q -> _27200_/D : -1.940086
[setup reg-reg] _25494_/Q -> _27116_/D : -1.938167
[setup reg-reg] _25494_/Q -> _27628_/D : -1.936574
[setup reg-reg] _25494_/Q -> _25964_/D : -1.934403
[setup reg-reg] _25494_/Q -> _24946_/D : -1.922032
[setup reg-reg] _25494_/Q -> _27084_/D : -1.920325
[setup reg-reg] _25494_/Q -> _25856_/D : -1.919231
[setup reg-reg] _25494_/Q -> _25824_/D : -1.915808
[setup reg-reg] _25494_/Q -> _26348_/D : -1.913620
[setup reg-reg] _25494_/Q -> _27500_/D : -1.912699
[setup reg-reg] _25494_/Q -> _27216_/D : -1.909523
[setup reg-reg] _25494_/Q -> _26421_/D : -1.903988
[setup reg-reg] _25494_/Q -> _26188_/D : -1.902471
[setup reg-reg] _25494_/Q -> _25952_/D : -1.900078
[setup reg-reg] _25494_/Q -> _25868_/D : -1.899501
[setup reg-reg] _25494_/Q -> _25836_/D : -1.899121
[setup reg-reg] _25209_/Q -> _25433_/D : -1.896979
[setup reg-reg] _25494_/Q -> _26412_/D : -1.896931
[setup reg-reg] _25494_/Q -> _27584_/D : -1.896485
[setup reg-reg] _25494_/Q -> _27264_/D : -1.895105
[setup reg-reg] _25494_/Q -> _27008_/D : -1.894323
[setup reg-reg] _25494_/Q -> _26636_/D : -1.891088
[setup reg-reg] _25494_/Q -> _26352_/D : -1.883805
[setup reg-reg] _25494_/Q -> _27637_/D : -1.882375
[setup reg-reg] _25494_/Q -> _27312_/D : -1.873817
[setup reg-reg] _25494_/Q -> _27564_/D : -1.870930
[setup reg-reg] _25494_/Q -> _26080_/D : -1.867877
[setup reg-reg] _25494_/Q -> _27488_/D : -1.858721
[setup reg-reg] _25494_/Q -> _26316_/D : -1.856343
[setup reg-reg] _25494_/Q -> _26380_/D : -1.851037
[setup reg-reg] _25494_/Q -> _26892_/D : -1.850312
[setup reg-reg] _25494_/Q -> _25728_/D : -1.849838
[setup reg-reg] _25494_/Q -> _27424_/D : -1.849372
[setup reg-reg] _25494_/Q -> _27276_/D : -1.843702
[setup reg-reg] _25494_/Q -> _26604_/D : -1.841949
[setup reg-reg] _25494_/Q -> _26508_/D : -1.841203
[setup reg-reg] _25494_/Q -> _26944_/D : -1.837556
[setup reg-reg] _25494_/Q -> _27632_/D : -1.835357
[setup reg-reg] _25494_/Q -> _26048_/D : -1.833923
[setup reg-reg] _25494_/Q -> _26720_/D : -1.832822
[setup reg-reg] _25494_/Q -> _26928_/D : -1.831781
[setup reg-reg] _25494_/Q -> _27392_/D : -1.823622
[setup reg-reg] _25494_/Q -> _25708_/D : -1.821677
[setup reg-reg] _25494_/Q -> _26960_/D : -1.812092
[setup reg-reg] _25494_/Q -> _25960_/D : -1.811376
[setup reg-reg] _25494_/Q -> _27056_/D : -1.810674
[setup reg-reg] _25494_/Q -> _26416_/D : -1.807130
[setup reg-reg] _25494_/Q -> _26624_/D : -1.804409
[setup reg-reg] _25494_/Q -> _26220_/D : -1.802183
[setup reg-reg] _25494_/Q -> _25936_/D : -1.797988
[setup reg-reg] _25494_/Q -> _27520_/D : -1.796650
[setup reg-reg] _25494_/Q -> _27308_/D : -1.795652
[setup reg-reg] _25494_/Q -> _26536_/D : -1.790900
[setup reg-reg] _25494_/Q -> _26024_/D : -1.770927
[setup reg-reg] _25494_/Q -> _25800_/D : -1.765621
[setup reg-reg] _25494_/Q -> _26632_/D : -1.765322
[setup reg-reg] _25494_/Q -> _26216_/D : -1.758263
[setup reg-reg] _25494_/Q -> _27592_/D : -1.758062
[setup reg-reg] _25494_/Q -> _26952_/D : -1.755863
[setup reg-reg] _25494_/Q -> _26064_/D : -1.754154
[setup reg-reg] _25494_/Q -> _27704_/D : -1.751868
[setup reg-reg] _25494_/Q -> _26376_/D : -1.746933
[setup reg-reg] _25494_/Q -> _27496_/D : -1.746752
[setup reg-reg] _25494_/Q -> _26984_/D : -1.743093
[setup reg-reg] _25494_/Q -> _27208_/D : -1.737154
[setup reg-reg] _25494_/Q -> _26992_/D : -1.731873
[setup reg-reg] _25494_/Q -> _27368_/D : -1.722302
[setup reg-reg] _25494_/Q -> _27335_/D : -1.720013
[setup reg-reg] _25494_/Q -> _25666_/D : -1.719343
[setup reg-reg] _25494_/Q -> _27336_/D : -1.718634
[setup reg-reg] _25494_/Q -> _24944_/D : -1.715096
[setup reg-reg] _25494_/Q -> _26408_/D : -1.714749
[setup reg-reg] _25494_/Q -> _24956_/D : -1.712113
[setup reg-reg] _25494_/Q -> _27344_/D : -1.708294
[setup reg-reg] _25494_/Q -> _27303_/D : -1.702551
[setup reg-reg] _25494_/Q -> _26920_/D : -1.701506
[setup reg-reg] _25494_/Q -> _26056_/D : -1.697291
[setup reg-reg] _25494_/Q -> _25704_/D : -1.696234
[setup reg-reg] _25494_/Q -> _27408_/D : -1.688123
[setup reg-reg] _25494_/Q -> _26856_/D : -1.685596
[setup reg-reg] _25494_/Q -> _26568_/D : -1.684498
[setup reg-reg] _25494_/Q -> _27463_/D : -1.681313
[setup reg-reg] _25494_/Q -> _26663_/D : -1.678872
[setup reg-reg] _25494_/Q -> _27007_/D : -1.677693
[setup reg-reg] _25494_/Q -> _26311_/D : -1.675458
[setup reg-reg] _25494_/Q -> _26760_/D : -1.665431
[setup reg-reg] _25494_/Q -> _25808_/D : -1.663047
[setup reg-reg] _25494_/Q -> _26339_/D : -1.658430
[setup reg-reg] _25494_/Q -> _26015_/D : -1.657394
[setup reg-reg] _25494_/Q -> _27144_/D : -1.656879
[setup reg-reg] _25494_/Q -> _25928_/D : -1.652055
[setup reg-reg] _25494_/Q -> _26344_/D : -1.650916
[setup reg-reg] _25494_/Q -> _25767_/D : -1.650134
[setup reg-reg] _25494_/Q -> _27080_/D : -1.649049
[setup reg-reg] _25494_/Q -> _26312_/D : -1.648624
[setup reg-reg] _25494_/Q -> _25657_/D : -1.641835
[setup reg-reg] _25494_/Q -> _26151_/D : -1.640602
[setup reg-reg] _25494_/Q -> _24943_/D : -1.638862
[setup reg-reg] _25494_/Q -> _26755_/D : -1.637856
[setup reg-reg] _25494_/Q -> _26559_/D : -1.637797
[setup reg-reg] _25494_/Q -> _26512_/D : -1.635126
[setup reg-reg] _25494_/Q -> _27504_/D : -1.632946
[setup reg-reg] _25494_/Q -> _27528_/D : -1.626683
[setup reg-reg] _25494_/Q -> _27624_/D : -1.621539
[setup reg-reg] _25494_/Q -> _27656_/D : -1.620059
[setup reg-reg] _25494_/Q -> _25451_/D : -1.611991
[setup reg-reg] _25494_/Q -> _27272_/D : -1.601951
[setup reg-reg] _25494_/Q -> _27560_/D : -1.601798
[setup reg-reg] _25494_/Q -> _25895_/D : -1.601450
[setup reg-reg] _25494_/Q -> _27432_/D : -1.598892
[setup reg-reg] _25494_/Q -> _26248_/D : -1.592536
[setup reg-reg] _25494_/Q -> _26824_/D : -1.589791
[setup reg-reg] _25494_/Q -> _26375_/D : -1.588353
[setup reg-reg] _25494_/Q -> _27048_/D : -1.585276
[setup reg-reg] _25494_/Q -> _26184_/D : -1.581183
[setup reg-reg] _25494_/Q -> _27078_/D : -1.575119
[setup reg-reg] _25494_/Q -> _27646_/D : -1.573204
[setup reg-reg] _25494_/Q -> _25864_/D : -1.567912
[setup reg-reg] _25494_/Q -> _27240_/D : -1.567166
[setup reg-reg] _25494_/Q -> _27653_/D : -1.566956
[setup reg-reg] _25494_/Q -> _25736_/D : -1.563866
[setup reg-reg] _25494_/Q -> _27016_/D : -1.548488
[setup reg-reg] _25494_/Q -> _26696_/D : -1.546450
[setup reg-reg] _25494_/Q -> _26280_/D : -1.545454
[setup reg-reg] _25494_/Q -> _26630_/D : -1.544294
[setup reg-reg] _25494_/Q -> _24990_/D : -1.544022
[setup reg-reg] _25494_/Q -> _26111_/D : -1.543750
[setup reg-reg] _25494_/Q -> _27304_/D : -1.538279
[setup reg-reg] _25494_/Q -> _27400_/D : -1.537586
[setup reg-reg] _25494_/Q -> _25992_/D : -1.534293
[setup reg-reg] _25494_/Q -> _27615_/D : -1.527246
[setup reg-reg] _25494_/Q -> _25439_/D : -1.520826
[setup reg-reg] _25494_/Q -> _26088_/D : -1.514891
[setup reg-reg] _25494_/Q -> _27695_/D : -1.486082
[setup reg-reg] _25494_/Q -> _25002_/D : -1.481235
[setup reg-reg] _25494_/Q -> _26591_/D : -1.479513
[setup reg-reg] _25494_/Q -> _26664_/D : -1.464317
[setup reg-reg] _25494_/Q -> _27638_/D : -1.460444
[setup reg-reg] _25494_/Q -> _26888_/D : -1.459140
[setup reg-reg] _25494_/Q -> _26405_/D : -1.455813
[setup reg-reg] _25494_/Q -> _25925_/D : -1.455259
[setup reg-reg] _25494_/Q -> _25951_/D : -1.453621
[setup reg-reg] _25494_/Q -> _25832_/D : -1.448035
[setup reg-reg] _25494_/Q -> _26600_/D : -1.446260
[setup reg-reg] _25494_/Q -> _25768_/D : -1.441853
[setup reg-reg] _25494_/Q -> _26152_/D : -1.438762
[setup reg-reg] _25494_/Q -> _26266_/D : -1.402396
[setup reg-reg] _25494_/Q -> _26650_/D : -1.394925
[setup reg-reg] _25494_/Q -> _27651_/D : -1.357552
[setup reg-reg] _25494_/Q -> _27171_/D : -1.349665
[setup reg-reg] _25494_/Q -> _27427_/D : -1.340966
[setup reg-reg] _25494_/Q -> _26403_/D : -1.339736
[setup reg-reg] _25494_/Q -> _24949_/D : -1.337742
[setup reg-reg] _25494_/Q -> _27491_/D : -1.331937
[setup reg-reg] _25494_/Q -> _26595_/D : -1.328187
[setup reg-reg] _25494_/Q -> _24961_/D : -1.314719
[setup reg-reg] _25494_/Q -> _26524_/D : -1.314668
[setup reg-reg] _25494_/Q -> _26843_/D : -1.309779
[setup reg-reg] _25494_/Q -> _26607_/D : -1.301579
[setup reg-reg] _25494_/Q -> _26543_/D : -1.300782
[setup reg-reg] _25494_/Q -> _25859_/D : -1.281457
[setup reg-reg] _25494_/Q -> _27652_/D : -1.278462
[setup reg-reg] _25494_/Q -> _27267_/D : -1.260423
[setup reg-reg] _25494_/Q -> _25967_/D : -1.251379
[setup reg-reg] _25494_/Q -> _25763_/D : -1.245803
[setup reg-reg] _25494_/Q -> _25677_/D : -1.228116
[setup reg-reg] _25494_/Q -> _27644_/D : -1.225713
[setup reg-reg] _25202_/Q -> _25674_/D : -1.208564
[setup reg-reg] _25494_/Q -> _26692_/D : -1.162048
[setup reg-reg] _25494_/Q -> _26095_/D : -1.149898
[setup reg-reg] _25494_/Q -> _25447_/D : -1.131157
[setup reg-reg] _25494_/Q -> _27023_/D : -1.098295
[setup reg-reg] _25494_/Q -> _26383_/D : -1.023629
[setup reg-reg] _25494_/Q -> _25740_/D : -1.007924
[setup reg-reg] _25494_/Q -> _27244_/D : -1.005363
[setup reg-reg] _25494_/Q -> _26575_/D : -0.988925
[setup reg-reg] _25494_/Q -> _26240_/D : -0.984826
[setup reg-reg] _25494_/Q -> _26444_/D : -0.983782
[setup reg-reg] _25494_/Q -> _27436_/D : -0.978242
[setup reg-reg] _25494_/Q -> _26764_/D : -0.961849
[setup reg-reg] _25494_/Q -> _27647_/D : -0.956167
[setup reg-reg] _25494_/Q -> _27372_/D : -0.955987
[setup reg-reg] _25494_/Q -> _27468_/D : -0.944496
[setup reg-reg] _25494_/Q -> _26956_/D : -0.940080
[setup reg-reg] _25494_/Q -> _27596_/D : -0.938597
[setup reg-reg] _25494_/Q -> _25675_/D : -0.931209
[setup reg-reg] _25494_/Q -> _25772_/D : -0.926150
[setup reg-reg] _25494_/Q -> _27532_/D : -0.913587
[setup reg-reg] _25494_/Q -> _25442_/D : -0.910310
[setup reg-reg] _25494_/Q -> _26732_/D : -0.910305
[setup reg-reg] _25494_/Q -> _27660_/D : -0.908583
[setup reg-reg] _25494_/Q -> _26092_/D : -0.905844
[setup reg-reg] _25494_/Q -> _26060_/D : -0.900570
[setup reg-reg] _25494_/Q -> _26668_/D : -0.898897
[setup reg-reg] _25494_/Q -> _25696_/D : -0.897064
[setup reg-reg] _25494_/Q -> _26144_/D : -0.893291
[setup reg-reg] _25494_/Q -> _27148_/D : -0.891287
[setup reg-reg] _25494_/Q -> _27052_/D : -0.886848
[setup reg-reg] _25494_/Q -> _26156_/D : -0.865510
[setup reg-reg] _25494_/Q -> _26572_/D : -0.859760
[setup reg-reg] _25494_/Q -> _26792_/D : -0.797982
[setup reg-reg] _25494_/Q -> _27112_/D : -0.793282
[setup reg-reg] _25494_/Q -> _26728_/D : -0.789267
[setup reg-reg] _25494_/Q -> _27464_/D : -0.781764
[setup reg-reg] _25494_/Q -> _26120_/D : -0.770656
[setup reg-reg] _25494_/Q -> _27176_/D : -0.765494
[setup reg-reg] _25494_/Q -> _26440_/D : -0.619462
[setup reg-reg] _25494_/Q -> _25896_/D : -0.616497
[setup reg-reg] _25494_/Q -> _26472_/D : -0.597172
[setup reg-reg] _25494_/Q -> _26504_/D : -0.590333
[setup reg-reg] _25202_/Q -> _25676_/D : -0.479067
[setup reg-reg] _25494_/Q -> _24998_/D : -0.444100
[setup reg-reg] _25494_/Q -> _24957_/D : -0.348930
