net,length_um
net1183,1.4086mm
net1070,1.39788mm
net1155,1.36458mm
net1321,1.35612mm
net1065,1.35346mm
net1113,1.31569mm
net1316,1.31328mm
clknet_0_clk,1.30714mm
net1238,1.28733mm
net1117,1.28207mm
net748,1.27801mm
net879,1.27447mm
net806,1.2738mm
net1332,1.27252mm
net1243,1.27037mm
net1266,1.26786mm
net884,1.25956mm
net231,1.25307mm
net1080,1.25294mm
clknet_2_3_0_clk,1.24283mm
net1328,1.23972mm
clknet_2_0_0_clk,1.23595mm
net1431,1.23321mm
clknet_2_2_0_clk,1.2321mm
clknet_2_1_0_clk,1.22834mm
net1336,1.21836mm
net1261,1.21597mm
net1075,1.20661mm
net551,1.20413mm
net1092,1.20051mm
net1191,1.19816mm
net1197,1.19122mm
net1256,1.18159mm
net1106,1.18022mm
net1108,1.17875mm
net1121,1.17709mm
net1149,1.17456mm
net1164,1.17255mm
net1119,1.15965mm
net575,1.15644mm
net1211,1.15545mm
net1112,1.15502mm
net1087,1.15206mm
net730,1.14981mm
net1277,1.14651mm
net1085,1.14072mm
net1185,1.13931mm
net1270,1.13405mm
net1195,1.13173mm
net1110,1.12814mm
net1269,1.12809mm
net1255,1.12722mm
net1344,1.12175mm
net1190,1.12038mm
net1318,1.11954mm
_09622_,1.11939mm
net823,1.11899mm
net1323,1.11769mm
net1148,1.11307mm
net1151,1.11258mm
net1330,1.11011mm
net697,1.10912mm
net1098,1.10266mm
net76,1.10096mm
net1297,1.09781mm
net989,1.09243mm
net1229,1.08965mm
net1134,1.08839mm
net739,1.08825mm
net1296,1.08793mm
net1180,1.08316mm
net1063,1.07688mm
net1097,1.07066mm
net1245,1.0701mm
net1094,1.06953mm
net705,1.06869mm
net1170,1.06717mm
net1258,1.06657mm
net1168,1.06567mm
net972,1.06191mm
net1201,1.06133mm
net641,1.06012mm
net1203,1.05754mm
net1320,1.05536mm
net1161,1.05345mm
net1123,1.05284mm
net1130,1.05144mm
net1172,1.04551mm
_09893_,1.04195mm
net1088,1.04032mm
net1273,1.03935mm
net1084,1.03901mm
net1225,1.03645mm
net1249,1.0364mm
net1265,1.0362mm
net1247,1.03596mm
net1144,1.03524mm
_11520_,1.03381mm
net1102,1.03372mm
net1138,1.03121mm
net1207,1.02858mm
net1147,1.02173mm
net1182,1.02029mm
net280,1.01924mm
net1071,1.01667mm
net67,1.01414mm
net1125,1.01259mm
_05727_,1.01206mm
net883,1.01171mm
net1239,1.0092mm
net1253,1.00626mm
clk,1.00493mm
net1100,1.00168mm
net1326,999.58µm
net1315,997.25µm
net1193,996.13µm
net1189,995.62µm
net1096,993.98µm
net1304,989.19µm
net1141,988.09µm
net1223,986.92µm
net558,986.54µm
net1254,984.98µm
net1275,984.98µm
_09892_,983.93µm
_06035_,983.78µm
net1418,983.6µm
net1227,983.15µm
net1152,979.79µm
net855,979.75µm
_12239_,979.01µm
net1124,978.26µm
net851,976.14µm
net1307,974.29µm
net1162,973.73µm
net1136,972.24µm
net863,969.64µm
_09895_,968.64µm
net990,967.77µm
net1116,963.37µm
net1302,962.38µm
net1263,956.79µm
net1573,953.89µm
_12166_,949.89µm
net1324,949.55µm
net1205,947.76µm
net1334,946.49µm
net1200,946.44µm
net1252,943.3µm
net1220,938.39µm
net1202,938.23µm
net1074,937.69µm
net1089,936.42µm
net1586,934.89µm
net593,934.56µm
net193,932.66µm
net1241,927.37µm
net1069,925.01µm
net163,923.99µm
net171,921.97µm
net1714,921.95µm
_11518_,920.65µm
net1325,920.58µm
net1717,920.16µm
net1283,919.48µm
net1274,914.63µm
net271,910.96µm
net1699,909.98µm
net256,909.5µm
net1083,908.06µm
net1322,908.04µm
net1114,905.67µm
net143,905.41µm
net1430,905.35µm
net1174,902.51µm
net1127,901.95µm
net1712,901.6µm
net1462,900.78µm
net1213,900.33µm
net1342,899.85µm
net1295,899.48µm
net744,897.32µm
net881,894.29µm
net1187,893.65µm
net938,892.28µm
net776,891.65µm
net1313,891.11µm
_09953_,890.76µm
net722,883.24µm
net1299,882.48µm
_12208_,881.96µm
net223,880.27µm
net75,878.94µm
net1104,878.12µm
net755,877.4µm
net206,876.23µm
_12225_,873.49µm
net115,873.34µm
net1132,872.27µm
_12198_,871.86µm
net1212,871.2µm
net247,870.59µm
net904,869.57µm
_03519_,869.22µm
net179,867.74µm
net1086,866.87µm
net1157,866.6µm
net1153,863.93µm
net649,858.22µm
net797,846.96µm
net849,844.68µm
net1221,843.84µm
net136,842.26µm
net1338,841.67µm
_07837_,841.64µm
net936,841.01µm
net1228,837.49µm
net1486,835.31µm
_07539_,834.09µm
net1314,833.4µm
net189,833.36µm
net124,832.3µm
_12242_,831.04µm
net61,830.72µm
net264,830.18µm
_12292_,826.58µm
_03429_,825.13µm
net197,824.26µm
net772,823.15µm
net1214,822.68µm
net42,820.19µm
net1145,818.02µm
net854,817.45µm
net870,816.83µm
net1126,816.48µm
net1232,816.2µm
net88,815.96µm
net1115,815.61µm
net1346,814.74µm
net65,814.64µm
net1476,814.48µm
net208,812.69µm
net23,812.01µm
net1417,810.87µm
_09059_,810.83µm
net814,809.97µm
_12194_,809.8µm
net1235,809.75µm
net584,807.94µm
_08497_,805.74µm
net1140,803.89µm
net1350,802.56µm
net1478,801.78µm
net1300,801.72µm
_12162_,798.96µm
net942,798.13µm
net1578,797.89µm
net783,797.85µm
net977,797.61µm
net1343,797.33µm
net1111,794.79µm
net1237,793.82µm
net911,793.78µm
_08002_,793.25µm
net902,793.04µm
net617,792.8µm
_09991_,791.07µm
net839,790.64µm
net1095,790.25µm
net1460,789.64µm
net628,789.59µm
net1371,789.17µm
net713,788.45µm
_06743_,786.54µm
net840,785.27µm
_06038_,785.04µm
net1319,784.4µm
_06772_,784.11µm
net1268,782.82µm
net620,782.62µm
net1067,781.93µm
_10157_,780.74µm
net34,779.26µm
net1073,778.7µm
net1309,777.13µm
net826,776.91µm
net1133,776.14µm
net1459,775.24µm
net780,774.61µm
net1107,773.81µm
net1179,771.63µm
net1584,771.37µm
net1150,768.77µm
net559,768.47µm
net1234,768.22µm
net940,766.91µm
net273,766.72µm
net1209,765.7µm
net1272,765.31µm
_10162_,765.29µm
net542,764.65µm
net1592,764.65µm
_08464_,763.94µm
net1756,763.56µm
net866,762.64µm
net92,761.4µm
net1698,761.38µm
net579,761.34µm
net557,760.17µm
net132,759.31µm
net1165,759.26µm
net926,757.76µm
_12216_,757.07µm
net194,754.82µm
net809,752.63µm
net1166,751.26µm
net1340,750.8µm
_03612_,750.69µm
net811,750.19µm
net968,750.14µm
net788,749.11µm
net572,748.15µm
net1246,747.95µm
net1120,747.76µm
net1184,746.36µm
net1259,745.22µm
net616,745.15µm
net1257,744.48µm
net168,744.13µm
net31,742.62µm
net1536,742.42µm
net1251,742.35µm
net100,741.92µm
net1484,741.28µm
_04098_,740µm
net26,739.8µm
net1577,739.04µm
net966,737.36µm
net1078,736.32µm
net891,735.22µm
_12213_,735.14µm
net204,734.92µm
_12224_,734.46µm
_12192_,733.58µm
net1705,733.27µm
net534,732.43µm
_08762_,732.15µm
_04321_,731µm
net693,730.74µm
net893,729.47µm
_12339_,729.03µm
net596,727.23µm
net1311,726.77µm
net1081,725.58µm
net784,723.77µm
net580,723.37µm
net1066,721.02µm
net160,720.66µm
net908,720.53µm
net852,720.41µm
net828,717.34µm
_05059_,716.75µm
_04596_,716.59µm
net180,716.29µm
net1139,715.7µm
net787,714.86µm
net1090,714.86µm
net1479,712.97µm
_12244_,710.92µm
_08927_,710.15µm
net1271,709.74µm
net1499,708.7µm
net1178,707.89µm
net1199,706.41µm
net903,704.57µm
net84,704.27µm
net267,703.71µm
net631,703.63µm
_08134_,703.51µm
net753,702.18µm
net1217,702.1µm
net621,701.46µm
net963,700.38µm
_06397_,700.14µm
net752,699.61µm
net561,699.53µm
net1574,698.78µm
_08365_,698.41µm
net1429,698.15µm
net1881,697.66µm
_12195_,697.06µm
net874,696.79µm
net846,696.39µm
net833,695.83µm
net901,695.62µm
net974,695.26µm
net214,694.54µm
net878,693.9µm
net1177,691.97µm
net1216,691.64µm
net1485,690.03µm
net835,689.91µm
_10412_,689.04µm
_09589_,688.49µm
net969,688.08µm
net816,687.92µm
_04927_,687.08µm
net277,686.03µm
_09628_,685.47µm
net87,685.28µm
net110,685.23µm
net1353,684.64µm
net240,683.89µm
_12184_,683.61µm
_12185_,683.29µm
net1158,683.14µm
net1260,682.01µm
net1569,681.72µm
net624,681.21µm
net830,681.07µm
_05549_,681.02µm
_11894_,680.47µm
_12246_,680.09µm
net1379,680.08µm
_08299_,679.06µm
_12199_,678.67µm
net842,678.44µm
net560,677.88µm
net589,675.96µm
net750,675.71µm
net135,675.63µm
net155,674.44µm
net1188,673.88µm
net808,673.86µm
net1305,673.67µm
_12233_,672.47µm
net28,672.08µm
net758,672.02µm
net971,671.9µm
_04370_,671.35µm
net1716,669.9µm
net1537,669.15µm
net646,668.99µm
net1181,668.94µm
net147,668.03µm
_04234_,667.67µm
_06651_,665.54µm
net144,665.22µm
net890,664.67µm
net1563,664.28µm
_12186_,664.24µm
net735,663.06µm
net257,662.78µm
_04931_,662.54µm
net60,662.53µm
_12229_,662.36µm
net188,660.39µm
net710,659.98µm
net603,659.34µm
net1160,659.22µm
net538,656.67µm
net105,653.64µm
net1226,653.31µm
net988,651.77µm
net800,651.02µm
net861,650.07µm
net764,649.19µm
net74,648.73µm
net176,648.6µm
net1715,648.13µm
net802,647.77µm
key\[23\],647.14µm
net1335,646.9µm
net47,646.8µm
net1101,646.12µm
net1446,646.03µm
net1267,644.8µm
net57,644.78µm
net885,643.49µm
net209,643.38µm
net1276,643.08µm
net757,642.77µm
net1064,642.74µm
net1196,642.64µm
net245,642.16µm
net894,641.22µm
net607,640.38µm
_03788_,640.28µm
net639,639.92µm
net106,639.82µm
net1713,639.61µm
net555,639.45µm
net196,639.11µm
net858,638.79µm
net1175,638.65µm
net39,637.53µm
net164,637.53µm
_12211_,637.11µm
net83,636.89µm
_12206_,636.74µm
net230,635.95µm
net636,635.75µm
net847,635.31µm
pp_inst.core_inst.dom_sep_done,634.89µm
net754,634.73µm
net618,634.37µm
key\[28\],634.35µm
net799,633.76µm
net217,633.14µm
net1210,632.49µm
net777,631.93µm
net1068,631.83µm
_07267_,631.77µm
net892,631.01µm
net139,630.61µm
net1167,630.06µm
net1240,629.93µm
net609,629.79µm
net1264,629.28µm
net630,629.18µm
_10022_,628.67µm
_06732_,628.44µm
net768,628.16µm
_07771_,627.04µm
net605,626.94µm
net1186,625.82µm
key\[13\],624.42µm
net36,624.39µm
net912,623.55µm
_05003_,623.16µm
net1480,622.9µm
net96,622.61µm
net896,622.29µm
net857,621.95µm
net905,621.92µm
_12335_,621.16µm
net1079,621.11µm
net818,620.85µm
_10962_,620.73µm
_12245_,620.49µm
net629,619.76µm
key\[18\],619.56µm
net976,619.1µm
net868,618.61µm
net128,618.03µm
net711,617.37µm
net68,616.8µm
_10257_,616.67µm
net707,616.61µm
net1099,616.45µm
net822,616.35µm
_10296_,616.3µm
net186,616.3µm
net91,615.84µm
_06334_,615.18µm
net906,614.21µm
_06438_,614.16µm
net1695,614.16µm
net824,613.85µm
net1576,613.5µm
net198,613.45µm
net680,611.31µm
net775,611.31µm
net242,610.34µm
rx_data\[1\],610.04µm
_03963_,609.61µm
net634,609.4µm
_12176_,609.1µm
net246,608.66µm
net1754,608.65µm
key\[26\],607.41µm
net255,606.88µm
net1244,606.58µm
_05042_,606.48µm
net1146,605.76µm
net200,605.71µm
_03607_,605.43µm
net131,604.39µm
net1458,604.13µm
net1103,603.37µm
net867,602.99µm
net1248,601.54µm
net1327,601.2µm
_12220_,600.56µm
key\[22\],600.51µm
_09912_,600.11µm
net1154,600.11µm
net741,599.94µm
net1588,599.4µm
net774,597.7µm
net20,597.31µm
net958,597.06µm
net114,596.9µm
net279,596.29µm
_10025_,595.58µm
net632,595.48µm
net1345,594.46µm
net650,593.59µm
net259,592.73µm
net1333,592.65µm
net268,592.52µm
net29,592.22µm
net595,591.76µm
net970,591.41µm
net1590,591.2µm
net1230,591.05µm
net1489,590.45µm
key\[20\],590.01µm
net706,589.75µm
net252,589.47µm
net1487,589.4µm
net1301,589.22µm
net1076,587.64µm
net1697,587.18µm
net123,587.13µm
net152,586.62µm
net888,586.47µm
net1331,586.42µm
net202,585.55µm
pp_inst.core_inst.asconp_i.round_cnt\[0\],585.44µm
net248,585.21µm
_12226_,583.98µm
net1568,583.76µm
_03876_,583.57µm
net843,583.06µm
net1428,582.55µm
net1233,582.04µm
net1352,581.53µm
net1623,580.82µm
net1711,580.74µm
net647,580.46µm
net733,580.05µm
net1173,579.16µm
net253,578.78µm
net726,578.12µm
net727,577.76µm
net483,577.71µm
net704,577.46µm
_08563_,577.17µm
net793,576.77µm
net266,576.44µm
net804,576.34µm
_08696_,576.28µm
net887,575.57µm
net1388,575.53µm
net1142,574.86µm
net1560,574.4µm
net1176,574.3µm
net108,573.03µm
net138,572.85µm
net567,572.57µm
net1841,571.71µm
net40,571.65µm
rx_data\[3\],570.94µm
net1156,570.81µm
net537,570.07µm
net1143,569.62µm
_12234_,569.41µm
net37,569µm
net882,568.14µm
_03657_,567.49µm
_12203_,566.67µm
net1017,566.52µm
net275,565.9µm
net1171,565.85µm
net962,565.54µm
net819,563.76µm
net64,563.61µm
net929,563.38µm
net1706,563.2µm
net1422,562.95µm
net89,562.58µm
net170,562.54µm
net699,561.89µm
net1169,561.88µm
net547,561.52µm
net1840,561.26µm
net236,560.53µm
net1198,559.69µm
_10873_,559.24µm
_12236_,559.22µm
net48,559.18µm
net1206,557.35µm
net1691,557.28µm
net109,557.06µm
net278,557.04µm
net1703,556.59µm
net126,555.97µm
_04055_,555.92µm
net965,555.9µm
net574,555.67µm
_10110_,555.51µm
net917,555.43µm
net1290,555.06µm
net142,555µm
net689,554.55µm
net935,553.97µm
net1450,553.63µm
_12217_,552.58µm
net759,552.41µm
net1362,551.57µm
net1278,550.02µm
net691,549.71µm
_05220_,549.48µm
net1215,549.15µm
net1219,549.05µm
net601,548.59µm
net539,547.88µm
net832,547.52µm
net1481,547.52µm
net1109,547.37µm
net1250,547.27µm
_05803_,546.06µm
net798,544.67µm
net201,544.45µm
_10470_,544µm
net269,543.91µm
net81,543.55µm
net921,542.43µm
net1222,541.72µm
net113,541.36µm
_11339_,540.86µm
_04143_,540.57µm
net565,539.68µm
net586,539.31µm
net943,539.2µm
_04889_,539µm
net1128,538.56µm
net860,537.58µm
net773,537.34µm
net182,537.19µm
_10141_,537.09µm
net1308,536.07µm
net541,535.61µm
_05022_,535.46µm
net1163,535.05µm
net501,534.69µm
net118,534.59µm
net762,534.59µm
net159,534.47µm
_12215_,533.5µm
net975,533.47µm
_04320_,533.27µm
net1192,533.27µm
net1580,532.15µm
net1482,531.28µm
net869,531.04µm
net533,530.72µm
net27,530.52µm
_06566_,529.22µm
net562,529.14µm
_10557_,529.04µm
net1452,528.38µm
_10648_,527.85µm
_12232_,527.26µm
_08101_,526.74µm
_10250_,525.83µm
net581,525.58µm
_10105_,525.48µm
net1002,525.43µm
net886,524.92µm
net1454,524.74µm
_06598_,524.6µm
net117,524.41µm
net600,524.41µm
net1464,524.1µm
_10420_,523.46µm
net909,523.45µm
net723,522.93µm
net1582,522.68µm
net709,522.4µm
net1442,522.18µm
_12190_,522.17µm
net174,521.1µm
net613,521.05µm
net1204,520.49µm
net614,520.34µm
_09180_,520.18µm
net220,519.98µm
net853,519.97µm
net1436,519.88µm
_11364_,519.77µm
net239,519.58µm
net724,519.04µm
net1451,518.86µm
net1441,518.82µm
net939,518.71µm
net90,518.25µm
_10210_,517.76µm
_04011_,516.01µm
_06497_,515.96µm
net1312,515.91µm
net1587,514.5µm
net112,514.18µm
_10511_,514.16µm
net889,513.7µm
net563,513.67µm
net102,513.41µm
net78,513.26µm
net941,512.7µm
net960,512.04µm
net1483,511.02µm
net922,510.94µm
net719,510.74µm
_03655_,510.72µm
net957,510.31µm
net875,510.25µm
_10060_,509.66µm
pp_inst.core_inst.kadd_3_done,509.54µm
net864,509.39µm
net1224,509.19µm
net1372,508.98µm
net1329,508.93µm
net916,508.88µm
net215,508.84µm
net1591,508.68µm
net157,508.37µm
net98,508.12µm
_05296_,507.66µm
net1583,507.64µm
_09125_,507.01µm
_04893_,506.49µm
net69,506.08µm
net695,506.08µm
_04886_,505.93µm
net199,505.93µm
net1236,505.47µm
net121,505.42µm
net1077,505.37µm
net1093,505.22µm
net597,504.3µm
rx_data\[7\],503.89µm
net1579,503.66µm
net226,503.33µm
net837,503.23µm
net827,503.18µm
_04641_,503.13µm
_03874_,502.34µm
net856,501.65µm
net120,501.4µm
net825,501.31µm
net778,501.17µm
net716,500.99µm
_07471_,500.96µm
_03469_,500.82µm
net73,500.33µm
_09365_,499.67µm
net880,499.67µm
net263,499.26µm
net612,499.16µm
net553,498.93µm
net449,498.24µm
net173,498.06µm
net225,497.95µm
net791,496.05µm
key\[29\],495.8µm
net729,495.72µm
net848,495.1µm
rx_data\[0\],494.83µm
net1303,494.68µm
_04277_,494.3µm
net1218,493.97µm
_06103_,493.61µm
net531,493.3µm
_06765_,493.29µm
net1604,493.27µm
net702,493.05µm
net165,492.03µm
net59,491.57µm
_05726_,491.51µm
_10602_,491.42µm
net1557,491.37µm
_11769_,491.32µm
net782,490.58µm
net432,490.4µm
net1632,489.69µm
_08233_,489.32µm
_12207_,489.08µm
net528,488.77µm
net1262,488.52µm
net1292,488.48µm
net71,488.06µm
net765,487.45µm
key\[21\],487.3µm
net1341,486.89µm
net591,486.58µm
net635,486.48µm
net1761,486.43µm
net1405,486.36µm
net751,485.82µm
_04882_,484.78µm
_11067_,484.55µm
net924,484.25µm
net964,483.22µm
net211,481.49µm
net191,481.44µm
net1414,480.68µm
_10868_,480.44µm
net222,480.37µm
_03919_,480.25µm
net973,479.57µm
net192,479.48µm
_05485_,479.41µm
_09496_,478.42µm
_12201_,478.35µm
_05794_,478.16µm
_04879_,478.03µm
_05362_,478.03µm
net72,476.81µm
net1339,476.4µm
_04905_,476.35µm
net1585,476.1µm
_09970_,475.74µm
net1589,475.54µm
net151,474.87µm
_10506_,474.57µm
net129,474.37µm
net785,473.5µm
net642,472.57µm
net1415,472.23µm
net1447,472.23µm
_03831_,471.47µm
net1477,471.47µm
net1028,471.28µm
_11336_,471.26µm
_04144_,469.42µm
key\[27\],469.38µm
_10465_,469.14µm
net1440,469.1µm
net626,468.92µm
_10550_,468.79µm
net927,467.75µm
_04410_,467.24µm
net526,467.24µm
_10803_,466.62µm
net615,465.76µm
_03562_,465.46µm
net93,465µm
net149,464.82µm
net934,464.54µm
_10642_,464.03µm
net587,463.47µm
net1298,463.44µm
net1231,463.13µm
net549,463.01µm
net576,462.86µm
net746,462.76µm
net1286,462.4µm
_06493_,461.9µm
_06173_,461.64µm
net33,461.18µm
net594,461.18µm
_10386_,461.1µm
_06666_,460.21µm
_10596_,459.5µm
_05773_,459.37µm
net1755,458.86µm
net569,458.43µm
net233,458.06µm
net1284,457.87µm
net749,457.82µm
net978,457.23µm
net1645,457.13µm
net606,456.75µm
net1725,455.53µm
net831,454.82µm
net1708,454.77µm
_03830_,454.02µm
net85,453.88µm
net134,453.85µm
_10205_,453.75µm
net625,453.49µm
net1690,453.36µm
net623,453.24µm
_05783_,453µm
net1758,452.42µm
net224,452.39µm
net872,452.22µm
net103,452.17µm
net161,451.76µm
net95,451.66µm
_10690_,451.65µm
net1194,451.28µm
_05153_,451.1µm
net731,451.1µm
net845,451.09µm
net1882,450.8µm
net865,450.02µm
_09184_,449.63µm
net810,449.42µm
net1720,449.27µm
_03516_,449.17µm
net1571,448.25µm
_04945_,448.2µm
_05073_,448.1µm
_11519_,447.75µm
net55,447.74µm
key\[19\],447.64µm
net720,447.13µm
net97,446.77µm
net556,446.31µm
_08266_,446.06µm
net588,445.5µm
_09179_,444.99µm
net183,444.43µm
net304,444.38µm
net1593,444.18µm
net1285,443.82µm
net1349,443.77µm
net1448,443.72µm
net756,443.69µm
net185,443.46µm
net862,443.23µm
_04639_,441.94µm
_05878_,441.48µm
net1420,441.43µm
_03964_,440.36µm
net260,439.34µm
net895,439.34µm
net1288,438.86µm
_09178_,438.22µm
net1105,437.71µm
net760,437.51µm
net708,436.95µm
net45,436.64µm
_03743_,436.35µm
net1360,435.93µm
net577,435.8µm
net172,435.57µm
net554,435.47µm
_10278_,435.26µm
_10951_,435.17µm
net25,435.16µm
_06536_,435.06µm
_06463_,434.93µm
net133,434.91µm
key\[30\],434.76µm
net127,434.1µm
net564,433.84µm
net431,433.44µm
net276,433.23µm
net153,433.18µm
net522,432.77µm
net177,432.72µm
net1122,432.57µm
net21,432.16µm
net725,431.55µm
_09969_,430.61µm
net552,430.12µm
net167,429.92µm
net1354,429.62µm
_09356_,428.8µm
net38,428.14µm
net1707,427.35µm
net742,427.12µm
net899,426.56µm
net1753,426.4µm
net568,426µm
net767,425.7µm
net207,424.93µm
_05358_,424.84µm
net1495,424.49µm
net1564,424.22µm
net125,423.97µm
net1562,423.61µm
net1461,423.51µm
net46,422.49µm
net1159,421.98µm
_05126_,421.94µm
_10002_,421.88µm
net1575,421.47µm
net146,420.91µm
net910,420.3µm
net94,420.24µm
_03473_,420.2µm
_05869_,419.87µm
net305,419.81µm
net35,419.59µm
net1581,419.59µm
_05733_,419.38µm
net540,419.33µm
net228,419.28µm
net1382,419.23µm
net1796,419.13µm
net1072,419.03µm
net250,418.82µm
net116,418.57µm
net243,418.57µm
net838,418.47µm
net1760,418.47µm
_11328_,418.01µm
net1423,417.55µm
_05099_,417.41µm
net644,416.94µm
net238,416.38µm
key\[17\],416.13µm
net1600,416.07µm
net812,415.67µm
net1641,415.67µm
net1704,415.59µm
_09890_,415.21µm
net573,415.21µm
net1434,414.6µm
net622,414.19µm
_11521_,413.83µm
net232,413.63µm
net1131,413.53µm
net841,413.12µm
net22,412.97µm
net270,412.41µm
net219,411.9µm
net195,411.8µm
net49,411.49µm
_09961_,411.19µm
_11179_,411.1µm
net740,410.78µm
net928,410.27µm
_05850_,410.15µm
clknet_6_33_0_clk,409.61µm
net111,408.69µm
_07060_,408.63µm
_05724_,408.44µm
net915,407.52µm
net1764,406.96µm
net1739,405.89µm
net897,405.74µm
net1439,405.28µm
net544,405.08µm
net51,404.77µm
net77,404.67µm
net792,404.67µm
net919,404.67µm
net130,404.57µm
net728,404.57µm
net63,404.16µm
net212,404.01µm
net1421,404.01µm
_03700_,403.86µm
_11134_,403.86µm
net578,403.5µm
_11770_,403.06µm
net1508,402.99µm
net959,402.53µm
_11186_,402.52µm
net1137,402.28µm
net604,402.07µm
net643,401.92µm
net1435,401.82µm
_12237_,401.64µm
net789,400.7µm
_10438_,400.05µm
net582,399.83µm
net1827,399.5µm
_12221_,399.4µm
net714,399.35µm
net1709,399.17µm
net349,399.02µm
net62,398.68µm
net441,398.56µm
_10072_,398.31µm
_10665_,397.9µm
_09497_,397.75µm
net3,397.75µm
_05434_,397.7µm
_10321_,397.51µm
net769,397.34µm
net877,396.95µm
clknet_6_48_0_clk,396.78µm
_05980_,396.12µm
net258,395.95µm
net619,395.71µm
_04991_,395.56µm
_10534_,395.47µm
net525,395.41µm
net913,395.2µm
net1291,395.15µm
net1394,395µm
_09968_,394.85µm
net918,394.69µm
net249,394.59µm
net651,394.56µm
_03787_,394.5µm
net79,394.08µm
net1357,393.93µm
_10685_,393.33µm
net1376,392.91µm
_10010_,392.28µm
net1287,392.2µm
_04010_,392.1µm
net985,391.89µm
net1348,391.74µm
_06508_,391.54µm
net781,391.33µm
net229,391.18µm
net302,391.08µm
net981,390.98µm
_10997_,390.62µm
net1027,390.42µm
_06627_,390µm
_06087_,389.97µm
_10525_,389.96µm
_06383_,389.91µm
net1058,389.4µm
net1351,389.35µm
_10267_,388.84µm
_11329_,388.84µm
_11260_,388.56µm
net987,388.38µm
net43,388.33µm
_10055_,388.17µm
net1806,387.82µm
_10335_,387.72µm
net1457,387.11µm
net1723,387.11µm
net795,386.55µm
net1380,386.24µm
_05999_,385.88µm
net1432,385.73µm
_11063_,385.49µm
net698,385.12µm
net86,385.07µm
_10627_,384.87µm
_11289_,384.75µm
net871,384.36µm
net743,383.8µm
net951,383.8µm
_06768_,383.75µm
_05812_,383.35µm
net955,383.34µm
net570,383.29µm
net662,383.14µm
net948,382.63µm
net1437,382.63µm
net1811,382.14µm
_05381_,381.97µm
net571,381.71µm
net700,381.71µm
net181,381.4µm
_06525_,380.66µm
net770,380.64µm
_11516_,380.26µm
key\[11\],379.88µm
net995,379.83µm
net1370,378.91µm
net585,378.86µm
_06407_,378.72µm
_09584_,378.71µm
_10237_,377.34µm
net235,377.28µm
net1445,377.28µm
_10481_,377.03µm
net648,377.03µm
_12240_,376.98µm
_04100_,376.93µm
net1539,375.4µm
_10030_,375.32µm
net980,375.04µm
net519,374.94µm
net1488,374.33µm
_06767_,374.28µm
net718,374.07µm
net137,373.82µm
net1561,373.82µm
net737,373.77µm
_03425_,373.62µm
net1373,373.44µm
net70,373.26µm
clknet_6_37_0_clk,372.8µm
net1828,372.67µm
net1019,372.09µm
net101,371.89µm
net610,371.81µm
clknet_6_39_0_clk,371.73µm
_05942_,371.72µm
net19,370.97µm
net274,370.82µm
net1135,370.41µm
_04458_,370.36µm
net1387,369.9µm
_10081_,369.77µm
net1497,369.75µm
net1358,369.68µm
_06478_,369.52µm
_11773_,369.34µm
net679,369.19µm
net688,368.88µm
net1613,368.17µm
clknet_6_36_0_clk,367.86µm
net1797,367.76µm
net1624,367.71µm
_10884_,367.59µm
_06822_,367.36µm
net637,366.59µm
_05743_,366.31µm
net210,365.98µm
net1356,365.98µm
net1516,365.37µm
_10624_,365.27µm
net690,364.86µm
net492,364.71µm
_03701_,364.66µm
_09973_,364.61µm
_04983_,364.6µm
net166,363.94µm
net1835,363.64µm
net1337,363.03µm
_11033_,362.7µm
net638,362.52µm
net796,362.16µm
net140,361.5µm
net119,361.4µm
_05394_,361.38µm
net44,361.23µm
net53,360.99µm
net1377,360.94µm
_11527_,360.62µm
net1634,359.77µm
_03828_,359.72µm
_04504_,359.16µm
net156,358.85µm
_10181_,358.6µm
_03744_,358.5µm
_05933_,358.28µm
net1621,357.68µm
_09343_,357.48µm
net1426,357.22µm
net1875,357.02µm
net652,356.46µm
net1473,356.15µm
_11525_,356.12µm
_10360_,354.73µm
_06361_,354.63µm
net1001,354.63µm
_06710_,354.17µm
net56,353.66µm
net535,353.61µm
net543,353.56µm
net545,353.25µm
_10831_,353µm
_06165_,352.89µm
net956,352.85µm
net1416,352.61µm
net1598,352.34µm
net524,352.03µm
net583,351.83µm
net1419,351.57µm
_05970_,350.79µm
_05284_,350.71µm
net1082,350.71µm
net546,350.43µm
clknet_6_58_0_clk,349.79µm
_04968_,349.69µm
net1570,349.69µm
net1757,349.64µm
key\[24\],349.63µm
net1384,349.59µm
_03384_,349.49µm
net1550,349.23µm
net982,349.08µm
net1023,349.05µm
_10327_,348.98µm
net844,348.89µm
net314,348.47µm
net1558,348.47µm
net1427,348.16µm
net1599,348.01µm
_04933_,347.74µm
net1395,347.45µm
_11374_,346.69µm
net1541,346.53µm
net1504,346.36µm
net703,346.28µm
net1355,346.28µm
_06733_,346.21µm
_03785_,346.18µm
net794,345.97µm
net234,345.77µm
net598,345.46µm
_10076_,345.41µm
net262,345.36µm
_06113_,345.03µm
net218,344.7µm
key\[4\],344.55µm
net254,344.5µm
net907,343.99µm
net1636,343.22µm
_10893_,342.98µm
net241,342.79µm
_05523_,341.95µm
net1396,341.85µm
net1637,341.57µm
_11215_,341.54µm
net237,340.88µm
net654,340.68µm
net1510,340.12µm
net265,339.3µm
clknet_6_50_0_clk,339.25µm
net611,339.15µm
net550,339µm
net1472,339µm
_10283_,338.95µm
_10275_,338.85µm
net801,338.85µm
_09911_,338.76µm
_10946_,338.55µm
net925,338.49µm
net1365,338.44µm
_06655_,338.39µm
_04326_,338.34µm
_06522_,338.29µm
net1554,338.29µm
net876,338.08µm
net712,337.37µm
_11167_,337.32µm
_06623_,337.27µm
_09026_,337.19µm
clknet_6_56_0_clk,336.96µm
_09887_,336.95µm
_06078_,336.71µm
rx_data\[5\],336.66µm
_04054_,336.56µm
net261,336.4µm
net244,336.15µm
net1367,336.15µm
net213,335.79µm
net1463,335.18µm
_07738_,335.14µm
net216,335.03µm
net162,334.67µm
net1738,334.57µm
net1368,334.01µm
clknet_6_45_0_clk,333.96µm
_06218_,333.69µm
net1036,333.65µm
net1493,333.55µm
net817,333.4µm
net1433,333.14µm
net821,333.04µm
net1492,332.84µm
_06069_,332.79µm
net1772,332.38µm
net984,332.18µm
net732,331.67µm
_05271_,331.46µm
_05166_,331.29µm
_11278_,330.97µm
net932,330.7µm
net815,330.6µm
net1455,330.14µm
_09092_,329.78µm
net937,329.48µm
net1631,329.43µm
net1693,329.38µm
_10745_,329.33µm
net187,329.05µm
_10089_,328.27µm
_08795_,328.21µm
_07573_,327.75µm
_08167_,327.75µm
_10492_,327.34µm
net1413,327.34µm
net1733,327.34µm
_09997_,327.29µm
_10173_,327.29µm
_10489_,327.29µm
net1006,326.78µm
net914,326.12µm
net715,325.97µm
clknet_6_32_0_clk,325.61µm
_06095_,325.46µm
_05915_,325.05µm
net1722,325µm
_10306_,324.85µm
_06264_,324.8µm
_10286_,324.73µm
_05732_,324.63µm
net1660,324.59µm
_06555_,324.44µm
_04189_,323.85µm
_07437_,323.78µm
net834,323.73µm
net1614,323.52µm
_10522_,323.27µm
net1612,323.27µm
_07266_,322.2µm
_10616_,322.1µm
net1784,321.94µm
_11361_,321.79µm
clknet_6_41_0_clk,321.64µm
pp_inst.core_inst.eoi_q,321.59µm
net1700,321.51µm
_09621_,321.27µm
_11766_,321.16µm
_06844_,321.03µm
net158,321.03µm
_03606_,320.37µm
_05086_,320.26µm
net1000,320.01µm
net1728,319.96µm
net1044,319.35µm
net930,318.94µm
_11263_,318.84µm
_11131_,318.79µm
net1556,317.92µm
net1810,317.82µm
_11349_,317.53µm
net1635,317.37µm
net104,317.31µm
_10317_,317.26µm
_11210_,316.58µm
net997,316.04µm
net1466,316.04µm
net521,315.71µm
net1449,315.48µm
net1364,315.43µm
net1424,315.12µm
_10124_,314.72µm
net771,314.31µm
net1837,314.1µm
net1727,314µm
clknet_6_25_0_clk,313.85µm
clknet_6_62_0_clk,313.44µm
net920,313.24µm
net1681,313.19µm
net1517,312.12µm
net1047,311.92µm
net1438,311.81µm
net1747,311.66µm
_10015_,311.43µm
clknet_6_57_0_clk,311.1µm
net954,311.05µm
net1659,311µm
_09645_,310.9µm
_01801_,310.8µm
net602,310.59µm
net1057,310.32µm
_06008_,309.79µm
net1665,309.37µm
net1359,308.81µm
net1282,308.76µm
_03741_,308.71µm
net1652,308.71µm
_10929_,308.32µm
_05336_,308.25µm
net734,308.2µm
_05951_,307.92µm
net1651,307.89µm
net1310,307.49µm
_10845_,307.44µm
_10192_,306.75µm
net1289,306.62µm
_10813_,306.04µm
net1736,306.01µm
net790,305.99µm
net529,305.91µm
net1615,305.5µm
key\[25\],305.35µm
net696,305.35µm
net1552,305.35µm
_10063_,305.3µm
net1398,305.09µm
net633,304.84µm
net1566,304.28µm
net1702,304.18µm
net1737,304.18µm
_05525_,304.13µm
_10368_,304.13µm
net1391,303.77µm
clknet_6_38_0_clk,303.69µm
net1468,303.67µm
net1363,303.54µm
_09868_,303.06µm
_11530_,302.79µm
net1701,302.75µm
net1602,302.65µm
_05193_,302.6µm
_10897_,301.94µm
_05323_,301.84µm
net803,301.53µm
_10766_,301.38µm
clknet_6_63_0_clk,301.07µm
_11772_,300.59µm
net251,300.36µm
net288,300.26µm
net627,300µm
net686,299.75µm
net779,299.62µm
pp_inst.rd_ptr\[5\],299.39µm
net1465,299.29µm
net836,299.19µm
net1740,298.68µm
clknet_6_15_0_clk,298.63µm
_08068_,298.07µm
pp_inst.core_inst.key_q\[96\],297.41µm
net1619,297.2µm
net296,297.1µm
net32,297µm
_06245_,296.85µm
_12289_,296.8µm
net1392,296.39µm
_04964_,295.98µm
net1029,295.98µm
net1443,295.93µm
_06182_,295.88µm
net687,295.47µm
net1743,295.32µm
net1393,295.22µm
_05501_,295.01µm
net99,294.71µm
_04232_,294.56µm
net1730,293.88µm
_10484_,293.86µm
clknet_6_43_0_clk,293.63µm
_05245_,292.76µm
net54,292.37µm
net717,292.06µm
net1403,291.96µm
net1744,291.81µm
net530,291.3µm
_05207_,290.79µm
net898,290.76µm
_05906_,290.43µm
_09896_,290.33µm
net1469,290.33µm
net967,290.18µm
_12170_,290µm
net523,289.97µm
clknet_6_34_0_clk,289.46µm
net1021,289.31µm
key\[14\],289.16µm
_09342_,289.11µm
_04550_,288.94µm
clknet_6_26_0_clk,288.65µm
net961,288.55µm
net1242,287.94µm
_08663_,287.89µm
net805,287.53µm
clknet_6_24_0_clk,287.48µm
net1411,287.38µm
clknet_6_9_0_clk,287.17µm
clknet_6_60_0_clk,287.12µm
net763,286.56µm
_06033_,286.53µm
net50,286.31µm
net645,286.31µm
clknet_6_55_0_clk,285.9µm
_04052_,285.7µm
net1871,285.39µm
_10121_,285.24µm
net1456,285.24µm
net1378,285.19µm
net1850,285.19µm
clknet_6_46_0_clk,284.73µm
clknet_6_44_0_clk,284.27µm
_06833_,284.12µm
_10710_,284.07µm
_10671_,283.97µm
clknet_6_54_0_clk,283.25µm
_10663_,283µm
net813,283µm
clknet_6_59_0_clk,283µm
_04909_,282.9µm
net423,282.89µm
net566,282.85µm
net1386,282.64µm
_10430_,282.44µm
net1279,281.83µm
_10240_,281.78µm
_10442_,281.06µm
net190,280.35µm
net747,280.25µm
_05221_,279.49µm
net820,279.05µm
net1863,278.77µm
_10572_,278.74µm
key\[1\],278.47µm
_08332_,278.42µm
net325,278.37µm
net692,278.24µm
_10563_,278.23µm
_09610_,278.01µm
_11341_,277.72µm
_10016_,277.45µm
net829,276.94µm
net1775,276.89µm
_05368_,276.79µm
net1491,276.79µm
_05887_,276.69µm
pp_inst.core_inst.reg_fsm_i.data_q\[7\],276.33µm
net1383,276.23µm
net1056,276.18µm
_03967_,275.67µm
_11097_,275.01µm
net1848,274.65µm
_05990_,274.63µm
net992,274.63µm
_04187_,273.94µm
net1018,273.6µm
clknet_6_53_0_clk,273.58µm
net1832,273.53µm
net1861,273.53µm
_04972_,272.87µm
net1633,272.36µm
net169,272.31µm
net1528,272.31µm
net1794,272µm
_04414_,271.78µm
_11000_,271.75µm
net10,271.75µm
_09515_,271.34µm
net1009,271.19µm
_06580_,271.14µm
_09162_,271.09µm
net1,271.04µm
clknet_6_51_0_clk,270.83µm
_06425_,270.63µm
_10847_,270.53µm
_08930_,270.34µm
net1444,270.32µm
net1834,270.27µm
_05765_,269.72µm
net859,269.71µm
net738,269.66µm
net80,269.61µm
_11273_,269.56µm
net145,269.46µm
_06421_,269µm
net384,268.95µm
clknet_6_13_0_clk,268.54µm
net148,268.49µm
_11154_,268.39µm
_10826_,268.29µm
_10381_,268.27µm
net1626,268.13µm
_06569_,267.98µm
net1031,267.93µm
net1475,267.93µm
_06482_,267.78µm
net1032,267.47µm
_10530_,267.27µm
_07402_,267.22µm
net1425,267.22µm
net766,266.66µm
_04913_,266.2µm
net721,266.02µm
_10574_,265.64µm
net82,265.64µm
_05447_,265.62µm
_07504_,265.59µm
_02028_,265.54µm
_05619_,265.54µm
net1780,265.33µm
net1052,265.18µm
net1746,265.13µm
_09638_,264.62µm
net1622,264.21µm
net1601,264.2µm
clknet_6_35_0_clk,264.06µm
clknet_6_61_0_clk,264.06µm
net1839,263.91µm
net1374,263.55µm
_06255_,263.35µm
_10733_,263.35µm
pp_inst.core_inst.reg_fsm_i.data_q\[0\],263.3µm
net1678,263.3µm
net1039,263.25µm
_04839_,262.53µm
net58,262.53µm
spi_ctrl.word_buf\[12\],262.38µm
net1795,262.28µm
_05560_,262.08µm
net1864,262.07µm
net931,261.77µm
net1774,261.67µm
_07065_,261.57µm
net945,261.36µm
net1657,261.31µm
net1524,261.26µm
net1471,261.21µm
clknet_6_20_0_clk,261.16µm
net873,260.5µm
net1051,260.04µm
net1496,260.04µm
net1507,260.04µm
_10339_,259.99µm
net298,259.99µm
_04881_,259.94µm
net1016,259.53µm
_10189_,259.38µm
_05179_,259.18µm
net1540,258.82µm
net1878,258.21µm
_06551_,257.8µm
_05140_,257.75µm
_11503_,257.7µm
_06209_,257.66µm
net1628,257.29µm
net1618,256.88µm
net1389,256.17µm
clknet_6_28_0_clk,255.05µm
clknet_6_0_0_clk,254.95µm
_09966_,254.68µm
_12145_,254.29µm
_07969_,254.24µm
net1630,253.98µm
net850,253.97µm
_10810_,253.88µm
_11101_,253.83µm
net1506,253.83µm
net205,253.78µm
_05822_,253.42µm
net653,253.32µm
_04987_,252.66µm
_11164_,252.61µm
net287,252.3µm
net299,252.2µm
net1849,252.2µm
_06148_,252.1µm
_10046_,252.1µm
net1549,251.94µm
net694,251.64µm
net1402,251.64µm
net1655,251.54µm
clknet_6_11_0_clk,251.43µm
net1847,251.13µm
_10033_,250.93µm
net1643,250.82µm
clknet_6_27_0_clk,250.77µm
_10039_,250.47µm
clknet_6_18_0_clk,250.01µm
net150,248.48µm
net1559,248.28µm
net1512,247.87µm
_05011_,247.62µm
net1607,247.47µm
net986,247.11µm
clknet_6_3_0_clk,247.11µm
_10378_,247.01µm
net1399,246.65µm
net1494,246.55µm
clknet_6_10_0_clk,246.55µm
_09601_,246.04µm
_05699_,245.89µm
_05960_,245.84µm
net1724,245.58µm
net1565,245.53µm
clknet_6_52_0_clk,245.48µm
net1597,245.38µm
net592,245.02µm
_06498_,244.82µm
net1037,244.41µm
_05754_,244.34µm
_06721_,244.14µm
_10308_,243.94µm
_03702_,243.75µm
_09967_,243.7µm
_08729_,243.6µm
net1054,243.24µm
net1639,243.14µm
net1802,243.09µm
net227,242.73µm
bdi\[24\],242.58µm
net900,242.12µm
net1041,242.12µm
net1805,241.56µm
_06614_,241.37µm
net487,241.05µm
net1674,241.05µm
_05841_,241µm
pp_inst.core_inst.reg_fsm_i.data_q\[6\],240.49µm
_06227_,240.29µm
_09555_,239.98µm
_08861_,239.89µm
net1687,239.83µm
net1735,239.83µm
_05232_,239.73µm
key\[16\],239.73µm
_04992_,239.68µm
_03470_,239.32µm
bdi_type\[1\],239.27µm
net685,239.22µm
net1792,239.18µm
net1860,239.17µm
_05924_,238.81µm
net1668,238.71µm
_06801_,238.57µm
_06584_,238.56µm
net428,238.3µm
_11321_,238.2µm
net184,238.2µm
_07870_,238.17µm
net1670,237.59µm
_11079_,237.13µm
net1280,237.13µm
_11147_,237.08µm
net375,237.08µm
net1025,237.08µm
_07027_,236.98µm
net736,236.77µm
net683,236.72µm
pp_inst.core_inst.asconp_i.x3\[55\],236.57µm
_06609_,236.47µm
_05499_,236.42µm
_10017_,236.42µm
pp_inst.rd_ptr\[4\],236.37µm
_10365_,236.13µm
net52,235.91µm
net332,235.91µm
net1751,235.91µm
net520,235.83µm
_11120_,235.5µm
net979,235.5µm
_06375_,235.35µm
_10133_,235.2µm
net416,234.84µm
net301,234.38µm
net1397,234.38µm
_09595_,234.1µm
clknet_6_6_0_clk,233.87µm
_10433_,233.77µm
net1853,233.77µm
_05589_,233.67µm
_10579_,233.67µm
_07233_,233.57µm
_11458_,233.57µm
_05233_,232.96µm
net761,232.96µm
net1505,232.7µm
net1859,232.7µm
_10788_,232.55µm
net674,231.99µm
_04008_,231.84µm
_04319_,231.84µm
net1605,231.63µm
net1034,231.07µm
_06688_,230.92µm
_05322_,230.77µm
_06379_,230.72µm
_09546_,230.48µm
net1793,230.41µm
net1833,230.41µm
_05718_,230.26µm
_12287_,230.26µm
net1012,229.7µm
_05764_,229.65µm
net1689,229.65µm
net1867,229.39µm
pp_inst.core_inst.reg_fsm_i.data_q\[11\],229.34µm
clknet_6_19_0_clk,229.34µm
_10042_,229.29µm
net1650,229.29µm
net24,229.19µm
_05669_,229.14µm
net1603,229.14µm
clknet_6_16_0_clk,228.88µm
net1808,228.68µm
net1004,228.58µm
net1763,228.27µm
_05180_,228.12µm
_11292_,228.07µm
_06467_,228.02µm
net1783,227.97µm
_11324_,227.64µm
clknet_6_2_0_clk,227.56µm
_06613_,227.41µm
_10413_,227.18µm
_06411_,227µm
_09341_,226.95µm
net517,226.85µm
clknet_6_4_0_clk,226.44µm
net947,226.39µm
_10138_,226.34µm
net1511,225.88µm
_04454_,225.83µm
net1502,225.83µm
_05007_,225.78µm
_05420_,225.78µm
pp_inst.core_inst.key_q\[119\],225.78µm
net1679,225.52µm
net272,225.32µm
_10852_,224.61µm
_09545_,224.15µm
_10932_,223.44µm
net358,223.13µm
_09907_,223.03µm
_10229_,223.03µm
net1049,223.03µm
_05832_,222.98µm
_06452_,222.93µm
_07164_,222.93µm
net1412,222.93µm
net1518,222.88µm
net1035,222.67µm
net1042,222.47µm
net1694,222.42µm
_11053_,222.11µm
net1807,221.91µm
pp_inst.core_inst.reg_fsm_i.data_q\[1\],221.81µm
net1675,221.81µm
_11070_,221.69µm
_09354_,221.6µm
net1829,221.5µm
net66,221.45µm
_08960_,221.25µm
net359,221.04µm
clknet_6_47_0_clk,220.89µm
net1858,220.79µm
net1401,220.38µm
pp_inst.core_inst.reg_fsm_i.data_q\[15\],220.33µm
_07672_,220.23µm
net141,220.23µm
_09926_,219.87µm
net473,219.72µm
pp_inst.core_inst.key_q\[87\],219.62µm
_09675_,219.11µm
_11170_,219.01µm
pp_inst.core_inst.key_q\[57\],218.65µm
_12164_,218.6µm
key\[15\],218.55µm
pp_inst.core_inst.key_q\[89\],218.55µm
_10221_,218.09µm
net532,217.58µm
_10783_,217.33µm
net1731,217.02µm
bdi_type\[0\],216.97µm
_11377_,216.72µm
_09957_,216.44µm
_06594_,216.26µm
net425,216.05µm
net933,215.95µm
_10044_,215.9µm
net1846,215.9µm
pp_inst.core_inst.key_q\[32\],215.8µm
spi_ctrl.word_buf\[21\],215.65µm
net1656,215.24µm
net1673,215.14µm
net1870,214.83µm
_09633_,214.73µm
_09358_,214.63µm
net807,214.17µm
net1658,214.02µm
net1734,213.76µm
_12181_,213.74µm
net1521,213.61µm
net486,213.56µm
clknet_6_12_0_clk,213.51µm
_12163_,213.36µm
_09927_,213.2µm
net1293,213.15µm
net355,213.1µm
pp_inst.core_inst.reg_cnt_i.data_q\[1\],213µm
net122,212.67µm
net392,212.39µm
auth_valid,212.34µm
net348,212.29µm
net1015,211.88µm
net999,211.52µm
clknet_6_42_0_clk,211.37µm
_06913_,210.76µm
key\[10\],210.66µm
_08398_,210.56µm
net1400,210.35µm
_07368_,210.2µm
_11226_,210.15µm
_10759_,210.1µm
net1617,209.74µm
net1809,209.74µm
net1787,209.23µm
clknet_6_5_0_clk,209.13µm
_05629_,208.98µm
net1369,208.52µm
net1855,208.52µm
net1535,208.42µm
net18,208.37µm
net1542,208.11µm
_07606_,208.03µm
net13,207.96µm
net1729,207.91µm
net505,207.6µm
net1745,207.45µm
_09774_,207.4µm
net1664,206.99µm
net1826,206.94µm
net1759,206.79µm
_05421_,206.74µm
_05127_,206.69µm
net1742,206.43µm
net1773,206.28µm
net203,206.23µm
_05167_,206.18µm
_04954_,205.62µm
net1766,205.62µm
_05433_,205.52µm
_10034_,205.06µm
spi_ctrl.state\[6\],205.06µm
_11115_,205.01µm
clknet_6_22_0_clk,205.01µm
_08894_,204.96µm
_10224_,204.96µm
net1529,204.75µm
net1661,204.6µm
net701,204.55µm
pp_inst.core_inst.key_q\[121\],204.5µm
net1627,204.37µm
net1026,203.99µm
net1040,203.99µm
_03920_,203.94µm
net1053,203.68µm
net1525,203.58µm
_11485_,203.43µm
_11303_,203.38µm
pp_inst.core_inst.asconp_i.x3\[2\],203.02µm
net1676,203.02µm
clknet_6_1_0_clk,203.02µm
_09683_,202.97µm
_09182_,202.92µm
net1548,202.92µm
key\[3\],202.87µm
pp_inst.core_inst.fin,202.87µm
_10965_,202.82µm
_06453_,202.81µm
_10395_,202.77µm
_10613_,202.72µm
clknet_6_40_0_clk,202.36µm
clknet_6_49_0_clk,202.36µm
_11249_,202.26µm
_10184_,202.16µm
net1851,201.9µm
_09634_,201.7µm
net993,201.65µm
net994,201.34µm
net950,201.24µm
_07129_,200.82µm
_09870_,200.59µm
_07096_,200.58µm
net1294,200.22µm
_03387_,200.02µm
_05101_,200.02µm
_08630_,200.02µm
net1010,199.71µm
net1366,199.51µm
pp_inst.core_inst.asconp_i.x3\[23\],199.4µm
_09646_,199.33µm
net1527,199.1µm
net1022,199.05µm
net1409,198.95µm
_10739_,198.85µm
net996,198.59µm
net1616,198.54µm
_05395_,198.39µm
net1385,198.39µm
net30,198.34µm
_05139_,198.29µm
_11019_,197.88µm
_11454_,197.85µm
_05448_,197.73µm
net16,197.37µm
_09819_,197.32µm
net949,197.32µm
_04914_,197.27µm
_06637_,197.17µm
pp_inst.core_inst.reg_fsm_i.data_q\[9\],196.71µm
_04973_,196.66µm
net1453,196.61µm
net17,196.48µm
net1038,196.35µm
net1874,196.3µm
net660,196.25µm
net1876,196.25µm
clknet_6_14_0_clk,196.25µm
_09585_,196.2µm
pp_inst.core_inst.pro_ad,196.2µm
clknet_6_7_0_clk,196.2µm
_09334_,196.15µm
_10705_,196.1µm
_11199_,196.05µm
net12,195.64µm
clknet_6_29_0_clk,195.59µm
net1553,195.49µm
net1390,195.08µm
_11462_,195.03µm
net281,195.03µm
_09516_,194.98µm
_05511_,194.57µm
net946,194.52µm
pp_inst.core_inst.kadd_4_done,194.47µm
_05744_,194.37µm
net1781,194.16µm
_11056_,194.11µm
pp_inst.core_inst.reg_cnt_i.data_q\[2\],194.01µm
_09594_,193.81µm
net1375,193.5µm
_09630_,193.45µm
pp_inst.fifo_data\[36\]\[2\],193.4µm
clknet_6_8_0_clk,193.35µm
_06722_,193.25µm
_09760_,192.89µm
net341,192.84µm
net1608,192.84µm
_09558_,192.74µm
_03875_,192.69µm
_11229_,192.69µm
net419,192.43µm
net527,192.43µm
bdi_eot,192.23µm
pp_inst.core_inst.key_q\[62\],192.18µm
_05639_,192.01µm
net1682,191.82µm
_10855_,191.77µm
net1844,191.72µm
pp_inst.core_inst.key_q\[55\],190.6µm
net466,190.55µm
_09706_,190.43µm
net1024,190.19µm
pp_inst.wr_ptr\[4\],190.09µm
pp_inst.core_inst.key_q\[0\],190.04µm
net1696,189.94µm
net1862,189.94µm
_06018_,189.89µm
net324,189.53µm
net1625,189.53µm
_06393_,189.38µm
_06845_,189.33µm
_09528_,189.33µm
net1045,189.07µm
net178,188.87µm
net390,188.87µm
pp_inst.core_inst.asconp_i.x3\[30\],188.71µm
_09627_,188.41µm
net1005,188.41µm
_05473_,187.8µm
net1865,187.8µm
_05309_,187.75µm
_10447_,187.75µm
key\[6\],187.75µm
_05804_,187.7µm
_11309_,187.7µm
_03468_,187.65µm
_10092_,187.65µm
net1854,187.34µm
net661,187.24µm
_07023_,187.19µm
pp_inst.core_inst.key_q\[25\],187.19µm
net1719,187.19µm
_06754_,187.14µm
net479,186.83µm
net1519,186.68µm
_12089_,186.63µm
_11311_,186.58µm
net1513,186.22µm
net175,186.07µm
_06677_,185.97µm
net1381,185.53µm
_11090_,185.46µm
_11200_,185.36µm
net394,185.3µm
_10805_,185µm
_11254_,184.85µm
net4,184.85µm
_04323_,184.6µm
net313,184.59µm
_05357_,184.54µm
net1771,184.49µm
net1059,184.44µm
_10909_,183.93µm
pp_inst.core_inst.asconp_i.x3\[3\],183.93µm
_09596_,183.88µm
_09557_,183.73µm
net1822,183.73µm
net369,183.57µm
net1801,183.42µm
net295,183.37µm
_12290_,183.05µm
pp_inst.rd_ptr\[1\],182.86µm
net443,182.71µm
net474,182.66µm
pp_inst.fifo_data\[52\]\[2\],182.61µm
_07705_,182.24µm
_09613_,182.2µm
net953,182.2µm
spi_ctrl.tx_busy,182.15µm
_06435_,182.1µm
net1606,181.69µm
clknet_6_17_0_clk,181.69µm
net1046,181.64µm
net1782,181.64µm
_10675_,181.44µm
net1543,181.33µm
net1748,180.98µm
net1667,180.62µm
pp_inst.core_inst.asconp_i.x3\[8\],180.57µm
net1816,180.52µm
_12230_,180.47µm
_12204_,180.42µm
net1545,180.06µm
_12141_,180.01µm
_06050_,179.96µm
_05072_,179.91µm
_11029_,179.76µm
net1791,179.75µm
net1653,179.6µm
_10084_,179.5µm
net374,179.5µm
_12082_,179.45µm
net300,179.45µm
net360,179.4µm
_11047_,179.35µm
net1538,179.35µm
net1020,178.85µm
_06318_,178.74µm
net500,178.43µm
net514,178.33µm
net306,178.28µm
net331,178.13µm
_10142_,177.67µm
_06236_,177.62µm
_11264_,177.62µm
net518,177.62µm
net351,177.26µm
net1547,177.16µm
_12169_,177.06µm
_10193_,177.01µm
_08200_,176.7µm
net1830,176.6µm
_10713_,176.55µm
net1498,176.5µm
net1546,176.5µm
net952,176.09µm
net1347,175.94µm
net1786,175.94µm
net1873,175.94µm
net8,175.68µm
net1609,175.68µm
net508,175.58µm
net15,175.53µm
net107,175.53µm
net1520,175.38µm
net372,175.02µm
_09498_,174.97µm
pp_inst.core_inst.asconp_i.x3\[46\],174.92µm
_05026_,174.46µm
net1638,174.36µm
net1688,174.31µm
net9,174.26µm
_10307_,174.21µm
net608,173.9µm
net1686,173.9µm
net1813,173.75µm
net1684,173.39µm
net461,173.19µm
net1061,173.19µm
spi_ctrl.word_buf\[15\],173.14µm
net1555,173.09µm
net745,172.73µm
_06699_,172.58µm
net670,172.58µm
net333,172.49µm
net482,172.48µm
net429,172.22µm
net453,172.02µm
_10065_,171.71µm
net496,171.71µm
net1818,171.71µm
_10740_,171.66µm
net396,171.66µm
net1842,171.61µm
net1620,171.56µm
_06342_,171.46µm
_08993_,171.46µm
_05037_,171.41µm
net536,171.05µm
_05257_,170.9µm
net1062,170.9µm
_09914_,170.85µm
pp_inst.core_inst.asconp_i.x3\[59\],170.67µm
pp_inst.core_inst.key_q\[64\],170.44µm
net1677,170.39µm
_07538_,170.34µm
net1629,170.18µm
net991,170.03µm
_05710_,169.83µm
spi_ctrl.word_buf\[7\],169.83µm
spi_ctrl.word_buf\[19\],169.78µm
pp_inst.core_inst.pro_msg,169.57µm
_10990_,169.42µm
_09591_,169.32µm
net454,168.96µm
net1838,168.86µm
net14,168.81µm
_10372_,168.76µm
_05579_,168.71µm
pp_inst.core_inst.asconp_i.x3\[27\],168.71µm
_05408_,168.66µm
_11365_,168.66µm
_06511_,168.61µm
_12168_,168.61µm
net1317,168.61µm
key\[5\],168.15µm
pp_inst.core_inst.asconp_i.x3\[50\],168.15µm
_06338_,168.1µm
_07335_,168.1µm
net1407,168.1µm
_04744_,168.05µm
_06228_,168.05µm
net284,167.89µm
net491,167.84µm
net1817,167.79µm
_09679_,167.69µm
key\[0\],167.18µm
net308,167.18µm
net678,167.18µm
net1030,167.13µm
_09924_,167.08µm
net475,167.08µm
clknet_6_23_0_clk,167.08µm
_12081_,167.04µm
spi_ctrl.word_buf\[14\],167.03µm
_04742_,166.98µm
_05055_,166.98µm
_06852_,166.98µm
net1503,166.82µm
net458,166.52µm
_04456_,166.37µm
pp_inst.core_inst.asconp_i.x3\[34\],166.01µm
net309,165.96µm
_11196_,165.91µm
_05337_,165.81µm
_09491_,165.76µm
_10918_,165.31µm
pp_inst.fifo_data\[35\]\[2\],165.3µm
net1531,165.2µm
rx_valid,164.99µm
net675,164.89µm
_06029_,164.84µm
_06138_,164.79µm
_06357_,164.79µm
_04363_,164.64µm
net1534,164.28µm
net285,164.02µm
net1671,163.87µm
net1509,163.77µm
pp_inst.core_inst.reg_fsm_i.data_q\[14\],163.72µm
net450,163.72µm
net385,163.67µm
net1522,163.62µm
_05538_,163.57µm
_07903_,163.52µm
_10251_,163.16µm
_09606_,163.06µm
pp_inst.core_inst.key_q\[3\],163.06µm
pp_inst.flush_buffer,163.06µm
net1879,162.65µm
net1610,162.6µm
net1672,162.55µm
_10330_,162.5µm
pp_inst.core_inst.asconp_i.x3\[52\],162.5µm
bdi_eoi,162.15µm
net512,162.14µm
net1856,162.14µm
pp_inst.core_inst.key_q\[8\],162.09µm
_09609_,162.04µm
_07199_,161.89µm
_07095_,161.86µm
_10769_,161.84µm
net407,161.68µm
pp_inst.core_inst.asconp_i.x3\[10\],161.43µm
net383,161.43µm
_05679_,161.38µm
net323,161.38µm
net404,161.38µm
_10887_,161.33µm
net1526,161.17µm
_05246_,161.02µm
pp_inst.core_inst.asconp_i.x3\[20\],160.97µm
_10270_,160.87µm
net1750,160.82µm
net352,160.77µm
pp_inst.core_inst.asconp_i.x3\[25\],160.46µm
net472,160.46µm
net1281,160.46µm
net1767,160.46µm
net1532,160.31µm
_04687_,159.9µm
net477,159.9µm
net1642,159.9µm
net1785,159.85µm
_09177_,159.8µm
pp_inst.core_inst.asconp_i.x2\[27\],159.8µm
_04492_,159.6µm
net478,159.39µm
net471,159.34µm
_09725_,159.24µm
net509,159.14µm
_11352_,158.68µm
pp_inst.core_inst.asconp_i.x0\[18\],158.63µm
net502,158.63µm
net1014,158.63µm
net444,158.17µm
_10390_,158.12µm
_09625_,158.02µm
_05208_,157.97µm
net457,157.92µm
pp_inst.core_inst.asconp_i.x3\[37\],157.66µm
net1055,157.51µm
clknet_6_30_0_clk,157.51µm
_10297_,157.41µm
net1306,157.36µm
pp_inst.core_inst.key_q\[126\],157.23µm
_09181_,156.95µm
pp_inst.wr_ptr\[5\],156.95µm
net1003,156.95µm
net1013,156.95µm
_09570_,156.85µm
_07099_,156.8µm
pp_inst.core_inst.asconp_i.x3\[45\],156.49µm
net221,156.49µm
net1880,156.49µm
_05351_,156.36µm
net506,156.03µm
net342,155.93µm
net1692,155.83µm
net1544,155.78µm
net5,155.73µm
spi_ctrl.tx_stage_valid,155.42µm
_12088_,155.27µm
net1647,155.27µm
_11505_,155.22µm
_07639_,155.17µm
_05745_,155.12µm
net334,155.06µm
net1825,154.91µm
net460,154.86µm
net1523,154.86µm
net1683,154.86µm
net1769,154.81µm
net657,154.76µm
pp_inst.core_inst.asconp_i.x3\[39\],154.71µm
_04934_,154.66µm
_08597_,154.66µm
_09657_,154.2µm
_06365_,154.15µm
net498,154.15µm
net923,154.15µm
net1474,154.15µm
net1845,154.11µm
_09809_,154.1µm
net452,153.79µm
pp_inst.wr_ptr\[3\],153.69µm
net1470,153.69µm
net655,153.64µm
_04863_,153.54µm
_09685_,153.49µm
net362,153.34µm
net682,153.23µm
_09632_,153.18µm
net290,153.13µm
_09741_,153.08µm
net1770,153.08µm
pp_inst.core_inst.key_q\[99\],152.93µm
net665,152.72µm
net393,152.47µm
net1804,152.47µm
_09559_,152.37µm
_09330_,152.11µm
_07936_,152.08µm
net6,152.06µm
net433,152.06µm
_12187_,151.91µm
clknet_6_21_0_clk,151.91µm
net447,151.86µm
_04637_,151.81µm
_09357_,151.76µm
_05460_,151.53µm
net286,151.5µm
pp_inst.core_inst.asconp_i.x3\[43\],151.45µm
net515,151.45µm
net1007,151.35µm
net1129,151.3µm
_09944_,150.94µm
net373,150.89µm
_07470_,150.79µm
_05350_,150.23µm
net379,150.18µm
pp_inst.fifo_data\[57\]\[4\],150.17µm
_03611_,150.13µm
net326,149.92µm
net312,149.72µm
net376,149.49µm
net1515,149.36µm
pp_inst.core_inst.asconp_i.x1\[2\],149.34µm
pp_inst.core_inst.key_q\[50\],149.11µm
_06873_,149.06µm
pp_inst.core_inst.key_q\[35\],149.01µm
_12196_,148.96µm
net417,148.7µm
net391,148.6µm
net490,148.6µm
net154,148.55µm
net424,148.55µm
net1726,148.5µm
_09761_,148.45µm
net344,148.24µm
_07436_,148.19µm
net1033,148.14µm
net1857,148.09µm
_09650_,148.04µm
net343,147.99µm
_06997_,147.98µm
_05550_,147.94µm
_09775_,147.94µm
pp_inst.core_inst.key_q\[94\],147.94µm
net1640,147.94µm
_06009_,147.84µm
net470,147.53µm
net389,147.48µm
net1551,147.48µm
_06448_,147.43µm
_09306_,147.43µm
net1361,147.43µm
net328,147.38µm
net1872,147.38µm
pp_inst.core_inst.key_q\[23\],147.33µm
_05512_,147.28µm
_09810_,147.25µm
net320,147.07µm
_04953_,146.97µm
net983,146.92µm
_11982_,146.87µm
_11509_,146.82µm
net1798,146.79µm
pp_inst.fifo_data\[8\]\[2\],146.78µm
net7,146.46µm
key\[12\],146.36µm
net377,146.31µm
net446,146.31µm
net1710,146.31µm
net1831,146.31µm
_10582_,146.26µm
_09517_,146.21µm
net1814,145.95µm
net41,145.9µm
spi_ctrl.word_buf\[17\],145.85µm
net640,145.8µm
net467,145.75µm
_06439_,145.7µm
_06060_,145.65µm
_09802_,145.65µm
pp_inst.core_inst.key_q\[114\],145.65µm
net590,145.34µm
_05609_,145.22µm
_09949_,145.19µm
_09157_,145.04µm
_09518_,145.04µm
net459,144.93µm
_11972_,144.9µm
net1048,144.63µm
_06599_,144.58µm
_09798_,144.58µm
net480,144.32µm
net399,144.17µm
net664,144.17µm
net1776,144.02µm
net11,143.71µm
net499,143.66µm
net363,143.05µm
_10702_,142.85µm
net1765,142.85µm
pp_inst.core_inst.init,142.54µm
_10241_,142.39µm
_12167_,142.34µm
pp_inst.core_inst.asconp_i.x0\[19\],142.34µm
_03718_,142.24µm
_10816_,142.24µm
net464,142.03µm
net1869,141.98µm
_10877_,141.93µm
pp_inst.core_inst.asconp_i.x3\[38\],141.93µm
pp_inst.rd_ptr\[2\],141.93µm
net434,141.88µm
net668,141.88µm
pp_inst.core_inst.asconp_i.x3\[51\],141.73µm
net1741,141.73µm
net321,141.57µm
net398,141.52µm
net293,141.47µm
net297,141.42µm
net415,141.37µm
_06200_,141.17µm
_11478_,141.12µm
_07505_,141.04µm
pp_inst.fifo_data\[62\]\[2\],140.98µm
pp_inst.core_inst.asconp_i.x2\[32\],140.76µm
net1768,140.71µm
_05753_,140.61µm
_12177_,140.61µm
_03382_,140.56µm
net1823,140.35µm
clknet_leaf_54_clk,140.35µm
net403,140.3µm
_12288_,140.2µm
pp_inst.core_inst.asconp_i.x4\[1\],140.2µm
pp_inst.core_inst.key_q\[16\],140.15µm
net438,140.15µm
net667,140.15µm
_05896_,140.1µm
_09945_,140.1µm
_10652_,140.05µm
_10916_,140.05µm
_07605_,140µm
_11450_,140µm
pp_inst.core_inst.asconp_i.x3\[54\],139.69µm
net786,139.69µm
net437,139.64µm
net484,139.64µm
pp_inst.fifo_data\[5\]\[2\],139.49µm
net442,139.23µm
net1789,139.23µm
pp_inst.core_inst.asconp_i.x3\[40\],139.18µm
net361,139.13µm
net548,139.13µm
pp_inst.core_inst.key_q\[107\],139.08µm
net346,139.08µm
key\[2\],139.03µm
_09948_,138.98µm
_12012_,138.93µm
net319,138.62µm
pp_inst.core_inst.asconp_i.x1\[25\],138.57µm
net1611,138.52µm
_05297_,138.47µm
_09333_,138.47µm
clknet_6_31_0_clk,138.47µm
_09183_,138.42µm
_09649_,138.42µm
_04141_,138.37µm
pp_inst.core_inst.reg_cnt_i.data_q\[3\],138.37µm
pp_inst.fifo_data\[34\]\[2\],138.32µm
net318,138.16µm
net666,138.16µm
pp_inst.core_inst.asconp_i.x3\[14\],138.06µm
net402,138.01µm
net513,138.01µm
_09791_,137.91µm
key\[8\],137.91µm
net489,137.91µm
net1752,137.91µm
_12171_,137.86µm
net1567,137.86µm
_05734_,137.81µm
net340,137.55µm
pp_inst.core_inst.key_q\[60\],137.35µm
pp_inst.core_inst.asconp_i.x2\[25\],137.3µm
pp_inst.core_inst.asconp_i.x4\[25\],137.3µm
pp_inst.core_inst.asconp_i.x3\[28\],136.89µm
net469,136.89µm
net1868,136.84µm
_04689_,136.79µm
pp_inst.core_inst.asconp_i.x3\[11\],136.79µm
net1666,136.79µm
_09954_,136.69µm
net1646,136.68µm
clknet_leaf_229_clk,136.62µm
_12003_,136.6µm
net681,136.43µm
net658,136.23µm
pp_inst.core_inst.key_q\[67\],135.72µm
net1669,135.72µm
_07198_,135.67µm
net1043,135.67µm
_09769_,135.64µm
net448,135.41µm
net414,135.26µm
_07163_,135.21µm
net329,135.21µm
net1799,135.21µm
_10835_,135.11µm
_09620_,135.06µm
key\[9\],135.06µm
net497,134.7µm
net367,134.65µm
net365,134.6µm
net1790,134.6µm
net426,134.55µm
net1648,134.55µm
net476,134.24µm
_09660_,134.04µm
_05755_,133.99µm
_09316_,133.94µm
net316,133.94µm
_07022_,133.89µm
_11081_,133.89µm
net676,133.53µm
net336,133.48µm
_11340_,133.43µm
_08170_,133.38µm
_08596_,133.38µm
_06331_,133.28µm
pp_inst.fifo_data\[1\]\[2\],133.28µm
clknet_leaf_200_clk,133.27µm
_09651_,133.22µm
net378,133.17µm
net1843,132.97µm
net1812,132.92µm
_09514_,132.87µm
pp_inst.core_inst.asconp_i.x2\[10\],132.41µm
_09599_,132.36µm
net292,132.36µm
_09752_,132.31µm
_05010_,132.26µm
net418,131.95µm
_05194_,131.75µm
net406,131.75µm
net455,131.75µm
_11498_,131.7µm
pp_inst.fifo_data\[29\]\[2\],131.7µm
net1008,131.7µm
_09337_,131.65µm
pp_inst.fifo_data\[61\]\[2\],131.65µm
_04364_,131.6µm
net386,131.29µm
_09728_,131.24µm
pp_inst.core_inst.key_q\[46\],131.19µm
_06790_,131.14µm
pp_inst.core_inst.asconp_i.x4\[52\],131.14µm
pp_inst.fifo_data\[51\]\[2\],131.14µm
_03466_,131.04µm
pp_inst.core_inst.asconp_i.x4\[7\],130.78µm
net310,130.73µm
pp_inst.fifo_data\[15\]\[2\],130.63µm
_05310_,130.57µm
_09643_,130.53µm
net493,130.53µm
_09906_,130.48µm
net382,130.42µm
_10795_,130.22µm
_09656_,130.17µm
clknet_leaf_253_clk,130.17µm
_11034_,130.1µm
_06294_,130.02µm
_09552_,130.02µm
_11293_,130.02µm
_12019_,130.02µm
_05962_,129.97µm
_07232_,129.97µm
pp_inst.fifo_data\[45\]\[2\],129.97µm
_09952_,129.92µm
net673,129.76µm
_09598_,129.51µm
net401,129.51µm
_05113_,129.36µm
pp_inst.fifo_data\[14\]\[2\],129.36µm
pp_inst.core_inst.asconp_i.x3\[21\],129.28µm
net1788,129.1µm
pp_inst.wr_ptr\[2\],129.05µm
pp_inst.core_inst.asconp_i.x2\[52\],129µm
_08828_,128.95µm
_11524_,128.9µm
_06711_,128.85µm
pp_inst.fifo_data\[6\]\[6\],128.85µm
pp_inst.fifo_data\[16\]\[31\],128.8µm
pp_inst.fifo_data\[22\]\[2\],128.8µm
pp_inst.fifo_data\[49\]\[2\],128.8µm
_09169_,128.49µm
_09359_,128.29µm
_09773_,128.29µm
bdi_valid\[0\],128.29µm
_05554_,128.24µm
net1821,128.03µm
pp_inst.core_inst.asconp_i.x4\[63\],127.98µm
_11474_,127.83µm
_06080_,127.73µm
_06120_,127.73µm
_12174_,127.73µm
_00840_,127.68µm
_05861_,127.68µm
_12097_,127.68µm
net371,127.52µm
clknet_leaf_290_clk,127.37µm
net345,127.32µm
_11243_,127.22µm
_12178_,127.22µm
_03852_,127.17µm
pp_inst.core_inst.asconp_i.x3\[48\],127.17µm
net366,127.17µm
pp_inst.core_inst.asconp_i.x2\[62\],127.01µm
spi_ctrl.pend_type\[1\],126.99µm
_10955_,126.81µm
net347,126.81µm
net322,126.76µm
net400,126.76µm
net1815,126.76µm
net405,126.66µm
_12172_,126.61µm
pp_inst.fifo_data\[47\]\[2\],126.61µm
_05852_,126.56µm
net1685,126.4µm
net350,126.3µm
net656,126.2µm
clknet_leaf_187_clk,126.15µm
_09612_,126.1µm
pp_inst.core_inst.key_q\[72\],126.1µm
_11219_,125.69µm
pp_inst.core_inst.asconp_i.x3\[42\],125.59µm
_09347_,125.54µm
_06541_,125.49µm
_05112_,125.44µm
_09600_,125.44µm
_09830_,125.23µm
net462,125.18µm
pp_inst.wr_ptr\[1\],125.08µm
_09331_,125µm
_11383_,124.93µm
_05461_,124.88µm
_09676_,124.37µm
net677,124.16µm
clknet_leaf_161_clk,124.06µm
net411,124.01µm
_11315_,123.96µm
pp_inst.core_inst.asconp_i.x2\[38\],123.96µm
net1595,123.96µm
_09543_,123.86µm
_09917_,123.86µm
_12202_,123.81µm
_05352_,123.76µm
net659,123.3µm
_04263_,123.25µm
pp_inst.fifo_data\[39\]\[2\],123.25µm
_11708_,123.2µm
pp_inst.fifo_data\[37\]\[2\],123.2µm
pp_inst.core_inst.asconp_i.x2\[48\],122.79µm
pp_inst.core_inst.key_q\[103\],122.79µm
net1800,122.79µm
_07300_,122.69µm
_06642_,122.64µm
clknet_leaf_301_clk,122.53µm
net303,122.48µm
_09346_,122.38µm
_07334_,122.33µm
_12161_,122.28µm
pp_inst.core_inst.asconp_i.x3\[61\],122.28µm
net663,122.28µm
net1663,122.28µm
_10003_,122.18µm
_06191_,122.13µm
_11701_,122.13µm
_09960_,122.09µm
_04499_,122.08µm
pp_inst.core_inst.asconp_i.x4\[4\],122.08µm
pp_inst.core_inst.asconp_i.x3\[16\],122.05µm
net503,121.92µm
net1050,121.92µm
pp_inst.core_inst.asconp_i.x3\[19\],121.82µm
_12004_,121.67µm
_10629_,121.62µm
spi_ctrl.state\[8\],121.62µm
_06628_,121.57µm
spi_ctrl.word_buf\[11\],121.57µm
_07017_,121.52µm
net294,121.21µm
pp_inst.core_inst.asconp_i.x4\[53\],121.16µm
net488,121.16µm
_09947_,121.11µm
_12191_,121.11µm
net354,121.11µm
_10061_,121.06µm
pp_inst.core_inst.asconp_i.x1\[18\],121.06µm
pp_inst.core_inst.key_q\[124\],121.06µm
pp_inst.core_inst.key_q\[54\],121.06µm
_12212_,120.79µm
_09624_,120.7µm
net463,120.55µm
_04937_,120.5µm
_09707_,120.5µm
_11426_,120.5µm
pp_inst.fifo_data\[38\]\[2\],120.45µm
_01385_,120.4µm
_04593_,120.4µm
pp_inst.fifo_data\[1\]\[31\],120.4µm
pp_inst.core_inst.asconp_i.x3\[6\],120.19µm
_08530_,120.04µm
_09626_,119.99µm
pp_inst.core_inst.asconp_i.x1\[31\],119.99µm
net1572,119.99µm
net1820,119.99µm
_11102_,119.94µm
_07804_,119.89µm
_09795_,119.89µm
pp_inst.fifo_data\[3\]\[2\],119.84µm
_10687_,119.56µm
_04412_,119.43µm
net1644,119.43µm
net440,119.38µm
pp_inst.fifo_data\[28\]\[31\],119.33µm
pp_inst.fifo_data\[31\]\[31\],119.33µm
_10583_,118.82µm
net338,118.82µm
net1467,118.82µm
pp_inst.core_inst.key_q\[30\],118.77µm
net395,118.71µm
_11466_,118.66µm
net998,118.46µm
net436,118.41µm
net510,118.41µm
pp_inst.core_inst.asconp_i.x1\[1\],118.36µm
_09689_,118.31µm
clknet_leaf_209_clk,118.31µm
_09547_,118.26µm
_11085_,118.26µm
pp_inst.core_inst.asconp_i.x3\[58\],118.26µm
pp_inst.fifo_data\[20\]\[2\],118.26µm
net1803,118.26µm
_09900_,118.21µm
pp_inst.fifo_data\[2\]\[2\],118.21µm
net307,118.21µm
clknet_leaf_255_clk,118µm
net1011,117.85µm
_10006_,117.8µm
pp_inst.core_inst.asconp_i.x2\[7\],117.75µm
pp_inst.core_inst.asconp_i.x4\[62\],117.75µm
net507,117.75µm
_00363_,117.7µm
_01006_,117.7µm
net1649,117.7µm
_03826_,117.65µm
_04276_,117.6µm
net2,117.6µm
pp_inst.core_inst.asconp_i.x3\[13\],117.49µm
net422,117.49µm
net380,117.39µm
net339,117.29µm
_09742_,117.24µm
spi_ctrl.pend_valid,117.24µm
net1404,117.14µm
_05599_,117.09µm
pp_inst.core_inst.key_q\[109\],117.09µm
_04305_,117.04µm
pp_inst.core_inst.asconp_i.x3\[32\],116.85µm
pp_inst.core_inst.asconp_i.x3\[35\],116.73µm
pp_inst.core_inst.asconp_i.x4\[44\],116.73µm
pp_inst.core_inst.key_q\[43\],116.58µm
net413,116.58µm
_06051_,116.53µm
pp_inst.fifo_data\[63\]\[2\],116.53µm
pp_inst.fifo_data\[6\]\[31\],116.53µm
net412,116.42µm
net420,116.32µm
_12160_,116.27µm
pp_inst.core_inst.asconp_i.x2\[30\],116.17µm
net435,116.17µm
_04576_,116.12µm
pp_inst.core_inst.asconp_i.x4\[5\],116.12µm
clknet_leaf_283_clk,116.12µm
_10768_,116.07µm
_09168_,116.02µm
_09512_,116.02µm
_05285_,115.97µm
_05833_,115.97µm
_10254_,115.97µm
_12006_,115.92µm
_12182_,115.92µm
pp_inst.core_inst.asconp_i.x3\[56\],115.61µm
pp_inst.core_inst.asconp_i.x2\[63\],115.56µm
net1662,115.51µm
_09520_,115.41µm
_11776_,115.41µm
_10828_,115.36µm
_11824_,115.36µm
clknet_leaf_75_clk,115.15µm
_09666_,115.05µm
pp_inst.core_inst.asconp_i.x4\[0\],114.9µm
pp_inst.fifo_data\[12\]\[4\],114.85µm
_09173_,114.8µm
clknet_leaf_34_clk,114.49µm
pp_inst.core_inst.asconp_i.x2\[8\],114.44µm
pp_inst.fifo_data\[4\]\[2\],114.44µm
pp_inst.core_inst.asconp_i.x3\[17\],114.39µm
_07537_,114.34µm
pp_inst.fifo_data\[53\]\[2\],114.34µm
_09542_,114.29µm
_02220_,114.24µm
_05537_,114.24µm
_09664_,114.24µm
_09167_,113.93µm
_09824_,113.78µm
_11954_,113.73µm
_12179_,113.73µm
rx_data\[6\],113.73µm
_09684_,113.63µm
net494,113.57µm
_09718_,113.4µm
_10421_,113.32µm
net289,113.32µm
net456,113.32µm
net504,113.32µm
net944,113.32µm
_04867_,113.27µm
_09720_,113.27µm
_11275_,113.27µm
_09540_,113.22µm
_12159_,113.22µm
_09172_,113.17µm
pp_inst.core_inst.key_q\[110\],113.17µm
_02604_,113.12µm
clknet_leaf_332_clk,112.81µm
pp_inst.core_inst.asconp_i.x2\[24\],112.76µm
pp_inst.core_inst.asconp_i.x4\[11\],112.71µm
_04617_,112.61µm
_03375_,112.56µm
net335,112.35µm
pp_inst.rd_ptr\[6\],112.2µm
clknet_leaf_516_clk,112.2µm
pp_inst.core_inst.asconp_i.x2\[50\],112.17µm
_09397_,112.15µm
pp_inst.core_inst.asconp_i.x4\[36\],112.15µm
_09300_,112.1µm
_09605_,112.1µm
_09691_,112.1µm
_09796_,112.1µm
_08959_,112.05µm
_09320_,112.05µm
_10232_,112.05µm
pp_inst.fifo_data\[25\]\[2\],112.05µm
_10398_,112µm
net1762,112µm
clknet_leaf_135_clk,111.79µm
clknet_leaf_329_clk,111.74µm
clknet_leaf_517_clk,111.74µm
pp_inst.core_inst.asconp_i.round_cnt\[2\],111.59µm
pp_inst.core_inst.asconp_i.x1\[44\],111.59µm
pp_inst.core_inst.asconp_i.x3\[22\],111.59µm
_07019_,111.54µm
_09166_,111.54µm
pp_inst.fifo_data\[42\]\[31\],111.54µm
spi_ctrl.cs_rise,111.54µm
pp_inst.fifo_data\[29\]\[6\],111.49µm
clknet_leaf_220_clk,111.38µm
_05486_,111.18µm
_09569_,111.08µm
clknet_leaf_228_clk,111.08µm
pp_inst.fifo_data\[41\]\[2\],111.05µm
clknet_leaf_39_clk,111.03µm
_01708_,110.98µm
_04647_,110.98µm
pp_inst.core_inst.asconp_i.round_cnt\[3\],110.98µm
_09916_,110.93µm
pp_inst.fifo_data\[17\]\[31\],110.93µm
_07434_,110.88µm
net439,110.62µm
pp_inst.core_inst.key_q\[115\],110.52µm
clknet_leaf_254_clk,110.52µm
clknet_leaf_287_clk,110.52µm
pp_inst.core_inst.asconp_i.x1\[6\],110.47µm
_09593_,110.42µm
pp_inst.core_inst.key_q\[97\],110.42µm
clknet_leaf_181_clk,110.42µm
_09721_,110.32µm
pp_inst.fifo_data\[15\]\[4\],110.32µm
pp_inst.fifo_data\[57\]\[31\],110.32µm
clknet_leaf_206_clk,110.06µm
_06859_,109.96µm
_11531_,109.93µm
_11080_,109.86µm
pp_inst.fifo_data\[43\]\[31\],109.86µm
_03386_,109.81µm
spi_phy.tx_reg\[6\],109.81µm
_09592_,109.76µm
pp_inst.core_inst.asconp_i.x3\[24\],109.4µm
_09644_,109.35µm
_09958_,109.35µm
_09920_,109.3µm
clknet_leaf_70_clk,109.3µm
_12084_,109.25µm
pp_inst.fifo_data\[62\]\[4\],109.25µm
net1749,109.25µm
clknet_leaf_142_clk,109.25µm
_01865_,109.2µm
pp_inst.core_inst.asconp_i.x3\[4\],108.79µm
pp_inst.core_inst.asconp_i.x4\[2\],108.79µm
net315,108.79µm
bdi\[31\],108.74µm
pp_inst.core_inst.asconp_i.x1\[28\],108.74µm
net1530,108.74µm
pp_inst.fifo_data\[48\]\[2\],108.69µm
_12200_,108.64µm
pp_inst.core_inst.asconp_i.x2\[56\],108.56µm
clknet_leaf_154_clk,108.48µm
_10735_,108.41µm
clknet_leaf_64_clk,108.33µm
clknet_leaf_19_clk,108.28µm
_09772_,108.23µm
_10716_,108.23µm
_00365_,108.18µm
_06370_,108.18µm
_10771_,108.13µm
_11504_,108.13µm
pp_inst.core_inst.asconp_i.x2\[39\],108.13µm
pp_inst.fifo_data\[53\]\[31\],108.13µm
rx_data\[4\],108.13µm
pp_inst.fifo_data\[10\]\[6\],108.08µm
clknet_leaf_66_clk,107.82µm
pp_inst.fifo_data\[33\]\[2\],107.72µm
pp_inst.fifo_data\[60\]\[2\],107.62µm
net1836,107.62µm
_09673_,107.57µm
bdi\[27\],107.57µm
_00266_,107.52µm
_06927_,107.52µm
_12197_,107.52µm
_12223_,107.52µm
_11124_,107.21µm
pp_inst.core_inst.asconp_i.x1\[20\],107.21µm
_10695_,107.16µm
pp_inst.core_inst.asconp_i.x3\[47\],107.16µm
net387,107.16µm
clknet_leaf_162_clk,107.15µm
clknet_leaf_222_clk,107.11µm
pp_inst.core_inst.key_q\[7\],107.06µm
spi_ctrl.word_buf\[3\],107.06µm
clknet_leaf_504_clk,107.06µm
_07642_,107.01µm
_08562_,107.01µm
net408,107.01µm
_00369_,106.96µm
clknet_leaf_497_clk,106.96µm
net421,106.65µm
_09729_,106.6µm
net283,106.55µm
pp_inst.core_inst.asconp_i.x1\[17\],106.5µm
pp_inst.wr_ptr\[0\],106.5µm
_12165_,106.45µm
pp_inst.fifo_data\[31\]\[2\],106.45µm
pp_inst.fifo_data\[59\]\[2\],106.45µm
_09619_,106.4µm
net327,106.14µm
clknet_leaf_170_clk,106.14µm
pp_inst.core_inst.asconp_i.x3\[49\],106.09µm
net1877,106.04µm
pp_inst.core_inst.asconp_i.x4\[6\],105.99µm
_00366_,105.94µm
_12124_,105.94µm
_09747_,105.89µm
pp_inst.core_inst.key_q\[118\],105.89µm
pp_inst.fifo_data\[28\]\[2\],105.89µm
_03873_,105.84µm
_05410_,105.84µm
_11251_,105.84µm
clknet_leaf_218_clk,105.58µm
pp_inst.fifo_data\[0\]\[2\],105.48µm
clknet_leaf_175_clk,105.48µm
clknet_leaf_275_clk,105.47µm
pp_inst.core_inst.asconp_i.x2\[46\],105.43µm
_07435_,105.38µm
_09298_,105.38µm
_09635_,105.38µm
pp_inst.core_inst.asconp_i.x2\[34\],105.38µm
_07613_,105.33µm
pp_inst.fifo_data\[22\]\[4\],105.33µm
net357,105.33µm
_03427_,105.28µm
_04547_,105.28µm
pp_inst.fifo_data\[0\]\[10\],105.28µm
clknet_leaf_336_clk,105.02µm
pp_inst.core_inst.asconp_i.x1\[39\],104.92µm
_12214_,104.82µm
net669,104.82µm
_09355_,104.77µm
pp_inst.fifo_data\[26\]\[2\],104.77µm
pp_inst.core_inst.asconp_i.x3\[18\],104.36µm
_09163_,104.31µm
clknet_leaf_55_clk,104.31µm
_09327_,104.21µm
pp_inst.core_inst.key_q\[33\],104.21µm
_02409_,104.16µm
_08864_,104.16µm
_09723_,104.16µm
pp_inst.core_inst.asconp_i.x3\[29\],103.8µm
_10649_,103.75µm
net410,103.75µm
_09302_,103.7µm
_11012_,103.7µm
net1060,103.7µm
_09539_,103.65µm
pp_inst.fifo_data\[57\]\[2\],103.65µm
_04521_,103.6µm
_06131_,103.6µm
_10796_,103.42µm
clknet_leaf_136_clk,103.39µm
pp_inst.core_inst.asconp_i.x3\[60\],103.29µm
net671,103.29µm
_12140_,103.24µm
pp_inst.core_inst.asconp_i.x1\[9\],103.19µm
pp_inst.core_inst.asconp_i.x3\[9\],103.19µm
_06366_,103.09µm
_09672_,103.09µm
_08996_,103.04µm
_09734_,103.04µm
_11408_,103.04µm
_01932_,102.87µm
clknet_leaf_26_clk,102.78µm
pp_inst.fifo_data\[46\]\[2\],102.73µm
clknet_leaf_151_clk,102.73µm
_09560_,102.68µm
_11087_,102.63µm
_00007_,102.58µm
_09587_,102.58µm
_11049_,102.58µm
bdi_valid\[3\],102.58µm
net1208,102.58µm
_04233_,102.53µm
_04679_,102.53µm
_12305_,102.53µm
pp_inst.fifo_data\[11\]\[2\],102.53µm
pp_inst.fifo_data\[19\]\[4\],102.53µm
pp_inst.fifo_data\[43\]\[4\],102.53µm
pp_inst.fifo_data\[55\]\[31\],102.53µm
_04683_,102.48µm
net317,102.48µm
pp_inst.fifo_data\[11\]\[4\],102.12µm
_12219_,102.07µm
pp_inst.core_inst.asconp_i.x2\[59\],102.07µm
pp_inst.core_inst.asconp_i.x3\[31\],102.07µm
_03966_,102.02µm
_09304_,102.02µm
_00006_,101.97µm
_05019_,101.97µm
net1490,101.97µm
pp_inst.fifo_data\[52\]\[31\],101.92µm
net409,101.76µm
_09345_,101.62µm
clknet_leaf_101_clk,101.56µm
clknet_leaf_205_clk,101.56µm
clknet_leaf_345_clk,101.56µm
_09549_,101.51µm
_10369_,101.51µm
pp_inst.core_inst.asconp_i.x4\[22\],101.51µm
pp_inst.core_inst.key_q\[45\],101.46µm
pp_inst.fifo_data\[9\]\[31\],101.41µm
net1779,101.41µm
_11246_,101.36µm
bdi_type\[3\],101.36µm
pp_inst.fifo_data\[44\]\[4\],101.25µm
pp_inst.core_inst.key_q\[102\],101.13µm
pp_inst.core_inst.asconp_i.x3\[5\],101.1µm
_07025_,101.05µm
clknet_leaf_48_clk,101.05µm
clknet_leaf_266_clk,101.05µm
net430,100.95µm
_06812_,100.9µm
_09563_,100.9µm
clknet_leaf_323_clk,100.89µm
_00013_,100.85µm
pp_inst.fifo_data\[3\]\[6\],100.85µm
pp_inst.fifo_data\[42\]\[4\],100.85µm
pp_inst.fifo_data\[50\]\[2\],100.85µm
_07638_,100.8µm
_11925_,100.8µm
_09336_,100.64µm
_11180_,100.44µm
pp_inst.core_inst.asconp_i.x1\[8\],100.44µm
clknet_leaf_198_clk,100.43µm
spi_ctrl.pend_type\[0\],100.34µm
spi_ctrl.word_buf\[4\],100.34µm
pp_inst.fifo_data\[39\]\[31\],100.29µm
net1118,100.29µm
_00655_,100.24µm
_02921_,100.24µm
_03180_,100.24µm
pp_inst.fifo_data\[19\]\[2\],100.24µm
pp_inst.fifo_data\[58\]\[6\],100.24µm
_09964_,99.88µm
clknet_leaf_225_clk,99.83µm
_01996_,99.78µm
pp_inst.core_inst.asconp_i.x4\[24\],99.78µm
_03423_,99.68µm
_05464_,99.68µm
_10474_,99.68µm
pp_inst.fifo_data\[19\]\[31\],99.68µm
net451,99.47µm
pp_inst.core_inst.asconp_i.x1\[19\],99.37µm
pp_inst.core_inst.asconp_i.x1\[30\],99.27µm
pp_inst.core_inst.asconp_i.x2\[16\],99.27µm
clknet_leaf_56_clk,99.27µm
_05943_,99.22µm
_10214_,99.22µm
clknet_leaf_183_clk,99.22µm
clknet_leaf_485_clk,99.22µm
_01740_,99.21µm
_04938_,99.17µm
_06426_,99.17µm
_01900_,99.12µm
_11148_,98.81µm
pp_inst.core_inst.asconp_i.x3\[15\],98.76µm
net1778,98.76µm
clknet_leaf_76_clk,98.76µm
_10832_,98.71µm
pp_inst.core_inst.asconp_i.x3\[53\],98.71µm
pp_inst.core_inst.asconp_i.x2\[20\],98.66µm
_04311_,98.61µm
_08430_,98.61µm
pp_inst.fifo_data\[50\]\[4\],98.61µm
net282,98.61µm
_02860_,98.56µm
_10417_,98.56µm
bdi\[14\],98.56µm
_09779_,98.25µm
_00002_,98.15µm
net1533,98.15µm
_09877_,98.1µm
net1596,98.05µm
_03306_,98µm
_03324_,98µm
_10554_,98µm
_11083_,98µm
net364,97.84µm
_09165_,97.69µm
clknet_leaf_0_clk,97.69µm
net672,97.59µm
clknet_leaf_496_clk,97.59µm
_06907_,97.54µm
_09861_,97.54µm
bdi\[2\],97.54µm
pp_inst.core_inst.reg_state_i.data_d\[199\],97.5µm
_09733_,97.49µm
_03379_,97.44µm
_04368_,97.44µm
_05991_,97.44µm
pp_inst.core_inst.key_q\[113\],97.23µm
clknet_leaf_250_clk,97.14µm
pp_inst.rd_ptr\[3\],97.08µm
_08761_,97.03µm
_09328_,97.03µm
clknet_leaf_53_clk,97.03µm
clknet_leaf_482_clk,97.03µm
clknet_leaf_284_clk,96.98µm
_09663_,96.93µm
_10966_,96.93µm
pp_inst.fifo_data\[37\]\[6\],96.93µm
_07584_,96.88µm
_09637_,96.88µm
clknet_leaf_252_clk,96.52µm
_03465_,96.47µm
spi_ctrl.state\[2\],96.47µm
_06512_,96.42µm
_12125_,96.42µm
pp_inst.core_inst.asconp_i.x2\[35\],96.42µm
_11248_,96.37µm
_02828_,96.32µm
_05689_,96.32µm
clknet_leaf_155_clk,96.01µm
pp_inst.core_inst.asconp_i.x4\[16\],95.96µm
_10114_,95.91µm
pp_inst.core_inst.asconp_i.x2\[61\],95.91µm
pp_inst.core_inst.asconp_i.x2\[19\],95.86µm
_00185_,95.81µm
_10785_,95.81µm
pp_inst.core_inst.asconp_i.x1\[23\],95.81µm
pp_inst.fifo_data\[51\]\[13\],95.81µm
_01356_,95.76µm
_06139_,95.76µm
_09161_,95.76µm
_09506_,95.76µm
_11137_,95.76µm
pp_inst.core_inst.key_q\[123\],95.76µm
clknet_leaf_246_clk,95.5µm
pp_inst.fifo_data\[56\]\[4\],95.4µm
clknet_leaf_484_clk,95.4µm
clknet_leaf_130_clk,95.35µm
clknet_leaf_274_clk,95.35µm
pp_inst.fifo_data\[44\]\[2\],95.3µm
net1721,95.3µm
_00803_,95.25µm
_04949_,95.25µm
_06585_,95.25µm
_09921_,95.25µm
_12099_,95.25µm
pp_inst.fifo_data\[54\]\[4\],95.25µm
_00004_,95.2µm
_09891_,94.84µm
clknet_leaf_67_clk,94.84µm
net684,94.79µm
clknet_leaf_302_clk,94.79µm
_04582_,94.74µm
_05025_,94.74µm
_09831_,94.74µm
_04366_,94.69µm
_09503_,94.69µm
net485,94.69µm
_01516_,94.64µm
_01644_,94.64µm
_01676_,94.64µm
_04045_,94.64µm
_06096_,94.64µm
_06940_,94.64µm
_07675_,94.64µm
_09659_,94.63µm
pp_inst.fifo_data\[43\]\[2\],94.41µm
pp_inst.core_inst.asconp_i.x4\[41\],94.38µm
pp_inst.core_inst.asconp_i.x3\[26\],94.28µm
pp_inst.core_inst.asconp_i.x4\[12\],94.28µm
pp_inst.core_inst.key_q\[106\],94.23µm
_10166_,94.18µm
_11247_,94.18µm
pp_inst.core_inst.asconp_i.x4\[13\],94.18µm
pp_inst.fifo_data\[49\]\[31\],94.18µm
_09918_,94.13µm
_00005_,94.08µm
_04584_,94.08µm
pp_inst.core_inst.asconp_i.x3\[62\],93.82µm
pp_inst.fifo_data\[23\]\[3\],93.67µm
clknet_leaf_88_clk,93.67µm
_00182_,93.62µm
pp_inst.wr_ptr\[6\],93.62µm
clknet_leaf_438_clk,93.62µm
_00212_,93.57µm
_04680_,93.52µm
clknet_leaf_45_clk,93.26µm
clknet_leaf_145_clk,93.26µm
clknet_leaf_24_clk,93.21µm
clknet_leaf_251_clk,93.21µm
pp_inst.core_inst.key_q\[84\],93.16µm
clknet_leaf_335_clk,93.16µm
_00370_,93.13µm
_12093_,93.11µm
pp_inst.core_inst.asconp_i.x2\[51\],93.06µm
pp_inst.core_inst.key_q\[122\],93.06µm
net388,93.06µm
clknet_leaf_234_clk,93.06µm
_00657_,93.01µm
_06920_,93.01µm
_11806_,93.01µm
pp_inst.fifo_data\[51\]\[4\],93.01µm
_03560_,92.96µm
_04347_,92.96µm
_07671_,92.96µm
_08595_,92.96µm
_09521_,92.96µm
_09829_,92.96µm
_10107_,92.96µm
pp_inst.fifo_data\[42\]\[6\],92.96µm
clknet_leaf_31_clk,92.65µm
clknet_leaf_94_clk,92.65µm
clknet_leaf_288_clk,92.65µm
clknet_leaf_347_clk,92.65µm
clknet_leaf_507_clk,92.6µm
_05860_,92.55µm
pp_inst.core_inst.asconp_i.x1\[40\],92.55µm
_09994_,92.5µm
clknet_leaf_194_clk,92.5µm
_04935_,92.45µm
pp_inst.core_inst.key_q\[101\],92.45µm
pp_inst.fifo_data\[58\]\[4\],92.45µm
_05020_,92.4µm
_12351_,92.4µm
pp_inst.fifo_data\[33\]\[31\],92.4µm
pp_inst.fifo_data\[55\]\[13\],92.4µm
_01836_,92.23µm
clknet_leaf_147_clk,92.09µm
clknet_leaf_354_clk,91.99µm
_09305_,91.94µm
_00283_,91.89µm
_04864_,91.89µm
_04871_,91.89µm
_09136_,91.89µm
_11717_,91.89µm
pp_inst.core_inst.asconp_i.x1\[3\],91.89µm
pp_inst.fifo_data\[40\]\[31\],91.89µm
_03716_,91.84µm
_06866_,91.84µm
pp_inst.fifo_data\[36\]\[6\],91.84µm
clknet_leaf_126_clk,91.59µm
_09323_,91.48µm
clknet_leaf_481_clk,91.48µm
_00819_,91.43µm
clknet_leaf_226_clk,91.43µm
clknet_leaf_303_clk,91.43µm
_11837_,91.38µm
pp_inst.fifo_data\[55\]\[2\],91.38µm
pp_inst.fifo_data\[24\]\[2\],91.33µm
_04111_,91.28µm
_04589_,91.28µm
_09888_,91.28µm
pp_inst.fifo_data\[13\]\[6\],91.28µm
pp_inst.core_inst.asconp_i.x1\[10\],90.97µm
clknet_leaf_87_clk,90.97µm
net1777,90.87µm
_09315_,90.82µm
_09502_,90.82µm
_00214_,90.77µm
pp_inst.core_inst.asconp_i.x3\[44\],90.77µm
pp_inst.core_inst.key_q\[117\],90.77µm
pp_inst.core_inst.key_q\[39\],90.77µm
pp_inst.fifo_data\[27\]\[2\],90.77µm
_07935_,90.72µm
pp_inst.core_inst.asconp_i.x2\[53\],90.46µm
pp_inst.core_inst.asconp_i.x3\[12\],90.41µm
_10792_,90.36µm
clknet_leaf_47_clk,90.36µm
clknet_leaf_93_clk,90.36µm
_09335_,90.31µm
pp_inst.core_inst.key_q\[31\],90.31µm
_09878_,90.26µm
pp_inst.fifo_data\[4\]\[31\],90.26µm
_00183_,90.21µm
_02060_,90.21µm
_09777_,90.21µm
clknet_leaf_344_clk,90.21µm
_07840_,90.16µm
_08401_,90.16µm
_11378_,90.16µm
clknet_leaf_189_clk,90.03µm
_10515_,89.85µm
_09648_,89.8µm
_09732_,89.8µm
clknet_leaf_201_clk,89.8µm
clknet_leaf_338_clk,89.8µm
clknet_leaf_415_clk,89.75µm
_03682_,89.7µm
_07024_,89.7µm
_07369_,89.7µm
_10451_,89.7µm
_05805_,89.65µm
_12076_,89.65µm
pp_inst.fifo_data\[17\]\[2\],89.65µm
spi_ctrl.word_buf\[5\],89.65µm
_10001_,89.6µm
_09803_,89.5µm
net330,89.49µm
pp_inst.core_inst.asconp_i.x2\[45\],89.47µm
pp_inst.core_inst.asconp_i.x1\[57\],89.24µm
clknet_leaf_277_clk,89.24µm
pp_inst.core_inst.asconp_i.x2\[40\],89.19µm
clknet_leaf_103_clk,89.19µm
_09525_,89.14µm
pp_inst.fifo_data\[2\]\[4\],89.14µm
pp_inst.core_inst.asconp_i.x2\[37\],89.09µm
pp_inst.fifo_data\[3\]\[4\],89.09µm
_01136_,89.04µm
_03244_,89.04µm
pp_inst.fifo_data\[60\]\[4\],89.04µm
clknet_leaf_213_clk,88.68µm
pp_inst.core_inst.asconp_i.x1\[38\],88.63µm
_06948_,88.58µm
pp_inst.core_inst.asconp_i.x1\[13\],88.58µm
_04546_,88.53µm
_05472_,88.53µm
_09513_,88.53µm
_03177_,88.48µm
_03353_,88.48µm
_03918_,88.48µm
_04682_,88.48µm
_10129_,88.48µm
clknet_leaf_50_clk,88.32µm
clknet_leaf_144_clk,88.12µm
clknet_leaf_164_clk,88.12µm
pp_inst.core_inst.asconp_i.x4\[39\],88.07µm
pp_inst.fifo_data\[25\]\[4\],88.07µm
_06443_,88.02µm
pp_inst.core_inst.asconp_i.x4\[15\],88.02µm
pp_inst.fifo_data\[46\]\[6\],88.02µm
clknet_leaf_11_clk,88.02µm
pp_inst.core_inst.asconp_i.x1\[27\],87.97µm
pp_inst.core_inst.mode_q\[2\],87.97µm
pp_inst.fifo_data\[22\]\[31\],87.97µm
pp_inst.fifo_data\[20\]\[6\],87.92µm
pp_inst.fifo_data\[47\]\[4\],87.92µm
_12090_,87.66µm
net1852,87.66µm
clknet_leaf_166_clk,87.61µm
clknet_leaf_245_clk,87.56µm
clknet_leaf_511_clk,87.56µm
_09170_,87.51µm
pp_inst.core_inst.asconp_i.x0\[42\],87.51µm
_00014_,87.46µm
_07571_,87.46µm
_09766_,87.46µm
_11964_,87.46µm
_09318_,87.41µm
_09603_,87.41µm
_11282_,87.41µm
pp_inst.core_inst.asconp_i.x3\[1\],87.41µm
pp_inst.fifo_data\[49\]\[4\],87.41µm
pp_inst.fifo_data\[51\]\[10\],87.41µm
pp_inst.rd_ptr\[0\],87.41µm
_03819_,87.36µm
_07038_,87.36µm
_11512_,87.36µm
pp_inst.fifo_data\[50\]\[10\],87.08µm
clknet_leaf_188_clk,87.07µm
pp_inst.core_inst.asconp_i.x1\[16\],87.05µm
pp_inst.core_inst.asconp_i.x1\[22\],87µm
pp_inst.core_inst.asconp_i.x2\[22\],87µm
clknet_leaf_68_clk,87µm
_00822_,86.95µm
bdi\[21\],86.95µm
pp_inst.core_inst.asconp_i.x3\[63\],86.95µm
clknet_leaf_278_clk,86.95µm
_04460_,86.9µm
_12130_,86.9µm
pp_inst.core_inst.asconp_i.x2\[42\],86.9µm
clknet_leaf_286_clk,86.9µm
_12077_,86.86µm
_09567_,86.85µm
_09765_,86.85µm
pp_inst.fifo_data\[25\]\[6\],86.85µm
net1091,86.85µm
_04545_,86.8µm
_09709_,86.8µm
_12095_,86.8µm
clknet_leaf_118_clk,86.8µm
clknet_leaf_243_clk,86.44µm
_01388_,86.34µm
_01452_,86.34µm
clknet_leaf_149_clk,86.34µm
_04656_,86.29µm
_05100_,86.29µm
_07645_,86.29µm
_09750_,86.29µm
_09909_,86.29µm
pp_inst.fifo_data\[55\]\[10\],86.29µm
_01833_,86.24µm
_04560_,86.24µm
_05382_,86.24µm
_09956_,86.24µm
_09998_,86.24µm
pp_inst.fifo_data\[4\]\[10\],86.24µm
net1718,86.24µm
clknet_leaf_244_clk,86.03µm
clknet_leaf_46_clk,85.93µm
clknet_leaf_295_clk,85.88µm
pp_inst.core_inst.key_q\[1\],85.83µm
net368,85.83µm
_09301_,85.78µm
_09623_,85.78µm
clknet_leaf_268_clk,85.78µm
pp_inst.core_inst.key_q\[20\],85.73µm
_00809_,85.68µm
_06990_,85.68µm
_08992_,85.68µm
_09164_,85.68µm
_09526_,85.68µm
_09562_,85.68µm
_12075_,85.68µm
pp_inst.fifo_data\[8\]\[31\],85.68µm
clknet_leaf_96_clk,85.5µm
clknet_leaf_98_clk,85.37µm
clknet_leaf_117_clk,85.37µm
clknet_leaf_306_clk,85.37µm
pp_inst.core_inst.asconp_i.x1\[14\],85.32µm
clknet_leaf_124_clk,85.32µm
_00184_,85.27µm
_09833_,85.27µm
pp_inst.core_inst.asconp_i.x2\[14\],85.22µm
pp_inst.core_inst.key_q\[29\],85.22µm
clknet_leaf_273_clk,85.22µm
_06340_,85.17µm
_09579_,85.17µm
pp_inst.fifo_data\[13\]\[2\],85.17µm
pp_inst.fifo_data\[58\]\[2\],85.17µm
pp_inst.core_inst.key_q\[111\],85.12µm
pp_inst.fifo_data\[58\]\[31\],85.12µm
net1514,84.81µm
clknet_leaf_231_clk,84.76µm
_00805_,84.66µm
_07018_,84.66µm
pp_inst.core_inst.asconp_i.x4\[17\],84.66µm
clknet_leaf_202_clk,84.66µm
_02953_,84.61µm
_09407_,84.61µm
_07440_,84.56µm
_09727_,84.56µm
_09842_,84.56µm
pp_inst.fifo_data\[17\]\[6\],84.56µm
pp_inst.core_inst.asconp_i.x3\[41\],84.2µm
pp_inst.core_inst.asconp_i.x1\[26\],84.15µm
clknet_leaf_57_clk,84.15µm
_00188_,84.1µm
_00804_,84.1µm
_09845_,84.1µm
clknet_leaf_372_clk,84.1µm
_06210_,84.05µm
_09677_,84.05µm
_09880_,84.05µm
pp_inst.core_inst.key_q\[105\],84.05µm
pp_inst.fifo_data\[7\]\[6\],84.05µm
pp_inst.fifo_data\[27\]\[0\],84.03µm
_02092_,84µm
_03424_,84µm
_05060_,84µm
pp_inst.fifo_data\[38\]\[4\],84µm
pp_inst.fifo_data\[42\]\[2\],84µm
pp_inst.fifo_data\[29\]\[4\],83.95µm
clknet_leaf_204_clk,83.69µm
clknet_leaf_437_clk,83.69µm
_09438_,83.59µm
_09160_,83.54µm
_09396_,83.54µm
_09702_,83.54µm
_10388_,83.54µm
_12083_,83.54µm
spi_ctrl.word_buf\[18\],83.54µm
clknet_leaf_272_clk,83.54µm
pp_inst.core_inst.asconp_i.x1\[52\],83.49µm
pp_inst.core_inst.key_q\[21\],83.49µm
pp_inst.core_inst.key_q\[52\],83.49µm
pp_inst.core_inst.key_q\[5\],83.49µm
clknet_leaf_328_clk,83.49µm
_01324_,83.44µm
_06934_,83.44µm
clknet_leaf_531_clk,83.08µm
clknet_leaf_131_clk,83.03µm
clknet_leaf_508_clk,83.03µm
clknet_leaf_271_clk,82.98µm
clknet_leaf_313_clk,82.98µm
_07130_,82.93µm
_07770_,82.93µm
_10987_,82.93µm
bdi\[26\],82.93µm
_02446_,82.88µm
_02825_,82.88µm
_03404_,82.88µm
_06325_,82.88µm
_11325_,82.88µm
clknet_leaf_339_clk,82.62µm
clknet_leaf_163_clk,82.57µm
clknet_leaf_69_clk,82.52µm
clknet_leaf_259_clk,82.47µm
clknet_leaf_269_clk,82.47µm
pp_inst.core_inst.key_q\[14\],82.42µm
_01513_,82.37µm
_03116_,82.37µm
_06311_,82.37µm
_09248_,82.37µm
_09617_,82.37µm
clknet_leaf_279_clk,82.37µm
clknet_leaf_289_clk,82.36µm
_04566_,82.32µm
_05465_,82.32µm
pp_inst.fifo_data\[54\]\[6\],82.32µm
clknet_leaf_322_clk,82.19µm
clknet_leaf_73_clk,82.01µm
_00367_,81.96µm
pp_inst.core_inst.asconp_i.x1\[7\],81.96µm
clknet_leaf_479_clk,81.96µm
pp_inst.core_inst.asconp_i.x4\[29\],81.91µm
_06983_,81.86µm
_09462_,81.86µm
_09566_,81.86µm
pp_inst.core_inst.key_q\[116\],81.86µm
_07168_,81.81µm
pp_inst.fifo_data\[29\]\[10\],81.81µm
net1824,81.81µm
_01804_,81.76µm
_01964_,81.76µm
_02380_,81.76µm
_10535_,81.76µm
_11499_,81.76µm
pp_inst.fifo_data\[27\]\[4\],81.76µm
net1819,81.45µm
clknet_leaf_49_clk,81.45µm
_00221_,81.35µm
_09640_,81.35µm
clknet_leaf_21_clk,81.35µm
clknet_leaf_105_clk,81.3µm
_01772_,81.25µm
_06384_,81.25µm
_09568_,81.25µm
_06962_,81.2µm
_09717_,81.2µm
_12251_,81.2µm
pp_inst.core_inst.asconp_i.x2\[2\],81.2µm
pp_inst.core_inst.key_q\[104\],81.2µm
pp_inst.fifo_data\[0\]\[14\],81.2µm
pp_inst.fifo_data\[2\]\[31\],81.2µm
pp_inst.core_inst.asconp_i.x2\[43\],80.84µm
clknet_leaf_82_clk,80.83µm
_11013_,80.79µm
pp_inst.core_inst.asconp_i.x1\[55\],80.79µm
pp_inst.core_inst.asconp_i.x4\[14\],80.79µm
pp_inst.fifo_data\[16\]\[10\],80.79µm
net516,80.79µm
pp_inst.core_inst.asconp_i.x4\[10\],80.69µm
_03307_,80.64µm
_05409_,80.64µm
_05795_,80.64µm
_09827_,80.64µm
pp_inst.fifo_data\[17\]\[10\],80.64µm
pp_inst.fifo_data\[36\]\[31\],80.64µm
clknet_leaf_114_clk,80.33µm
clknet_leaf_480_clk,80.28µm
clknet_leaf_23_clk,80.23µm
clknet_leaf_249_clk,80.23µm
_09278_,80.18µm
pp_inst.fifo_data\[23\]\[31\],80.18µm
_00373_,80.13µm
_08897_,80.13µm
_09375_,80.13µm
clknet_leaf_33_clk,80.13µm
clknet_leaf_317_clk,80.13µm
_00656_,80.08µm
pp_inst.fifo_data\[6\]\[4\],80.08µm
clknet_leaf_281_clk,79.72µm
clknet_leaf_294_clk,79.72µm
_09782_,79.67µm
clknet_leaf_276_clk,79.67µm
_01548_,79.57µm
_02924_,79.57µm
_05087_,79.57µm
_07236_,79.57µm
pp_inst.core_inst.key_q\[82\],79.57µm
pp_inst.fifo_data\[5\]\[6\],79.57µm
clknet_leaf_532_clk,79.57µm
_00995_,79.52µm
_04635_,79.52µm
_12147_,79.52µm
pp_inst.fifo_data\[7\]\[2\],79.52µm
_10922_,79.26µm
clknet_leaf_139_clk,79.21µm
clknet_leaf_158_clk,79.2µm
pp_inst.fifo_data\[62\]\[10\],79.16µm
clknet_leaf_265_clk,79.16µm
clknet_leaf_299_clk,79.11µm
_09319_,79.06µm
_10991_,79.06µm
pp_inst.core_inst.key_q\[47\],79.06µm
pp_inst.fifo_data\[8\]\[4\],79.05µm
pp_inst.core_inst.asconp_i.x0\[0\],79.01µm
pp_inst.core_inst.asconp_i.x0\[23\],79.01µm
pp_inst.core_inst.asconp_i.x4\[58\],79.01µm
pp_inst.core_inst.mode_q\[3\],79.01µm
pp_inst.fifo_data\[24\]\[4\],79.01µm
pp_inst.fifo_data\[56\]\[31\],79.01µm
_01315_,78.96µm
_01326_,78.96µm
_07128_,78.96µm
_09399_,78.96µm
clknet_leaf_264_clk,78.7µm
net427,78.6µm
pp_inst.core_inst.key_q\[58\],78.55µm
spi_phy.sclk_sync\[1\],78.55µm
_00070_,78.5µm
_00216_,78.5µm
spi_ctrl.tx_shift_reg\[2\],78.5µm
clknet_leaf_208_clk,78.5µm
clknet_leaf_262_clk,78.49µm
_04292_,78.45µm
_06344_,78.45µm
_09901_,78.45µm
_10814_,78.45µm
pp_inst.fifo_data\[57\]\[10\],78.45µm
_02796_,78.4µm
_03453_,78.4µm
_11686_,78.4µm
_10606_,78.27µm
clknet_leaf_385_clk,78.22µm
clknet_leaf_148_clk,78.09µm
clknet_leaf_247_clk,78.09µm
pp_inst.core_inst.asconp_i.x4\[20\],77.94µm
_00823_,77.89µm
_02540_,77.89µm
_09251_,77.89µm
_00281_,77.84µm
_02732_,77.84µm
_09754_,77.84µm
pp_inst.fifo_data\[30\]\[31\],77.84µm
pp_inst.fifo_data\[32\]\[4\],77.84µm
_09400_,77.48µm
pp_inst.core_inst.asconp_i.x4\[60\],77.48µm
pp_inst.core_inst.asconp_i.x2\[57\],77.43µm
pp_inst.core_inst.asconp_i.x4\[42\],77.43µm
pp_inst.core_inst.key_q\[59\],77.38µm
pp_inst.core_inst.key_q\[6\],77.38µm
_00211_,77.33µm
_01710_,77.33µm
_09581_,77.33µm
net495,77.33µm
clknet_leaf_27_clk,77.33µm
clknet_leaf_308_clk,77.33µm
_02793_,77.28µm
_11212_,77.28µm
_12078_,77.28µm
pp_inst.fifo_data\[15\]\[6\],77.28µm
_12092_,76.97µm
clknet_leaf_112_clk,76.97µm
_09471_,76.92µm
_00272_,76.87µm
pp_inst.core_inst.key_q\[95\],76.87µm
_01769_,76.82µm
_09551_,76.82µm
_09669_,76.82µm
pp_inst.fifo_data\[30\]\[6\],76.82µm
spi_ctrl.state\[4\],76.82µm
_04470_,76.77µm
_05016_,76.77µm
_09445_,76.77µm
_11500_,76.77µm
_12209_,76.77µm
pp_inst.core_inst.key_q\[36\],76.77µm
clknet_leaf_141_clk,76.77µm
_05907_,76.72µm
_09479_,76.49µm
clknet_leaf_167_clk,76.46µm
clknet_leaf_179_clk,76.41µm
clknet_leaf_115_clk,76.36µm
clknet_leaf_138_clk,76.36µm
clknet_leaf_106_clk,76.31µm
clknet_leaf_211_clk,76.31µm
_10508_,76.26µm
clknet_leaf_9_clk,76.26µm
clknet_leaf_439_clk,76.26µm
_01319_,76.21µm
_06667_,76.21µm
_09401_,76.21µm
_09881_,76.21µm
_10551_,76.21µm
pp_inst.fifo_data\[36\]\[4\],76.21µm
pp_inst.fifo_data\[50\]\[13\],76.21µm
_00200_,76.16µm
_03361_,76.16µm
_03600_,76.16µm
_03965_,76.16µm
_04523_,76.16µm
_06158_,76.16µm
_08431_,76.16µm
_09252_,76.16µm
clknet_leaf_95_clk,76.07µm
net465,75.85µm
clknet_leaf_472_clk,75.85µm
clknet_leaf_477_clk,75.8µm
_09174_,75.75µm
pp_inst.core_inst.asconp_i.x4\[61\],75.75µm
pp_inst.core_inst.key_q\[77\],75.75µm
clknet_leaf_40_clk,75.75µm
clknet_leaf_104_clk,75.75µm
clknet_leaf_113_clk,75.75µm
clknet_leaf_235_clk,75.75µm
clknet_leaf_330_clk,75.75µm
_00818_,75.7µm
_07061_,75.7µm
_09380_,75.7µm
_09389_,75.7µm
pp_inst.core_inst.asconp_i.x1\[15\],75.7µm
pp_inst.core_inst.asconp_i.x1\[63\],75.7µm
pp_inst.core_inst.asconp_i.x3\[57\],75.7µm
pp_inst.fifo_data\[18\]\[31\],75.7µm
clknet_leaf_62_clk,75.7µm
_02156_,75.65µm
_02601_,75.65µm
_03145_,75.6µm
_07704_,75.6µm
_07902_,75.6µm
_09360_,75.6µm
_09823_,75.6µm
pp_inst.fifo_data\[39\]\[13\],75.6µm
clknet_leaf_373_clk,75.29µm
_00361_,75.19µm
_10956_,75.19µm
pp_inst.core_inst.asconp_i.x2\[5\],75.19µm
net1732,75.19µm
clknet_leaf_123_clk,75.19µm
clknet_leaf_378_clk,75.19µm
_09309_,75.14µm
pp_inst.fifo_data\[26\]\[4\],75.14µm
pp_inst.fifo_data\[9\]\[2\],75.14µm
clknet_leaf_80_clk,75.14µm
_07572_,75.09µm
_11250_,75.09µm
bdi\[29\],75.09µm
pp_inst.core_inst.key_q\[70\],75.09µm
pp_inst.fifo_data\[9\]\[13\],75.09µm
clknet_leaf_487_clk,75.09µm
_03212_,75.04µm
_04533_,75.04µm
_12330_,75.04µm
pp_inst.core_inst.reg_state_i.data_d\[231\],75.04µm
pp_inst.fifo_data\[57\]\[0\],75.04µm
clknet_leaf_74_clk,75.04µm
pp_inst.core_inst.asconp_i.x0\[31\],74.81µm
net1500,74.78µm
net1680,74.73µm
clknet_leaf_435_clk,74.73µm
clknet_leaf_263_clk,74.68µm
clknet_leaf_300_clk,74.68µm
clknet_leaf_343_clk,74.68µm
pp_inst.fifo_data\[26\]\[6\],74.63µm
_09040_,74.58µm
_09350_,74.58µm
_11501_,74.58µm
clknet_leaf_215_clk,74.58µm
_09979_,74.53µm
pp_inst.core_inst.key_q\[51\],74.53µm
pp_inst.fifo_data\[27\]\[7\],74.53µm
pp_inst.fifo_data\[44\]\[31\],74.53µm
_01612_,74.48µm
_04955_,74.48µm
_07372_,74.48µm
pp_inst.fifo_data\[45\]\[31\],74.48µm
_09197_,74.12µm
pp_inst.core_inst.key_q\[86\],74.07µm
pp_inst.fifo_data\[37\]\[3\],74.07µm
clknet_leaf_207_clk,74.07µm
_08199_,74.02µm
_09241_,74.02µm
_09344_,74.02µm
pp_inst.core_inst.asconp_i.x1\[21\],74.02µm
pp_inst.fifo_data\[16\]\[13\],74.02µm
_03017_,73.97µm
_03305_,73.97µm
_05029_,73.97µm
_07206_,73.97µm
_08178_,73.97µm
_09308_,73.97µm
pp_inst.fifo_data\[62\]\[31\],73.97µm
net1654,73.97µm
clknet_leaf_483_clk,73.97µm
_09208_,73.92µm
pp_inst.core_inst.reg_state_i.data_d\[194\],73.92µm
pp_inst.fifo_data\[32\]\[6\],73.92µm
net397,73.66µm
pp_inst.fifo_data\[46\]\[4\],73.64µm
net337,73.61µm
clknet_leaf_84_clk,73.61µm
clknet_leaf_192_clk,73.56µm
clknet_leaf_217_clk,73.56µm
_10414_,73.54µm
pp_inst.core_inst.asconp_i.x2\[6\],73.51µm
clknet_leaf_137_clk,73.51µm
clknet_leaf_193_clk,73.51µm
clknet_leaf_432_clk,73.51µm
clknet_leaf_462_clk,73.51µm
pp_inst.core_inst.asconp_i.x2\[58\],73.46µm
clknet_leaf_510_clk,73.46µm
_00814_,73.41µm
_08544_,73.41µm
_09996_,73.41µm
_12079_,73.41µm
_03816_,73.36µm
_08331_,73.36µm
_08541_,73.36µm
_10870_,73.36µm
net356,73.05µm
pp_inst.core_inst.asconp_i.x2\[28\],72.95µm
pp_inst.core_inst.key_q\[11\],72.95µm
pp_inst.core_inst.key_q\[44\],72.95µm
clknet_leaf_176_clk,72.95µm
_00824_,72.85µm
_02121_,72.85µm
_09398_,72.85µm
pp_inst.core_inst.asconp_i.x2\[1\],72.85µm
pp_inst.fifo_data\[47\]\[10\],72.85µm
pp_inst.fifo_data\[7\]\[4\],72.85µm
clknet_leaf_506_clk,72.85µm
_03273_,72.8µm
_05889_,72.8µm
_09176_,72.8µm
_09576_,72.8µm
_09821_,72.8µm
_12222_,72.8µm
net1501,72.8µm
_09618_,72.44µm
pp_inst.core_inst.asconp_i.x2\[55\],72.44µm
clknet_leaf_177_clk,72.43µm
clknet_leaf_237_clk,72.43µm
_11091_,72.39µm
pp_inst.core_inst.asconp_i.x2\[60\],72.39µm
pp_inst.core_inst.asconp_i.x4\[27\],72.39µm
pp_inst.core_inst.key_q\[80\],72.39µm
pp_inst.fifo_data\[25\]\[0\],72.39µm
clknet_leaf_296_clk,72.39µm
clknet_leaf_459_clk,72.39µm
_04674_,72.34µm
spi_ctrl.tx_shift_reg\[4\],72.34µm
_00273_,72.29µm
_04553_,72.29µm
_08422_,72.29µm
_09708_,72.29µm
_09719_,72.29µm
pp_inst.fifo_data\[23\]\[2\],72.29µm
_02316_,72.24µm
_02345_,72.24µm
_04289_,72.24µm
_09919_,72.24µm
pp_inst.core_inst.key_q\[56\],71.93µm
clknet_leaf_503_clk,71.93µm
pp_inst.core_inst.asconp_i.x3\[36\],71.88µm
clknet_leaf_120_clk,71.88µm
clknet_leaf_236_clk,71.88µm
_07026_,71.83µm
_09597_,71.83µm
pp_inst.core_inst.key_q\[53\],71.83µm
clknet_leaf_78_clk,71.83µm
clknet_leaf_312_clk,71.83µm
_09687_,71.78µm
_10761_,71.78µm
pp_inst.fifo_data\[21\]\[2\],71.78µm
clknet_leaf_119_clk,71.78µm
_01390_,71.73µm
_02668_,71.73µm
_03088_,71.73µm
pp_inst.core_inst.asconp_i.x1\[11\],71.73µm
pp_inst.core_inst.key_q\[13\],71.73µm
pp_inst.fifo_data\[60\]\[3\],71.73µm
spi_ctrl.tx_shift_reg\[5\],71.73µm
_03711_,71.68µm
_04586_,71.68µm
_06570_,71.68µm
pp_inst.fifo_data\[27\]\[31\],71.68µm
pp_inst.core_inst.asconp_i.x3\[33\],71.37µm
net370,71.37µm
clknet_leaf_61_clk,71.32µm
pp_inst.core_inst.asconp_i.x1\[42\],71.27µm
pp_inst.core_inst.asconp_i.x2\[0\],71.27µm
_09276_,71.22µm
pp_inst.fifo_data\[62\]\[13\],71.22µm
_09692_,71.17µm
pp_inst.core_inst.key_q\[98\],71.17µm
_00806_,71.12µm
bdi\[18\],71.12µm
pp_inst.fifo_data\[45\]\[4\],71.12µm
pp_inst.fifo_data\[63\]\[6\],70.89µm
pp_inst.fifo_data\[42\]\[7\],70.84µm
clknet_leaf_230_clk,70.81µm
_09662_,70.73µm
pp_inst.core_inst.asconp_i.x4\[35\],70.71µm
clknet_leaf_100_clk,70.71µm
clknet_leaf_348_clk,70.71µm
_05798_,70.66µm
pp_inst.core_inst.key_q\[17\],70.66µm
spi_ctrl.state\[1\],70.66µm
clknet_leaf_146_clk,70.66µm
clknet_leaf_509_clk,70.66µm
_09124_,70.61µm
_09862_,70.61µm
clknet_leaf_239_clk,70.61µm
_03148_,70.56µm
_04177_,70.56µm
_09879_,70.56µm
_09974_,70.56µm
bdi\[7\],70.56µm
pp_inst.core_inst.asconp_i.x2\[15\],70.25µm
clknet_leaf_153_clk,70.25µm
clknet_leaf_285_clk,70.2µm
pp_inst.core_inst.mode_q\[0\],70.15µm
clknet_leaf_60_clk,70.15µm
clknet_leaf_421_clk,70.15µm
clknet_leaf_523_clk,70.15µm
_09686_,70.1µm
pp_inst.core_inst.key_q\[22\],70.1µm
_11507_,70.05µm
pp_inst.core_inst.asconp_i.x4\[19\],70.05µm
pp_inst.fifo_data\[58\]\[10\],70.05µm
_01420_,70µm
_06926_,70µm
_07101_,70µm
_08337_,70µm
clknet_leaf_190_clk,69.79µm
net1866,69.69µm
clknet_leaf_168_clk,69.69µm
clknet_leaf_321_clk,69.69µm
pp_inst.core_inst.asconp_i.x1\[34\],69.64µm
pp_inst.core_inst.asconp_i.x4\[8\],69.64µm
pp_inst.core_inst.key_q\[28\],69.59µm
_12129_,69.54µm
pp_inst.core_inst.asconp_i.x2\[41\],69.54µm
pp_inst.fifo_data\[41\]\[13\],69.54µm
pp_inst.fifo_data\[60\]\[0\],69.54µm
_09722_,69.49µm
_09815_,69.49µm
_10358_,69.49µm
_11220_,69.49µm
pp_inst.fifo_data\[10\]\[7\],69.49µm
pp_inst.fifo_data\[40\]\[2\],69.49µm
clknet_leaf_399_clk,69.49µm
_02124_,69.44µm
_02505_,69.44µm
_09885_,69.44µm
_11765_,69.44µm
_12243_,69.44µm
pp_inst.fifo_data\[42\]\[3\],69.44µm
clknet_leaf_431_clk,69.13µm
clknet_leaf_121_clk,69.08µm
clknet_leaf_185_clk,69.08µm
clknet_leaf_270_clk,69.08µm
_09745_,69.03µm
bdi\[30\],69.03µm
pp_inst.core_inst.asconp_i.x1\[56\],69.03µm
clknet_leaf_6_clk,68.98µm
clknet_leaf_10_clk,68.98µm
clknet_leaf_180_clk,68.98µm
clknet_leaf_337_clk,68.98µm
_00230_,68.93µm
_02412_,68.93µm
_03020_,68.93µm
_09642_,68.93µm
_09647_,68.93µm
pp_inst.core_inst.asconp_i.x0\[51\],68.93µm
pp_inst.fifo_data\[61\]\[4\],68.93µm
_00238_,68.88µm
_03084_,68.88µm
_04684_,68.88µm
_07333_,68.88µm
_11084_,68.88µm
_12121_,68.88µm
bdi_type\[2\],68.88µm
pp_inst.fifo_data\[62\]\[3\],68.88µm
pp_inst.fifo_data\[30\]\[4\],68.7µm
clknet_leaf_157_clk,68.57µm
pp_inst.fifo_data\[9\]\[10\],68.52µm
pp_inst.fifo_data\[6\]\[2\],68.47µm
net468,68.47µm
_09615_,68.42µm
_10167_,68.42µm
pp_inst.core_inst.key_q\[90\],68.42µm
pp_inst.fifo_data\[26\]\[31\],68.42µm
pp_inst.fifo_data\[28\]\[4\],68.42µm
clknet_leaf_502_clk,68.42µm
_03317_,68.37µm
_09349_,68.37µm
_09561_,68.37µm
_12227_,68.37µm
pp_inst.fifo_data\[56\]\[2\],68.37µm
net511,68.37µm
clknet_leaf_257_clk,68.37µm
_00371_,68.32µm
_01481_,68.32µm
_05776_,68.32µm
_10252_,68.32µm
net599,68.19µm
pp_inst.fifo_data\[33\]\[4\],68.04µm
pp_inst.core_inst.key_q\[49\],68.01µm
_11020_,67.96µm
_05359_,67.91µm
key\[7\],67.91µm
net1410,67.91µm
clknet_leaf_314_clk,67.91µm
_00773_,67.86µm
_09257_,67.86µm
_09841_,67.86µm
pp_inst.core_inst.asconp_i.x4\[54\],67.86µm
clknet_leaf_356_clk,67.86µm
_00222_,67.81µm
_02153_,67.81µm
_05748_,67.81µm
_08813_,67.81µm
pp_inst.core_inst.key_q\[92\],67.81µm
_02476_,67.76µm
_02736_,67.76µm
_12238_,67.76µm
pp_inst.fifo_data\[37\]\[4\],67.76µm
pp_inst.fifo_data\[59\]\[31\],67.76µm
clknet_leaf_86_clk,67.63µm
clknet_leaf_41_clk,67.45µm
clknet_leaf_357_clk,67.45µm
_06042_,67.4µm
net353,67.4µm
clknet_leaf_37_clk,67.4µm
clknet_leaf_38_clk,67.4µm
clknet_leaf_178_clk,67.35µm
clknet_leaf_219_clk,67.35µm
_11014_,67.32µm
clknet_leaf_36_clk,67.3µm
clknet_leaf_240_clk,67.3µm
clknet_leaf_384_clk,67.3µm
_03184_,67.25µm
_10988_,67.25µm
_12175_,67.25µm
pp_inst.core_inst.key_q\[91\],67.25µm
pp_inst.fifo_data\[19\]\[6\],67.25µm
pp_inst.fifo_data\[20\]\[31\],67.25µm
pp_inst.fifo_data\[54\]\[13\],67.25µm
pp_inst.fifo_data\[54\]\[2\],67.25µm
pp_inst.fifo_data\[59\]\[13\],67.25µm
_00820_,67.2µm
_09469_,67.2µm
_09834_,67.2µm
_11379_,67.2µm
clknet_leaf_216_clk,66.89µm
_10007_,66.84µm
clknet_leaf_59_clk,66.84µm
clknet_leaf_291_clk,66.84µm
_10163_,66.79µm
pp_inst.core_inst.asconp_i.x2\[44\],66.79µm
_09310_,66.74µm
bdi\[3\],66.74µm
pp_inst.core_inst.key_q\[108\],66.74µm
pp_inst.core_inst.key_q\[112\],66.74µm
net481,66.74µm
clknet_leaf_242_clk,66.74µm
clknet_leaf_350_clk,66.74µm
_06159_,66.69µm
_10008_,66.69µm
_11051_,66.69µm
pp_inst.fifo_data\[5\]\[10\],66.69µm
_01870_,66.64µm
_01993_,66.64µm
_02313_,66.64µm
_05897_,66.64µm
_09575_,66.64µm
_09654_,66.64µm
_11388_,66.64µm
_11483_,66.64µm
pp_inst.fifo_data\[47\]\[3\],66.64µm
pp_inst.core_inst.key_q\[12\],66.33µm
_07021_,66.28µm
pp_inst.core_inst.asconp_i.x1\[24\],66.28µm
_09853_,66.23µm
pp_inst.fifo_data\[12\]\[2\],66.23µm
clknet_leaf_256_clk,66.23µm
clknet_leaf_478_clk,66.23µm
_08239_,66.18µm
pp_inst.core_inst.key_q\[41\],66.18µm
clknet_leaf_83_clk,66.18µm
clknet_leaf_116_clk,66.18µm
clknet_leaf_134_clk,66.18µm
clknet_leaf_309_clk,66.18µm
clknet_leaf_470_clk,66.18µm
_00114_,66.13µm
_01484_,66.13µm
_03354_,66.13µm
_09228_,66.13µm
_09532_,66.13µm
_11670_,66.13µm
pp_inst.fifo_data\[11\]\[31\],66.13µm
pp_inst.fifo_data\[34\]\[4\],66.13µm
pp_inst.fifo_data\[5\]\[13\],66.13µm
_02473_,66.08µm
_04429_,66.08µm
_04895_,66.08µm
_06175_,66.08µm
_08434_,66.08µm
_11252_,66.08µm
_12173_,66.08µm
pp_inst.fifo_data\[16\]\[2\],66.08µm
clknet_leaf_212_clk,65.84µm
net311,65.72µm
clknet_leaf_160_clk,65.72µm
clknet_leaf_3_clk,65.67µm
_09000_,65.62µm
pp_inst.core_inst.asconp_i.x0\[55\],65.62µm
pp_inst.core_inst.key_q\[10\],65.62µm
pp_inst.core_inst.key_q\[18\],65.62µm
pp_inst.core_inst.key_q\[73\],65.62µm
clknet_leaf_346_clk,65.62µm
_00180_,65.57µm
_11086_,65.57µm
pp_inst.core_inst.key_q\[9\],65.57µm
pp_inst.fifo_data\[24\]\[13\],65.57µm
_08860_,65.52µm
_09530_,65.52µm
_09857_,65.52µm
_11453_,65.52µm
pp_inst.fifo_data\[12\]\[10\],65.52µm
rx_data\[2\],65.52µm
_09383_,65.24µm
clknet_leaf_5_clk,65.16µm
pp_inst.core_inst.asconp_i.x0\[61\],65.11µm
_06373_,65.06µm
spi_ctrl.tx_shift_reg\[19\],65.06µm
_06641_,65.01µm
_10122_,65.01µm
bdi\[11\],65.01µm
pp_inst.core_inst.asconp_i.x4\[57\],65.01µm
pp_inst.core_inst.key_q\[38\],65.01µm
pp_inst.fifo_data\[1\]\[4\],65.01µm
pp_inst.fifo_data\[61\]\[10\],65.01µm
clknet_leaf_403_clk,65.01µm
_02857_,64.96µm
_03653_,64.96µm
_06678_,64.96µm
_09332_,64.96µm
pp_inst.fifo_data\[16\]\[4\],64.96µm
pp_inst.fifo_data\[28\]\[13\],64.96µm
clknet_leaf_15_clk,64.6µm
_10471_,64.55µm
pp_inst.fifo_data\[20\]\[10\],64.55µm
_09799_,64.5µm
_12137_,64.5µm
_08728_,64.45µm
_09607_,64.45µm
pp_inst.core_inst.key_q\[75\],64.45µm
pp_inst.fifo_data\[15\]\[3\],64.45µm
pp_inst.fifo_data\[2\]\[13\],64.45µm
_03589_,64.4µm
_06367_,64.4µm
_07836_,64.4µm
_11794_,64.4µm
_12046_,64.4µm
_12205_,64.4µm
pp_inst.core_inst.asconp_i.x3\[0\],64.4µm
pp_inst.fifo_data\[28\]\[10\],64.4µm
pp_inst.fifo_data\[29\]\[3\],64.4µm
spi_ctrl.byte_cnt\[1\],64.14µm
pp_inst.core_inst.asconp_i.round_cnt\[1\],64.04µm
clknet_leaf_22_clk,64.04µm
clknet_leaf_169_clk,63.99µm
clknet_leaf_324_clk,63.99µm
_00210_,63.94µm
_12028_,63.94µm
pp_inst.core_inst.asconp_i.x4\[26\],63.94µm
pp_inst.fifo_data\[27\]\[13\],63.94µm
clknet_leaf_467_clk,63.94µm
clknet_leaf_514_clk,63.94µm
_05344_,63.89µm
_07405_,63.89µm
_09272_,63.89µm
pp_inst.core_inst.asconp_i.x4\[48\],63.89µm
pp_inst.core_inst.key_q\[81\],63.89µm
pp_inst.fifo_data\[14\]\[31\],63.89µm
pp_inst.release_buffer,63.89µm
_01316_,63.84µm
_01454_,63.84µm
_04537_,63.84µm
_12218_,63.84µm
pp_inst.fifo_data\[21\]\[6\],63.84µm
clknet_leaf_63_clk,63.58µm
pp_inst.core_inst.asconp_i.x1\[5\],63.53µm
clknet_leaf_501_clk,63.53µm
pp_inst.core_inst.asconp_i.x2\[13\],63.48µm
pp_inst.core_inst.asconp_i.x4\[18\],63.43µm
net291,63.43µm
clknet_leaf_77_clk,63.43µm
_04583_,63.38µm
_09735_,63.38µm
_10009_,63.38µm
pp_inst.fifo_data\[53\]\[4\],63.38µm
clknet_leaf_89_clk,63.38µm
clknet_leaf_90_clk,63.38µm
clknet_leaf_451_clk,63.38µm
_00213_,63.33µm
_09865_,63.33µm
pp_inst.fifo_data\[25\]\[3\],63.33µm
clknet_leaf_18_clk,63.33µm
_02252_,63.28µm
_04918_,63.28µm
_10878_,63.28µm
clknet_leaf_51_clk,63.07µm
pp_inst.fifo_data\[49\]\[13\],63µm
clknet_leaf_408_clk,62.92µm
pp_inst.core_inst.key_q\[100\],62.87µm
clknet_leaf_65_clk,62.87µm
pp_inst.core_inst.asconp_i.x4\[55\],62.86µm
_09444_,62.82µm
pp_inst.core_inst.asconp_i.x0\[50\],62.82µm
pp_inst.core_inst.asconp_i.x4\[30\],62.82µm
pp_inst.core_inst.key_q\[37\],62.82µm
pp_inst.core_inst.mode_q\[1\],62.82µm
clknet_leaf_362_clk,62.82µm
_01353_,62.77µm
_01705_,62.77µm
_06114_,62.77µm
_06193_,62.77µm
_09210_,62.77µm
_10979_,62.77µm
_03812_,62.72µm
_04267_,62.72µm
_04392_,62.72µm
_05500_,62.72µm
_07165_,62.72µm
_09794_,62.72µm
_11626_,62.72µm
pp_inst.fifo_data\[21\]\[4\],62.72µm
pp_inst.fifo_data\[3\]\[31\],62.72µm
pp_inst.fifo_data\[9\]\[23\],62.72µm
pp_inst.core_inst.asconp_i.x4\[3\],62.41µm
pp_inst.fifo_data\[61\]\[6\],62.31µm
net445,62.31µm
_09825_,62.26µm
pp_inst.fifo_data\[58\]\[5\],62.26µm
clknet_leaf_85_clk,62.26µm
_07231_,62.21µm
_11244_,62.21µm
pp_inst.core_inst.key_q\[85\],62.21µm
pp_inst.fifo_data\[53\]\[10\],62.21µm
clknet_leaf_430_clk,62.21µm
_03584_,62.16µm
_06468_,62.16µm
_06483_,62.16µm
_09466_,62.16µm
pp_inst.core_inst.reg_state_i.data_d\[66\],62.16µm
pp_inst.fifo_data\[22\]\[10\],62.16µm
pp_inst.fifo_data\[27\]\[10\],62.16µm
pp_inst.fifo_data\[56\]\[3\],62.16µm
clknet_leaf_349_clk,62µm
clknet_leaf_490_clk,61.85µm
clknet_leaf_197_clk,61.8µm
clknet_leaf_305_clk,61.75µm
_03961_,61.7µm
_07476_,61.7µm
pp_inst.core_inst.asconp_i.x0\[58\],61.7µm
pp_inst.core_inst.key_q\[40\],61.7µm
pp_inst.core_inst.key_q\[88\],61.7µm
clknet_leaf_28_clk,61.7µm
_00219_,61.65µm
_06369_,61.65µm
_06766_,61.65µm
_07742_,61.65µm
pp_inst.core_inst.key_q\[71\],61.65µm
pp_inst.fifo_data\[21\]\[10\],61.65µm
pp_inst.fifo_data\[40\]\[4\],61.65µm
_01673_,61.6µm
_02188_,61.6µm
_03052_,61.6µm
_03774_,61.6µm
_04577_,61.6µm
_06892_,61.6µm
_08073_,61.6µm
_12002_,61.6µm
pp_inst.fifo_data\[57\]\[6\],61.6µm
pp_inst.core_inst.asconp_i.x0\[36\],61.24µm
pp_inst.core_inst.asconp_i.x1\[12\],61.24µm
pp_inst.core_inst.key_q\[2\],61.24µm
clknet_leaf_258_clk,61.24µm
_10915_,61.19µm
_04651_,61.14µm
_09604_,61.14µm
_12189_,61.14µm
pp_inst.fifo_data\[47\]\[6\],61.14µm
clknet_leaf_129_clk,61.14µm
clknet_leaf_171_clk,61.14µm
_02442_,61.09µm
_11016_,61.09µm
_11784_,61.09µm
_12096_,61.09µm
_00778_,61.04µm
_02636_,61.04µm
_04168_,61.04µm
_06371_,61.04µm
_06412_,61.04µm
_08100_,61.04µm
_12005_,61.04µm
pp_inst.fifo_data\[0\]\[11\],61.04µm
clknet_leaf_12_clk,60.68µm
_04190_,60.63µm
_11121_,60.63µm
clknet_leaf_524_clk,60.63µm
_00364_,60.58µm
_10836_,60.58µm
_02761_,60.53µm
pp_inst.core_inst.asconp_i.x1\[46\],60.53µm
pp_inst.core_inst.key_q\[78\],60.53µm
pp_inst.fifo_data\[16\]\[0\],60.53µm
clknet_leaf_32_clk,60.53µm
_00389_,60.48µm
_00890_,60.48µm
_01456_,60.48µm
_08364_,60.48µm
_11897_,60.48µm
bdi\[17\],60.48µm
pp_inst.fifo_data\[30\]\[2\],60.48µm
pp_inst.fifo_data\[32\]\[2\],60.48µm
_09483_,60.22µm
clknet_leaf_14_clk,60.12µm
clknet_leaf_97_clk,60.12µm
clknet_leaf_325_clk,60.12µm
_11125_,60.07µm
_11351_,60.07µm
pp_inst.core_inst.key_q\[19\],60.07µm
clknet_leaf_248_clk,60.07µm
clknet_leaf_447_clk,60.07µm
_09639_,60.02µm
_10258_,60.02µm
bdi\[15\],60.02µm
pp_inst.fifo_data\[32\]\[13\],60.02µm
clknet_leaf_334_clk,60.02µm
_03049_,59.97µm
_04139_,59.97µm
_09447_,59.97µm
_11135_,59.97µm
pp_inst.core_inst.key_q\[15\],59.97µm
pp_inst.fifo_data\[40\]\[6\],59.97µm
pp_inst.fifo_data\[47\]\[31\],59.97µm
pp_inst.fifo_data\[52\]\[9\],59.97µm
clknet_leaf_443_clk,59.97µm
_05934_,59.92µm
_06813_,59.92µm
_09611_,59.92µm
_09840_,59.92µm
_11312_,59.92µm
pp_inst.fifo_data\[5\]\[4\],59.92µm
pp_inst.core_inst.asconp_i.x4\[45\],59.61µm
pp_inst.core_inst.asconp_i.x1\[4\],59.56µm
key\[31\],59.51µm
clknet_leaf_4_clk,59.51µm
clknet_leaf_227_clk,59.51µm
_09211_,59.46µm
_09219_,59.46µm
pp_inst.fifo_data\[22\]\[6\],59.46µm
pp_inst.fifo_data\[38\]\[10\],59.46µm
spi_ctrl.tx_shift_reg\[0\],59.46µm
clknet_leaf_223_clk,59.46µm
_00554_,59.41µm
_04874_,59.41µm
pp_inst.core_inst.asconp_i.x2\[23\],59.41µm
pp_inst.fifo_data\[63\]\[10\],59.41µm
clknet_leaf_108_clk,59.41µm
clknet_leaf_494_clk,59.41µm
_00682_,59.36µm
_01286_,59.36µm
_01868_,59.36µm
_02094_,59.36µm
_02508_,59.36µm
_03509_,59.36µm
_08899_,59.36µm
_09324_,59.36µm
_10676_,59.36µm
_11604_,59.36µm
_11907_,59.36µm
_12059_,59.36µm
pp_inst.fifo_data\[12\]\[0\],59.36µm
pp_inst.fifo_data\[18\]\[2\],59.36µm
pp_inst.fifo_data\[27\]\[3\],59.36µm
clknet_leaf_499_clk,59.36µm
_10986_,58.95µm
spi_ctrl.word_buf\[2\],58.95µm
clknet_leaf_320_clk,58.95µm
pp_inst.fifo_data\[36\]\[13\],58.9µm
clknet_leaf_512_clk,58.9µm
_00179_,58.85µm
_00815_,58.85µm
_03436_,58.85µm
_06202_,58.85µm
_08467_,58.85µm
_09275_,58.85µm
pp_inst.core_inst.key_q\[4\],58.85µm
pp_inst.fifo_data\[34\]\[13\],58.85µm
clknet_leaf_2_clk,58.85µm
_09753_,58.84µm
_00220_,58.8µm
_00399_,58.8µm
_02057_,58.8µm
_02441_,58.8µm
_04293_,58.8µm
_04409_,58.8µm
_04712_,58.8µm
_07508_,58.8µm
_09583_,58.8µm
_10354_,58.8µm
_11116_,58.8µm
_12235_,58.8µm
clknet_leaf_341_clk,58.49µm
clknet_leaf_318_clk,58.44µm
clknet_leaf_16_clk,58.39µm
clknet_leaf_165_clk,58.39µm
clknet_leaf_315_clk,58.39µm
clknet_leaf_319_clk,58.39µm
clknet_leaf_351_clk,58.39µm
clknet_leaf_441_clk,58.39µm
_09229_,58.34µm
pp_inst.core_inst.asconp_i.x0\[15\],58.34µm
net1408,58.34µm
clknet_leaf_91_clk,58.34µm
clknet_leaf_203_clk,58.34µm
clknet_leaf_224_clk,58.34µm
clknet_leaf_340_clk,58.34µm
clknet_leaf_398_clk,58.34µm
_02444_,58.29µm
_06829_,58.29µm
pp_inst.fifo_data\[48\]\[4\],58.29µm
clknet_leaf_107_clk,58.29µm
clknet_leaf_466_clk,58.29µm
_00993_,58.24µm
_01545_,58.24µm
_09574_,58.24µm
_11117_,58.24µm
_12053_,58.24µm
pp_inst.fifo_data\[30\]\[17\],58.24µm
mode\[1\],58.03µm
clknet_leaf_433_clk,57.98µm
clknet_leaf_122_clk,57.88µm
_09492_,57.83µm
pp_inst.core_inst.key_q\[48\],57.83µm
_09548_,57.78µm
pp_inst.fifo_data\[38\]\[31\],57.78µm
pp_inst.fifo_data\[4\]\[13\],57.78µm
net381,57.78µm
clknet_leaf_307_clk,57.78µm
clknet_leaf_419_clk,57.78µm
_02697_,57.73µm
_09682_,57.73µm
_09915_,57.73µm
_10361_,57.73µm
_10516_,57.73µm
_12327_,57.73µm
pp_inst.fifo_data\[0\]\[13\],57.73µm
pp_inst.fifo_data\[26\]\[3\],57.73µm
_02537_,57.68µm
_05370_,57.68µm
_06989_,57.68µm
_11733_,57.68µm
pp_inst.fifo_data\[0\]\[6\],57.45µm
clknet_leaf_72_clk,57.37µm
pp_inst.core_inst.asconp_i.x2\[54\],57.32µm
clknet_leaf_410_clk,57.32µm
_10736_,57.27µm
pp_inst.core_inst.asconp_i.x4\[50\],57.27µm
_06656_,57.22µm
_10618_,57.22µm
_02729_,57.17µm
_06237_,57.17µm
pp_inst.core_inst.asconp_i.x3\[7\],57.17µm
_00828_,57.12µm
_02089_,57.12µm
_03799_,57.12µm
_06079_,57.12µm
_07907_,57.12µm
_10580_,57.12µm
_12118_,57.12µm
_12183_,57.12µm
pp_inst.core_inst.asconp_i.x1\[32\],56.86µm
_06184_,56.71µm
_09738_,56.66µm
_10091_,56.66µm
_10838_,56.66µm
pp_inst.core_inst.asconp_i.x0\[47\],56.66µm
pp_inst.core_inst.key_q\[65\],56.66µm
pp_inst.fifo_data\[50\]\[9\],56.66µm
clknet_leaf_195_clk,56.66µm
_00375_,56.61µm
_02377_,56.61µm
_02382_,56.61µm
_09200_,56.61µm
_09767_,56.61µm
pp_inst.fifo_data\[52\]\[10\],56.61µm
pp_inst.fifo_data\[5\]\[17\],56.61µm
clknet_leaf_406_clk,56.61µm
clknet_leaf_489_clk,56.61µm
_01449_,56.56µm
_04348_,56.56µm
_05474_,56.56µm
_07807_,56.56µm
_08310_,56.56µm
pp_inst.fifo_data\[15\]\[5\],56.56µm
clknet_leaf_358_clk,56.56µm
_08568_,56.15µm
_09869_,56.15µm
pp_inst.core_inst.asconp_i.x4\[33\],56.15µm
clknet_leaf_79_clk,56.15µm
_05267_,56.1µm
pp_inst.fifo_data\[48\]\[3\],56.1µm
clknet_leaf_260_clk,56.1µm
clknet_leaf_360_clk,56.1µm
clknet_leaf_386_clk,56.1µm
_03113_,56.05µm
_04343_,56.05µm
_09158_,56.05µm
_09311_,56.05µm
_09511_,56.05µm
_12042_,56.05µm
pp_inst.fifo_data\[9\]\[4\],56.05µm
clknet_leaf_92_clk,56.05µm
_04482_,56µm
_04730_,56µm
_09463_,56µm
_09976_,56µm
_11998_,56µm
pp_inst.fifo_data\[41\]\[31\],56µm
pp_inst.fifo_data\[48\]\[16\],56µm
clknet_leaf_316_clk,55.76µm
clknet_leaf_241_clk,55.64µm
_09602_,55.59µm
_11183_,55.59µm
pp_inst.core_inst.key_q\[61\],55.59µm
clknet_leaf_404_clk,55.59µm
pp_inst.fifo_data\[11\]\[10\],55.54µm
_00821_,55.49µm
_04524_,55.49µm
_09739_,55.49µm
bdi\[4\],55.49µm
bdi\[5\],55.49µm
pp_inst.fifo_data\[25\]\[31\],55.49µm
pp_inst.fifo_data\[49\]\[0\],55.49µm
spi_ctrl.word_buf\[0\],55.49µm
clknet_leaf_282_clk,55.49µm
_01577_,55.44µm
_07301_,55.44µm
_08148_,55.44µm
_09588_,55.44µm
_10798_,55.44µm
_11182_,55.44µm
_11562_,55.44µm
_12070_,55.44µm
_12268_,55.44µm
pp_inst.fifo_data\[14\]\[4\],55.44µm
pp_inst.fifo_data\[63\]\[23\],55.44µm
pp_inst.fifo_data\[7\]\[23\],55.44µm
_07910_,55.27µm
_10565_,55.03µm
pp_inst.core_inst.asconp_i.x0\[62\],55.03µm
pp_inst.core_inst.asconp_i.x4\[51\],54.98µm
pp_inst.fifo_data\[19\]\[3\],54.98µm
pp_inst.fifo_data\[36\]\[10\],54.98µm
_00807_,54.93µm
_00817_,54.93µm
_01358_,54.93µm
_04416_,54.93µm
_04578_,54.93µm
_10175_,54.93µm
_11438_,54.93µm
_03543_,54.88µm
_04569_,54.88µm
_07244_,54.88µm
_07451_,54.88µm
_09608_,54.88µm
_12100_,54.88µm
_09205_,54.52µm
clknet_leaf_261_clk,54.52µm
_04872_,54.47µm
pp_inst.core_inst.asconp_i.x0\[25\],54.47µm
_04188_,54.42µm
_09710_,54.42µm
pp_inst.core_inst.asconp_i.x2\[3\],54.42µm
clknet_leaf_221_clk,54.42µm
clknet_leaf_355_clk,54.42µm
_00000_,54.37µm
_00237_,54.37µm
_09864_,54.37µm
_10696_,54.37µm
_12120_,54.37µm
pp_inst.fifo_data\[25\]\[10\],54.37µm
pp_inst.fifo_data\[53\]\[5\],54.37µm
_00215_,54.32µm
_07851_,54.32µm
_08174_,54.32µm
_08243_,54.32µm
_11612_,54.32µm
_12080_,54.32µm
_12134_,54.32µm
pp_inst.fifo_data\[27\]\[6\],54.32µm
pp_inst.core_inst.key_q\[26\],54.09µm
pp_inst.core_inst.asconp_i.x4\[47\],53.96µm
_09533_,53.91µm
pp_inst.core_inst.asconp_i.x4\[32\],53.91µm
clknet_leaf_405_clk,53.91µm
clknet_leaf_527_clk,53.91µm
_00394_,53.86µm
_01902_,53.86µm
_06129_,53.86µm
_09260_,53.86µm
_09294_,53.86µm
_09852_,53.86µm
pp_inst.core_inst.asconp_i.x0\[48\],53.86µm
pp_inst.core_inst.key_q\[79\],53.86µm
_01641_,53.81µm
_03777_,53.81µm
_05266_,53.81µm
_06280_,53.81µm
_10784_,53.81µm
pp_inst.fifo_data\[18\]\[3\],53.81µm
pp_inst.fifo_data\[29\]\[31\],53.81µm
clknet_leaf_486_clk,53.81µm
_00189_,53.76µm
_01582_,53.76µm
_01609_,53.76µm
_01929_,53.76µm
_04390_,53.76µm
_04587_,53.76µm
_07238_,53.76µm
_07315_,53.76µm
_09326_,53.76µm
pp_inst.fifo_data\[6\]\[10\],53.76µm
clknet_leaf_173_clk,53.76µm
clknet_leaf_143_clk,53.45µm
_09303_,53.35µm
_09387_,53.35µm
bdi\[8\],53.35µm
pp_inst.core_inst.asconp_i.x4\[23\],53.35µm
pp_inst.core_inst.asconp_i.x4\[46\],53.35µm
_09661_,53.3µm
pp_inst.core_inst.asconp_i.x1\[0\],53.3µm
pp_inst.core_inst.key_q\[24\],53.3µm
pp_inst.fifo_data\[50\]\[31\],53.3µm
_01294_,53.25µm
_04494_,53.25µm
_04668_,53.25µm
_06954_,53.25µm
_07094_,53.25µm
_07469_,53.25µm
_09784_,53.25µm
_10981_,53.25µm
pp_inst.core_inst.asconp_i.x2\[31\],53.25µm
pp_inst.core_inst.asconp_i.x2\[33\],53.25µm
pp_inst.core_inst.asconp_i.x4\[40\],53.25µm
clknet_leaf_374_clk,53.25µm
_02249_,53.2µm
_02348_,53.2µm
_02798_,53.2µm
_03561_,53.2µm
_06556_,53.2µm
_06886_,53.2µm
_09726_,53.2µm
pp_inst.fifo_data\[30\]\[9\],53.2µm
_10691_,52.94µm
pp_inst.core_inst.key_q\[125\],52.84µm
_09641_,52.79µm
pp_inst.core_inst.asconp_i.x0\[56\],52.79µm
clknet_leaf_20_clk,52.79µm
clknet_leaf_214_clk,52.79µm
_04707_,52.74µm
_09232_,52.74µm
_09837_,52.74µm
_00741_,52.69µm
pp_inst.core_inst.key_q\[34\],52.69µm
clknet_leaf_125_clk,52.69µm
_00134_,52.64µm
_00709_,52.64µm
_01486_,52.64µm
_02633_,52.64µm
_04536_,52.64µm
_07803_,52.64µm
_08071_,52.64µm
_09981_,52.64µm
bdi\[28\],52.64µm
pp_inst.fifo_data\[13\]\[5\],52.64µm
pp_inst.core_inst.asconp_i.x1\[47\],52.28µm
pp_inst.fifo_data\[8\]\[9\],52.28µm
pp_inst.core_inst.asconp_i.x2\[18\],52.23µm
_06697_,52.18µm
_10703_,52.18µm
pp_inst.core_inst.key_q\[42\],52.18µm
clknet_leaf_526_clk,52.18µm
_00666_,52.13µm
_02892_,52.13µm
_03332_,52.13µm
_04145_,52.13µm
_04653_,52.13µm
_07110_,52.13µm
_11366_,52.13µm
pp_inst.core_inst.key_q\[127\],52.13µm
pp_inst.fifo_data\[23\]\[4\],52.13µm
clknet_leaf_150_clk,52.13µm
clknet_leaf_233_clk,52.13µm
_03598_,52.08µm
_03951_,52.08µm
_09171_,52.08µm
_09495_,52.08µm
_09500_,52.08µm
_09863_,52.08µm
pp_inst.fifo_data\[0\]\[31\],52.08µm
_03401_,51.87µm
clknet_leaf_186_clk,51.72µm
_10752_,51.67µm
spi_ctrl.word_buf\[23\],51.67µm
clknet_leaf_413_clk,51.67µm
clknet_leaf_427_clk,51.67µm
_00171_,51.62µm
_09571_,51.62µm
_10874_,51.62µm
pp_inst.fifo_data\[16\]\[6\],51.62µm
pp_inst.fifo_data\[42\]\[5\],51.62µm
clknet_leaf_402_clk,51.62µm
_00901_,51.57µm
_01518_,51.57µm
_03381_,51.57µm
_03420_,51.57µm
_08203_,51.57µm
_09737_,51.57µm
_10005_,51.57µm
_11944_,51.57µm
pp_inst.fifo_data\[18\]\[10\],51.57µm
pp_inst.fifo_data\[25\]\[13\],51.57µm
pp_inst.fifo_data\[30\]\[3\],51.57µm
pp_inst.fifo_data\[48\]\[31\],51.57µm
clknet_leaf_30_clk,51.57µm
_00207_,51.52µm
_02185_,51.52µm
_04732_,51.52µm
_07577_,51.52µm
_08675_,51.52µm
_09465_,51.52µm
_11390_,51.52µm
_11494_,51.52µm
clknet_leaf_363_clk,51.52µm
_09280_,51.21µm
clknet_leaf_35_clk,51.21µm
pp_inst.core_inst.asconp_i.x0\[2\],51.16µm
clknet_leaf_292_clk,51.16µm
clknet_leaf_17_clk,51.11µm
_09253_,51.06µm
_09264_,51.06µm
_09460_,51.06µm
clknet_leaf_25_clk,51.06µm
clknet_leaf_196_clk,51.06µm
_00203_,51.01µm
_00275_,51.01µm
_11517_,51.01µm
pp_inst.fifo_data\[14\]\[9\],51.01µm
pp_inst.fifo_data\[4\]\[17\],51.01µm
pp_inst.fifo_data\[6\]\[13\],51.01µm
clknet_leaf_528_clk,51.01µm
_00217_,50.96µm
_00234_,50.96µm
_02764_,50.96µm
_03528_,50.96µm
_03794_,50.96µm
_04079_,50.96µm
_04526_,50.96µm
_04559_,50.96µm
_08537_,50.96µm
_10491_,50.96µm
pp_inst.fifo_data\[40\]\[0\],50.96µm
pp_inst.core_inst.asconp_i.x4\[37\],50.6µm
_02512_,50.55µm
pp_inst.fifo_data\[27\]\[9\],50.5µm
clknet_leaf_152_clk,50.5µm
clknet_leaf_311_clk,50.5µm
_00825_,50.45µm
_01678_,50.45µm
_04230_,50.45µm
_06273_,50.45µm
_08629_,50.45µm
_09317_,50.45µm
_09321_,50.45µm
_09755_,50.45µm
_12087_,50.45µm
_01840_,50.4µm
_04923_,50.4µm
_05823_,50.4µm
_07620_,50.4µm
_08508_,50.4µm
_09329_,50.4µm
_10119_,50.4µm
_10207_,50.4µm
pp_inst.fifo_data\[35\]\[13\],50.4µm
clknet_leaf_52_clk,50.04µm
pp_inst.fifo_data\[15\]\[31\],49.99µm
spi_ctrl.word_buf\[1\],49.99µm
clknet_leaf_111_clk,49.99µm
clknet_leaf_172_clk,49.99µm
clknet_leaf_382_clk,49.99µm
_09224_,49.94µm
_10607_,49.94µm
_11245_,49.94µm
_11888_,49.94µm
pp_inst.fifo_data\[14\]\[6\],49.94µm
pp_inst.fifo_data\[59\]\[5\],49.94µm
net1406,49.94µm
clknet_leaf_418_clk,49.94µm
_00231_,49.89µm
_03571_,49.89µm
_04007_,49.89µm
_08496_,49.89µm
_09801_,49.89µm
_09908_,49.89µm
_11473_,49.89µm
_12228_,49.89µm
pp_inst.core_inst.asconp_i.x0\[60\],49.89µm
spi_ctrl.pend_word\[30\],49.89µm
_00244_,49.84µm
_04568_,49.84µm
_09325_,49.84µm
_09508_,49.84µm
_09785_,49.84µm
_10475_,49.84µm
_10712_,49.84µm
_10833_,49.84µm
pp_inst.fifo_data\[10\]\[2\],49.84µm
pp_inst.fifo_data\[47\]\[23\],49.84µm
spi_ctrl.tx_stage\[28\],49.84µm
_09274_,49.43µm
_01871_,49.38µm
_06028_,49.38µm
_09385_,49.38µm
pp_inst.core_inst.key_q\[68\],49.38µm
clknet_leaf_370_clk,49.38µm
clknet_leaf_498_clk,49.38µm
_00197_,49.33µm
_02894_,49.33µm
_04572_,49.33µm
_05800_,49.33µm
_06372_,49.33µm
_08868_,49.33µm
_12286_,49.33µm
pp_inst.fifo_data\[18\]\[13\],49.33µm
pp_inst.fifo_data\[59\]\[4\],49.33µm
_01260_,49.28µm
_03529_,49.28µm
_04472_,49.28µm
_04678_,49.28µm
_05383_,49.28µm
_05774_,49.28µm
_07059_,49.28µm
_07745_,49.28µm
_09554_,49.28µm
_09776_,49.28µm
_09977_,49.28µm
_10298_,49.28µm
_10647_,49.28µm
pp_inst.fifo_data\[59\]\[6\],49.28µm
pp_inst.fifo_data\[9\]\[18\],49.28µm
clknet_leaf_267_clk,49.05µm
pp_inst.core_inst.asconp_i.x2\[29\],48.92µm
_00240_,48.82µm
_02569_,48.82µm
_09243_,48.82µm
_09480_,48.82µm
_09783_,48.82µm
_09884_,48.82µm
_10115_,48.82µm
_11168_,48.82µm
_11216_,48.82µm
pp_inst.fifo_data\[24\]\[10\],48.82µm
clknet_leaf_280_clk,48.82µm
_04673_,48.77µm
_09091_,48.77µm
_09384_,48.77µm
_12136_,48.77µm
pp_inst.fifo_data\[12\]\[6\],48.77µm
pp_inst.fifo_data\[63\]\[4\],48.77µm
pp_inst.fifo_data\[9\]\[6\],48.77µm
_02960_,48.72µm
_03899_,48.72µm
_06445_,48.72µm
_08067_,48.72µm
_09550_,48.72µm
_11003_,48.72µm
_09226_,48.31µm
_09284_,48.31µm
_03780_,48.26µm
_09214_,48.26µm
pp_inst.core_inst.key_q\[66\],48.26µm
pp_inst.fifo_data\[31\]\[13\],48.26µm
clknet_leaf_156_clk,48.26µm
clknet_leaf_422_clk,48.26µm
_00376_,48.21µm
_06696_,48.21µm
_07197_,48.21µm
pp_inst.fifo_data\[25\]\[5\],48.21µm
pp_inst.fifo_data\[27\]\[30\],48.21µm
_03838_,48.16µm
_04064_,48.16µm
_04443_,48.16µm
_05017_,48.16µm
_07103_,48.16µm
_08669_,48.16µm
_08739_,48.16µm
_12043_,48.16µm
pp_inst.fifo_data\[63\]\[31\],48.16µm
clknet_leaf_475_clk,47.98µm
pp_inst.core_inst.key_q\[93\],47.75µm
clknet_leaf_127_clk,47.75µm
_09541_,47.7µm
_10301_,47.7µm
_11672_,47.7µm
pp_inst.core_inst.asconp_i.x1\[33\],47.7µm
pp_inst.fifo_data\[56\]\[6\],47.7µm
spi_phy.mosi_sync\[1\],47.7µm
clknet_leaf_109_clk,47.7µm
_00001_,47.65µm
_02281_,47.65µm
_04301_,47.65µm
_08831_,47.65µm
_09405_,47.65µm
_11151_,47.65µm
_11404_,47.65µm
pp_inst.fifo_data\[52\]\[6\],47.65µm
spi_ctrl.tx_shift_reg\[6\],47.65µm
clknet_leaf_457_clk,47.65µm
_02890_,47.6µm
_03888_,47.6µm
_04329_,47.6µm
_08697_,47.6µm
_08701_,47.6µm
_08776_,47.6µm
_09412_,47.6µm
_09430_,47.6µm
_09790_,47.6µm
_10287_,47.6µm
_11844_,47.6µm
_12094_,47.6µm
pp_inst.core_inst.key_q\[27\],47.6µm
clknet_leaf_326_clk,47.6µm
spi_ctrl.state\[7\],47.29µm
pp_inst.core_inst.key_q\[83\],47.24µm
_02961_,47.14µm
_09199_,47.14µm
_11217_,47.14µm
pp_inst.fifo_data\[58\]\[13\],47.14µm
clknet_leaf_8_clk,47.14µm
clknet_leaf_449_clk,47.14µm
_01096_,47.09µm
_03081_,47.09µm
_05345_,47.09µm
_07939_,47.09µm
_08441_,47.09µm
_09322_,47.09µm
_10057_,47.09µm
_10347_,47.09µm
_11181_,47.09µm
pp_inst.core_inst.asconp_i.x0\[40\],47.09µm
pp_inst.fifo_data\[49\]\[5\],47.09µm
clknet_leaf_468_clk,47.09µm
_03414_,47.04µm
_04391_,47.04µm
_08900_,47.04µm
_09029_,47.04µm
clknet_leaf_390_clk,47.04µm
pp_inst.core_inst.asconp_i.x1\[29\],46.73µm
pp_inst.core_inst.asconp_i.x4\[28\],46.68µm
clknet_leaf_7_clk,46.68µm
_09255_,46.63µm
_10603_,46.63µm
clknet_leaf_488_clk,46.63µm
_01934_,46.58µm
_09242_,46.58µm
_10073_,46.58µm
pp_inst.core_inst.asconp_i.x2\[4\],46.58µm
clknet_leaf_159_clk,46.58µm
clknet_leaf_471_clk,46.58µm
_03444_,46.53µm
_03821_,46.53µm
_05202_,46.53µm
_06526_,46.53µm
_06540_,46.53µm
_09267_,46.53µm
_11838_,46.53µm
_11999_,46.53µm
_12271_,46.53µm
pp_inst.fifo_data\[30\]\[13\],46.53µm
pp_inst.fifo_data\[46\]\[5\],46.53µm
pp_inst.fifo_data\[7\]\[13\],46.53µm
pp_inst.fifo_data\[9\]\[17\],46.53µm
clknet_leaf_367_clk,46.53µm
_03952_,46.48µm
_04512_,46.48µm
_04866_,46.48µm
_06692_,46.48µm
_08115_,46.48µm
_09424_,46.48µm
_10024_,46.48µm
bdi\[22\],46.48µm
pp_inst.fifo_data\[2\]\[10\],46.48µm
_12241_,46.25µm
pp_inst.core_inst.asconp_i.x1\[53\],46.12µm
pp_inst.core_inst.asconp_i.x4\[43\],46.07µm
clknet_leaf_132_clk,46.07µm
_10215_,46.02µm
_12091_,46.02µm
pp_inst.fifo_data\[10\]\[31\],46.02µm
clknet_leaf_375_clk,46.02µm
_04921_,45.97µm
_05399_,45.97µm
_06759_,45.97µm
_06779_,45.97µm
_08670_,45.97µm
_09107_,45.97µm
_12098_,45.97µm
pp_inst.fifo_data\[18\]\[6\],45.97µm
pp_inst.fifo_data\[56\]\[23\],45.97µm
_00826_,45.92µm
_03491_,45.92µm
_05124_,45.92µm
_05366_,45.92µm
_05775_,45.92µm
_08232_,45.92µm
_09792_,45.92µm
_10109_,45.92µm
_11513_,45.92µm
_12126_,45.92µm
pp_inst.fifo_data\[34\]\[6\],45.92µm
pp_inst.fifo_data\[6\]\[5\],45.92µm
clknet_leaf_71_clk,45.61µm
pp_inst.core_inst.asconp_i.x0\[49\],45.56µm
_06062_,45.46µm
_09419_,45.46µm
_09436_,45.46µm
pp_inst.core_inst.asconp_i.x0\[16\],45.46µm
pp_inst.core_inst.asconp_i.x0\[59\],45.46µm
pp_inst.core_inst.asconp_i.x4\[34\],45.46µm
pp_inst.fifo_data\[59\]\[14\],45.46µm
clknet_leaf_327_clk,45.46µm
clknet_leaf_379_clk,45.46µm
_02007_,45.41µm
_02996_,45.41µm
_03241_,45.41µm
_03783_,45.41µm
_04700_,45.41µm
_06266_,45.41µm
_06780_,45.41µm
_09363_,45.41µm
_11061_,45.41µm
pp_inst.fifo_data\[16\]\[5\],45.41µm
pp_inst.fifo_data\[24\]\[9\],45.41µm
_00358_,45.36µm
_04126_,45.36µm
_07073_,45.36µm
_09759_,45.36µm
_11235_,45.36µm
_11595_,45.36µm
pp_inst.fifo_data\[59\]\[10\],45.36µm
clknet_leaf_474_clk,44.95µm
_07576_,44.9µm
pp_inst.core_inst.ad_eot_q,44.9µm
pp_inst.core_inst.asconp_i.x2\[11\],44.9µm
pp_inst.fifo_data\[29\]\[9\],44.9µm
clknet_leaf_128_clk,44.9µm
clknet_leaf_387_clk,44.9µm
clknet_leaf_461_clk,44.9µm
_04453_,44.85µm
_08038_,44.85µm
_09780_,44.85µm
_10985_,44.85µm
pp_inst.fifo_data\[12\]\[5\],44.85µm
pp_inst.fifo_data\[43\]\[10\],44.85µm
_01580_,44.8µm
_03437_,44.8µm
_04067_,44.8µm
_04431_,44.8µm
_07980_,44.8µm
_09614_,44.8µm
_10895_,44.8µm
_11389_,44.8µm
clknet_leaf_392_clk,44.8µm
_03811_,44.68µm
pp_inst.fifo_data\[27\]\[5\],44.52µm
clknet_leaf_293_clk,44.49µm
pp_inst.core_inst.asconp_i.x1\[62\],44.44µm
_10512_,44.39µm
_10558_,44.39µm
pp_inst.core_inst.asconp_i.x2\[21\],44.39µm
pp_inst.core_inst.asconp_i.x2\[26\],44.39µm
clknet_leaf_174_clk,44.39µm
clknet_leaf_525_clk,44.39µm
_01806_,44.34µm
_03654_,44.34µm
pp_inst.core_inst.asconp_i.x4\[56\],44.34µm
spi_phy.rx_reg\[5\],44.34µm
clknet_leaf_394_clk,44.34µm
_02542_,44.29µm
_04174_,44.29µm
_04337_,44.29µm
_06121_,44.29µm
_06343_,44.29µm
pp_inst.fifo_data\[20\]\[4\],44.29µm
spi_ctrl.tx_shift_reg\[11\],44.29µm
clknet_leaf_429_clk,44.29µm
_03580_,44.24µm
_04264_,44.24µm
_04448_,44.24µm
_04525_,44.24µm
_07974_,44.24µm
_08082_,44.24µm
_08794_,44.24µm
_10169_,44.24µm
_11511_,44.24µm
_12260_,44.24µm
_12345_,44.24µm
pp_inst.fifo_data\[51\]\[3\],43.88µm
pp_inst.core_inst.asconp_i.x1\[45\],43.83µm
clknet_leaf_342_clk,43.83µm
_00163_,43.78µm
_02222_,43.78µm
_09394_,43.78µm
_10123_,43.78µm
_12132_,43.78µm
pp_inst.core_inst.key_q\[63\],43.78µm
pp_inst.fifo_data\[35\]\[10\],43.78µm
spi_phy.rx_reg\[2\],43.78µm
_01152_,43.73µm
_01559_,43.73µm
_01961_,43.73µm
_03925_,43.73µm
_04649_,43.73µm
_04719_,43.73µm
_05264_,43.73µm
_05334_,43.73µm
_06225_,43.73µm
_07482_,43.73µm
_08141_,43.73µm
_09108_,43.73µm
_09814_,43.73µm
_11539_,43.73µm
pp_inst.fifo_data\[11\]\[23\],43.73µm
pp_inst.fifo_data\[56\]\[10\],43.73µm
spi_ctrl.tx_shift_reg\[7\],43.73µm
clknet_leaf_182_clk,43.73µm
clknet_leaf_400_clk,43.73µm
_00368_,43.68µm
_00658_,43.68µm
_03738_,43.68µm
_04426_,43.68µm
_06755_,43.68µm
_06791_,43.68µm
_07485_,43.68µm
_07785_,43.68µm
_08838_,43.68µm
_09065_,43.68µm
_10000_,43.68µm
_12044_,43.68µm
_12158_,43.68µm
bdi\[6\],43.68µm
pp_inst.fifo_data\[10\]\[12\],43.68µm
pp_inst.fifo_data\[26\]\[7\],43.68µm
pp_inst.fifo_data\[33\]\[28\],43.68µm
pp_inst.fifo_data\[51\]\[9\],43.68µm
pp_inst.fifo_data\[63\]\[17\],43.68µm
pp_inst.fifo_data\[15\]\[14\],43.45µm
_10066_,43.27µm
_11334_,43.27µm
_00262_,43.22µm
_01737_,43.22µm
_04400_,43.22µm
_04947_,43.22µm
_09456_,43.22µm
_09712_,43.22µm
_12193_,43.22µm
pp_inst.fifo_data\[39\]\[17\],43.22µm
clknet_leaf_409_clk,43.22µm
clknet_leaf_493_clk,43.22µm
_02766_,43.17µm
_04590_,43.17µm
_07943_,43.17µm
_09285_,43.17µm
_09902_,43.17µm
_10570_,43.17µm
_12231_,43.17µm
pp_inst.core_inst.asconp_i.x4\[9\],43.17µm
pp_inst.core_inst.key_q\[69\],43.17µm
pp_inst.core_inst.key_q\[74\],43.17µm
pp_inst.fifo_data\[1\]\[3\],43.17µm
pp_inst.fifo_data\[60\]\[15\],43.17µm
clknet_leaf_298_clk,43.17µm
clknet_leaf_452_clk,43.17µm
_03675_,43.12µm
_04136_,43.12µm
_07179_,43.12µm
_07578_,43.12µm
_07583_,43.12µm
_08926_,43.12µm
_09005_,43.12µm
_09312_,43.12µm
_09435_,43.12µm
_11203_,43.12µm
bdi\[12\],43.12µm
pp_inst.core_inst.asconp_i.x2\[36\],43.12µm
pp_inst.fifo_data\[11\]\[13\],43.12µm
pp_inst.core_inst.asconp_i.x1\[54\],42.81µm
_02670_,42.77µm
pp_inst.core_inst.asconp_i.x0\[57\],42.76µm
_09437_,42.71µm
clknet_leaf_476_clk,42.71µm
_02839_,42.66µm
pp_inst.fifo_data\[20\]\[13\],42.66µm
pp_inst.fifo_data\[5\]\[31\],42.66µm
_00015_,42.61µm
_00816_,42.61µm
_02286_,42.61µm
_04543_,42.61µm
_07272_,42.61µm
_09031_,42.61µm
_09215_,42.61µm
_09962_,42.61µm
_10653_,42.61µm
_10655_,42.61µm
_12071_,42.61µm
pp_inst.fifo_data\[11\]\[9\],42.61µm
pp_inst.fifo_data\[12\]\[31\],42.61µm
pp_inst.fifo_data\[3\]\[3\],42.61µm
pp_inst.fifo_data\[40\]\[17\],42.61µm
pp_inst.fifo_data\[45\]\[16\],42.61µm
clknet_leaf_99_clk,42.61µm
_00746_,42.56µm
_07278_,42.56µm
_08703_,42.56µm
_09764_,42.56µm
_10520_,42.56µm
_11633_,42.56µm
_12253_,42.56µm
_12270_,42.56µm
_12281_,42.56µm
pp_inst.fifo_data\[28\]\[5\],42.56µm
spi_ctrl.tx_shift_reg\[9\],42.56µm
pp_inst.core_inst.asconp_i.x2\[47\],42.15µm
_07250_,42.1µm
_09484_,42.1µm
_00205_,42.05µm
_05476_,42.05µm
_06254_,42.05µm
_07270_,42.05µm
_09793_,42.05µm
_09889_,42.05µm
_10952_,42.05µm
_11088_,42.05µm
pp_inst.fifo_data\[36\]\[1\],42.05µm
clknet_leaf_365_clk,42.05µm
_01317_,42µm
_01367_,42µm
_02384_,42µm
_03541_,42µm
_04716_,42µm
_05102_,42µm
_05454_,42µm
_06823_,42µm
_07030_,42µm
_08641_,42µm
_10734_,42µm
_10968_,42µm
pp_inst.fifo_data\[55\]\[6\],42µm
_09238_,41.69µm
_09268_,41.59µm
_09578_,41.59µm
pp_inst.fifo_data\[61\]\[31\],41.59µm
_09995_,41.54µm
_11338_,41.54µm
mode\[2\],41.54µm
clknet_leaf_436_clk,41.54µm
_05039_,41.49µm
_05390_,41.49µm
_07380_,41.49µm
_09313_,41.49µm
_09699_,41.49µm
_09856_,41.49µm
_12049_,41.49µm
pp_inst.fifo_data\[28\]\[9\],41.49µm
spi_ctrl.state\[9\],41.49µm
_00377_,41.44µm
_04571_,41.44µm
_09820_,41.44µm
_12063_,41.44µm
_12188_,41.44µm
pp_inst.core_inst.asconp_i.x4\[21\],41.44µm
pp_inst.fifo_data\[56\]\[7\],41.44µm
pp_inst.fifo_data\[35\]\[4\],41.21µm
mode\[0\],41.13µm
_09095_,41.03µm
_11149_,41.03µm
pp_inst.core_inst.asconp_i.x1\[48\],41.03µm
_00122_,40.98µm
_08809_,40.98µm
_09898_,40.98µm
_10911_,40.98µm
pp_inst.core_inst.msg_pad_q,40.98µm
pp_inst.fifo_data\[13\]\[13\],40.98µm
_00196_,40.93µm
_03486_,40.93µm
_03619_,40.93µm
_07686_,40.93µm
_08941_,40.93µm
_09101_,40.93µm
_09505_,40.93µm
_10158_,40.93µm
_11641_,40.93µm
bdi\[16\],40.93µm
pp_inst.fifo_data\[32\]\[3\],40.93µm
_00522_,40.88µm
_01524_,40.88µm
_02452_,40.88µm
_03022_,40.88µm
_03209_,40.88µm
_03461_,40.88µm
_05065_,40.88µm
_05137_,40.88µm
_05469_,40.88µm
_07312_,40.88µm
_07805_,40.88µm
_08533_,40.88µm
_08566_,40.88µm
_09220_,40.88µm
_09748_,40.88µm
_09930_,40.88µm
_11872_,40.88µm
pp_inst.core_inst.asconp_i.x2\[49\],40.47µm
_08893_,40.42µm
pp_inst.core_inst.asconp_i.x0\[39\],40.42µm
pp_inst.fifo_data\[59\]\[15\],40.42µm
clknet_leaf_13_clk,40.42µm
clknet_leaf_199_clk,40.42µm
_04467_,40.37µm
_06150_,40.37µm
_07034_,40.37µm
_08601_,40.37µm
_09671_,40.37µm
_09690_,40.37µm
_12045_,40.37µm
pp_inst.core_inst.asconp_i.x0\[38\],40.37µm
pp_inst.fifo_data\[11\]\[6\],40.37µm
pp_inst.fifo_data\[24\]\[6\],40.37µm
pp_inst.fifo_data\[33\]\[17\],40.37µm
pp_inst.fifo_data\[63\]\[9\],40.37µm
clknet_leaf_412_clk,40.37µm
_00235_,40.32µm
_00615_,40.32µm
_01719_,40.32µm
_02606_,40.32µm
_03443_,40.32µm
_03839_,40.32µm
_08695_,40.32µm
_09362_,40.32µm
_09770_,40.32µm
_09835_,40.32µm
_09872_,40.32µm
_11433_,40.32µm
_12249_,40.32µm
pp_inst.fifo_data\[14\]\[13\],40.32µm
pp_inst.fifo_data\[40\]\[10\],40.32µm
_09740_,39.91µm
clknet_leaf_381_clk,39.91µm
_09965_,39.9µm
_09523_,39.86µm
_09828_,39.86µm
pp_inst.core_inst.asconp_i.x0\[1\],39.86µm
pp_inst.fifo_data\[17\]\[5\],39.86µm
pp_inst.fifo_data\[8\]\[26\],39.86µm
_00270_,39.81µm
_04507_,39.81µm
_08009_,39.81µm
_08636_,39.81µm
_09236_,39.81µm
_09240_,39.81µm
_09368_,39.81µm
_11274_,39.81µm
_11333_,39.81µm
_11853_,39.81µm
pp_inst.core_inst.key_q\[76\],39.81µm
pp_inst.fifo_data\[3\]\[12\],39.81µm
pp_inst.fifo_data\[54\]\[16\],39.81µm
clknet_leaf_333_clk,39.81µm
_00027_,39.76µm
_00402_,39.76µm
_01965_,39.76µm
_02572_,39.76µm
_03316_,39.76µm
_03515_,39.76µm
_04341_,39.76µm
_04415_,39.76µm
_04508_,39.76µm
_05453_,39.76µm
_06771_,39.76µm
_12277_,39.76µm
pp_inst.core_inst.asconp_i.x0\[24\],39.4µm
_00133_,39.35µm
_09631_,39.3µm
pp_inst.core_inst.asconp_i.x1\[43\],39.3µm
pp_inst.fifo_data\[17\]\[4\],39.3µm
pp_inst.fifo_data\[32\]\[31\],39.3µm
clknet_leaf_434_clk,39.3µm
clknet_leaf_448_clk,39.3µm
_01968_,39.25µm
_04066_,39.25µm
_04317_,39.25µm
_04634_,39.25µm
_04709_,39.25µm
_07737_,39.25µm
_08471_,39.25µm
_09410_,39.25µm
_09778_,39.25µm
_09860_,39.25µm
_10913_,39.25µm
pp_inst.fifo_data\[10\]\[3\],39.25µm
pp_inst.fifo_data\[17\]\[13\],39.25µm
pp_inst.fifo_data\[4\]\[4\],39.25µm
pp_inst.fifo_data\[57\]\[16\],39.25µm
pp_inst.fifo_data\[8\]\[16\],39.25µm
_00910_,39.2µm
_01556_,39.2µm
_01584_,39.2µm
_01742_,39.2µm
_02775_,39.2µm
_02926_,39.2µm
_03310_,39.2µm
_04444_,39.2µm
_06846_,39.2µm
_07216_,39.2µm
_08007_,39.2µm
_09474_,39.2µm
_09804_,39.2µm
_09980_,39.2µm
_12336_,39.2µm
bdi\[19\],39.2µm
pp_inst.fifo_data\[14\]\[10\],39.2µm
pp_inst.fifo_data\[58\]\[16\],39.2µm
_09351_,38.84µm
_04929_,38.79µm
pp_inst.fifo_data\[18\]\[4\],38.79µm
pp_inst.fifo_data\[7\]\[31\],38.79µm
spi_ctrl.tx_stage\[27\],38.79µm
spi_ctrl.word_buf\[16\],38.79µm
clknet_leaf_29_clk,38.79µm
_09209_,38.74µm
_11057_,38.74µm
spi_ctrl.pend_word\[29\],38.74µm
_03124_,38.69µm
_05354_,38.69µm
_09266_,38.69µm
_10577_,38.69µm
_11211_,38.69µm
_11411_,38.69µm
bdi\[13\],38.69µm
pp_inst.fifo_data\[4\]\[5\],38.69µm
_00155_,38.64µm
_00423_,38.64µm
_00898_,38.64µm
_01391_,38.64µm
_02889_,38.64µm
_03778_,38.64µm
_04073_,38.64µm
_04481_,38.64µm
_04708_,38.64µm
_04876_,38.64µm
_07909_,38.64µm
_08302_,38.64µm
_08644_,38.64µm
_08740_,38.64µm
_08971_,38.64µm
_09103_,38.64µm
_11724_,38.64µm
pp_inst.fifo_data\[28\]\[17\],38.64µm
pp_inst.fifo_data\[45\]\[5\],38.64µm
pp_inst.fifo_data\[6\]\[9\],38.64µm
_09441_,38.28µm
_09473_,38.23µm
_03467_,38.18µm
_07746_,38.18µm
pp_inst.core_inst.asconp_i.x1\[37\],38.18µm
pp_inst.core_inst.asconp_i.x4\[31\],38.18µm
pp_inst.fifo_data\[0\]\[29\],38.18µm
pp_inst.fifo_data\[11\]\[5\],38.18µm
pp_inst.fifo_data\[37\]\[5\],38.18µm
pp_inst.fifo_data\[49\]\[10\],38.18µm
clknet_leaf_460_clk,38.18µm
_03555_,38.13µm
_04691_,38.13µm
_04822_,38.13µm
_07947_,38.13µm
_07972_,38.13µm
_08772_,38.13µm
_09286_,38.13µm
_09448_,38.13µm
_09454_,38.13µm
_09763_,38.13µm
pp_inst.fifo_data\[1\]\[5\],38.13µm
pp_inst.fifo_data\[42\]\[10\],38.13µm
clknet_leaf_110_clk,38.13µm
_02284_,38.08µm
_03295_,38.08µm
_04493_,38.08µm
_04733_,38.08µm
_08274_,38.08µm
_09565_,38.08µm
_10032_,38.08µm
_11032_,38.08µm
pp_inst.fifo_data\[10\]\[9\],38.08µm
_09711_,37.72µm
_00667_,37.67µm
pp_inst.core_inst.asconp_i.x0\[13\],37.67µm
pp_inst.fifo_data\[13\]\[4\],37.67µm
_03997_,37.62µm
_04483_,37.62µm
_04511_,37.62µm
_09744_,37.62µm
_10340_,37.62µm
pp_inst.fifo_data\[33\]\[16\],37.62µm
_00382_,37.57µm
_02158_,37.57µm
_03395_,37.57µm
_03853_,37.57µm
_04140_,37.57µm
_04877_,37.57µm
_04989_,37.57µm
_05606_,37.57µm
_06996_,37.57µm
_07066_,37.57µm
_07743_,37.57µm
_09847_,37.57µm
_11441_,37.57µm
_11880_,37.57µm
pp_inst.fifo_data\[17\]\[0\],37.57µm
pp_inst.fifo_data\[34\]\[31\],37.57µm
pp_inst.fifo_data\[57\]\[18\],37.57µm
_00233_,37.52µm
_02772_,37.52µm
_02999_,37.52µm
_03288_,37.52µm
_04433_,37.52µm
_06686_,37.52µm
_07033_,37.52µm
_07719_,37.52µm
_08041_,37.52µm
_08409_,37.52µm
_08901_,37.52µm
_09501_,37.52µm
_09822_,37.52µm
_10310_,37.52µm
_12259_,37.52µm
pp_inst.fifo_data\[33\]\[6\],37.52µm
_09415_,37.24µm
pp_inst.core_inst.asconp_i.x1\[50\],37.16µm
pp_inst.fifo_data\[23\]\[13\],37.11µm
pp_inst.fifo_data\[21\]\[9\],37.06µm
pp_inst.fifo_data\[41\]\[4\],37.06µm
pp_inst.fifo_data\[44\]\[13\],37.06µm
pp_inst.fifo_data\[59\]\[28\],37.06µm
spi_phy.bit_cnt\[0\],37.06µm
clknet_leaf_491_clk,37.06µm
_00378_,37.01µm
_00812_,37.01µm
_01335_,37.01µm
_01847_,37.01µm
_02510_,37.01µm
_03275_,37.01µm
_03547_,37.01µm
_03891_,37.01µm
_04664_,37.01µm
_04710_,37.01µm
_05879_,37.01µm
_06487_,37.01µm
_07720_,37.01µm
_09231_,37.01µm
_09805_,37.01µm
_10646_,37.01µm
_10827_,37.01µm
_11847_,37.01µm
_12114_,37.01µm
pp_inst.fifo_data\[34\]\[30\],37.01µm
pp_inst.fifo_data\[3\]\[11\],37.01µm
spi_ctrl.tx_stage\[20\],37.01µm
clknet_leaf_297_clk,37.01µm
_01808_,36.96µm
_03979_,36.96µm
_04552_,36.96µm
_04563_,36.96µm
_04580_,36.96µm
_05387_,36.96µm
_06985_,36.96µm
_07107_,36.96µm
_07325_,36.96µm
_07412_,36.96µm
_07413_,36.96µm
_09816_,36.96µm
_12131_,36.96µm
pp_inst.fifo_data\[10\]\[13\],36.96µm
pp_inst.fifo_data\[17\]\[16\],36.96µm
pp_inst.fifo_data\[3\]\[7\],36.96µm
pp_inst.fifo_data\[5\]\[5\],36.96µm
spi_ctrl.pend_word\[26\],36.96µm
clknet_leaf_331_clk,36.96µm
pp_inst.core_inst.asconp_i.x1\[51\],36.6µm
_00372_,36.5µm
_00671_,36.5µm
_08963_,36.5µm
_09636_,36.5µm
_09866_,36.5µm
_09922_,36.5µm
_09946_,36.5µm
bdi\[9\],36.5µm
pp_inst.fifo_data\[52\]\[4\],36.5µm
clknet_leaf_1_clk,36.5µm
clknet_leaf_521_clk,36.5µm
_00198_,36.45µm
_00293_,36.45µm
_00905_,36.45µm
_02800_,36.45µm
_03119_,36.45µm
_05068_,36.45µm
_05268_,36.45µm
_07041_,36.45µm
_07374_,36.45µm
_09128_,36.45µm
_11076_,36.45µm
pp_inst.fifo_data\[58\]\[14\],36.45µm
pp_inst.fifo_data\[61\]\[15\],36.45µm
clknet_leaf_442_clk,36.45µm
_00121_,36.4µm
_00243_,36.4µm
_03373_,36.4µm
_06088_,36.4µm
_07205_,36.4µm
_08035_,36.4µm
_08502_,36.4µm
_09928_,36.4µm
_10789_,36.4µm
pp_inst.core_inst.asconp_i.x0\[26\],36.4µm
pp_inst.fifo_data\[12\]\[3\],36.4µm
pp_inst.fifo_data\[22\]\[23\],36.4µm
_09472_,36.09µm
_09421_,36.04µm
pp_inst.core_inst.asconp_i.x0\[10\],36.04µm
spi_ctrl.byte_cnt\[0\],36.04µm
spi_ctrl.word_buf\[22\],36.04µm
_04970_,35.99µm
_08138_,35.99µm
_09206_,35.99µm
pp_inst.core_inst.asconp_i.x4\[38\],35.99µm
pp_inst.core_inst.asconp_i.x1\[58\],35.94µm
pp_inst.fifo_data\[13\]\[31\],35.94µm
pp_inst.fifo_data\[9\]\[29\],35.94µm
clknet_leaf_454_clk,35.94µm
_01482_,35.89µm
_02647_,35.89µm
_04200_,35.89µm
_05307_,35.89µm
_07809_,35.89µm
_10083_,35.89µm
_12020_,35.89µm
_12123_,35.89µm
pp_inst.fifo_data\[13\]\[11\],35.89µm
pp_inst.fifo_data\[3\]\[5\],35.89µm
pp_inst.fifo_data\[42\]\[14\],35.89µm
pp_inst.fifo_data\[44\]\[3\],35.89µm
pp_inst.fifo_data\[60\]\[10\],35.89µm
_01805_,35.84µm
_02125_,35.84µm
_02128_,35.84µm
_04497_,35.84µm
_04654_,35.84µm
_05784_,35.84µm
_07474_,35.84µm
_08211_,35.84µm
_08866_,35.84µm
_09406_,35.84µm
_09652_,35.84µm
_09894_,35.84µm
_10552_,35.84µm
pp_inst.fifo_data\[38\]\[17\],35.84µm
pp_inst.fifo_data\[3\]\[21\],35.84µm
pp_inst.fifo_data\[55\]\[5\],35.84µm
clknet_leaf_416_clk,35.43µm
_04538_,35.38µm
_09428_,35.38µm
_10467_,35.38µm
pp_inst.fifo_data\[16\]\[7\],35.38µm
spi_ctrl.word_buf\[8\],35.38µm
spi_phy.rx_reg\[1\],35.38µm
clknet_leaf_232_clk,35.38µm
_00269_,35.33µm
_00685_,35.33µm
_01812_,35.33µm
_03713_,35.33µm
_03868_,35.33µm
_04344_,35.33µm
_05088_,35.33µm
_05342_,35.33µm
_06053_,35.33µm
_08182_,35.33µm
_09797_,35.33µm
_11829_,35.33µm
pp_inst.core_inst.asconp_i.x0\[44\],35.33µm
_00191_,35.28µm
_00458_,35.28µm
_00527_,35.28µm
_03308_,35.28µm
_03749_,35.28µm
_03847_,35.28µm
_04046_,35.28µm
_04076_,35.28µm
_04095_,35.28µm
_04449_,35.28µm
_05041_,35.28µm
_06819_,35.28µm
_07032_,35.28µm
_07677_,35.28µm
_09988_,35.28µm
_10337_,35.28µm
_10645_,35.28µm
pp_inst.core_inst.reg_state_i.data_d\[71\],35.28µm
pp_inst.fifo_data\[2\]\[15\],35.28µm
clknet_leaf_453_clk,34.92µm
_09270_,34.87µm
clknet_leaf_58_clk,34.87µm
_05255_,34.82µm
_09192_,34.82µm
_09198_,34.82µm
_09381_,34.82µm
_11308_,34.82µm
mode\[3\],34.82µm
pp_inst.fifo_data\[47\]\[13\],34.82µm
pp_inst.fifo_data\[48\]\[11\],34.82µm
clknet_leaf_519_clk,34.82µm
_00193_,34.77µm
_03406_,34.77µm
_04652_,34.77µm
_08579_,34.77µm
_08933_,34.77µm
_09481_,34.77µm
_11074_,34.77µm
_11307_,34.77µm
_11493_,34.77µm
pp_inst.fifo_data\[12\]\[13\],34.77µm
clknet_leaf_140_clk,34.77µm
clknet_leaf_446_clk,34.77µm
_03087_,34.72µm
_03632_,34.72µm
_03922_,34.72µm
_04265_,34.72µm
_04338_,34.72µm
_04724_,34.72µm
_04869_,34.72µm
_04870_,34.72µm
_05066_,34.72µm
_05396_,34.72µm
_05842_,34.72µm
_08403_,34.72µm
_08734_,34.72µm
_08905_,34.72µm
_09227_,34.72µm
_10811_,34.72µm
_12135_,34.72µm
_12279_,34.72µm
pp_inst.fifo_data\[20\]\[3\],34.72µm
pp_inst.fifo_data\[28\]\[19\],34.72µm
pp_inst.fifo_data\[48\]\[7\],34.72µm
spi_ctrl.tx_shift_reg\[13\],34.72µm
spi_ctrl.word_buf\[10\],34.72µm
clknet_leaf_81_clk,34.72µm
spi_ctrl.word_buf\[13\],34.36µm
_09832_,34.31µm
_11187_,34.31µm
_12086_,34.31µm
_00248_,34.26µm
pp_inst.core_inst.asconp_i.x0\[3\],34.26µm
pp_inst.core_inst.asconp_i.x0\[45\],34.26µm
pp_inst.fifo_data\[62\]\[14\],34.26µm
spi_ctrl.tx_shift_reg\[15\],34.26µm
_01067_,34.21µm
_02848_,34.21µm
_07271_,34.21µm
_08602_,34.21µm
_09361_,34.21µm
_09475_,34.21µm
_09476_,34.21µm
_10729_,34.21µm
pp_inst.fifo_data\[0\]\[4\],34.21µm
pp_inst.fifo_data\[23\]\[10\],34.21µm
pp_inst.fifo_data\[34\]\[5\],34.21µm
pp_inst.fifo_data\[39\]\[4\],34.21µm
pp_inst.fifo_data\[55\]\[23\],34.21µm
pp_inst.fifo_data\[61\]\[17\],34.21µm
pp_inst.fifo_data\[6\]\[11\],34.21µm
spi_ctrl.pend_word\[7\],34.21µm
clknet_leaf_191_clk,34.21µm
_00123_,34.16µm
_00204_,34.16µm
_02392_,34.16µm
_03485_,34.16µm
_03869_,34.16µm
_04425_,34.16µm
_04565_,34.16µm
_04788_,34.16µm
_06140_,34.16µm
_06157_,34.16µm
_06374_,34.16µm
_07077_,34.16µm
_07516_,34.16µm
_08998_,34.16µm
_09768_,34.16µm
_09818_,34.16µm
_10068_,34.16µm
_10528_,34.16µm
_12138_,34.16µm
pp_inst.core_inst.reg_state_i.data_d\[232\],34.16µm
pp_inst.fifo_data\[48\]\[15\],34.16µm
pp_inst.fifo_data\[54\]\[5\],34.16µm
pp_inst.fifo_data\[1\]\[9\],33.93µm
_10793_,33.85µm
spi_ctrl.cs_n_sync\[2\],33.8µm
pp_inst.core_inst.asconp_i.x2\[17\],33.75µm
pp_inst.core_inst.asconp_i.x4\[59\],33.75µm
clknet_leaf_518_clk,33.75µm
_10300_,33.7µm
pp_inst.core_inst.asconp_i.x0\[32\],33.7µm
pp_inst.core_inst.asconp_i.x0\[52\],33.7µm
pp_inst.fifo_data\[48\]\[14\],33.7µm
pp_inst.fifo_data\[8\]\[18\],33.7µm
clknet_leaf_184_clk,33.7µm
clknet_leaf_388_clk,33.7µm
_04362_,33.65µm
_04474_,33.65µm
_07123_,33.65µm
_07239_,33.65µm
_07391_,33.65µm
_07510_,33.65µm
_08001_,33.65µm
_09291_,33.65µm
_09451_,33.65µm
_09771_,33.65µm
_11025_,33.65µm
_11280_,33.65µm
pp_inst.core_inst.asconp_i.x0\[41\],33.65µm
pp_inst.fifo_data\[23\]\[11\],33.65µm
pp_inst.fifo_data\[45\]\[12\],33.65µm
_00383_,33.6µm
_01716_,33.6µm
_03380_,33.6µm
_04003_,33.6µm
_04423_,33.6µm
_04610_,33.6µm
_05494_,33.6µm
_08612_,33.6µm
_09159_,33.6µm
_09811_,33.6µm
_10507_,33.6µm
_11973_,33.6µm
_12048_,33.6µm
_12269_,33.6µm
pp_inst.fifo_data\[3\]\[27\],33.6µm
pp_inst.fifo_data\[59\]\[3\],33.6µm
pp_inst.core_inst.asconp_i.x0\[5\],33.29µm
_10801_,33.24µm
pp_inst.core_inst.asconp_i.x1\[49\],33.24µm
_05222_,33.19µm
pp_inst.core_inst.asconp_i.x0\[46\],33.19µm
clknet_leaf_380_clk,33.19µm
_02319_,33.14µm
_09488_,33.14µm
_09808_,33.14µm
spi_phy.rx_reg\[0\],33.14µm
clknet_leaf_102_clk,33.14µm
_01290_,33.09µm
_01687_,33.09µm
_02428_,33.09µm
_03689_,33.09µm
_05346_,33.09µm
_08300_,33.09µm
_09353_,33.09µm
_10597_,33.09µm
_10738_,33.09µm
_11286_,33.09µm
_11305_,33.09µm
_11342_,33.09µm
_11846_,33.09µm
_12266_,33.09µm
pp_inst.core_inst.asconp_i.x0\[8\],33.09µm
pp_inst.core_inst.asconp_i.x0\[9\],33.09µm
pp_inst.fifo_data\[0\]\[15\],33.09µm
pp_inst.fifo_data\[42\]\[30\],33.09µm
pp_inst.fifo_data\[49\]\[18\],33.09µm
_00298_,33.04µm
_01966_,33.04µm
_03056_,33.04µm
_03500_,33.04µm
_04089_,33.04µm
_04231_,33.04µm
_04354_,33.04µm
_04398_,33.04µm
_04505_,33.04µm
_04513_,33.04µm
_04602_,33.04µm
_04729_,33.04µm
_04862_,33.04µm
_04873_,33.04µm
_07875_,33.04µm
_07950_,33.04µm
_09787_,33.04µm
_09826_,33.04µm
_10608_,33.04µm
_11162_,33.04µm
_12104_,33.04µm
pp_inst.core_inst.reg_state_i.data_d\[74\],33.04µm
pp_inst.fifo_data\[15\]\[23\],33.04µm
pp_inst.fifo_data\[55\]\[18\],33.04µm
pp_inst.fifo_data\[8\]\[22\],33.04µm
_05509_,32.58µm
_10708_,32.58µm
_10799_,32.58µm
pp_inst.core_inst.key_q\[120\],32.58µm
pp_inst.fifo_data\[31\]\[7\],32.58µm
pp_inst.fifo_data\[39\]\[6\],32.58µm
clknet_leaf_417_clk,32.58µm
_00194_,32.53µm
_03483_,32.53µm
_04574_,32.53µm
_07342_,32.53µm
_08144_,32.53µm
_08511_,32.53µm
_08604_,32.53µm
_09237_,32.53µm
_09800_,32.53µm
_09874_,32.53µm
_09932_,32.53µm
_10482_,32.53µm
pp_inst.fifo_data\[0\]\[1\],32.53µm
pp_inst.fifo_data\[28\]\[6\],32.53µm
pp_inst.fifo_data\[4\]\[16\],32.53µm
clknet_leaf_391_clk,32.53µm
_00242_,32.48µm
_01048_,32.48µm
_02767_,32.48µm
_03214_,32.48µm
_03359_,32.48µm
_03877_,32.48µm
_04083_,32.48µm
_04205_,32.48µm
_04333_,32.48µm
_05273_,32.48µm
_07131_,32.48µm
_07135_,32.48µm
_07906_,32.48µm
_08988_,32.48µm
_09467_,32.48µm
_09756_,32.48µm
_09999_,32.48µm
_10295_,32.48µm
_10408_,32.48µm
_10858_,32.48µm
_11240_,32.48µm
_11337_,32.48µm
_11376_,32.48µm
_11831_,32.48µm
_12278_,32.48µm
pp_inst.fifo_data\[43\]\[14\],32.48µm
_10575_,32.17µm
_09213_,32.07µm
_09665_,32.07µm
pp_inst.fifo_data\[4\]\[3\],32.07µm
_05455_,32.02µm
_07196_,32.02µm
_09233_,32.02µm
_11015_,32.02µm
pp_inst.core_inst.asconp_i.x2\[12\],32.02µm
clknet_leaf_440_clk,32.02µm
_01943_,31.97µm
_02447_,31.97µm
_02972_,31.97µm
_04137_,31.97µm
_04401_,31.97µm
_06382_,31.97µm
_06900_,31.97µm
_07214_,31.97µm
_07401_,31.97µm
_08270_,31.97µm
_08436_,31.97µm
_09064_,31.97µm
_09529_,31.97µm
_10902_,31.97µm
_10964_,31.97µm
_10976_,31.97µm
_12261_,31.97µm
pp_inst.fifo_data\[18\]\[30\],31.97µm
pp_inst.fifo_data\[29\]\[18\],31.97µm
pp_inst.fifo_data\[2\]\[5\],31.97µm
pp_inst.fifo_data\[33\]\[13\],31.97µm
pp_inst.fifo_data\[35\]\[23\],31.97µm
pp_inst.fifo_data\[44\]\[17\],31.97µm
pp_inst.fifo_data\[48\]\[6\],31.97µm
pp_inst.fifo_data\[51\]\[6\],31.97µm
pp_inst.fifo_data\[54\]\[7\],31.97µm
pp_inst.fifo_data\[9\]\[9\],31.97µm
_00011_,31.92µm
_01332_,31.92µm
_02895_,31.92µm
_03294_,31.92µm
_03649_,31.92µm
_03729_,31.92µm
_03823_,31.92µm
_03836_,31.92µm
_04085_,31.92µm
_04282_,31.92µm
_04351_,31.92µm
_04419_,31.92µm
_05265_,31.92µm
_05968_,31.92µm
_07210_,31.92µm
_08238_,31.92µm
_08802_,31.92µm
_09736_,31.92µm
_10364_,31.92µm
_11169_,31.92µm
_12285_,31.92µm
pp_inst.fifo_data\[53\]\[6\],31.92µm
_02638_,31.51µm
_09418_,31.51µm
pp_inst.fifo_data\[37\]\[28\],31.46µm
pp_inst.fifo_data\[62\]\[7\],31.46µm
clknet_leaf_463_clk,31.46µm
_01897_,31.41µm
_01969_,31.41µm
_02608_,31.41µm
_03563_,31.41µm
_03973_,31.41µm
_04514_,31.41µm
_04557_,31.41µm
_04573_,31.41µm
_05449_,31.41µm
_07134_,31.41µm
_07611_,31.41µm
_08034_,31.41µm
_08369_,31.41µm
_10056_,31.41µm
_10379_,31.41µm
_10434_,31.41µm
_12343_,31.41µm
pp_inst.core_inst.asconp_i.x0\[33\],31.41µm
pp_inst.core_inst.asconp_i.x1\[41\],31.41µm
pp_inst.fifo_data\[30\]\[16\],31.41µm
pp_inst.fifo_data\[38\]\[11\],31.41µm
pp_inst.fifo_data\[3\]\[18\],31.41µm
pp_inst.fifo_data\[41\]\[28\],31.41µm
pp_inst.fifo_data\[47\]\[5\],31.41µm
pp_inst.fifo_data\[51\]\[31\],31.41µm
pp_inst.fifo_data\[55\]\[4\],31.41µm
_00128_,31.36µm
_00431_,31.36µm
_00781_,31.36µm
_00902_,31.36µm
_01783_,31.36µm
_02100_,31.36µm
_02264_,31.36µm
_03246_,31.36µm
_03357_,31.36µm
_03388_,31.36µm
_03768_,31.36µm
_03948_,31.36µm
_04427_,31.36µm
_04535_,31.36µm
_06166_,31.36µm
_07136_,31.36µm
_07141_,31.36µm
_07456_,31.36µm
_08072_,31.36µm
_08273_,31.36µm
_08368_,31.36µm
_08574_,31.36µm
_09655_,31.36µm
pp_inst.fifo_data\[24\]\[31\],31.36µm
spi_ctrl.tx_byte_cnt\[0\],31µm
_04685_,30.95µm
pp_inst.fifo_data\[32\]\[26\],30.95µm
_03003_,30.9µm
_05259_,30.9µm
_05973_,30.9µm
_08501_,30.9µm
pp_inst.core_inst.asconp_i.x0\[43\],30.9µm
pp_inst.fifo_data\[21\]\[13\],30.9µm
pp_inst.fifo_data\[25\]\[15\],30.9µm
pp_inst.fifo_data\[54\]\[0\],30.9µm
_03723_,30.85µm
_04235_,30.85µm
_04749_,30.85µm
_04920_,30.85µm
_06758_,30.85µm
_06970_,30.85µm
_07006_,30.85µm
_07169_,30.85µm
_07443_,30.85µm
_08240_,30.85µm
_08770_,30.85µm
_09423_,30.85µm
_09544_,30.85µm
_11532_,30.85µm
_11694_,30.85µm
_11989_,30.85µm
_12133_,30.85µm
pp_inst.core_inst.asconp_i.x0\[29\],30.85µm
pp_inst.fifo_data\[0\]\[3\],30.85µm
pp_inst.fifo_data\[11\]\[16\],30.85µm
pp_inst.fifo_data\[24\]\[0\],30.85µm
pp_inst.fifo_data\[29\]\[13\],30.85µm
pp_inst.fifo_data\[38\]\[5\],30.85µm
pp_inst.fifo_data\[50\]\[22\],30.85µm
pp_inst.fifo_data\[54\]\[31\],30.85µm
pp_inst.fifo_data\[62\]\[23\],30.85µm
_01455_,30.8µm
_02863_,30.8µm
_02956_,30.8µm
_03557_,30.8µm
_03733_,30.8µm
_04221_,30.8µm
_04480_,30.8µm
_04501_,30.8µm
_04564_,30.8µm
_05043_,30.8µm
_06893_,30.8µm
_09037_,30.8µm
_11202_,30.8µm
_11741_,30.8µm
_11836_,30.8µm
_12255_,30.8µm
_12296_,30.8µm
pp_inst.fifo_data\[10\]\[4\],30.8µm
pp_inst.fifo_data\[12\]\[25\],30.8µm
pp_inst.fifo_data\[1\]\[16\],30.8µm
pp_inst.fifo_data\[52\]\[5\],30.8µm
spi_ctrl.state\[3\],30.8µm
_10802_,30.6µm
_11283_,30.49µm
_00587_,30.34µm
_04256_,30.34µm
_08666_,30.34µm
_09420_,30.34µm
_10553_,30.34µm
_11279_,30.34µm
key_valid,30.34µm
pp_inst.fifo_data\[24\]\[5\],30.34µm
pp_inst.fifo_data\[31\]\[9\],30.34µm
pp_inst.fifo_data\[52\]\[28\],30.34µm
spi_ctrl.pend_word\[23\],30.34µm
clknet_leaf_444_clk,30.34µm
_01030_,30.29µm
_02043_,30.29µm
_02548_,30.29µm
_03507_,30.29µm
_04124_,30.29µm
_04389_,30.29µm
_04428_,30.29µm
_04491_,30.29µm
_04562_,30.29µm
_05030_,30.29µm
_06444_,30.29µm
_07908_,30.29µm
_08074_,30.29µm
_08303_,30.29µm
_09806_,30.29µm
_10362_,30.29µm
_10611_,30.29µm
_11335_,30.29µm
_12102_,30.29µm
pp_inst.core_inst.reg_state_i.data_d\[175\],30.29µm
pp_inst.fifo_data\[22\]\[22\],30.29µm
pp_inst.fifo_data\[31\]\[4\],30.29µm
pp_inst.fifo_data\[35\]\[24\],30.29µm
pp_inst.fifo_data\[41\]\[26\],30.29µm
pp_inst.fifo_data\[56\]\[0\],30.29µm
pp_inst.fifo_data\[59\]\[17\],30.29µm
pp_inst.fifo_data\[7\]\[0\],30.29µm
spi_phy.rx_reg\[3\],30.29µm
net1594,30.29µm
clknet_leaf_371_clk,30.29µm
_00162_,30.24µm
_02644_,30.24µm
_02991_,30.24µm
_03284_,30.24µm
_03765_,30.24µm
_03827_,30.24µm
_04342_,30.24µm
_04579_,30.24µm
_04648_,30.24µm
_04850_,30.24µm
_05146_,30.24µm
_07005_,30.24µm
_07376_,30.24µm
_07409_,30.24µm
_08104_,30.24µm
_08305_,30.24µm
_08405_,30.24µm
_08476_,30.24µm
_09132_,30.24µm
_10728_,30.24µm
_11204_,30.24µm
_11764_,30.24µm
_12250_,30.24µm
_12252_,30.24µm
pp_inst.fifo_data\[1\]\[7\],30.24µm
pp_inst.fifo_data\[21\]\[31\],30.24µm
pp_inst.fifo_data\[23\]\[30\],30.24µm
pp_inst.fifo_data\[39\]\[3\],30.24µm
_09457_,30.01µm
_10518_,29.83µm
pp_inst.core_inst.asconp_i.x0\[30\],29.83µm
pp_inst.fifo_data\[48\]\[13\],29.83µm
_09083_,29.78µm
_10426_,29.78µm
_12264_,29.78µm
pp_inst.core_inst.asconp_i.x0\[14\],29.78µm
pp_inst.fifo_data\[16\]\[24\],29.78µm
pp_inst.fifo_data\[36\]\[5\],29.78µm
pp_inst.fifo_data\[54\]\[10\],29.78µm
spi_ctrl.pend_word\[18\],29.78µm
_00618_,29.73µm
_00827_,29.73µm
_02036_,29.73µm
_02480_,29.73µm
_02551_,29.73µm
_02708_,29.73µm
_04164_,29.73µm
_04475_,29.73µm
_04527_,29.73µm
_04556_,29.73µm
_05462_,29.73µm
_06596_,29.73µm
_06850_,29.73µm
_07162_,29.73µm
_07543_,29.73µm
_07650_,29.73µm
_08438_,29.73µm
_08707_,29.73µm
_08976_,29.73µm
_09299_,29.73µm
_09693_,29.73µm
_09867_,29.73µm
_10035_,29.73µm
_10924_,29.73µm
_11161_,29.73µm
_11689_,29.73µm
pp_inst.fifo_data\[20\]\[5\],29.73µm
pp_inst.fifo_data\[22\]\[5\],29.73µm
pp_inst.fifo_data\[53\]\[13\],29.73µm
pp_inst.fifo_data\[63\]\[12\],29.73µm
pp_inst.fifo_data\[63\]\[5\],29.73µm
spi_ctrl.pend_word\[17\],29.73µm
spi_phy.tx_reg\[5\],29.73µm
_00031_,29.68µm
_00168_,29.68µm
_02624_,29.68µm
_02665_,29.68µm
_03315_,29.68µm
_03376_,29.68µm
_03390_,29.68µm
_03879_,29.68µm
_04184_,29.68µm
_04386_,29.68µm
_04621_,29.68µm
_04723_,29.68µm
_04932_,29.68µm
_07349_,29.68µm
_07519_,29.68µm
_07749_,29.68µm
_08237_,29.68µm
_08635_,29.68µm
_08702_,29.68µm
_08769_,29.68µm
_08814_,29.68µm
_09234_,29.68µm
_09616_,29.68µm
_09724_,29.68µm
_10004_,29.68µm
_10355_,29.68µm
_10718_,29.68µm
_11488_,29.68µm
_12275_,29.68µm
_12348_,29.68µm
pp_inst.fifo_data\[15\]\[12\],29.68µm
pp_inst.fifo_data\[26\]\[30\],29.68µm
pp_inst.fifo_data\[38\]\[18\],29.68µm
pp_inst.fifo_data\[39\]\[23\],29.68µm
spi_phy.bit_cnt\[1\],29.68µm
_08335_,29.53µm
_11785_,29.27µm
pp_inst.fifo_data\[7\]\[10\],29.27µm
_07580_,29.22µm
_10303_,29.22µm
_11017_,29.22µm
_11314_,29.22µm
pp_inst.fifo_data\[29\]\[14\],29.22µm
pp_inst.fifo_data\[32\]\[9\],29.22µm
pp_inst.fifo_data\[38\]\[28\],29.22µm
pp_inst.fifo_data\[56\]\[11\],29.22µm
_00208_,29.17µm
_02864_,29.17µm
_03492_,29.17µm
_03569_,29.17µm
_04464_,29.17µm
_04605_,29.17µm
_05814_,29.17µm
_05886_,29.17µm
_06446_,29.17µm
_06972_,29.17µm
_08040_,29.17µm
_08153_,29.17µm
_08234_,29.17µm
_08304_,29.17µm
_09246_,29.17µm
_10236_,29.17µm
_11317_,29.17µm
_11330_,29.17µm
auth,29.17µm
pp_inst.core_inst.asconp_i.x1\[61\],29.17µm
pp_inst.fifo_data\[14\]\[27\],29.17µm
pp_inst.fifo_data\[16\]\[22\],29.17µm
pp_inst.fifo_data\[17\]\[26\],29.17µm
pp_inst.fifo_data\[18\]\[25\],29.17µm
pp_inst.fifo_data\[20\]\[23\],29.17µm
pp_inst.fifo_data\[23\]\[0\],29.17µm
pp_inst.fifo_data\[43\]\[5\],29.17µm
pp_inst.fifo_data\[6\]\[30\],29.17µm
_00390_,29.12µm
_00559_,29.12µm
_01417_,29.12µm
_02324_,29.12µm
_02700_,29.12µm
_02768_,29.12µm
_02871_,29.12µm
_02988_,29.12µm
_03276_,29.12µm
_03345_,29.12µm
_03534_,29.12µm
_03620_,29.12µm
_04047_,29.12µm
_04306_,29.12µm
_04404_,29.12µm
_04542_,29.12µm
_04737_,29.12µm
_05830_,29.12µm
_07004_,29.12µm
_07172_,29.12µm
_07544_,29.12µm
_07884_,29.12µm
_08133_,29.12µm
_08637_,29.12µm
_09817_,29.12µm
_10450_,29.12µm
_10808_,29.12µm
pp_inst.fifo_data\[13\]\[9\],29.12µm
pp_inst.fifo_data\[19\]\[23\],29.12µm
pp_inst.fifo_data\[20\]\[27\],29.12µm
pp_inst.fifo_data\[40\]\[12\],29.12µm
pp_inst.fifo_data\[5\]\[15\],29.12µm
pp_inst.fifo_data\[8\]\[28\],29.12µm
_09221_,28.76µm
_04457_,28.71µm
_04907_,28.71µm
_09282_,28.71µm
_09464_,28.71µm
_10333_,28.71µm
_11848_,28.71µm
pp_inst.fifo_data\[7\]\[20\],28.71µm
_03517_,28.66µm
_04548_,28.66µm
_04728_,28.66µm
_10112_,28.66µm
_10346_,28.66µm
_10849_,28.66µm
_11991_,28.66µm
pp_inst.core_inst.asconp_i.x4\[49\],28.66µm
pp_inst.fifo_data\[19\]\[25\],28.66µm
pp_inst.fifo_data\[33\]\[10\],28.66µm
pp_inst.fifo_data\[3\]\[10\],28.66µm
pp_inst.fifo_data\[47\]\[28\],28.66µm
pp_inst.fifo_data\[55\]\[17\],28.66µm
pp_inst.fifo_data\[56\]\[27\],28.66µm
pp_inst.fifo_data\[59\]\[25\],28.66µm
spi_ctrl.pend_word\[8\],28.66µm
_01460_,28.61µm
_02478_,28.61µm
_03215_,28.61µm
_04259_,28.61µm
_07204_,28.61µm
_07340_,28.61µm
_08469_,28.61µm
_09217_,28.61µm
_09225_,28.61µm
_09256_,28.61µm
_10445_,28.61µm
_10797_,28.61µm
pp_inst.fifo_data\[0\]\[17\],28.61µm
pp_inst.fifo_data\[0\]\[5\],28.61µm
pp_inst.fifo_data\[16\]\[15\],28.61µm
pp_inst.fifo_data\[1\]\[25\],28.61µm
pp_inst.fifo_data\[21\]\[25\],28.61µm
pp_inst.fifo_data\[31\]\[16\],28.61µm
pp_inst.fifo_data\[32\]\[14\],28.61µm
pp_inst.fifo_data\[46\]\[15\],28.61µm
pp_inst.fifo_data\[56\]\[17\],28.61µm
pp_inst.fifo_data\[61\]\[26\],28.61µm
clknet_leaf_133_clk,28.61µm
_03897_,28.56µm
_04215_,28.56µm
_04361_,28.56µm
_04421_,28.56µm
_04509_,28.56µm
_04848_,28.56µm
_07170_,28.56µm
_07597_,28.56µm
_07744_,28.56µm
_07922_,28.56µm
_09536_,28.56µm
_10432_,28.56µm
_11589_,28.56µm
_12310_,28.56µm
pp_inst.fifo_data\[38\]\[13\],28.56µm
spi_ctrl.pend_word\[25\],28.56µm
pp_inst.fifo_data\[59\]\[30\],28.23µm
_09271_,28.15µm
_11304_,28.15µm
pp_inst.fifo_data\[52\]\[11\],28.15µm
_00195_,28.1µm
_04388_,28.1µm
_06450_,28.1µm
_08214_,28.1µm
_09487_,28.1µm
pp_inst.core_inst.ad_pad_q,28.1µm
pp_inst.fifo_data\[16\]\[1\],28.1µm
pp_inst.fifo_data\[18\]\[5\],28.1µm
pp_inst.fifo_data\[22\]\[7\],28.1µm
pp_inst.fifo_data\[41\]\[19\],28.1µm
clknet_leaf_426_clk,28.1µm
clknet_leaf_456_clk,28.1µm
_01224_,28.05µm
_01492_,28.05µm
_01565_,28.05µm
_01647_,28.05µm
_03771_,28.05µm
_03856_,28.05µm
_04040_,28.05µm
_04108_,28.05µm
_04242_,28.05µm
_04413_,28.05µm
_04826_,28.05µm
_05067_,28.05µm
_05155_,28.05µm
_09297_,28.05µm
_09653_,28.05µm
_11118_,28.05µm
_11386_,28.05µm
_11492_,28.05µm
pp_inst.fifo_data\[3\]\[14\],28.05µm
pp_inst.fifo_data\[47\]\[26\],28.05µm
pp_inst.fifo_data\[9\]\[19\],28.05µm
spi_ctrl.pend_word\[20\],28.05µm
spi_ctrl.tx_shift_reg\[10\],28.05µm
clknet_leaf_424_clk,28.05µm
_00192_,28µm
_00669_,28µm
_01838_,28µm
_02479_,28µm
_03432_,28µm
_03550_,28µm
_03761_,28µm
_03860_,28µm
_04150_,28µm
_04160_,28µm
_04255_,28µm
_04727_,28µm
_04915_,28µm
_05057_,28µm
_05659_,28µm
_06693_,28µm
_06863_,28µm
_07274_,28µm
_07308_,28µm
_07448_,28µm
_07811_,28µm
_07841_,28µm
_08008_,28µm
_08086_,28µm
_08139_,28µm
_08907_,28µm
_08908_,28µm
_09106_,28µm
_09369_,28µm
_10322_,28µm
_10366_,28µm
_11011_,28µm
_11207_,28µm
pp_inst.fifo_data\[17\]\[7\],28µm
pp_inst.fifo_data\[32\]\[5\],28µm
pp_inst.fifo_data\[3\]\[16\],28µm
pp_inst.fifo_data\[41\]\[6\],28µm
spi_ctrl.tx_shift_reg\[12\],28µm
pp_inst.fifo_data\[14\]\[1\],27.59µm
pp_inst.fifo_data\[63\]\[22\],27.59µm
clknet_leaf_513_clk,27.59µm
_09001_,27.58µm
_06578_,27.54µm
_08188_,27.54µm
_08659_,27.54µm
_09133_,27.54µm
_11048_,27.54µm
_11555_,27.54µm
pp_inst.fifo_data\[16\]\[17\],27.54µm
pp_inst.fifo_data\[44\]\[10\],27.54µm
pp_inst.fifo_data\[44\]\[8\],27.54µm
_00017_,27.49µm
_03385_,27.49µm
_03471_,27.49µm
_04529_,27.49µm
_05407_,27.49µm
_05840_,27.49µm
_06054_,27.49µm
_06100_,27.49µm
_06454_,27.49µm
_07003_,27.49µm
_08171_,27.49µm
_08271_,27.49µm
_09283_,27.49µm
_09292_,27.49µm
_10263_,27.49µm
_11790_,27.49µm
pp_inst.core_inst.asconp_i.x0\[63\],27.49µm
pp_inst.core_inst.reg_state_i.data_d\[201\],27.49µm
pp_inst.fifo_data\[39\]\[7\],27.49µm
pp_inst.fifo_data\[43\]\[27\],27.49µm
pp_inst.fifo_data\[45\]\[17\],27.49µm
pp_inst.fifo_data\[50\]\[16\],27.49µm
pp_inst.fifo_data\[50\]\[3\],27.49µm
pp_inst.fifo_data\[55\]\[14\],27.49µm
pp_inst.fifo_data\[57\]\[15\],27.49µm
spi_ctrl.tx_stage\[26\],27.49µm
clknet_leaf_395_clk,27.49µm
_00250_,27.44µm
_03023_,27.44µm
_03551_,27.44µm
_04033_,27.44µm
_04667_,27.44µm
_05361_,27.44µm
_06687_,27.44µm
_07941_,27.44µm
_09519_,27.44µm
_09564_,27.44µm
_10080_,27.44µm
_10344_,27.44µm
_10660_,27.44µm
_10706_,27.44µm
_11092_,27.44µm
_11150_,27.44µm
_11602_,27.44µm
_12314_,27.44µm
key_ready,27.44µm
pp_inst.fifo_data\[11\]\[18\],27.44µm
pp_inst.fifo_data\[16\]\[30\],27.44µm
pp_inst.fifo_data\[32\]\[10\],27.44µm
pp_inst.fifo_data\[42\]\[28\],27.44µm
pp_inst.fifo_data\[50\]\[17\],27.44µm
pp_inst.fifo_data\[7\]\[16\],27.44µm
pp_inst.fifo_data\[38\]\[22\],27.16µm
_03484_,27.03µm
_06363_,27.03µm
_09414_,27.03µm
_12157_,27.03µm
pp_inst.fifo_data\[39\]\[0\],27.03µm
pp_inst.fifo_data\[48\]\[17\],27.03µm
_04743_,26.98µm
_06796_,26.98µm
_10069_,26.98µm
_10643_,26.98µm
_10953_,26.98µm
pp_inst.core_inst.asconp_i.x0\[21\],26.98µm
pp_inst.core_inst.asconp_i.x0\[34\],26.98µm
pp_inst.fifo_data\[26\]\[14\],26.98µm
pp_inst.fifo_data\[31\]\[10\],26.98µm
pp_inst.fifo_data\[32\]\[17\],26.98µm
pp_inst.fifo_data\[5\]\[19\],26.98µm
pp_inst.fifo_data\[63\]\[7\],26.98µm
spi_ctrl.tx_shift_reg\[16\],26.98µm
_00607_,26.93µm
_02208_,26.93µm
_02743_,26.93µm
_03255_,26.93µm
_03289_,26.93µm
_04346_,26.93µm
_04424_,26.93µm
_04438_,26.93µm
_04468_,26.93µm
_05089_,26.93µm
_06115_,26.93µm
_07494_,26.93µm
_07795_,26.93µm
_08773_,26.93µm
_08844_,26.93µm
_09507_,26.93µm
_09695_,26.93µm
_10170_,26.93µm
_10529_,26.93µm
_10726_,26.93µm
_11119_,26.93µm
_11579_,26.93µm
_11851_,26.93µm
_11919_,26.93µm
pp_inst.fifo_data\[14\]\[5\],26.93µm
pp_inst.fifo_data\[19\]\[9\],26.93µm
pp_inst.fifo_data\[26\]\[1\],26.93µm
pp_inst.fifo_data\[27\]\[27\],26.93µm
pp_inst.fifo_data\[33\]\[11\],26.93µm
pp_inst.fifo_data\[33\]\[14\],26.93µm
pp_inst.fifo_data\[43\]\[21\],26.93µm
pp_inst.fifo_data\[49\]\[6\],26.93µm
pp_inst.fifo_data\[4\]\[15\],26.93µm
pp_inst.fifo_data\[59\]\[22\],26.93µm
_00432_,26.88µm
_00591_,26.88µm
_00813_,26.88µm
_01911_,26.88µm
_03905_,26.88µm
_03957_,26.88µm
_03991_,26.88µm
_04088_,26.88µm
_04199_,26.88µm
_05972_,26.88µm
_06458_,26.88µm
_07881_,26.88µm
_08075_,26.88µm
_08145_,26.88µm
_08732_,26.88µm
_08827_,26.88µm
_09223_,26.88µm
_09586_,26.88µm
_09838_,26.88µm
_09839_,26.88µm
_09963_,26.88µm
_10067_,26.88µm
_10305_,26.88µm
_11185_,26.88µm
_11354_,26.88µm
_11647_,26.88µm
_12254_,26.88µm
pp_inst.fifo_data\[0\]\[26\],26.88µm
pp_inst.fifo_data\[1\]\[8\],26.88µm
pp_inst.fifo_data\[29\]\[12\],26.88µm
pp_inst.fifo_data\[38\]\[7\],26.88µm
pp_inst.fifo_data\[44\]\[7\],26.88µm
_10391_,26.52µm
_04262_,26.47µm
_05483_,26.47µm
_10028_,26.47µm
_10700_,26.47µm
pp_inst.core_inst.asconp_i.x0\[28\],26.47µm
pp_inst.fifo_data\[14\]\[28\],26.47µm
pp_inst.fifo_data\[40\]\[7\],26.47µm
_01751_,26.42µm
_04717_,26.42µm
_09201_,26.42µm
_09202_,26.42µm
_09439_,26.42µm
_09836_,26.42µm
_09854_,26.42µm
_10367_,26.42µm
pp_inst.core_inst.asconp_i.x0\[35\],26.42µm
pp_inst.fifo_data\[15\]\[13\],26.42µm
pp_inst.fifo_data\[55\]\[16\],26.42µm
pp_inst.fifo_data\[6\]\[14\],26.42µm
spi_ctrl.tx_shift_reg\[29\],26.42µm
clknet_leaf_401_clk,26.42µm
clknet_leaf_455_clk,26.42µm
clknet_leaf_495_clk,26.42µm
_00918_,26.37µm
_01952_,26.37µm
_02295_,26.37µm
_02935_,26.37µm
_03328_,26.37µm
_03372_,26.37µm
_03438_,26.37µm
_03724_,26.37µm
_03841_,26.37µm
_04091_,26.37µm
_04266_,26.37µm
_04295_,26.37µm
_04339_,26.37µm
_04381_,26.37µm
_04488_,26.37µm
_04555_,26.37µm
_04816_,26.37µm
_06894_,26.37µm
_07302_,26.37µm
_08313_,26.37µm
_08997_,26.37µm
_09196_,26.37µm
_10090_,26.37µm
_10106_,26.37µm
_10377_,26.37µm
_10747_,26.37µm
_11197_,26.37µm
_11781_,26.37µm
_11921_,26.37µm
_12156_,26.37µm
pp_inst.fifo_data\[10\]\[11\],26.37µm
pp_inst.fifo_data\[12\]\[21\],26.37µm
pp_inst.fifo_data\[14\]\[19\],26.37µm
pp_inst.fifo_data\[16\]\[19\],26.37µm
pp_inst.fifo_data\[24\]\[7\],26.37µm
pp_inst.fifo_data\[51\]\[24\],26.37µm
pp_inst.fifo_data\[52\]\[14\],26.37µm
pp_inst.fifo_data\[61\]\[12\],26.37µm
pp_inst.fifo_data\[63\]\[19\],26.37µm
_01773_,26.32µm
_02288_,26.32µm
_03532_,26.32µm
_04261_,26.32µm
_04286_,26.32µm
_04447_,26.32µm
_04585_,26.32µm
_08210_,26.32µm
_08374_,26.32µm
_08801_,26.32µm
_09143_,26.32µm
_10324_,26.32µm
_10357_,26.32µm
_10532_,26.32µm
_11242_,26.32µm
pp_inst.fifo_data\[50\]\[19\],26.32µm
pp_inst.fifo_data\[5\]\[24\],26.32µm
_09522_,25.91µm
_10668_,25.91µm
spi_ctrl.word_buf\[20\],25.91µm
clknet_leaf_464_clk,25.91µm
_03697_,25.86µm
_10208_,25.86µm
_10564_,25.86µm
pp_inst.fifo_data\[0\]\[20\],25.86µm
pp_inst.fifo_data\[25\]\[24\],25.86µm
pp_inst.fifo_data\[47\]\[20\],25.86µm
pp_inst.fifo_data\[54\]\[3\],25.86µm
clknet_leaf_425_clk,25.86µm
clknet_leaf_500_clk,25.86µm
_00010_,25.81µm
_00381_,25.81µm
_02350_,25.81µm
_02615_,25.81µm
_03311_,25.81µm
_03503_,25.81µm
_03604_,25.81µm
_04071_,25.81µm
_04201_,25.81µm
_04681_,25.81µm
_06763_,25.81µm
_06879_,25.81µm
_07275_,25.81µm
_07346_,25.81µm
_07481_,25.81µm
_07601_,25.81µm
_07622_,25.81µm
_07894_,25.81µm
_09455_,25.81µm
_09883_,25.81µm
_10128_,25.81µm
_10273_,25.81µm
_10764_,25.81µm
_10809_,25.81µm
_11487_,25.81µm
_12247_,25.81µm
_12280_,25.81µm
pp_inst.fifo_data\[14\]\[22\],25.81µm
pp_inst.fifo_data\[14\]\[3\],25.81µm
pp_inst.fifo_data\[25\]\[11\],25.81µm
pp_inst.fifo_data\[28\]\[24\],25.81µm
pp_inst.fifo_data\[32\]\[27\],25.81µm
pp_inst.fifo_data\[39\]\[5\],25.81µm
pp_inst.fifo_data\[3\]\[25\],25.81µm
pp_inst.fifo_data\[40\]\[1\],25.81µm
pp_inst.fifo_data\[40\]\[28\],25.81µm
pp_inst.fifo_data\[41\]\[5\],25.81µm
pp_inst.fifo_data\[58\]\[20\],25.81µm
pp_inst.fifo_data\[9\]\[24\],25.81µm
spi_ctrl.tx_stage\[29\],25.81µm
clknet_leaf_411_clk,25.81µm
_00042_,25.76µm
_02580_,25.76µm
_03366_,25.76µm
_03556_,25.76µm
_03734_,25.76µm
_03955_,25.76µm
_04171_,25.76µm
_04180_,25.76µm
_04226_,25.76µm
_04911_,25.76µm
_05340_,25.76µm
_05372_,25.76µm
_05397_,25.76µm
_07042_,25.76µm
_07213_,25.76µm
_07993_,25.76µm
_09113_,25.76µm
_09537_,25.76µm
_10077_,25.76µm
_10371_,25.76µm
_10509_,25.76µm
_11099_,25.76µm
_11456_,25.76µm
_12273_,25.76µm
_12332_,25.76µm
pp_inst.core_inst.asconp_i.x0\[4\],25.76µm
pp_inst.fifo_data\[26\]\[10\],25.76µm
pp_inst.fifo_data\[49\]\[21\],25.76µm
pp_inst.fifo_data\[7\]\[1\],25.76µm
pp_inst.fifo_data\[36\]\[16\],25.48µm
_10567_,25.35µm
pp_inst.core_inst.asconp_i.x0\[37\],25.35µm
pp_inst.fifo_data\[26\]\[16\],25.35µm
_00810_,25.3µm
_03189_,25.3µm
_10620_,25.3µm
pp_inst.fifo_data\[0\]\[25\],25.3µm
pp_inst.fifo_data\[1\]\[12\],25.3µm
pp_inst.fifo_data\[21\]\[14\],25.3µm
pp_inst.fifo_data\[41\]\[11\],25.3µm
_00542_,25.25µm
_00562_,25.25µm
_00649_,25.25µm
_00837_,25.25µm
_02436_,25.25µm
_04049_,25.25µm
_04118_,25.25µm
_04218_,25.25µm
_05199_,25.25µm
_05663_,25.25µm
_05677_,25.25µm
_05916_,25.25µm
_06756_,25.25µm
_06887_,25.25µm
_08452_,25.25µm
_08934_,25.25µm
_09053_,25.25µm
_09069_,25.25µm
_09494_,25.25µm
_10389_,25.25µm
_10719_,25.25µm
_10960_,25.25µm
_11001_,25.25µm
_11258_,25.25µm
pp_inst.fifo_data\[11\]\[27\],25.25µm
pp_inst.fifo_data\[13\]\[14\],25.25µm
pp_inst.fifo_data\[21\]\[7\],25.25µm
pp_inst.fifo_data\[38\]\[15\],25.25µm
pp_inst.fifo_data\[41\]\[12\],25.25µm
pp_inst.fifo_data\[46\]\[14\],25.25µm
pp_inst.fifo_data\[47\]\[21\],25.25µm
pp_inst.fifo_data\[59\]\[21\],25.25µm
pp_inst.fifo_data\[59\]\[23\],25.25µm
spi_ctrl.pend_word\[14\],25.25µm
clknet_leaf_210_clk,25.25µm
_00247_,25.2µm
_01064_,25.2µm
_02831_,25.2µm
_03004_,25.2µm
_03054_,25.2µm
_03182_,25.2µm
_03681_,25.2µm
_03992_,25.2µm
_04072_,25.2µm
_04130_,25.2µm
_04241_,25.2µm
_04846_,25.2µm
_05069_,25.2µm
_05348_,25.2µm
_05719_,25.2µm
_06455_,25.2µm
_06682_,25.2µm
_06896_,25.2µm
_07132_,25.2µm
_07852_,25.2µm
_08277_,25.2µm
_08306_,25.2µm
_08938_,25.2µm
_09073_,25.2µm
_09372_,25.2µm
_09538_,25.2µm
_09658_,25.2µm
_10867_,25.2µm
_11783_,25.2µm
_11786_,25.2µm
_11992_,25.2µm
_12055_,25.2µm
pp_inst.core_inst.reg_state_i.data_d\[177\],25.2µm
pp_inst.fifo_data\[46\]\[23\],25.2µm
pp_inst.fifo_data\[48\]\[19\],25.2µm
pp_inst.fifo_data\[56\]\[24\],25.2µm
pp_inst.fifo_data\[62\]\[28\],25.2µm
_09261_,24.79µm
_10352_,24.79µm
pp_inst.fifo_data\[17\]\[21\],24.79µm
pp_inst.fifo_data\[46\]\[0\],24.79µm
pp_inst.fifo_data\[59\]\[12\],24.79µm
_05801_,24.74µm
_08003_,24.74µm
_08421_,24.74µm
_10086_,24.74µm
_11222_,24.74µm
_11327_,24.74µm
pp_inst.fifo_data\[20\]\[14\],24.74µm
pp_inst.fifo_data\[22\]\[13\],24.74µm
pp_inst.fifo_data\[38\]\[19\],24.74µm
pp_inst.fifo_data\[46\]\[30\],24.74µm
pp_inst.fifo_data\[47\]\[30\],24.74µm
pp_inst.fifo_data\[56\]\[28\],24.74µm
_00265_,24.69µm
_00856_,24.69µm
_02414_,24.69µm
_02903_,24.69µm
_03526_,24.69µm
_03673_,24.69µm
_03688_,24.69µm
_04082_,24.69µm
_04155_,24.69µm
_04352_,24.69µm
_04609_,24.69µm
_04715_,24.69µm
_05468_,24.69µm
_05977_,24.69µm
_06122_,24.69µm
_06810_,24.69µm
_08177_,24.69µm
_08241_,24.69µm
_08951_,24.69µm
_09094_,24.69µm
_09943_,24.69µm
_10058_,24.69µm
_10686_,24.69µm
_10721_,24.69µm
_10812_,24.69µm
_11155_,24.69µm
pp_inst.fifo_data\[0\]\[21\],24.69µm
pp_inst.fifo_data\[1\]\[1\],24.69µm
pp_inst.fifo_data\[23\]\[12\],24.69µm
pp_inst.fifo_data\[24\]\[25\],24.69µm
pp_inst.fifo_data\[24\]\[3\],24.69µm
pp_inst.fifo_data\[28\]\[18\],24.69µm
pp_inst.fifo_data\[31\]\[20\],24.69µm
pp_inst.fifo_data\[34\]\[20\],24.69µm
pp_inst.fifo_data\[43\]\[17\],24.69µm
pp_inst.fifo_data\[45\]\[10\],24.69µm
pp_inst.fifo_data\[4\]\[9\],24.69µm
pp_inst.fifo_data\[7\]\[7\],24.69µm
pp_inst.fifo_data\[8\]\[24\],24.69µm
spi_ctrl.word_cnt\[1\],24.69µm
clknet_leaf_428_clk,24.69µm
_00028_,24.64µm
_00176_,24.64µm
_01031_,24.64µm
_01369_,24.64µm
_01495_,24.64µm
_02031_,24.64µm
_02103_,24.64µm
_03377_,24.64µm
_03640_,24.64µm
_03666_,24.64µm
_03882_,24.64µm
_03931_,24.64µm
_04068_,24.64µm
_04445_,24.64µm
_05570_,24.64µm
_05763_,24.64µm
_06442_,24.64µm
_08016_,24.64µm
_08600_,24.64µm
_09062_,24.64µm
_09452_,24.64µm
_09486_,24.64µm
_10206_,24.64µm
_10601_,24.64µm
_11239_,24.64µm
_11917_,24.64µm
pp_inst.fifo_data\[11\]\[30\],24.64µm
pp_inst.fifo_data\[13\]\[7\],24.64µm
pp_inst.fifo_data\[16\]\[23\],24.64µm
pp_inst.fifo_data\[18\]\[29\],24.64µm
pp_inst.fifo_data\[29\]\[20\],24.64µm
pp_inst.fifo_data\[29\]\[7\],24.64µm
pp_inst.fifo_data\[3\]\[8\],24.64µm
pp_inst.fifo_data\[52\]\[3\],24.64µm
pp_inst.fifo_data\[9\]\[5\],24.64µm
spi_ctrl.tx_shift_reg\[27\],24.64µm
_10325_,24.41µm
pp_inst.fifo_data\[10\]\[14\],24.36µm
_04865_,24.23µm
_09807_,24.23µm
pp_inst.core_inst.asconp_i.x0\[53\],24.23µm
pp_inst.fifo_data\[21\]\[5\],24.23µm
pp_inst.fifo_data\[27\]\[23\],24.23µm
pp_inst.fifo_data\[42\]\[13\],24.23µm
_05035_,24.18µm
_06105_,24.18µm
_09402_,24.18µm
_09413_,24.18µm
_09417_,24.18µm
pp_inst.core_inst.auth_intern_q,24.18µm
pp_inst.fifo_data\[11\]\[21\],24.18µm
pp_inst.fifo_data\[39\]\[10\],24.18µm
pp_inst.fifo_data\[54\]\[23\],24.18µm
pp_inst.fifo_data\[5\]\[12\],24.18µm
pp_inst.fifo_data\[61\]\[16\],24.18µm
_00040_,24.13µm
_00115_,24.13µm
_00751_,24.13µm
_03319_,24.13µm
_03706_,24.13µm
_04001_,24.13µm
_04157_,24.13µm
_05535_,24.13µm
_06874_,24.13µm
_07010_,24.13µm
_07067_,24.13µm
_07442_,24.13µm
_07444_,24.13µm
_07654_,24.13µm
_08442_,24.13µm
_09218_,24.13µm
_09844_,24.13µm
_10284_,24.13µm
_10757_,24.13µm
_10767_,24.13µm
_11322_,24.13µm
_12299_,24.13µm
pp_inst.core_inst.reg_state_i.data_d\[169\],24.13µm
pp_inst.core_inst.reg_state_i.data_d\[185\],24.13µm
pp_inst.fifo_data\[0\]\[18\],24.13µm
pp_inst.fifo_data\[16\]\[29\],24.13µm
pp_inst.fifo_data\[49\]\[11\],24.13µm
pp_inst.fifo_data\[50\]\[27\],24.13µm
pp_inst.fifo_data\[51\]\[25\],24.13µm
pp_inst.fifo_data\[7\]\[26\],24.13µm
pp_inst.fifo_data\[8\]\[27\],24.13µm
pp_inst.fifo_data\[8\]\[6\],24.13µm
clknet_leaf_414_clk,24.13µm
_00044_,24.08µm
_00586_,24.08µm
_01077_,24.08µm
_01651_,24.08µm
_02797_,24.08µm
_03187_,24.08µm
_03223_,24.08µm
_03282_,24.08µm
_03859_,24.08µm
_04125_,24.08µm
_04194_,24.08µm
_04528_,24.08µm
_04695_,24.08µm
_04740_,24.08µm
_04951_,24.08µm
_05491_,24.08µm
_05772_,24.08µm
_06390_,24.08µm
_06938_,24.08µm
_07678_,24.08µm
_08463_,24.08µm
_08775_,24.08µm
_10245_,24.08µm
_10292_,24.08µm
_10948_,24.08µm
_11357_,24.08µm
_11777_,24.08µm
pp_inst.fifo_data\[41\]\[7\],24.08µm
pp_inst.fifo_data\[4\]\[30\],24.08µm
_10087_,23.67µm
pp_inst.fifo_data\[22\]\[16\],23.67µm
pp_inst.fifo_data\[22\]\[21\],23.67µm
pp_inst.fifo_data\[30\]\[10\],23.67µm
pp_inst.fifo_data\[41\]\[30\],23.67µm
pp_inst.fifo_data\[51\]\[21\],23.67µm
_01131_,23.62µm
_04993_,23.62µm
_06216_,23.62µm
_06465_,23.62µm
_09259_,23.62µm
_11259_,23.62µm
_12105_,23.62µm
pp_inst.core_inst.asconp_i.x0\[22\],23.62µm
pp_inst.fifo_data\[1\]\[20\],23.62µm
pp_inst.fifo_data\[23\]\[24\],23.62µm
pp_inst.fifo_data\[2\]\[26\],23.62µm
pp_inst.fifo_data\[46\]\[13\],23.62µm
spi_ctrl.tx_shift_reg\[3\],23.62µm
_00469_,23.57µm
_01882_,23.57µm
_02352_,23.57µm
_02388_,23.57µm
_02703_,23.57µm
_02740_,23.57µm
_03617_,23.57µm
_04711_,23.57µm
_04731_,23.57µm
_05005_,23.57µm
_05707_,23.57µm
_06381_,23.57µm
_07194_,23.57µm
_07299_,23.57µm
_08215_,23.57µm
_09431_,23.57µm
_09527_,23.57µm
_10097_,23.57µm
_10823_,23.57µm
_10829_,23.57µm
_11166_,23.57µm
_11276_,23.57µm
_12265_,23.57µm
pp_inst.fifo_data\[12\]\[26\],23.57µm
pp_inst.fifo_data\[24\]\[20\],23.57µm
pp_inst.fifo_data\[25\]\[19\],23.57µm
pp_inst.fifo_data\[25\]\[9\],23.57µm
pp_inst.fifo_data\[33\]\[5\],23.57µm
pp_inst.fifo_data\[35\]\[31\],23.57µm
pp_inst.fifo_data\[38\]\[20\],23.57µm
pp_inst.fifo_data\[39\]\[16\],23.57µm
pp_inst.fifo_data\[45\]\[8\],23.57µm
pp_inst.fifo_data\[52\]\[26\],23.57µm
pp_inst.fifo_data\[53\]\[21\],23.57µm
pp_inst.fifo_data\[57\]\[5\],23.57µm
pp_inst.fifo_data\[8\]\[5\],23.57µm
_00673_,23.52µm
_01615_,23.52µm
_01684_,23.52µm
_03159_,23.52µm
_03396_,23.52µm
_03489_,23.52µm
_03683_,23.52µm
_03921_,23.52µm
_03937_,23.52µm
_04023_,23.52µm
_04086_,23.52µm
_04099_,23.52µm
_04296_,23.52µm
_04358_,23.52µm
_04469_,23.52µm
_05018_,23.52µm
_05177_,23.52µm
_05392_,23.52µm
_07146_,23.52µm
_07503_,23.52µm
_07554_,23.52µm
_07651_,23.52µm
_07710_,23.52µm
_09535_,23.52µm
_09789_,23.52µm
_10023_,23.52µm
_10800_,23.52µm
_11184_,23.52µm
_11731_,23.52µm
_11839_,23.52µm
_11876_,23.52µm
_11986_,23.52µm
_12038_,23.52µm
pp_inst.core_inst.reg_state_i.data_d\[106\],23.52µm
pp_inst.fifo_data\[25\]\[7\],23.52µm
pp_inst.fifo_data\[45\]\[6\],23.52µm
_10111_,23.16µm
_10304_,23.11µm
pp_inst.fifo_data\[20\]\[26\],23.11µm
_00113_,23.06µm
_00839_,23.06µm
_02573_,23.06µm
_03704_,23.06µm
_04891_,23.06µm
_05070_,23.06µm
_07234_,23.06µm
_08743_,23.06µm
_09254_,23.06µm
_10353_,23.06µm
_11550_,23.06µm
_12111_,23.06µm
pp_inst.core_inst.asconp_i.x0\[27\],23.06µm
pp_inst.fifo_data\[26\]\[9\],23.06µm
pp_inst.fifo_data\[27\]\[11\],23.06µm
pp_inst.fifo_data\[2\]\[1\],23.06µm
pp_inst.fifo_data\[32\]\[21\],23.06µm
pp_inst.fifo_data\[46\]\[11\],23.06µm
pp_inst.fifo_data\[49\]\[25\],23.06µm
pp_inst.fifo_data\[56\]\[13\],23.06µm
pp_inst.fifo_data\[57\]\[29\],23.06µm
pp_inst.fifo_data\[63\]\[0\],23.06µm
pp_inst.fifo_data\[63\]\[26\],23.06µm
pp_inst.fifo_data\[6\]\[26\],23.06µm
pp_inst.fifo_data\[9\]\[22\],23.06µm
clknet_leaf_515_clk,23.06µm
_00021_,23.01µm
_00684_,23.01µm
_00808_,23.01µm
_01551_,23.01µm
_02511_,23.01µm
_02613_,23.01µm
_03370_,23.01µm
_03505_,23.01µm
_03680_,23.01µm
_03731_,23.01µm
_04376_,23.01µm
_04407_,23.01µm
_04465_,23.01µm
_04588_,23.01µm
_04941_,23.01µm
_05398_,23.01µm
_06351_,23.01µm
_06862_,23.01µm
_07176_,23.01µm
_07189_,23.01µm
_07869_,23.01µm
_08079_,23.01µm
_08847_,23.01µm
_09247_,23.01µm
_09468_,23.01µm
_10018_,23.01µm
_11287_,23.01µm
_11743_,23.01µm
_11899_,23.01µm
pp_inst.core_inst.reg_state_i.data_d\[165\],23.01µm
pp_inst.fifo_data\[15\]\[30\],23.01µm
pp_inst.fifo_data\[22\]\[11\],23.01µm
pp_inst.fifo_data\[22\]\[26\],23.01µm
pp_inst.fifo_data\[22\]\[3\],23.01µm
pp_inst.fifo_data\[26\]\[21\],23.01µm
pp_inst.fifo_data\[2\]\[17\],23.01µm
pp_inst.fifo_data\[3\]\[9\],23.01µm
pp_inst.fifo_data\[48\]\[5\],23.01µm
pp_inst.fifo_data\[57\]\[21\],23.01µm
pp_inst.fifo_data\[59\]\[27\],23.01µm
pp_inst.fifo_data\[5\]\[23\],23.01µm
pp_inst.fifo_data\[62\]\[9\],23.01µm
spi_ctrl.pend_word\[31\],23.01µm
spi_ctrl.tx_stage\[15\],23.01µm
_00931_,22.96µm
_01774_,22.96µm
_02071_,22.96µm
_03086_,22.96µm
_03593_,22.96µm
_03599_,22.96µm
_03782_,22.96µm
_03956_,22.96µm
_04192_,22.96µm
_04227_,22.96µm
_04299_,22.96µm
_04332_,22.96µm
_04473_,22.96µm
_04608_,22.96µm
_04718_,22.96µm
_05294_,22.96µm
_05320_,22.96µm
_05728_,22.96µm
_05799_,22.96µm
_06707_,22.96µm
_07007_,22.96µm
_07051_,22.96µm
_07341_,22.96µm
_08443_,22.96µm
_08699_,22.96µm
_09876_,22.96µm
_10045_,22.96µm
_10688_,22.96µm
_11201_,22.96µm
_11536_,22.96µm
_12103_,22.96µm
_12274_,22.96µm
_12322_,22.96µm
_12333_,22.96µm
pp_inst.fifo_data\[11\]\[24\],22.96µm
pp_inst.fifo_data\[15\]\[17\],22.96µm
pp_inst.fifo_data\[24\]\[24\],22.96µm
pp_inst.fifo_data\[40\]\[5\],22.96µm
pp_inst.fifo_data\[56\]\[25\],22.96µm
pp_inst.fifo_data\[58\]\[3\],22.96µm
spi_ctrl.pend_word\[24\],22.96µm
_05038_,22.68µm
_10910_,22.55µm
pp_inst.fifo_data\[20\]\[16\],22.55µm
pp_inst.fifo_data\[4\]\[24\],22.55µm
pp_inst.fifo_data\[60\]\[16\],22.55µm
spi_ctrl.tx_byte_cnt\[1\],22.55µm
pp_inst.fifo_data\[2\]\[24\],22.53µm
_02588_,22.5µm
_02711_,22.5µm
_04132_,22.5µm
_06777_,22.5µm
_07914_,22.5µm
_09490_,22.5µm
_10217_,22.5µm
_10255_,22.5µm
_10656_,22.5µm
_10928_,22.5µm
pp_inst.fifo_data\[11\]\[19\],22.5µm
pp_inst.fifo_data\[13\]\[0\],22.5µm
pp_inst.fifo_data\[39\]\[29\],22.5µm
pp_inst.fifo_data\[40\]\[11\],22.5µm
pp_inst.fifo_data\[43\]\[15\],22.5µm
pp_inst.fifo_data\[4\]\[11\],22.5µm
pp_inst.fifo_data\[53\]\[14\],22.5µm
pp_inst.fifo_data\[55\]\[8\],22.5µm
pp_inst.fifo_data\[59\]\[11\],22.5µm
_00206_,22.45µm
_00530_,22.45µm
_01046_,22.45µm
_01500_,22.45µm
_02224_,22.45µm
_02273_,22.45µm
_02561_,22.45µm
_03280_,22.45µm
_03633_,22.45µm
_04065_,22.45µm
_04340_,22.45µm
_04411_,22.45µm
_04442_,22.45µm
_04592_,22.45µm
_05466_,22.45µm
_05678_,22.45µm
_06336_,22.45µm
_06705_,22.45µm
_06903_,22.45µm
_07536_,22.45µm
_07546_,22.45µm
_07888_,22.45µm
_08137_,22.45µm
_08205_,22.45µm
_08298_,22.45µm
_08339_,22.45µm
_08765_,22.45µm
_10338_,22.45µm
_10448_,22.45µm
_10598_,22.45µm
_10622_,22.45µm
_11484_,22.45µm
_11763_,22.45µm
_12113_,22.45µm
pp_inst.core_inst.asconp_i.x0\[54\],22.45µm
pp_inst.core_inst.reg_state_i.data_d\[249\],22.45µm
pp_inst.fifo_data\[19\]\[11\],22.45µm
pp_inst.fifo_data\[21\]\[30\],22.45µm
pp_inst.fifo_data\[23\]\[19\],22.45µm
pp_inst.fifo_data\[25\]\[28\],22.45µm
pp_inst.fifo_data\[31\]\[21\],22.45µm
pp_inst.fifo_data\[57\]\[26\],22.45µm
pp_inst.fifo_data\[5\]\[14\],22.45µm
pp_inst.fifo_data\[5\]\[26\],22.45µm
pp_inst.fifo_data\[61\]\[11\],22.45µm
pp_inst.fifo_data\[61\]\[18\],22.45µm
pp_inst.fifo_data\[63\]\[13\],22.45µm
_00049_,22.4µm
_00385_,22.4µm
_00551_,22.4µm
_02108_,22.4µm
_02140_,22.4µm
_03131_,22.4µm
_03727_,22.4µm
_03747_,22.4µm
_04116_,22.4µm
_04313_,22.4µm
_04517_,22.4µm
_04599_,22.4µm
_04666_,22.4µm
_06625_,22.4µm
_07240_,22.4µm
_07542_,22.4µm
_07556_,22.4µm
_07752_,22.4µm
_08107_,22.4µm
_08279_,22.4µm
_08376_,22.4µm
_09731_,22.4µm
_10054_,22.4µm
_11082_,22.4µm
_11863_,22.4µm
_11934_,22.4µm
_12306_,22.4µm
_12321_,22.4µm
pp_inst.fifo_data\[16\]\[18\],22.4µm
pp_inst.fifo_data\[27\]\[19\],22.4µm
pp_inst.fifo_data\[33\]\[23\],22.4µm
pp_inst.fifo_data\[36\]\[23\],22.4µm
pp_inst.fifo_data\[55\]\[19\],22.4µm
pp_inst.fifo_data\[55\]\[9\],22.4µm
pp_inst.fifo_data\[8\]\[10\],22.4µm
spi_phy.bit_cnt\[2\],22.4µm
pp_inst.fifo_data\[30\]\[18\],22.04µm
_09273_,21.99µm
_10227_,21.99µm
_10487_,21.99µm
pp_inst.fifo_data\[12\]\[11\],21.99µm
pp_inst.fifo_data\[39\]\[18\],21.99µm
_03520_,21.94µm
_03525_,21.94µm
_04706_,21.94µm
_05097_,21.94µm
_05588_,21.94µm
_05647_,21.94µm
_06761_,21.94µm
_10904_,21.94µm
_11093_,21.94µm
_11133_,21.94µm
_11291_,21.94µm
_11371_,21.94µm
_11523_,21.94µm
_11930_,21.94µm
bdi\[1\],21.94µm
pp_inst.core_inst.asconp_i.x2\[9\],21.94µm
pp_inst.fifo_data\[17\]\[15\],21.94µm
pp_inst.fifo_data\[21\]\[27\],21.94µm
pp_inst.fifo_data\[27\]\[24\],21.94µm
pp_inst.fifo_data\[36\]\[20\],21.94µm
pp_inst.fifo_data\[40\]\[29\],21.94µm
pp_inst.fifo_data\[44\]\[14\],21.94µm
pp_inst.fifo_data\[47\]\[11\],21.94µm
pp_inst.fifo_data\[48\]\[30\],21.94µm
pp_inst.fifo_data\[50\]\[12\],21.94µm
clknet_leaf_352_clk,21.94µm
_00267_,21.89µm
_00425_,21.89µm
_01027_,21.89µm
_01825_,21.89µm
_02327_,21.89µm
_02515_,21.89µm
_03523_,21.89µm
_03546_,21.89µm
_03804_,21.89µm
_03900_,21.89µm
_04202_,21.89µm
_04500_,21.89µm
_04791_,21.89µm
_05027_,21.89µm
_05044_,21.89µm
_05610_,21.89µm
_06794_,21.89µm
_07031_,21.89µm
_07511_,21.89µm
_07555_,21.89µm
_07810_,21.89µm
_08172_,21.89µm
_08379_,21.89µm
_09070_,21.89µm
_09340_,21.89µm
_09482_,21.89µm
_10727_,21.89µm
_11054_,21.89µm
_11152_,21.89µm
_11267_,21.89µm
_11363_,21.89µm
_11747_,21.89µm
_11799_,21.89µm
_11987_,21.89µm
pp_inst.fifo_data\[0\]\[8\],21.89µm
pp_inst.fifo_data\[12\]\[22\],21.89µm
pp_inst.fifo_data\[12\]\[8\],21.89µm
pp_inst.fifo_data\[13\]\[16\],21.89µm
pp_inst.fifo_data\[18\]\[1\],21.89µm
pp_inst.fifo_data\[18\]\[21\],21.89µm
pp_inst.fifo_data\[21\]\[24\],21.89µm
pp_inst.fifo_data\[23\]\[20\],21.89µm
pp_inst.fifo_data\[23\]\[29\],21.89µm
pp_inst.fifo_data\[26\]\[13\],21.89µm
pp_inst.fifo_data\[33\]\[1\],21.89µm
pp_inst.fifo_data\[39\]\[9\],21.89µm
pp_inst.fifo_data\[48\]\[10\],21.89µm
pp_inst.fifo_data\[52\]\[24\],21.89µm
pp_inst.fifo_data\[5\]\[3\],21.89µm
pp_inst.fifo_data\[60\]\[13\],21.89µm
pp_inst.fifo_data\[61\]\[19\],21.89µm
pp_inst.fifo_data\[8\]\[3\],21.89µm
_00865_,21.84µm
_00872_,21.84µm
_01488_,21.84µm
_01811_,21.84µm
_01935_,21.84µm
_02611_,21.84µm
_02739_,21.84µm
_02746_,21.84µm
_03400_,21.84µm
_03417_,21.84µm
_03540_,21.84µm
_03732_,21.84µm
_03813_,21.84µm
_03980_,21.84µm
_04112_,21.84µm
_04135_,21.84µm
_04395_,21.84µm
_04925_,21.84µm
_05275_,21.84µm
_05495_,21.84µm
_06377_,21.84µm
_06476_,21.84µm
_06698_,21.84µm
_07352_,21.84µm
_07955_,21.84µm
_08341_,21.84µm
_08766_,21.84µm
_09114_,21.84µm
_09667_,21.84µm
_09858_,21.84µm
_10012_,21.84µm
_10963_,21.84µm
_11980_,21.84µm
pp_inst.fifo_data\[11\]\[7\],21.84µm
pp_inst.fifo_data\[11\]\[8\],21.71µm
_00416_,21.43µm
pp_inst.fifo_data\[18\]\[23\],21.43µm
spi_ctrl.tx_stage\[13\],21.43µm
_00170_,21.38µm
_00384_,21.38µm
_00670_,21.38µm
_03118_,21.38µm
_05650_,21.38µm
_05981_,21.38µm
_06633_,21.38µm
_08352_,21.38µm
_08910_,21.38µm
_10382_,21.38µm
_11127_,21.38µm
bdi\[20\],21.38µm
pp_inst.fifo_data\[13\]\[12\],21.38µm
pp_inst.fifo_data\[17\]\[29\],21.38µm
pp_inst.fifo_data\[21\]\[11\],21.38µm
pp_inst.fifo_data\[22\]\[0\],21.38µm
pp_inst.fifo_data\[55\]\[21\],21.38µm
pp_inst.fifo_data\[56\]\[12\],21.38µm
pp_inst.fifo_data\[58\]\[25\],21.38µm
pp_inst.fifo_data\[58\]\[28\],21.38µm
spi_ctrl.word_buf\[6\],21.38µm
clknet_leaf_361_clk,21.38µm
_00274_,21.33µm
_00854_,21.33µm
_02942_,21.33µm
_03480_,21.33µm
_03802_,21.33µm
_04169_,21.33µm
_04330_,21.33µm
_04334_,21.33µm
_04455_,21.33µm
_05567_,21.33µm
_06857_,21.33µm
_07344_,21.33µm
_07587_,21.33µm
_07774_,21.33µm
_08166_,21.33µm
_09063_,21.33µm
_09408_,21.33µm
_09910_,21.33µm
_10256_,21.33µm
_10486_,21.33µm
_10923_,21.33µm
_11508_,21.33µm
_11877_,21.33µm
_11924_,21.33µm
_12032_,21.33µm
_12041_,21.33µm
pp_inst.fifo_data\[12\]\[30\],21.33µm
pp_inst.fifo_data\[15\]\[19\],21.33µm
pp_inst.fifo_data\[21\]\[18\],21.33µm
pp_inst.fifo_data\[23\]\[5\],21.33µm
pp_inst.fifo_data\[26\]\[15\],21.33µm
pp_inst.fifo_data\[29\]\[8\],21.33µm
pp_inst.fifo_data\[34\]\[17\],21.33µm
pp_inst.fifo_data\[35\]\[5\],21.33µm
pp_inst.fifo_data\[36\]\[29\],21.33µm
pp_inst.fifo_data\[37\]\[10\],21.33µm
pp_inst.fifo_data\[37\]\[14\],21.33µm
pp_inst.fifo_data\[38\]\[14\],21.33µm
pp_inst.fifo_data\[39\]\[25\],21.33µm
pp_inst.fifo_data\[48\]\[9\],21.33µm
pp_inst.fifo_data\[50\]\[11\],21.33µm
pp_inst.fifo_data\[51\]\[27\],21.33µm
pp_inst.fifo_data\[53\]\[8\],21.33µm
pp_inst.fifo_data\[60\]\[5\],21.33µm
pp_inst.fifo_data\[61\]\[7\],21.33µm
pp_inst.fifo_data\[62\]\[19\],21.33µm
pp_inst.fifo_data\[62\]\[5\],21.33µm
pp_inst.fifo_data\[6\]\[23\],21.33µm
spi_ctrl.tx_stage\[2\],21.33µm
spi_ctrl.word_buf\[9\],21.33µm
clknet_leaf_389_clk,21.33µm
_00019_,21.28µm
_00025_,21.28µm
_00906_,21.28µm
_01975_,21.28µm
_02381_,21.28µm
_03696_,21.28µm
_03916_,21.28µm
_03999_,21.28µm
_04115_,21.28µm
_04418_,21.28µm
_04534_,21.28µm
_04575_,21.28µm
_05150_,21.28µm
_05802_,21.28µm
_05974_,21.28µm
_06781_,21.28µm
_07046_,21.28µm
_07087_,21.28µm
_07279_,21.28µm
_08152_,21.28µm
_08227_,21.28µm
_08504_,21.28µm
_08819_,21.28µm
_08973_,21.28µm
_09004_,21.28µm
_09058_,21.28µm
_10098_,21.28µm
_10223_,21.28µm
_10614_,21.28µm
_10848_,21.28µm
_10995_,21.28µm
_11421_,21.28µm
_11855_,21.28µm
_11884_,21.28µm
_12000_,21.28µm
pp_inst.fifo_data\[1\]\[27\],21.28µm
pp_inst.fifo_data\[23\]\[9\],21.28µm
pp_inst.fifo_data\[37\]\[7\],21.28µm
pp_inst.fifo_data\[53\]\[24\],21.28µm
spi_ctrl.pend_word\[4\],21.28µm
pp_inst.fifo_data\[11\]\[17\],21.05µm
_10220_,21µm
_10127_,20.92µm
pp_inst.core_inst.asconp_i.x1\[35\],20.87µm
pp_inst.core_inst.asconp_i.x1\[60\],20.87µm
pp_inst.fifo_data\[22\]\[15\],20.87µm
pp_inst.fifo_data\[44\]\[22\],20.87µm
pp_inst.fifo_data\[16\]\[20\],20.85µm
_00838_,20.82µm
_01614_,20.82µm
_04405_,20.82µm
_07832_,20.82µm
_09222_,20.82µm
_09432_,20.82µm
_10179_,20.82µm
_10996_,20.82µm
_11345_,20.82µm
pp_inst.fifo_data\[16\]\[11\],20.82µm
pp_inst.fifo_data\[29\]\[17\],20.82µm
pp_inst.fifo_data\[40\]\[14\],20.82µm
pp_inst.fifo_data\[56\]\[15\],20.82µm
pp_inst.fifo_data\[57\]\[7\],20.82µm
pp_inst.fifo_data\[5\]\[16\],20.82µm
pp_inst.fifo_data\[61\]\[22\],20.82µm
pp_inst.fifo_data\[6\]\[15\],20.82µm
spi_ctrl.tx_stage\[0\],20.82µm
spi_ctrl.tx_stage\[21\],20.82µm
_00154_,20.77µm
_00719_,20.77µm
_00942_,20.77µm
_01215_,20.77µm
_01631_,20.77µm
_01815_,20.77µm
_02296_,20.77µm
_03730_,20.77µm
_04020_,20.77µm
_04214_,20.77µm
_04249_,20.77µm
_04422_,20.77µm
_04510_,20.77µm
_04960_,20.77µm
_05204_,20.77µm
_05249_,20.77µm
_05274_,20.77µm
_05313_,20.77µm
_06146_,20.77µm
_06606_,20.77µm
_06802_,20.77µm
_08265_,20.77µm
_08694_,20.77µm
_10088_,20.77µm
_10238_,20.77µm
_10268_,20.77µm
_10269_,20.77µm
_10387_,20.77µm
_10393_,20.77µm
_11497_,20.77µm
_11854_,20.77µm
_12263_,20.77µm
pp_inst.fifo_data\[10\]\[21\],20.77µm
pp_inst.fifo_data\[11\]\[25\],20.77µm
pp_inst.fifo_data\[12\]\[18\],20.77µm
pp_inst.fifo_data\[19\]\[27\],20.77µm
pp_inst.fifo_data\[23\]\[17\],20.77µm
pp_inst.fifo_data\[2\]\[27\],20.77µm
pp_inst.fifo_data\[31\]\[15\],20.77µm
pp_inst.fifo_data\[34\]\[25\],20.77µm
pp_inst.fifo_data\[39\]\[30\],20.77µm
pp_inst.fifo_data\[42\]\[27\],20.77µm
pp_inst.fifo_data\[43\]\[13\],20.77µm
pp_inst.fifo_data\[51\]\[8\],20.77µm
pp_inst.fifo_data\[54\]\[15\],20.77µm
pp_inst.fifo_data\[60\]\[14\],20.77µm
pp_inst.fifo_data\[62\]\[26\],20.77µm
pp_inst.fifo_data\[6\]\[8\],20.77µm
spi_phy.tx_reg\[4\],20.77µm
_03613_,20.72µm
_03687_,20.72µm
_03849_,20.72µm
_04182_,20.72µm
_04207_,20.72µm
_04287_,20.72µm
_04772_,20.72µm
_05282_,20.72µm
_05935_,20.72µm
_06288_,20.72µm
_08244_,20.72µm
_09072_,20.72µm
_09112_,20.72µm
_09442_,20.72µm
_09470_,20.72µm
_09934_,20.72µm
_10074_,20.72µm
_10293_,20.72µm
_10732_,20.72µm
_11232_,20.72µm
_11782_,20.72µm
_11970_,20.72µm
pp_inst.fifo_data\[50\]\[20\],20.72µm
pp_inst.fifo_data\[63\]\[8\],20.72µm
pp_inst.fifo_data\[6\]\[12\],20.72µm
pp_inst.core_inst.asconp_i.x0\[6\],20.36µm
_05445_,20.31µm
_09580_,20.31µm
_10314_,20.31µm
pp_inst.fifo_data\[17\]\[23\],20.31µm
pp_inst.fifo_data\[43\]\[11\],20.31µm
_00277_,20.26µm
_00318_,20.26µm
_00474_,20.26µm
_04121_,20.26µm
_09289_,20.26µm
_09366_,20.26µm
_10183_,20.26µm
_10370_,20.26µm
pp_inst.fifo_data\[11\]\[11\],20.26µm
pp_inst.fifo_data\[12\]\[29\],20.26µm
pp_inst.fifo_data\[28\]\[0\],20.26µm
pp_inst.fifo_data\[29\]\[11\],20.26µm
pp_inst.fifo_data\[2\]\[11\],20.26µm
pp_inst.fifo_data\[32\]\[8\],20.26µm
pp_inst.fifo_data\[34\]\[18\],20.26µm
pp_inst.fifo_data\[42\]\[22\],20.26µm
pp_inst.fifo_data\[50\]\[25\],20.26µm
pp_inst.fifo_data\[51\]\[26\],20.26µm
pp_inst.fifo_data\[8\]\[1\],20.26µm
spi_ctrl.tx_stage\[8\],20.26µm
clknet_leaf_383_clk,20.26µm
_00337_,20.21µm
_00374_,20.21µm
_01026_,20.21µm
_01167_,20.21µm
_01327_,20.21µm
_02160_,20.21µm
_02625_,20.21µm
_02855_,20.21µm
_03009_,20.21µm
_03293_,20.21µm
_03703_,20.21µm
_03945_,20.21µm
_04042_,20.21µm
_04097_,20.21µm
_04123_,20.21µm
_04236_,20.21µm
_04420_,20.21µm
_04561_,20.21µm
_05260_,20.21µm
_05660_,20.21µm
_05746_,20.21µm
_05966_,20.21µm
_06215_,20.21µm
_07441_,20.21µm
_08248_,20.21µm
_08269_,20.21µm
_08540_,20.21µm
_09122_,20.21µm
_09265_,20.21µm
_09295_,20.21µm
_09390_,20.21µm
_09395_,20.21µm
_09846_,20.21µm
_09975_,20.21µm
_09987_,20.21µm
_10249_,20.21µm
_10345_,20.21µm
_10925_,20.21µm
_10993_,20.21µm
_11651_,20.21µm
_11870_,20.21µm
_12031_,20.21µm
pp_inst.core_inst.reg_state_i.data_d\[247\],20.21µm
pp_inst.fifo_data\[10\]\[27\],20.21µm
pp_inst.fifo_data\[11\]\[1\],20.21µm
pp_inst.fifo_data\[19\]\[0\],20.21µm
pp_inst.fifo_data\[19\]\[15\],20.21µm
pp_inst.fifo_data\[2\]\[0\],20.21µm
pp_inst.fifo_data\[36\]\[18\],20.21µm
pp_inst.fifo_data\[3\]\[1\],20.21µm
pp_inst.fifo_data\[49\]\[7\],20.21µm
pp_inst.fifo_data\[55\]\[7\],20.21µm
pp_inst.fifo_data\[59\]\[18\],20.21µm
pp_inst.fifo_data\[59\]\[19\],20.21µm
pp_inst.fifo_data\[5\]\[29\],20.21µm
pp_inst.fifo_data\[61\]\[24\],20.21µm
pp_inst.fifo_data\[9\]\[25\],20.21µm
spi_ctrl.pend_word\[15\],20.21µm
spi_ctrl.tx_shift_reg\[26\],20.21µm
spi_ctrl.tx_stage\[14\],20.21µm
_00864_,20.16µm
_00927_,20.16µm
_02832_,20.16µm
_02932_,20.16µm
_03036_,20.16µm
_03514_,20.16µm
_03846_,20.16µm
_03866_,20.16µm
_03872_,20.16µm
_03907_,20.16µm
_04167_,20.16µm
_04203_,20.16µm
_04290_,20.16µm
_04322_,20.16µm
_04378_,20.16µm
_04446_,20.16µm
_04820_,20.16µm
_04868_,20.16µm
_04936_,20.16µm
_06252_,20.16µm
_07000_,20.16µm
_07144_,20.16µm
_08307_,20.16µm
_08639_,20.16µm
_08712_,20.16µm
_09003_,20.16µm
_09244_,20.16µm
_10116_,20.16µm
_10285_,20.16µm
_10537_,20.16µm
_11451_,20.16µm
_11459_,20.16µm
_11506_,20.16µm
_11636_,20.16µm
_11826_,20.16µm
_12302_,20.16µm
pp_inst.fifo_data\[10\]\[10\],20.16µm
pp_inst.fifo_data\[10\]\[18\],20.16µm
pp_inst.fifo_data\[13\]\[1\],20.16µm
pp_inst.fifo_data\[25\]\[27\],20.16µm
pp_inst.fifo_data\[35\]\[29\],20.16µm
pp_inst.fifo_data\[36\]\[25\],20.16µm
pp_inst.fifo_data\[40\]\[25\],20.16µm
pp_inst.fifo_data\[55\]\[24\],20.16µm
pp_inst.fifo_data\[62\]\[21\],20.16µm
_09477_,19.8µm
_01877_,19.75µm
_04823_,19.75µm
_10437_,19.75µm
pp_inst.fifo_data\[21\]\[20\],19.75µm
pp_inst.fifo_data\[22\]\[17\],19.75µm
pp_inst.fifo_data\[3\]\[20\],19.75µm
pp_inst.fifo_data\[60\]\[7\],19.75µm
_06423_,19.7µm
_06618_,19.7µm
_06869_,19.7µm
_08445_,19.7µm
_09239_,19.7µm
_10272_,19.7µm
pp_inst.fifo_data\[27\]\[29\],19.7µm
pp_inst.fifo_data\[29\]\[21\],19.7µm
pp_inst.fifo_data\[29\]\[5\],19.7µm
pp_inst.fifo_data\[41\]\[23\],19.7µm
pp_inst.fifo_data\[46\]\[28\],19.7µm
pp_inst.fifo_data\[51\]\[18\],19.7µm
pp_inst.fifo_data\[53\]\[9\],19.7µm
_00276_,19.65µm
_00896_,19.65µm
_01102_,19.65µm
_01839_,19.65µm
_03073_,19.65µm
_03531_,19.65µm
_03570_,19.65µm
_03614_,19.65µm
_03708_,19.65µm
_03840_,19.65µm
_03861_,19.65µm
_04243_,19.65µm
_04434_,19.65µm
_04461_,19.65µm
_04884_,19.65µm
_05298_,19.65µm
_05616_,19.65µm
_05622_,19.65µm
_06694_,19.65µm
_06872_,19.65µm
_07062_,19.65µm
_07386_,19.65µm
_08049_,19.65µm
_08424_,19.65µm
_08839_,19.65µm
_10231_,19.65µm
_10248_,19.65µm
_10418_,19.65µm
_10443_,19.65µm
_10477_,19.65µm
_10555_,19.65µm
_10644_,19.65µm
_10820_,19.65µm
_11570_,19.65µm
_11726_,19.65µm
pp_inst.core_inst.asconp_i.x0\[17\],19.65µm
pp_inst.core_inst.asconp_i.x0\[7\],19.65µm
pp_inst.fifo_data\[22\]\[27\],19.65µm
pp_inst.fifo_data\[26\]\[18\],19.65µm
pp_inst.fifo_data\[28\]\[12\],19.65µm
pp_inst.fifo_data\[31\]\[30\],19.65µm
pp_inst.fifo_data\[33\]\[7\],19.65µm
pp_inst.fifo_data\[35\]\[14\],19.65µm
pp_inst.fifo_data\[37\]\[22\],19.65µm
pp_inst.fifo_data\[42\]\[12\],19.65µm
pp_inst.fifo_data\[52\]\[17\],19.65µm
pp_inst.fifo_data\[53\]\[23\],19.65µm
pp_inst.fifo_data\[54\]\[8\],19.65µm
pp_inst.fifo_data\[56\]\[14\],19.65µm
pp_inst.fifo_data\[58\]\[9\],19.65µm
pp_inst.fifo_data\[5\]\[27\],19.65µm
pp_inst.fifo_data\[8\]\[7\],19.65µm
spi_ctrl.word_cnt\[2\],19.65µm
_00268_,19.6µm
_00779_,19.6µm
_00885_,19.6µm
_01623_,19.6µm
_02095_,19.6µm
_03097_,19.6µm
_03435_,19.6µm
_03590_,19.6µm
_03693_,19.6µm
_03752_,19.6µm
_03817_,19.6µm
_04018_,19.6µm
_04217_,19.6µm
_04581_,19.6µm
_04633_,19.6µm
_05756_,19.6µm
_06297_,19.6µm
_06806_,19.6µm
_06935_,19.6µm
_06982_,19.6µm
_07949_,19.6µm
_08070_,19.6µm
_08503_,19.6µm
_09524_,19.6µm
_09786_,19.6µm
_10029_,19.6µm
_10137_,19.6µm
_10684_,19.6µm
_10937_,19.6µm
_11191_,19.6µm
_11382_,19.6µm
_11631_,19.6µm
_11967_,19.6µm
_12319_,19.6µm
pp_inst.fifo_data\[15\]\[15\],19.6µm
pp_inst.fifo_data\[32\]\[24\],19.6µm
pp_inst.fifo_data\[52\]\[29\],19.6µm
pp_inst.fifo_data\[61\]\[29\],19.6µm
clknet_leaf_369_clk,19.6µm
pp_inst.fifo_data\[17\]\[18\],19.19µm
pp_inst.fifo_data\[1\]\[23\],19.19µm
pp_inst.fifo_data\[56\]\[18\],19.19µm
spi_ctrl.state\[5\],19.19µm
_02449_,19.14µm
_02836_,19.14µm
_03626_,19.14µm
_03936_,19.14µm
_04966_,19.14µm
_09281_,19.14µm
_11306_,19.14µm
_11495_,19.14µm
_11800_,19.14µm
pp_inst.fifo_data\[16\]\[12\],19.14µm
pp_inst.fifo_data\[1\]\[15\],19.14µm
pp_inst.fifo_data\[21\]\[8\],19.14µm
pp_inst.fifo_data\[27\]\[8\],19.14µm
pp_inst.fifo_data\[34\]\[12\],19.14µm
pp_inst.fifo_data\[38\]\[3\],19.14µm
pp_inst.fifo_data\[3\]\[17\],19.14µm
pp_inst.fifo_data\[56\]\[1\],19.14µm
pp_inst.fifo_data\[57\]\[1\],19.14µm
pp_inst.fifo_data\[61\]\[14\],19.14µm
pp_inst.fifo_data\[7\]\[14\],19.14µm
pp_inst.fifo_data\[7\]\[27\],19.14µm
_00075_,19.09µm
_00175_,19.09µm
_01023_,19.09µm
_01132_,19.09µm
_02992_,19.09µm
_03442_,19.09µm
_03591_,19.09µm
_03766_,19.09µm
_03779_,19.09µm
_03825_,19.09µm
_03896_,19.09µm
_03988_,19.09µm
_04077_,19.09µm
_04090_,19.09µm
_04437_,19.09µm
_04838_,19.09µm
_06469_,19.09µm
_06831_,19.09µm
_06916_,19.09µm
_07142_,19.09µm
_07265_,19.09µm
_07285_,19.09µm
_08112_,19.09µm
_08565_,19.09µm
_08821_,19.09µm
_09352_,19.09µm
_09446_,19.09µm
_09950_,19.09µm
_10817_,19.09µm
_11103_,19.09µm
_11592_,19.09µm
_11705_,19.09µm
_12034_,19.09µm
_12276_,19.09µm
pp_inst.core_inst.reg_state_i.data_d\[84\],19.09µm
pp_inst.fifo_data\[14\]\[30\],19.09µm
pp_inst.fifo_data\[16\]\[27\],19.09µm
pp_inst.fifo_data\[20\]\[30\],19.09µm
pp_inst.fifo_data\[20\]\[8\],19.09µm
pp_inst.fifo_data\[26\]\[8\],19.09µm
pp_inst.fifo_data\[28\]\[20\],19.09µm
pp_inst.fifo_data\[37\]\[26\],19.09µm
pp_inst.fifo_data\[38\]\[1\],19.09µm
pp_inst.fifo_data\[39\]\[24\],19.09µm
pp_inst.fifo_data\[41\]\[14\],19.09µm
pp_inst.fifo_data\[41\]\[1\],19.09µm
pp_inst.fifo_data\[46\]\[29\],19.09µm
pp_inst.fifo_data\[47\]\[17\],19.09µm
pp_inst.fifo_data\[48\]\[20\],19.09µm
pp_inst.fifo_data\[52\]\[13\],19.09µm
pp_inst.fifo_data\[52\]\[22\],19.09µm
pp_inst.fifo_data\[57\]\[24\],19.09µm
pp_inst.fifo_data\[58\]\[0\],19.09µm
pp_inst.fifo_data\[9\]\[16\],19.09µm
pp_inst.fifo_data\[9\]\[20\],19.09µm
spi_ctrl.pend_word\[21\],19.09µm
spi_ctrl.pend_word\[27\],19.09µm
_00417_,19.04µm
_00497_,19.04µm
_00923_,19.04µm
_00924_,19.04µm
_00934_,19.04µm
_01992_,19.04µm
_02032_,19.04µm
_02645_,19.04µm
_03362_,19.04µm
_03378_,19.04µm
_03389_,19.04µm
_03428_,19.04µm
_03578_,19.04µm
_03597_,19.04µm
_03643_,19.04µm
_03754_,19.04µm
_03857_,19.04µm
_04186_,19.04µm
_04403_,19.04µm
_04440_,19.04µm
_04705_,19.04µm
_04739_,19.04µm
_05496_,19.04µm
_05540_,19.04µm
_05720_,19.04µm
_06520_,19.04µm
_07951_,19.04µm
_09461_,19.04µm
_09955_,19.04µm
_10233_,19.04µm
_10309_,19.04µm
_10548_,19.04µm
_10615_,19.04µm
_11106_,19.04µm
_11193_,19.04µm
_11302_,19.04µm
_11596_,19.04µm
_11657_,19.04µm
_11977_,19.04µm
_12150_,19.04µm
_12338_,19.04µm
pp_inst.fifo_data\[41\]\[3\],19.04µm
pp_inst.fifo_data\[45\]\[14\],19.04µm
pp_inst.fifo_data\[45\]\[30\],19.04µm
pp_inst.fifo_data\[48\]\[18\],19.04µm
pp_inst.fifo_data\[54\]\[14\],19.04µm
_10281_,18.68µm
_04804_,18.63µm
_05191_,18.63µm
pp_inst.fifo_data\[15\]\[25\],18.63µm
pp_inst.fifo_data\[62\]\[8\],18.63µm
pp_inst.fifo_data\[6\]\[0\],18.63µm
_00860_,18.58µm
_03658_,18.58µm
_05151_,18.58µm
_10277_,18.58µm
pp_inst.core_inst.asconp_i.x0\[20\],18.58µm
pp_inst.fifo_data\[11\]\[3\],18.58µm
pp_inst.fifo_data\[1\]\[0\],18.58µm
pp_inst.fifo_data\[22\]\[25\],18.58µm
pp_inst.fifo_data\[26\]\[23\],18.58µm
pp_inst.fifo_data\[27\]\[22\],18.58µm
pp_inst.fifo_data\[28\]\[3\],18.58µm
pp_inst.fifo_data\[30\]\[1\],18.58µm
pp_inst.fifo_data\[35\]\[6\],18.58µm
pp_inst.fifo_data\[39\]\[12\],18.58µm
pp_inst.fifo_data\[41\]\[22\],18.58µm
pp_inst.fifo_data\[49\]\[23\],18.58µm
pp_inst.fifo_data\[4\]\[6\],18.58µm
pp_inst.fifo_data\[53\]\[28\],18.58µm
pp_inst.fifo_data\[57\]\[14\],18.58µm
pp_inst.fifo_data\[58\]\[19\],18.58µm
pp_inst.fifo_data\[5\]\[8\],18.58µm
pp_inst.fifo_data\[60\]\[9\],18.58µm
pp_inst.fifo_data\[62\]\[29\],18.58µm
pp_inst.fifo_data\[63\]\[16\],18.58µm
spi_ctrl.pend_word\[19\],18.58µm
_00056_,18.53µm
_00063_,18.53µm
_00356_,18.53µm
_00515_,18.53µm
_01001_,18.53µm
_01620_,18.53µm
_01723_,18.53µm
_02420_,18.53µm
_02455_,18.53µm
_02788_,18.53µm
_02923_,18.53µm
_02958_,18.53µm
_03251_,18.53µm
_03393_,18.53µm
_03513_,18.53µm
_03622_,18.53µm
_03635_,18.53µm
_03637_,18.53µm
_03686_,18.53µm
_04228_,18.53µm
_04239_,18.53µm
_04246_,18.53µm
_04450_,18.53µm
_04646_,18.53µm
_04748_,18.53µm
_05412_,18.53µm
_05637_,18.53µm
_05826_,18.53µm
_05959_,18.53µm
_06669_,18.53µm
_06670_,18.53µm
_06750_,18.53µm
_06764_,18.53µm
_06848_,18.53µm
_07035_,18.53µm
_07076_,18.53µm
_07215_,18.53µm
_07291_,18.53µm
_07976_,18.53µm
_08046_,18.53µm
_08151_,18.53µm
_08287_,18.53µm
_08343_,18.53µm
_08415_,18.53µm
_08542_,18.53µm
_08645_,18.53µm
_08873_,18.53µm
_08885_,18.53µm
_08957_,18.53µm
_09139_,18.53µm
_09216_,18.53µm
_10041_,18.53µm
_10562_,18.53µm
_10600_,18.53µm
_11253_,18.53µm
_11643_,18.53µm
_11835_,18.53µm
_11915_,18.53µm
_12060_,18.53µm
pp_inst.core_inst.reg_state_i.data_d\[77\],18.53µm
pp_inst.fifo_data\[14\]\[12\],18.53µm
pp_inst.fifo_data\[16\]\[26\],18.53µm
pp_inst.fifo_data\[17\]\[11\],18.53µm
pp_inst.fifo_data\[1\]\[17\],18.53µm
pp_inst.fifo_data\[20\]\[21\],18.53µm
pp_inst.fifo_data\[22\]\[29\],18.53µm
pp_inst.fifo_data\[25\]\[26\],18.53µm
pp_inst.fifo_data\[29\]\[15\],18.53µm
pp_inst.fifo_data\[29\]\[16\],18.53µm
pp_inst.fifo_data\[29\]\[25\],18.53µm
pp_inst.fifo_data\[34\]\[19\],18.53µm
pp_inst.fifo_data\[35\]\[16\],18.53µm
pp_inst.fifo_data\[40\]\[9\],18.53µm
pp_inst.fifo_data\[41\]\[0\],18.53µm
pp_inst.fifo_data\[43\]\[7\],18.53µm
pp_inst.fifo_data\[45\]\[3\],18.53µm
pp_inst.fifo_data\[47\]\[1\],18.53µm
pp_inst.fifo_data\[47\]\[24\],18.53µm
pp_inst.fifo_data\[49\]\[24\],18.53µm
pp_inst.fifo_data\[49\]\[26\],18.53µm
pp_inst.fifo_data\[50\]\[1\],18.53µm
pp_inst.fifo_data\[52\]\[20\],18.53µm
pp_inst.fifo_data\[52\]\[21\],18.53µm
pp_inst.fifo_data\[53\]\[15\],18.53µm
pp_inst.fifo_data\[53\]\[16\],18.53µm
pp_inst.fifo_data\[55\]\[3\],18.53µm
pp_inst.fifo_data\[58\]\[18\],18.53µm
pp_inst.fifo_data\[63\]\[11\],18.53µm
pp_inst.fifo_data\[7\]\[5\],18.53µm
pp_inst.fifo_data\[8\]\[12\],18.53µm
pp_inst.fifo_data\[9\]\[27\],18.53µm
spi_ctrl.tx_stage\[19\],18.53µm
clknet_leaf_368_clk,18.53µm
clknet_leaf_505_clk,18.53µm
_00186_,18.48µm
_02931_,18.48µm
_03129_,18.48µm
_03548_,18.48µm
_03725_,18.48µm
_03996_,18.48µm
_04031_,18.48µm
_04185_,18.48µm
_04193_,18.48µm
_04478_,18.48µm
_04698_,18.48µm
_05953_,18.48µm
_05978_,18.48µm
_06099_,18.48µm
_06301_,18.48µm
_07432_,18.48µm
_07683_,18.48µm
_07727_,18.48µm
_08272_,18.48µm
_08767_,18.48µm
_08909_,18.48µm
_09296_,18.48µm
_09433_,18.48µm
_10435_,18.48µm
_10632_,18.48µm
_10882_,18.48µm
_10905_,18.48µm
_11634_,18.48µm
_11725_,18.48µm
_11883_,18.48µm
_12036_,18.48µm
_12085_,18.48µm
pp_inst.fifo_data\[13\]\[27\],18.48µm
pp_inst.fifo_data\[28\]\[27\],18.48µm
pp_inst.fifo_data\[32\]\[11\],18.48µm
pp_inst.fifo_data\[48\]\[29\],18.48µm
pp_inst.fifo_data\[50\]\[28\],18.48µm
pp_inst.fifo_data\[55\]\[15\],18.48µm
pp_inst.fifo_data\[58\]\[22\],18.48µm
spi_ctrl.tx_shift_reg\[8\],18.48µm
clknet_leaf_397_clk,18.48µm
clknet_leaf_522_clk,18.48µm
miso,18.34µm
pp_inst.fifo_data\[28\]\[30\],18.3µm
pp_inst.fifo_data\[57\]\[22\],18.3µm
pp_inst.fifo_data\[30\]\[24\],18.12µm
_09263_,18.07µm
_09287_,18.07µm
_10661_,18.07µm
pp_inst.core_inst.asconp_i.x1\[36\],18.07µm
pp_inst.fifo_data\[34\]\[21\],18.07µm
pp_inst.fifo_data\[35\]\[0\],18.07µm
pp_inst.fifo_data\[8\]\[15\],18.07µm
_01247_,18.02µm
_01458_,18.02µm
_04506_,18.02µm
_06538_,18.02µm
_08531_,18.02µm
_09258_,18.02µm
_09504_,18.02µm
_09703_,18.02µm
_10178_,18.02µm
_10431_,18.02µm
_11787_,18.02µm
pp_inst.core_inst.reg_state_i.data_d\[140\],18.02µm
pp_inst.fifo_data\[0\]\[30\],18.02µm
pp_inst.fifo_data\[13\]\[10\],18.02µm
pp_inst.fifo_data\[14\]\[8\],18.02µm
pp_inst.fifo_data\[15\]\[7\],18.02µm
pp_inst.fifo_data\[16\]\[28\],18.02µm
pp_inst.fifo_data\[21\]\[12\],18.02µm
pp_inst.fifo_data\[28\]\[29\],18.02µm
pp_inst.fifo_data\[33\]\[9\],18.02µm
pp_inst.fifo_data\[38\]\[6\],18.02µm
pp_inst.fifo_data\[43\]\[30\],18.02µm
pp_inst.fifo_data\[44\]\[15\],18.02µm
pp_inst.fifo_data\[44\]\[30\],18.02µm
pp_inst.fifo_data\[52\]\[12\],18.02µm
pp_inst.fifo_data\[53\]\[7\],18.02µm
pp_inst.fifo_data\[59\]\[9\],18.02µm
pp_inst.fifo_data\[63\]\[1\],18.02µm
spi_ctrl.word_cnt\[0\],18.02µm
_00008_,17.97µm
_00241_,17.97µm
_01058_,17.97µm
_01076_,17.97µm
_01125_,17.97µm
_01283_,17.97µm
_01355_,17.97µm
_01378_,17.97µm
_01498_,17.97µm
_01569_,17.97µm
_01674_,17.97µm
_03608_,17.97µm
_03646_,17.97µm
_03707_,17.97µm
_03886_,17.97µm
_03941_,17.97µm
_04021_,17.97µm
_04026_,17.97µm
_04196_,17.97µm
_04281_,17.97µm
_04441_,17.97µm
_04471_,17.97µm
_04612_,17.97µm
_04745_,17.97µm
_04811_,17.97µm
_04853_,17.97µm
_04979_,17.97µm
_06537_,17.97µm
_06583_,17.97µm
_06749_,17.97µm
_06820_,17.97µm
_06971_,17.97µm
_07120_,17.97µm
_07143_,17.97µm
_07477_,17.97µm
_08011_,17.97µm
_08267_,17.97µm
_08874_,17.97µm
_09781_,17.97µm
_10894_,17.97µm
_10933_,17.97µm
_10980_,17.97µm
_11026_,17.97µm
_11482_,17.97µm
_11912_,17.97µm
_11918_,17.97µm
_12311_,17.97µm
bdi\[0\],17.97µm
pp_inst.core_inst.reg_state_i.data_d\[72\],17.97µm
pp_inst.fifo_data\[10\]\[1\],17.97µm
pp_inst.fifo_data\[13\]\[28\],17.97µm
pp_inst.fifo_data\[14\]\[26\],17.97µm
pp_inst.fifo_data\[17\]\[28\],17.97µm
pp_inst.fifo_data\[20\]\[29\],17.97µm
pp_inst.fifo_data\[22\]\[19\],17.97µm
pp_inst.fifo_data\[22\]\[20\],17.97µm
pp_inst.fifo_data\[26\]\[0\],17.97µm
pp_inst.fifo_data\[29\]\[23\],17.97µm
pp_inst.fifo_data\[2\]\[14\],17.97µm
pp_inst.fifo_data\[31\]\[28\],17.97µm
pp_inst.fifo_data\[35\]\[3\],17.97µm
pp_inst.fifo_data\[37\]\[11\],17.97µm
pp_inst.fifo_data\[40\]\[19\],17.97µm
pp_inst.fifo_data\[40\]\[27\],17.97µm
pp_inst.fifo_data\[43\]\[23\],17.97µm
pp_inst.fifo_data\[44\]\[5\],17.97µm
pp_inst.fifo_data\[45\]\[13\],17.97µm
pp_inst.fifo_data\[53\]\[18\],17.97µm
pp_inst.fifo_data\[60\]\[1\],17.97µm
pp_inst.fifo_data\[8\]\[30\],17.97µm
spi_ctrl.pend_word\[28\],17.97µm
_00041_,17.92µm
_00322_,17.92µm
_00811_,17.92µm
_01130_,17.92µm
_01915_,17.92µm
_02025_,17.92µm
_02164_,17.92µm
_02267_,17.92µm
_02702_,17.92µm
_03285_,17.92µm
_03472_,17.92µm
_03527_,17.92µm
_03690_,17.92µm
_03884_,17.92µm
_04062_,17.92µm
_04128_,17.92µm
_04216_,17.92µm
_04254_,17.92µm
_04258_,17.92µm
_04669_,17.92µm
_04734_,17.92µm
_04794_,17.92µm
_04980_,17.92µm
_05301_,17.92µm
_05489_,17.92µm
_06547_,17.92µm
_06681_,17.92µm
_06788_,17.92µm
_06867_,17.92µm
_08103_,17.92µm
_08384_,17.92µm
_08529_,17.92µm
_09055_,17.92µm
_09925_,17.92µm
_10524_,17.92µm
_10533_,17.92µm
_10720_,17.92µm
_10971_,17.92µm
_11265_,17.92µm
_11526_,17.92µm
_11684_,17.92µm
_11893_,17.92µm
pp_inst.fifo_data\[19\]\[7\],17.92µm
pp_inst.fifo_data\[27\]\[25\],17.92µm
pp_inst.fifo_data\[29\]\[24\],17.92µm
pp_inst.fifo_data\[36\]\[21\],17.92µm
pp_inst.fifo_data\[36\]\[7\],17.92µm
pp_inst.fifo_data\[37\]\[8\],17.92µm
pp_inst.fifo_data\[53\]\[29\],17.92µm
pp_inst.fifo_data\[57\]\[28\],17.92µm
_09269_,17.51µm
pp_inst.fifo_data\[15\]\[22\],17.51µm
pp_inst.fifo_data\[15\]\[26\],17.51µm
pp_inst.fifo_data\[36\]\[9\],17.51µm
pp_inst.fifo_data\[39\]\[11\],17.51µm
pp_inst.fifo_data\[60\]\[19\],17.51µm
_01065_,17.46µm
_04988_,17.46µm
_05106_,17.46µm
_06491_,17.46µm
_07957_,17.46µm
_09382_,17.46µm
_09458_,17.46µm
pp_inst.fifo_data\[36\]\[17\],17.46µm
pp_inst.fifo_data\[37\]\[23\],17.46µm
pp_inst.fifo_data\[38\]\[16\],17.46µm
pp_inst.fifo_data\[42\]\[29\],17.46µm
pp_inst.fifo_data\[43\]\[26\],17.46µm
pp_inst.fifo_data\[49\]\[16\],17.46µm
pp_inst.fifo_data\[49\]\[17\],17.46µm
pp_inst.fifo_data\[4\]\[20\],17.46µm
pp_inst.fifo_data\[4\]\[8\],17.46µm
pp_inst.fifo_data\[55\]\[22\],17.46µm
pp_inst.fifo_data\[61\]\[28\],17.46µm
pp_inst.fifo_data\[61\]\[9\],17.46µm
pp_inst.fifo_data\[62\]\[20\],17.46µm
pp_inst.fifo_data\[9\]\[12\],17.46µm
spi_ctrl.pend_word\[10\],17.46µm
spi_ctrl.tx_stage\[7\],17.46µm
clknet_leaf_304_clk,17.46µm
_00059_,17.41µm
_00434_,17.41µm
_00871_,17.41µm
_00883_,17.41µm
_01183_,17.41µm
_01196_,17.41µm
_01276_,17.41µm
_01494_,17.41µm
_01855_,17.41µm
_02030_,17.41µm
_02221_,17.41µm
_02418_,17.41µm
_02607_,17.41µm
_02672_,17.41µm
_03411_,17.41µm
_03581_,17.41µm
_03647_,17.41µm
_03742_,17.41µm
_03824_,17.41µm
_03878_,17.41µm
_04211_,17.41µm
_04383_,17.41µm
_04477_,17.41µm
_04661_,17.41µm
_04672_,17.41µm
_05034_,17.41µm
_05203_,17.41µm
_05269_,17.41µm
_05617_,17.41µm
_06020_,17.41µm
_06101_,17.41µm
_06461_,17.41µm
_06495_,17.41µm
_06549_,17.41µm
_06564_,17.41µm
_07465_,17.41µm
_07609_,17.41µm
_07722_,17.41µm
_07728_,17.41µm
_08062_,17.41µm
_08478_,17.41µm
_08495_,17.41µm
_08577_,17.41µm
_08662_,17.41µm
_08913_,17.41µm
_09032_,17.41µm
_09531_,17.41µm
_10019_,17.41µm
_10070_,17.41µm
_10212_,17.41µm
_11141_,17.41µm
_11188_,17.41µm
_11397_,17.41µm
_12119_,17.41µm
_12154_,17.41µm
pp_inst.fifo_data\[16\]\[16\],17.41µm
pp_inst.fifo_data\[1\]\[21\],17.41µm
pp_inst.fifo_data\[21\]\[3\],17.41µm
pp_inst.fifo_data\[22\]\[1\],17.41µm
pp_inst.fifo_data\[23\]\[18\],17.41µm
pp_inst.fifo_data\[24\]\[17\],17.41µm
pp_inst.fifo_data\[25\]\[16\],17.41µm
pp_inst.fifo_data\[27\]\[17\],17.41µm
pp_inst.fifo_data\[29\]\[26\],17.41µm
pp_inst.fifo_data\[34\]\[1\],17.41µm
pp_inst.fifo_data\[34\]\[8\],17.41µm
pp_inst.fifo_data\[37\]\[17\],17.41µm
pp_inst.fifo_data\[42\]\[26\],17.41µm
pp_inst.fifo_data\[44\]\[12\],17.41µm
pp_inst.fifo_data\[44\]\[18\],17.41µm
pp_inst.fifo_data\[45\]\[23\],17.41µm
pp_inst.fifo_data\[46\]\[1\],17.41µm
pp_inst.fifo_data\[46\]\[27\],17.41µm
pp_inst.fifo_data\[47\]\[27\],17.41µm
pp_inst.fifo_data\[50\]\[15\],17.41µm
pp_inst.fifo_data\[57\]\[12\],17.41µm
_11887_,17.4µm
_00050_,17.36µm
_00254_,17.36µm
_00528_,17.36µm
_00623_,17.36µm
_01336_,17.36µm
_01428_,17.36µm
_01517_,17.36µm
_01604_,17.36µm
_01768_,17.36µm
_02217_,17.36µm
_02689_,17.36µm
_02927_,17.36µm
_03093_,17.36µm
_03446_,17.36µm
_03474_,17.36µm
_03592_,17.36µm
_03627_,17.36µm
_04036_,17.36µm
_04120_,17.36µm
_04613_,17.36µm
_04614_,17.36µm
_04663_,17.36µm
_05224_,17.36µm
_05235_,17.36µm
_05414_,17.36µm
_05700_,17.36µm
_05839_,17.36µm
_06014_,17.36µm
_06214_,17.36µm
_06457_,17.36µm
_06492_,17.36µm
_06683_,17.36µm
_07072_,17.36µm
_07367_,17.36µm
_07656_,17.36µm
_07706_,17.36µm
_07782_,17.36µm
_07960_,17.36µm
_08309_,17.36µm
_08370_,17.36µm
_08605_,17.36µm
_08689_,17.36µm
_08717_,17.36µm
_10332_,17.36µm
_10538_,17.36µm
_10559_,17.36µm
_10840_,17.36µm
_10865_,17.36µm
_11100_,17.36µm
_11139_,17.36µm
_11455_,17.36µm
_11533_,17.36µm
_11565_,17.36µm
_11638_,17.36µm
_11748_,17.36µm
pp_inst.fifo_data\[32\]\[25\],17.36µm
pp_inst.fifo_data\[35\]\[17\],17.36µm
pp_inst.fifo_data\[55\]\[20\],17.36µm
pp_inst.fifo_data\[55\]\[28\],17.36µm
pp_inst.fifo_data\[59\]\[7\],17.36µm
pp_inst.fifo_data\[5\]\[20\],17.36µm
pp_inst.fifo_data\[40\]\[20\],17.18µm
pp_inst.fifo_data\[23\]\[7\],16.95µm
pp_inst.fifo_data\[58\]\[21\],16.95µm
spi_ctrl.tx_stage\[12\],16.95µm
spi_phy.rx_reg\[4\],16.95µm
_00857_,16.9µm
_00948_,16.9µm
_03151_,16.9µm
_04702_,16.9µm
_07499_,16.9µm
_07515_,16.9µm
_07843_,16.9µm
_09262_,16.9µm
_09426_,16.9µm
_10374_,16.9µm
_11959_,16.9µm
pp_inst.core_inst.reg_state_i.data_d\[233\],16.9µm
pp_inst.fifo_data\[15\]\[9\],16.9µm
pp_inst.fifo_data\[18\]\[26\],16.9µm
pp_inst.fifo_data\[20\]\[1\],16.9µm
pp_inst.fifo_data\[25\]\[1\],16.9µm
pp_inst.fifo_data\[26\]\[22\],16.9µm
pp_inst.fifo_data\[36\]\[19\],16.9µm
pp_inst.fifo_data\[3\]\[28\],16.9µm
pp_inst.fifo_data\[47\]\[22\],16.9µm
pp_inst.fifo_data\[52\]\[7\],16.9µm
pp_inst.fifo_data\[59\]\[1\],16.9µm
pp_inst.fifo_data\[62\]\[24\],16.9µm
spi_ctrl.pend_word\[11\],16.9µm
spi_ctrl.pend_word\[1\],16.9µm
spi_ctrl.tx_stage\[17\],16.9µm
_00362_,16.85µm
_00590_,16.85µm
_00862_,16.85µm
_00879_,16.85µm
_01122_,16.85µm
_01219_,16.85µm
_01337_,16.85µm
_01823_,16.85µm
_01832_,16.85µm
_02199_,16.85µm
_02402_,16.85µm
_02648_,16.85µm
_03078_,16.85µm
_03431_,16.85µm
_03603_,16.85µm
_03740_,16.85µm
_03834_,16.85µm
_04025_,16.85µm
_04061_,16.85µm
_04152_,16.85µm
_04271_,16.85µm
_04283_,16.85µm
_04484_,16.85µm
_04485_,16.85µm
_04625_,16.85µm
_04768_,16.85µm
_05012_,16.85µm
_05223_,16.85µm
_05379_,16.85µm
_05406_,16.85µm
_05521_,16.85µm
_05971_,16.85µm
_06577_,16.85µm
_06680_,16.85µm
_06953_,16.85µm
_06967_,16.85µm
_06974_,16.85µm
_07085_,16.85µm
_07741_,16.85µm
_08042_,16.85µm
_08206_,16.85µm
_08521_,16.85µm
_08719_,16.85µm
_08733_,16.85µm
_08883_,16.85µm
_09367_,16.85µm
_09848_,16.85µm
_09903_,16.85µm
_10062_,16.85µm
_10125_,16.85µm
_10638_,16.85µm
_10806_,16.85µm
_10890_,16.85µm
_11058_,16.85µm
_11209_,16.85µm
_11310_,16.85µm
_11739_,16.85µm
_11968_,16.85µm
_12256_,16.85µm
pp_inst.core_inst.reg_fsm_i.data_q\[13\],16.85µm
pp_inst.fifo_data\[0\]\[7\],16.85µm
pp_inst.fifo_data\[10\]\[16\],16.85µm
pp_inst.fifo_data\[12\]\[16\],16.85µm
pp_inst.fifo_data\[18\]\[22\],16.85µm
pp_inst.fifo_data\[19\]\[14\],16.85µm
pp_inst.fifo_data\[21\]\[21\],16.85µm
pp_inst.fifo_data\[22\]\[8\],16.85µm
pp_inst.fifo_data\[23\]\[15\],16.85µm
pp_inst.fifo_data\[23\]\[22\],16.85µm
pp_inst.fifo_data\[27\]\[14\],16.85µm
pp_inst.fifo_data\[2\]\[29\],16.85µm
pp_inst.fifo_data\[30\]\[0\],16.85µm
pp_inst.fifo_data\[31\]\[27\],16.85µm
pp_inst.fifo_data\[34\]\[28\],16.85µm
pp_inst.fifo_data\[37\]\[16\],16.85µm
pp_inst.fifo_data\[37\]\[29\],16.85µm
pp_inst.fifo_data\[42\]\[9\],16.85µm
pp_inst.fifo_data\[44\]\[20\],16.85µm
pp_inst.fifo_data\[47\]\[19\],16.85µm
pp_inst.fifo_data\[48\]\[12\],16.85µm
pp_inst.fifo_data\[48\]\[28\],16.85µm
pp_inst.fifo_data\[4\]\[28\],16.85µm
pp_inst.fifo_data\[50\]\[21\],16.85µm
pp_inst.fifo_data\[50\]\[29\],16.85µm
pp_inst.fifo_data\[54\]\[30\],16.85µm
pp_inst.fifo_data\[9\]\[11\],16.85µm
pp_inst.fifo_data\[9\]\[14\],16.85µm
pp_inst.fifo_data\[9\]\[3\],16.85µm
spi_ctrl.cs_n_sync\[0\],16.85µm
spi_ctrl.tx_stage\[24\],16.85µm
_00085_,16.8µm
_01138_,16.8µm
_01601_,16.8µm
_02231_,16.8µm
_02333_,16.8µm
_02688_,16.8µm
_03013_,16.8µm
_03408_,16.8µm
_03587_,16.8µm
_03695_,16.8µm
_03699_,16.8µm
_04198_,16.8µm
_04490_,16.8µm
_05217_,16.8µm
_05355_,16.8µm
_06199_,16.8µm
_06891_,16.8µm
_07657_,16.8µm
_07732_,16.8µm
_08721_,16.8µm
_09453_,16.8µm
_09715_,16.8µm
_10311_,16.8µm
_10523_,16.8µm
_10636_,16.8µm
_11021_,16.8µm
_11231_,16.8µm
_11391_,16.8µm
_11719_,16.8µm
_12248_,16.8µm
_12328_,16.8µm
pp_inst.fifo_data\[24\]\[23\],16.8µm
pp_inst.fifo_data\[34\]\[11\],16.8µm
pp_inst.fifo_data\[45\]\[18\],16.8µm
pp_inst.fifo_data\[49\]\[14\],16.8µm
pp_inst.fifo_data\[50\]\[8\],16.8µm
pp_inst.fifo_data\[52\]\[16\],16.8µm
pp_inst.fifo_data\[58\]\[11\],16.8µm
pp_inst.fifo_data\[6\]\[18\],16.8µm
spi_ctrl.tx_stage\[3\],16.8µm
pp_inst.fifo_data\[27\]\[28\],16.52µm
_10850_,16.44µm
_00190_,16.39µm
_06675_,16.39µm
_09314_,16.39µm
_09422_,16.39µm
pp_inst.fifo_data\[17\]\[12\],16.39µm
pp_inst.fifo_data\[22\]\[30\],16.39µm
pp_inst.fifo_data\[55\]\[26\],16.39µm
pp_inst.fifo_data\[62\]\[27\],16.39µm
_02785_,16.34µm
_03063_,16.34µm
_03820_,16.34µm
_06085_,16.34µm
_08674_,16.34µm
_08833_,16.34µm
_09416_,16.34µm
_10134_,16.34µm
_10513_,16.34µm
_10755_,16.34µm
_11190_,16.34µm
_11194_,16.34µm
_11823_,16.34µm
pp_inst.fifo_data\[19\]\[8\],16.34µm
pp_inst.fifo_data\[1\]\[24\],16.34µm
pp_inst.fifo_data\[20\]\[20\],16.34µm
pp_inst.fifo_data\[23\]\[26\],16.34µm
pp_inst.fifo_data\[33\]\[19\],16.34µm
pp_inst.fifo_data\[39\]\[26\],16.34µm
pp_inst.fifo_data\[42\]\[21\],16.34µm
pp_inst.fifo_data\[52\]\[0\],16.34µm
pp_inst.fifo_data\[52\]\[8\],16.34µm
pp_inst.fifo_data\[57\]\[23\],16.34µm
pp_inst.fifo_data\[58\]\[15\],16.34µm
pp_inst.fifo_data\[58\]\[26\],16.34µm
pp_inst.fifo_data\[60\]\[23\],16.34µm
pp_inst.fifo_data\[61\]\[27\],16.34µm
spi_ctrl.tx_fresh,16.34µm
spi_ctrl.tx_stage\[5\],16.34µm
_00253_,16.29µm
_00545_,16.29µm
_00609_,16.29µm
_01075_,16.29µm
_01135_,16.29µm
_01423_,16.29µm
_01459_,16.29µm
_01563_,16.29µm
_01688_,16.29µm
_01912_,16.29µm
_02159_,16.29µm
_02427_,16.29µm
_02581_,16.29µm
_02605_,16.29µm
_02985_,16.29µm
_03355_,16.29µm
_03553_,16.29µm
_03630_,16.29µm
_04019_,16.29µm
_04093_,16.29µm
_04294_,16.29µm
_04659_,16.29µm
_04688_,16.29µm
_04747_,16.29µm
_04807_,16.29µm
_05032_,16.29µm
_05049_,16.29µm
_05084_,16.29µm
_05338_,16.29µm
_05490_,16.29µm
_06109_,16.29µm
_06424_,16.29µm
_06534_,16.29µm
_06622_,16.29µm
_06864_,16.29µm
_07313_,16.29µm
_07778_,16.29µm
_07823_,16.29µm
_08462_,16.29µm
_08500_,16.29µm
_08603_,16.29µm
_08867_,16.29µm
_09553_,16.29µm
_10150_,16.29µm
_10998_,16.29µm
_11052_,16.29µm
_11112_,16.29µm
_11153_,16.29µm
_11416_,16.29µm
_11599_,16.29µm
_11857_,16.29µm
_12317_,16.29µm
pp_inst.fifo_data\[12\]\[17\],16.29µm
pp_inst.fifo_data\[14\]\[14\],16.29µm
pp_inst.fifo_data\[15\]\[18\],16.29µm
pp_inst.fifo_data\[18\]\[14\],16.29µm
pp_inst.fifo_data\[1\]\[26\],16.29µm
pp_inst.fifo_data\[25\]\[14\],16.29µm
pp_inst.fifo_data\[27\]\[12\],16.29µm
pp_inst.fifo_data\[30\]\[23\],16.29µm
pp_inst.fifo_data\[31\]\[14\],16.29µm
pp_inst.fifo_data\[32\]\[12\],16.29µm
pp_inst.fifo_data\[34\]\[27\],16.29µm
pp_inst.fifo_data\[38\]\[23\],16.29µm
pp_inst.fifo_data\[38\]\[27\],16.29µm
pp_inst.fifo_data\[41\]\[17\],16.29µm
pp_inst.fifo_data\[43\]\[12\],16.29µm
pp_inst.fifo_data\[48\]\[21\],16.29µm
pp_inst.fifo_data\[4\]\[14\],16.29µm
pp_inst.fifo_data\[51\]\[0\],16.29µm
pp_inst.fifo_data\[51\]\[28\],16.29µm
pp_inst.fifo_data\[54\]\[11\],16.29µm
pp_inst.fifo_data\[57\]\[25\],16.29µm
pp_inst.fifo_data\[58\]\[23\],16.29µm
pp_inst.fifo_data\[5\]\[1\],16.29µm
pp_inst.fifo_data\[62\]\[11\],16.29µm
pp_inst.fifo_data\[63\]\[25\],16.29µm
pp_inst.fifo_data\[9\]\[7\],16.29µm
spi_phy.sclk_sync\[2\],16.29µm
_00391_,16.24µm
_00424_,16.24µm
_00443_,16.24µm
_00695_,16.24µm
_00763_,16.24µm
_01464_,16.24µm
_01643_,16.24µm
_01666_,16.24µm
_02559_,16.24µm
_02575_,16.24µm
_02838_,16.24µm
_03137_,16.24µm
_03662_,16.24µm
_03736_,16.24µm
_03917_,16.24µm
_04048_,16.24µm
_04092_,16.24µm
_04101_,16.24µm
_04268_,16.24µm
_04544_,16.24µm
_04686_,16.24µm
_05021_,16.24µm
_05618_,16.24µm
_05620_,16.24µm
_06044_,16.24µm
_06076_,16.24µm
_06653_,16.24µm
_07208_,16.24µm
_07394_,16.24µm
_07652_,16.24µm
_07904_,16.24µm
_08543_,16.24µm
_08723_,16.24µm
_08918_,16.24µm
_09045_,16.24µm
_10100_,16.24µm
_10722_,16.24µm
_11129_,16.24µm
_11654_,16.24µm
_11819_,16.24µm
_11975_,16.24µm
_12295_,16.24µm
_12334_,16.24µm
pp_inst.core_inst.reg_state_i.data_d\[180\],16.24µm
pp_inst.fifo_data\[20\]\[12\],16.24µm
pp_inst.fifo_data\[42\]\[1\],16.24µm
pp_inst.fifo_data\[42\]\[23\],16.24µm
pp_inst.fifo_data\[52\]\[23\],16.24µm
pp_inst.fifo_data\[53\]\[1\],16.24µm
pp_inst.fifo_data\[57\]\[13\],16.24µm
pp_inst.fifo_data\[61\]\[21\],16.24µm
pp_inst.fifo_data\[63\]\[15\],16.24µm
pp_inst.fifo_data\[6\]\[22\],16.24µm
cs_n,16.1µm
mosi,16.1µm
sclk,16.1µm
pp_inst.fifo_data\[41\]\[20\],16.01µm
pp_inst.fifo_data\[21\]\[15\],15.915µm
_05053_,15.83µm
_09459_,15.83µm
pp_inst.core_inst.reg_state_i.data_d\[96\],15.83µm
pp_inst.fifo_data\[1\]\[13\],15.83µm
pp_inst.fifo_data\[41\]\[15\],15.83µm
pp_inst.fifo_data\[45\]\[20\],15.83µm
pp_inst.fifo_data\[45\]\[22\],15.83µm
pp_inst.fifo_data\[47\]\[8\],15.83µm
spi_ctrl.pend_word\[0\],15.83µm
pp_inst.fifo_data\[63\]\[24\],15.815µm
_00279_,15.78µm
_00342_,15.78µm
_00501_,15.78µm
_00619_,15.78µm
_01667_,15.78µm
_01699_,15.78µm
_02106_,15.78µm
_02879_,15.78µm
_03231_,15.78µm
_05411_,15.78µm
_06597_,15.78µm
_08841_,15.78µm
_09374_,15.78µm
_10483_,15.78µm
_11712_,15.78µm
pp_inst.core_inst.asconp_i.x1\[59\],15.78µm
pp_inst.fifo_data\[10\]\[5\],15.78µm
pp_inst.fifo_data\[13\]\[25\],15.78µm
pp_inst.fifo_data\[23\]\[14\],15.78µm
pp_inst.fifo_data\[28\]\[21\],15.78µm
pp_inst.fifo_data\[30\]\[5\],15.78µm
pp_inst.fifo_data\[39\]\[14\],15.78µm
pp_inst.fifo_data\[39\]\[19\],15.78µm
pp_inst.fifo_data\[43\]\[0\],15.78µm
pp_inst.fifo_data\[43\]\[18\],15.78µm
pp_inst.fifo_data\[4\]\[19\],15.78µm
pp_inst.fifo_data\[4\]\[22\],15.78µm
pp_inst.fifo_data\[54\]\[20\],15.78µm
pp_inst.fifo_data\[54\]\[25\],15.78µm
spi_ctrl.pend_word\[2\],15.78µm
spi_ctrl.tx_stage\[10\],15.78µm
_00624_,15.73µm
_00881_,15.73µm
_00903_,15.73µm
_01050_,15.73µm
_01134_,15.73µm
_01190_,15.73µm
_01365_,15.73µm
_01432_,15.73µm
_01947_,15.73µm
_02009_,15.73µm
_02363_,15.73µm
_02635_,15.73µm
_02643_,15.73µm
_02669_,15.73µm
_02728_,15.73µm
_02919_,15.73µm
_02965_,15.73µm
_03463_,15.73µm
_03583_,15.73µm
_03625_,15.73µm
_03668_,15.73µm
_04069_,15.73µm
_04074_,15.73µm
_04181_,15.73µm
_04377_,15.73µm
_04496_,15.73µm
_04567_,15.73µm
_04622_,15.73µm
_04741_,15.73µm
_04812_,15.73µm
_05236_,15.73µm
_05281_,15.73µm
_06089_,15.73µm
_06167_,15.73µm
_06388_,15.73µm
_06395_,15.73µm
_06401_,15.73µm
_06668_,15.73µm
_06905_,15.73µm
_06910_,15.73µm
_06976_,15.73µm
_07281_,15.73µm
_07321_,15.73µm
_07694_,15.73µm
_07857_,15.73µm
_07915_,15.73µm
_07948_,15.73µm
_07973_,15.73µm
_08106_,15.73µm
_08181_,15.73µm
_09044_,15.73µm
_09077_,15.73µm
_09098_,15.73µm
_09130_,15.73µm
_09411_,15.73µm
_09704_,15.73µm
_09886_,15.73µm
_10419_,15.73µm
_10604_,15.73µm
_10843_,15.73µm
_11795_,15.73µm
_12115_,15.73µm
_12315_,15.73µm
bdi\[23\],15.73µm
pp_inst.core_inst.reg_state_i.data_d\[255\],15.73µm
pp_inst.core_inst.reg_state_i.data_d\[95\],15.73µm
pp_inst.fifo_data\[0\]\[0\],15.73µm
pp_inst.fifo_data\[0\]\[24\],15.73µm
pp_inst.fifo_data\[15\]\[29\],15.73µm
pp_inst.fifo_data\[16\]\[8\],15.73µm
pp_inst.fifo_data\[17\]\[14\],15.73µm
pp_inst.fifo_data\[1\]\[22\],15.73µm
pp_inst.fifo_data\[1\]\[30\],15.73µm
pp_inst.fifo_data\[21\]\[16\],15.73µm
pp_inst.fifo_data\[21\]\[1\],15.73µm
pp_inst.fifo_data\[26\]\[5\],15.73µm
pp_inst.fifo_data\[28\]\[11\],15.73µm
pp_inst.fifo_data\[29\]\[29\],15.73µm
pp_inst.fifo_data\[2\]\[20\],15.73µm
pp_inst.fifo_data\[2\]\[9\],15.73µm
pp_inst.fifo_data\[31\]\[1\],15.73µm
pp_inst.fifo_data\[35\]\[28\],15.73µm
pp_inst.fifo_data\[37\]\[0\],15.73µm
pp_inst.fifo_data\[38\]\[8\],15.73µm
pp_inst.fifo_data\[3\]\[23\],15.73µm
pp_inst.fifo_data\[42\]\[17\],15.73µm
pp_inst.fifo_data\[45\]\[0\],15.73µm
pp_inst.fifo_data\[45\]\[21\],15.73µm
pp_inst.fifo_data\[47\]\[15\],15.73µm
pp_inst.fifo_data\[48\]\[24\],15.73µm
pp_inst.fifo_data\[48\]\[8\],15.73µm
pp_inst.fifo_data\[51\]\[5\],15.73µm
pp_inst.fifo_data\[6\]\[29\],15.73µm
pp_inst.fifo_data\[8\]\[19\],15.73µm
spi_ctrl.tx_stage\[22\],15.73µm
spi_phy.mosi_sync\[0\],15.73µm
net1885,15.73µm
_00020_,15.68µm
_00357_,15.68µm
_00915_,15.68µm
_01245_,15.68µm
_02004_,15.68µm
_02061_,15.68µm
_02072_,15.68µm
_02419_,15.68µm
_03040_,15.68µm
_03173_,15.68µm
_03224_,15.68µm
_03249_,15.68µm
_03259_,15.68µm
_03410_,15.68µm
_03542_,15.68µm
_03650_,15.68µm
_03903_,15.68µm
_03929_,15.68µm
_03949_,15.68µm
_03981_,15.68µm
_04015_,15.68µm
_04314_,15.68µm
_04430_,15.68µm
_04554_,15.68µm
_04626_,15.68µm
_04887_,15.68µm
_05458_,15.68µm
_05998_,15.68µm
_06261_,15.68µm
_06265_,15.68µm
_06870_,15.68µm
_06966_,15.68µm
_07079_,15.68µm
_07180_,15.68µm
_07373_,15.68µm
_07585_,15.68µm
_07612_,15.68µm
_07739_,15.68µm
_07794_,15.68µm
_08083_,15.68µm
_08340_,15.68µm
_08386_,15.68µm
_08650_,15.68µm
_08798_,15.68µm
_08972_,15.68µm
_08978_,15.68µm
_09186_,15.68µm
_09392_,15.68µm
_10709_,15.68µm
_11027_,15.68µm
_11358_,15.68µm
_11515_,15.68µm
_11775_,15.68µm
_12262_,15.68µm
pp_inst.core_inst.reg_state_i.data_d\[122\],15.68µm
pp_inst.core_inst.reg_state_i.data_d\[141\],15.68µm
pp_inst.core_inst.reg_state_i.data_d\[183\],15.68µm
pp_inst.fifo_data\[12\]\[9\],15.68µm
pp_inst.fifo_data\[17\]\[19\],15.68µm
pp_inst.fifo_data\[26\]\[20\],15.68µm
pp_inst.fifo_data\[29\]\[27\],15.68µm
pp_inst.fifo_data\[35\]\[26\],15.68µm
pp_inst.fifo_data\[3\]\[30\],15.68µm
pp_inst.fifo_data\[45\]\[11\],15.68µm
pp_inst.fifo_data\[61\]\[23\],15.68µm
pp_inst.fifo_data\[31\]\[17\],15.305µm
_04790_,15.27µm
_09191_,15.27µm
_09429_,15.27µm
pp_inst.fifo_data\[34\]\[16\],15.27µm
pp_inst.fifo_data\[60\]\[31\],15.27µm
_01665_,15.22µm
_03457_,15.22µm
_03855_,15.22µm
_05141_,15.22µm
_06299_,15.22µm
_06991_,15.22µm
_09377_,15.22µm
_09378_,15.22µm
_09713_,15.22µm
_10698_,15.22µm
_11028_,15.22µm
_11228_,15.22µm
pp_inst.fifo_data\[12\]\[12\],15.22µm
pp_inst.fifo_data\[17\]\[1\],15.22µm
pp_inst.fifo_data\[18\]\[9\],15.22µm
pp_inst.fifo_data\[24\]\[27\],15.22µm
pp_inst.fifo_data\[25\]\[20\],15.22µm
pp_inst.fifo_data\[25\]\[25\],15.22µm
pp_inst.fifo_data\[26\]\[28\],15.22µm
pp_inst.fifo_data\[27\]\[1\],15.22µm
pp_inst.fifo_data\[2\]\[30\],15.22µm
pp_inst.fifo_data\[31\]\[11\],15.22µm
pp_inst.fifo_data\[35\]\[15\],15.22µm
pp_inst.fifo_data\[36\]\[8\],15.22µm
pp_inst.fifo_data\[44\]\[29\],15.22µm
pp_inst.fifo_data\[46\]\[3\],15.22µm
pp_inst.fifo_data\[53\]\[20\],15.22µm
pp_inst.fifo_data\[55\]\[1\],15.22µm
pp_inst.fifo_data\[60\]\[28\],15.22µm
pp_inst.fifo_data\[7\]\[19\],15.22µm
pp_inst.fifo_data\[8\]\[17\],15.22µm
pp_inst.fifo_data\[8\]\[25\],15.22µm
spi_ctrl.tx_stage\[30\],15.22µm
_00314_,15.17µm
_00511_,15.17µm
_00529_,15.17µm
_01022_,15.17µm
_01068_,15.17µm
_01359_,15.17µm
_01468_,15.17µm
_01566_,15.17µm
_01607_,15.17µm
_01668_,15.17µm
_01683_,15.17µm
_02148_,15.17µm
_02157_,15.17µm
_02535_,15.17µm
_02554_,15.17µm
_02639_,15.17µm
_02812_,15.17µm
_03207_,15.17µm
_03758_,15.17µm
_03790_,15.17µm
_03895_,15.17µm
_04601_,15.17µm
_04670_,15.17µm
_04771_,15.17µm
_04797_,15.17µm
_04833_,15.17µm
_04969_,15.17µm
_05263_,15.17µm
_05444_,15.17µm
_05969_,15.17µm
_06045_,15.17µm
_06071_,15.17µm
_06524_,15.17µm
_06611_,15.17µm
_06660_,15.17µm
_06672_,15.17µm
_06803_,15.17µm
_07459_,15.17µm
_07478_,15.17µm
_07856_,15.17µm
_07983_,15.17µm
_08135_,15.17µm
_08546_,15.17µm
_08711_,15.17µm
_08848_,15.17µm
_09035_,15.17µm
_09089_,15.17µm
_09149_,15.17µm
_09185_,15.17µm
_09194_,15.17µm
_09207_,15.17µm
_09364_,15.17µm
_09443_,15.17µm
_10243_,15.17µm
_10411_,15.17µm
_10466_,15.17µm
_10560_,15.17µm
_10568_,15.17µm
_10689_,15.17µm
_10711_,15.17µm
_10746_,15.17µm
_10950_,15.17µm
_11255_,15.17µm
_11272_,15.17µm
_11597_,15.17µm
_11627_,15.17µm
_11699_,15.17µm
_11830_,15.17µm
_12039_,15.17µm
pp_inst.core_inst.reg_state_i.data_d\[186\],15.17µm
pp_inst.core_inst.reg_state_i.data_d\[70\],15.17µm
pp_inst.fifo_data\[17\]\[20\],15.17µm
pp_inst.fifo_data\[18\]\[7\],15.17µm
pp_inst.fifo_data\[19\]\[20\],15.17µm
pp_inst.fifo_data\[24\]\[16\],15.17µm
pp_inst.fifo_data\[26\]\[26\],15.17µm
pp_inst.fifo_data\[28\]\[15\],15.17µm
pp_inst.fifo_data\[28\]\[26\],15.17µm
pp_inst.fifo_data\[28\]\[28\],15.17µm
pp_inst.fifo_data\[30\]\[26\],15.17µm
pp_inst.fifo_data\[31\]\[23\],15.17µm
pp_inst.fifo_data\[31\]\[25\],15.17µm
pp_inst.fifo_data\[32\]\[15\],15.17µm
pp_inst.fifo_data\[34\]\[23\],15.17µm
pp_inst.fifo_data\[37\]\[12\],15.17µm
pp_inst.fifo_data\[37\]\[13\],15.17µm
pp_inst.fifo_data\[38\]\[24\],15.17µm
pp_inst.fifo_data\[43\]\[3\],15.17µm
pp_inst.fifo_data\[44\]\[0\],15.17µm
pp_inst.fifo_data\[46\]\[7\],15.17µm
pp_inst.fifo_data\[4\]\[25\],15.17µm
pp_inst.fifo_data\[52\]\[25\],15.17µm
pp_inst.fifo_data\[54\]\[1\],15.17µm
pp_inst.fifo_data\[56\]\[30\],15.17µm
pp_inst.fifo_data\[57\]\[20\],15.17µm
pp_inst.fifo_data\[5\]\[21\],15.17µm
pp_inst.fifo_data\[60\]\[6\],15.17µm
pp_inst.fifo_data\[62\]\[6\],15.17µm
pp_inst.fifo_data\[63\]\[28\],15.17µm
pp_inst.fifo_data\[6\]\[17\],15.17µm
pp_inst.fifo_data\[6\]\[19\],15.17µm
pp_inst.fifo_data\[8\]\[20\],15.17µm
spi_ctrl.pend_word\[22\],15.17µm
spi_ctrl.pend_word\[9\],15.17µm
spi_ctrl.tx_shift_reg\[28\],15.17µm
_00057_,15.12µm
_00229_,15.12µm
_00632_,15.12µm
_01074_,15.12µm
_01662_,15.12µm
_02105_,15.12µm
_02167_,15.12µm
_02254_,15.12µm
_02709_,15.12µm
_03079_,15.12µm
_03225_,15.12µm
_03227_,15.12µm
_03260_,15.12µm
_03287_,15.12µm
_03369_,15.12µm
_03454_,15.12µm
_03458_,15.12µm
_03496_,15.12µm
_03605_,15.12µm
_03940_,15.12µm
_03983_,15.12µm
_04041_,15.12µm
_04244_,15.12µm
_04300_,15.12µm
_04308_,15.12µm
_04312_,15.12µm
_04357_,15.12µm
_04393_,15.12µm
_04627_,15.12µm
_04780_,15.12µm
_04849_,15.12µm
_04875_,15.12µm
_05118_,15.12µm
_05404_,15.12µm
_05686_,15.12µm
_05862_,15.12µm
_06000_,15.12µm
_06132_,15.12µm
_07008_,15.12µm
_07575_,15.12µm
_07711_,15.12µm
_08264_,15.12µm
_08366_,15.12µm
_08417_,15.12µm
_08439_,15.12µm
_08487_,15.12µm
_08633_,15.12µm
_08822_,15.12µm
_09338_,15.12µm
_09985_,15.12µm
_10118_,15.12µm
_10336_,15.12µm
_10403_,15.12µm
_10681_,15.12µm
_10701_,15.12µm
_10707_,15.12µm
_10815_,15.12µm
_11221_,15.12µm
_11563_,15.12µm
_11625_,15.12µm
_11981_,15.12µm
_11984_,15.12µm
_11990_,15.12µm
_12122_,15.12µm
_12344_,15.12µm
pp_inst.core_inst.asconp_i.x0\[11\],15.12µm
pp_inst.core_inst.reg_state_i.data_d\[159\],15.12µm
pp_inst.fifo_data\[13\]\[26\],15.12µm
pp_inst.fifo_data\[14\]\[7\],15.12µm
pp_inst.fifo_data\[31\]\[26\],15.12µm
pp_inst.fifo_data\[32\]\[16\],15.12µm
pp_inst.fifo_data\[50\]\[6\],15.12µm
pp_inst.fifo_data\[63\]\[3\],15.12µm
pp_inst.fifo_data\[7\]\[22\],15.12µm
spi_ctrl.pend_word\[16\],15.12µm
clknet_leaf_450_clk,15.12µm
pp_inst.fifo_data\[50\]\[23\],14.89µm
pp_inst.fifo_data\[60\]\[12\],14.89µm
pp_inst.fifo_data\[32\]\[28\],14.84µm
pp_inst.fifo_data\[45\]\[25\],14.84µm
pp_inst.fifo_data\[21\]\[22\],14.76µm
_10164_,14.71µm
_10999_,14.71µm
_11262_,14.71µm
pp_inst.fifo_data\[19\]\[17\],14.71µm
pp_inst.fifo_data\[29\]\[22\],14.71µm
pp_inst.fifo_data\[46\]\[31\],14.71µm
pp_inst.fifo_data\[4\]\[7\],14.71µm
pp_inst.fifo_data\[53\]\[0\],14.71µm
pp_inst.fifo_data\[6\]\[27\],14.71µm
spi_ctrl.pend_word\[6\],14.71µm
pp_inst.fifo_data\[30\]\[25\],14.69µm
_01658_,14.66µm
_02385_,14.66µm
_02524_,14.66µm
_07268_,14.66µm
_09696_,14.66µm
_10194_,14.66µm
_10280_,14.66µm
_10830_,14.66µm
_11037_,14.66µm
_11096_,14.66µm
pp_inst.core_inst.reg_state_i.data_d\[135\],14.66µm
pp_inst.fifo_data\[11\]\[28\],14.66µm
pp_inst.fifo_data\[14\]\[16\],14.66µm
pp_inst.fifo_data\[15\]\[27\],14.66µm
pp_inst.fifo_data\[15\]\[8\],14.66µm
pp_inst.fifo_data\[24\]\[29\],14.66µm
pp_inst.fifo_data\[27\]\[26\],14.66µm
pp_inst.fifo_data\[2\]\[6\],14.66µm
pp_inst.fifo_data\[34\]\[24\],14.66µm
pp_inst.fifo_data\[35\]\[21\],14.66µm
pp_inst.fifo_data\[39\]\[28\],14.66µm
pp_inst.fifo_data\[40\]\[3\],14.66µm
pp_inst.fifo_data\[44\]\[19\],14.66µm
pp_inst.fifo_data\[46\]\[21\],14.66µm
pp_inst.fifo_data\[48\]\[22\],14.66µm
pp_inst.fifo_data\[49\]\[12\],14.66µm
pp_inst.fifo_data\[57\]\[8\],14.66µm
pp_inst.fifo_data\[60\]\[30\],14.66µm
pp_inst.fifo_data\[63\]\[29\],14.66µm
_00510_,14.61µm
_00600_,14.61µm
_00714_,14.61µm
_00852_,14.61µm
_00859_,14.61µm
_00869_,14.61µm
_01101_,14.61µm
_01345_,14.61µm
_01532_,14.61µm
_01596_,14.61µm
_01637_,14.61µm
_01715_,14.61µm
_01777_,14.61µm
_01820_,14.61µm
_02196_,14.61µm
_02332_,14.61µm
_02376_,14.61µm
_02440_,14.61µm
_02908_,14.61µm
_02917_,14.61µm
_03135_,14.61µm
_03211_,14.61µm
_03265_,14.61µm
_03292_,14.61µm
_03449_,14.61µm
_03452_,14.61µm
_03574_,14.61µm
_03806_,14.61µm
_03885_,14.61µm
_03892_,14.61µm
_03924_,14.61µm
_03977_,14.61µm
_04014_,14.61µm
_04149_,14.61µm
_04153_,14.61µm
_04307_,14.61µm
_04365_,14.61µm
_06201_,14.61µm
_06247_,14.61µm
_06449_,14.61µm
_06607_,14.61µm
_06663_,14.61µm
_06947_,14.61µm
_07201_,14.61µm
_07225_,14.61µm
_07439_,14.61µm
_07626_,14.61µm
_07641_,14.61µm
_07859_,14.61µm
_07868_,14.61µm
_07873_,14.61µm
_07989_,14.61µm
_08219_,14.61µm
_08346_,14.61µm
_08371_,14.61µm
_08569_,14.61µm
_08781_,14.61µm
_08928_,14.61µm
_09039_,14.61µm
_09121_,14.61µm
_09250_,14.61µm
_10027_,14.61µm
_10079_,14.61µm
_10185_,14.61µm
_10242_,14.61µm
_10288_,14.61µm
_10444_,14.61µm
_10901_,14.61µm
_10957_,14.61µm
_11189_,14.61µm
_11214_,14.61µm
_11729_,14.61µm
_11754_,14.61µm
_11762_,14.61µm
_11768_,14.61µm
_11997_,14.61µm
bdi_valid\[1\],14.61µm
pp_inst.fifo_data\[0\]\[19\],14.61µm
pp_inst.fifo_data\[17\]\[9\],14.61µm
pp_inst.fifo_data\[19\]\[19\],14.61µm
pp_inst.fifo_data\[22\]\[18\],14.61µm
pp_inst.fifo_data\[25\]\[23\],14.61µm
pp_inst.fifo_data\[28\]\[25\],14.61µm
pp_inst.fifo_data\[29\]\[28\],14.61µm
pp_inst.fifo_data\[2\]\[7\],14.61µm
pp_inst.fifo_data\[31\]\[18\],14.61µm
pp_inst.fifo_data\[31\]\[8\],14.61µm
pp_inst.fifo_data\[32\]\[18\],14.61µm
pp_inst.fifo_data\[35\]\[8\],14.61µm
pp_inst.fifo_data\[36\]\[14\],14.61µm
pp_inst.fifo_data\[39\]\[1\],14.61µm
pp_inst.fifo_data\[41\]\[21\],14.61µm
pp_inst.fifo_data\[41\]\[24\],14.61µm
pp_inst.fifo_data\[45\]\[15\],14.61µm
pp_inst.fifo_data\[46\]\[8\],14.61µm
pp_inst.fifo_data\[50\]\[24\],14.61µm
pp_inst.fifo_data\[53\]\[30\],14.61µm
pp_inst.fifo_data\[57\]\[30\],14.61µm
pp_inst.fifo_data\[61\]\[13\],14.61µm
pp_inst.fifo_data\[9\]\[21\],14.61µm
spi_ctrl.tx_stage\[1\],14.61µm
clknet_leaf_43_clk,14.61µm
_00045_,14.56µm
_01098_,14.56µm
_01743_,14.56µm
_01869_,14.56µm
_02488_,14.56µm
_02939_,14.56µm
_02963_,14.56µm
_02990_,14.56µm
_03012_,14.56µm
_03568_,14.56µm
_03660_,14.56µm
_03722_,14.56µm
_03776_,14.56µm
_03871_,14.56µm
_03946_,14.56µm
_03970_,14.56µm
_04175_,14.56µm
_04298_,14.56µm
_04375_,14.56µm
_04382_,14.56µm
_04644_,14.56µm
_04824_,14.56µm
_04906_,14.56µm
_04924_,14.56µm
_05270_,14.56µm
_05676_,14.56µm
_05941_,14.56µm
_05988_,14.56µm
_06169_,14.56µm
_06303_,14.56µm
_06762_,14.56µm
_07155_,14.56µm
_07463_,14.56µm
_07541_,14.56µm
_07617_,14.56µm
_07665_,14.56µm
_08245_,14.56µm
_08247_,14.56µm
_08514_,14.56µm
_08587_,14.56µm
_08777_,14.56µm
_08800_,14.56µm
_08857_,14.56µm
_08870_,14.56µm
_08875_,14.56µm
_08917_,14.56µm
_09060_,14.56µm
_09757_,14.56µm
_10140_,14.56µm
_10176_,14.56µm
_10299_,14.56µm
_10540_,14.56µm
_10592_,14.56µm
_10630_,14.56µm
_11547_,14.56µm
_11920_,14.56µm
_12057_,14.56µm
_12127_,14.56µm
_12309_,14.56µm
pp_inst.core_inst.reg_state_i.data_d\[99\],14.56µm
pp_inst.fifo_data\[10\]\[28\],14.56µm
pp_inst.fifo_data\[17\]\[8\],14.56µm
pp_inst.fifo_data\[19\]\[21\],14.56µm
pp_inst.fifo_data\[26\]\[19\],14.56µm
pp_inst.fifo_data\[2\]\[22\],14.56µm
pp_inst.fifo_data\[31\]\[0\],14.56µm
pp_inst.fifo_data\[34\]\[9\],14.56µm
pp_inst.fifo_data\[43\]\[20\],14.56µm
pp_inst.fifo_data\[49\]\[30\],14.56µm
pp_inst.fifo_data\[56\]\[29\],14.56µm
pp_inst.fifo_data\[6\]\[16\],14.56µm
pp_inst.fifo_data\[9\]\[15\],14.56µm
_10609_,14.15µm
pp_inst.fifo_data\[32\]\[29\],14.15µm
pp_inst.fifo_data\[5\]\[22\],14.15µm
_01608_,14.1µm
_01770_,14.1µm
_01785_,14.1µm
_01940_,14.1µm
_01979_,14.1µm
_02180_,14.1µm
_02235_,14.1µm
_02977_,14.1µm
_03191_,14.1µm
_04162_,14.1µm
_04331_,14.1µm
_04890_,14.1µm
_04985_,14.1µm
_06124_,14.1µm
_06685_,14.1µm
_08744_,14.1µm
_08922_,14.1µm
_10191_,14.1µm
_10239_,14.1µm
_10380_,14.1µm
_10429_,14.1µm
_11130_,14.1µm
_12073_,14.1µm
pp_inst.fifo_data\[16\]\[14\],14.1µm
pp_inst.fifo_data\[18\]\[18\],14.1µm
pp_inst.fifo_data\[18\]\[27\],14.1µm
pp_inst.fifo_data\[35\]\[12\],14.1µm
pp_inst.fifo_data\[38\]\[12\],14.1µm
pp_inst.fifo_data\[38\]\[9\],14.1µm
pp_inst.fifo_data\[53\]\[19\],14.1µm
pp_inst.fifo_data\[54\]\[12\],14.1µm
pp_inst.fifo_data\[57\]\[17\],14.1µm
pp_inst.fifo_data\[57\]\[19\],14.1µm
pp_inst.fifo_data\[58\]\[24\],14.1µm
pp_inst.fifo_data\[7\]\[17\],14.1µm
spi_ctrl.pend_word\[5\],14.1µm
_00091_,14.05µm
_00173_,14.05µm
_00405_,14.05µm
_00572_,14.05µm
_00858_,14.05µm
_00874_,14.05µm
_00884_,14.05µm
_01240_,14.05µm
_01448_,14.05µm
_01466_,14.05µm
_01467_,14.05µm
_01649_,14.05µm
_01675_,14.05µm
_02308_,14.05µm
_02489_,14.05µm
_02677_,14.05µm
_02933_,14.05µm
_03196_,14.05µm
_03266_,14.05µm
_03710_,14.05µm
_03793_,14.05µm
_03912_,14.05µm
_03993_,14.05µm
_03995_,14.05µm
_04096_,14.05µm
_04114_,14.05µm
_04303_,14.05µm
_04371_,14.05µm
_05190_,14.05µm
_06259_,14.05µm
_06475_,14.05µm
_06960_,14.05µm
_07114_,14.05µm
_07252_,14.05µm
_07338_,14.05µm
_07496_,14.05µm
_07777_,14.05µm
_08053_,14.05µm
_08065_,14.05µm
_08252_,14.05µm
_08437_,14.05µm
_08890_,14.05µm
_08891_,14.05µm
_08945_,14.05µm
_08965_,14.05µm
_09067_,14.05µm
_09204_,14.05µm
_09373_,14.05µm
_10052_,14.05µm
_10200_,14.05µm
_10318_,14.05µm
_10329_,14.05µm
_10657_,14.05µm
_10872_,14.05µm
_10931_,14.05µm
_10983_,14.05µm
_11105_,14.05µm
_11320_,14.05µm
_11434_,14.05µm
_11646_,14.05µm
_11849_,14.05µm
_11906_,14.05µm
pp_inst.core_inst.reg_state_i.data_d\[174\],14.05µm
pp_inst.core_inst.reg_state_i.data_d\[86\],14.05µm
pp_inst.fifo_data\[10\]\[17\],14.05µm
pp_inst.fifo_data\[10\]\[23\],14.05µm
pp_inst.fifo_data\[10\]\[25\],14.05µm
pp_inst.fifo_data\[10\]\[26\],14.05µm
pp_inst.fifo_data\[11\]\[14\],14.05µm
pp_inst.fifo_data\[17\]\[25\],14.05µm
pp_inst.fifo_data\[17\]\[27\],14.05µm
pp_inst.fifo_data\[18\]\[28\],14.05µm
pp_inst.fifo_data\[18\]\[8\],14.05µm
pp_inst.fifo_data\[2\]\[25\],14.05µm
pp_inst.fifo_data\[30\]\[8\],14.05µm
pp_inst.fifo_data\[33\]\[22\],14.05µm
pp_inst.fifo_data\[43\]\[9\],14.05µm
pp_inst.fifo_data\[49\]\[29\],14.05µm
pp_inst.fifo_data\[4\]\[12\],14.05µm
pp_inst.fifo_data\[56\]\[20\],14.05µm
pp_inst.fifo_data\[58\]\[12\],14.05µm
pp_inst.fifo_data\[58\]\[7\],14.05µm
pp_inst.fifo_data\[60\]\[17\],14.05µm
pp_inst.fifo_data\[60\]\[29\],14.05µm
pp_inst.fifo_data\[6\]\[20\],14.05µm
pp_inst.fifo_data\[9\]\[8\],14.05µm
_00106_,14µm
_01003_,14µm
_01334_,14µm
_01594_,14µm
_01656_,14µm
_02389_,14µm
_02640_,14µm
_03011_,14µm
_03594_,14µm
_03698_,14µm
_03984_,14µm
_04057_,14µm
_04380_,14µm
_04406_,14µm
_04762_,14µm
_05250_,14µm
_05341_,14µm
_05380_,14µm
_05528_,14µm
_05731_,14µm
_05910_,14µm
_05926_,14µm
_05982_,14µm
_06695_,14µm
_06855_,14µm
_08095_,14µm
_08217_,14µm
_08863_,14µm
_09071_,14µm
_09086_,14µm
_09572_,14µm
_10650_,14µm
_10777_,14µm
_11104_,14µm
_11933_,14µm
_12056_,14µm
pp_inst.core_inst.reg_state_i.data_d\[90\],14µm
pp_inst.fifo_data\[16\]\[3\],14µm
pp_inst.fifo_data\[16\]\[9\],14µm
pp_inst.fifo_data\[1\]\[11\],14µm
pp_inst.fifo_data\[32\]\[1\],14µm
pp_inst.fifo_data\[35\]\[22\],14µm
pp_inst.fifo_data\[38\]\[30\],14µm
pp_inst.fifo_data\[42\]\[15\],14µm
pp_inst.fifo_data\[47\]\[29\],14µm
pp_inst.fifo_data\[52\]\[1\],14µm
pp_inst.fifo_data\[62\]\[16\],14µm
_02959_,13.64µm
pp_inst.fifo_data\[50\]\[7\],13.59µm
pp_inst.fifo_data\[54\]\[9\],13.59µm
spi_ctrl.tx_stage\[4\],13.59µm
_05759_,13.54µm
_06267_,13.54µm
_07975_,13.54µm
_09449_,13.54µm
_09959_,13.54µm
_11359_,13.54µm
_11979_,13.54µm
pp_inst.core_inst.auth_intern_d,13.54µm
pp_inst.fifo_data\[10\]\[19\],13.54µm
pp_inst.fifo_data\[18\]\[24\],13.54µm
pp_inst.fifo_data\[20\]\[15\],13.54µm
pp_inst.fifo_data\[24\]\[22\],13.54µm
pp_inst.fifo_data\[27\]\[21\],13.54µm
pp_inst.fifo_data\[28\]\[22\],13.54µm
pp_inst.fifo_data\[3\]\[22\],13.54µm
pp_inst.fifo_data\[40\]\[15\],13.54µm
pp_inst.fifo_data\[41\]\[10\],13.54µm
pp_inst.fifo_data\[45\]\[7\],13.54µm
pp_inst.fifo_data\[4\]\[27\],13.54µm
pp_inst.fifo_data\[51\]\[7\],13.54µm
pp_inst.fifo_data\[52\]\[19\],13.54µm
pp_inst.fifo_data\[63\]\[20\],13.54µm
pp_inst.fifo_data\[7\]\[24\],13.54µm
pp_inst.fifo_data\[7\]\[30\],13.54µm
pp_inst.fifo_data\[7\]\[9\],13.54µm
spi_ctrl.pend_word\[3\],13.54µm
spi_ctrl.tx_shift_reg\[22\],13.54µm
_00169_,13.49µm
_00199_,13.49µm
_00379_,13.49µm
_00866_,13.49µm
_00959_,13.49µm
_01024_,13.49µm
_01126_,13.49µm
_01487_,13.49µm
_01677_,13.49µm
_01818_,13.49µm
_01822_,13.49µm
_02076_,13.49µm
_02134_,13.49µm
_02464_,13.49µm
_02543_,13.49µm
_02657_,13.49µm
_02692_,13.49µm
_02811_,13.49µm
_02847_,13.49µm
_02978_,13.49µm
_03082_,13.49µm
_03339_,13.49µm
_03343_,13.49µm
_03809_,13.49µm
_03883_,13.49µm
_03909_,13.49µm
_04039_,13.49µm
_04519_,13.49µm
_04671_,13.49µm
_04759_,13.49µm
_04880_,13.49µm
_05033_,13.49µm
_05122_,13.49µm
_05170_,13.49µm
_05416_,13.49µm
_05477_,13.49µm
_05557_,13.49µm
_05583_,13.49µm
_05596_,13.49µm
_05597_,13.49µm
_05766_,13.49µm
_05817_,13.49µm
_05947_,13.49µm
_05961_,13.49µm
_06163_,13.49µm
_06317_,13.49µm
_06339_,13.49µm
_06417_,13.49µm
_06924_,13.49µm
_07247_,13.49µm
_07479_,13.49µm
_07495_,13.49µm
_07529_,13.49µm
_07699_,13.49µm
_07814_,13.49µm
_07992_,13.49µm
_08045_,13.49µm
_08097_,13.49µm
_08185_,13.49µm
_08285_,13.49µm
_08466_,13.49µm
_08474_,13.49µm
_08850_,13.49µm
_08950_,13.49µm
_08974_,13.49µm
_09131_,13.49µm
_09212_,13.49µm
_09249_,13.49µm
_09348_,13.49µm
_09493_,13.49µm
_10161_,13.49µm
_10253_,13.49µm
_10521_,13.49µm
_10527_,13.49µm
_10881_,13.49µm
_11195_,13.49µm
_11538_,13.49µm
_11548_,13.49µm
_11584_,13.49µm
_11587_,13.49µm
_11593_,13.49µm
_11738_,13.49µm
_11788_,13.49µm
_11852_,13.49µm
_11965_,13.49µm
_11974_,13.49µm
_11995_,13.49µm
bdi\[25\],13.49µm
pp_inst.core_inst.reg_state_i.data_d\[119\],13.49µm
pp_inst.core_inst.reg_state_i.data_d\[154\],13.49µm
pp_inst.core_inst.reg_state_i.data_d\[87\],13.49µm
pp_inst.fifo_data\[12\]\[1\],13.49µm
pp_inst.fifo_data\[12\]\[28\],13.49µm
pp_inst.fifo_data\[13\]\[22\],13.49µm
pp_inst.fifo_data\[18\]\[16\],13.49µm
pp_inst.fifo_data\[19\]\[10\],13.49µm
pp_inst.fifo_data\[19\]\[26\],13.49µm
pp_inst.fifo_data\[25\]\[21\],13.49µm
pp_inst.fifo_data\[27\]\[15\],13.49µm
pp_inst.fifo_data\[27\]\[20\],13.49µm
pp_inst.fifo_data\[2\]\[19\],13.49µm
pp_inst.fifo_data\[31\]\[22\],13.49µm
pp_inst.fifo_data\[33\]\[18\],13.49µm
pp_inst.fifo_data\[33\]\[8\],13.49µm
pp_inst.fifo_data\[35\]\[11\],13.49µm
pp_inst.fifo_data\[37\]\[19\],13.49µm
pp_inst.fifo_data\[43\]\[19\],13.49µm
pp_inst.fifo_data\[44\]\[25\],13.49µm
pp_inst.fifo_data\[46\]\[10\],13.49µm
pp_inst.fifo_data\[49\]\[27\],13.49µm
pp_inst.fifo_data\[51\]\[12\],13.49µm
pp_inst.fifo_data\[51\]\[16\],13.49µm
pp_inst.fifo_data\[53\]\[17\],13.49µm
pp_inst.fifo_data\[54\]\[18\],13.49µm
pp_inst.fifo_data\[58\]\[8\],13.49µm
pp_inst.fifo_data\[5\]\[9\],13.49µm
pp_inst.fifo_data\[60\]\[8\],13.49µm
pp_inst.fifo_data\[63\]\[27\],13.49µm
pp_inst.fifo_data\[8\]\[11\],13.49µm
spi_phy.sclk_sync\[0\],13.49µm
_00251_,13.44µm
_00325_,13.44µm
_00350_,13.44µm
_00873_,13.44µm
_00912_,13.44µm
_01301_,13.44µm
_01537_,13.44µm
_01619_,13.44µm
_01671_,13.44µm
_01866_,13.44µm
_02457_,13.44µm
_02659_,13.44µm
_02905_,13.44µm
_02966_,13.44µm
_03070_,13.44µm
_03398_,13.44µm
_03441_,13.44µm
_03596_,13.44µm
_03648_,13.44µm
_03751_,13.44µm
_03803_,13.44µm
_03890_,13.44µm
_03894_,13.44µm
_03926_,13.44µm
_03927_,13.44µm
_03942_,13.44µm
_04247_,13.44µm
_04291_,13.44µm
_04462_,13.44µm
_04815_,13.44µm
_04930_,13.44µm
_05040_,13.44µm
_05058_,13.44µm
_05553_,13.44µm
_05672_,13.44µm
_05898_,13.44µm
_06440_,13.44µm
_06510_,13.44µm
_06582_,13.44µm
_06826_,13.44µm
_06906_,13.44µm
_07676_,13.44µm
_07769_,13.44µm
_07776_,13.44µm
_07781_,13.44µm
_07864_,13.44µm
_08048_,13.44µm
_08999_,13.44µm
_09434_,13.44µm
_09582_,13.44µm
_09705_,13.44µm
_09984_,13.44µm
_10014_,13.44µm
_10120_,13.44µm
_10356_,13.44µm
_10409_,13.44µm
_10779_,13.44µm
_11394_,13.44µm
_11449_,13.44µm
_11452_,13.44µm
_11567_,13.44µm
_11630_,13.44µm
_11780_,13.44µm
_12313_,13.44µm
pp_inst.core_inst.reg_state_i.data_d\[212\],13.44µm
pp_inst.fifo_data\[15\]\[10\],13.44µm
pp_inst.fifo_data\[15\]\[20\],13.44µm
pp_inst.fifo_data\[23\]\[25\],13.44µm
pp_inst.fifo_data\[31\]\[19\],13.44µm
pp_inst.fifo_data\[43\]\[8\],13.44µm
pp_inst.fifo_data\[45\]\[27\],13.44µm
_12294_,13.21µm
_06727_,13.16µm
pp_inst.fifo_data\[15\]\[1\],13.16µm
_04878_,13.08µm
_04692_,13.03µm
pp_inst.fifo_data\[13\]\[23\],13.03µm
pp_inst.fifo_data\[14\]\[18\],13.03µm
pp_inst.fifo_data\[1\]\[18\],13.03µm
pp_inst.fifo_data\[25\]\[22\],13.03µm
pp_inst.fifo_data\[48\]\[1\],13.03µm
pp_inst.fifo_data\[53\]\[12\],13.03µm
pp_inst.fifo_data\[5\]\[18\],13.03µm
_00904_,12.98µm
_01400_,12.98µm
_02192_,12.98µm
_02816_,12.98µm
_02968_,12.98µm
_03558_,12.98µm
_04373_,12.98µm
_04522_,12.98µm
_04808_,12.98µm
_06477_,12.98µm
_06639_,12.98µm
_06799_,12.98µm
_08080_,12.98µm
_08862_,12.98µm
_10476_,12.98µm
_10748_,12.98µm
_12015_,12.98µm
pp_inst.fifo_data\[13\]\[29\],12.98µm
pp_inst.fifo_data\[19\]\[1\],12.98µm
pp_inst.fifo_data\[20\]\[17\],12.98µm
pp_inst.fifo_data\[24\]\[15\],12.98µm
pp_inst.fifo_data\[31\]\[24\],12.98µm
pp_inst.fifo_data\[37\]\[24\],12.98µm
pp_inst.fifo_data\[5\]\[0\],12.98µm
pp_inst.fifo_data\[60\]\[11\],12.98µm
pp_inst.fifo_data\[62\]\[0\],12.98µm
pp_inst.fifo_data\[7\]\[8\],12.98µm
spi_ctrl.tx_shift_reg\[24\],12.98µm
spi_ctrl.tx_stage\[16\],12.98µm
spi_phy.rx_reg\[6\],12.98µm
spi_phy.tx_reg\[0\],12.98µm
_00079_,12.93µm
_00127_,12.93µm
_00161_,12.93µm
_00263_,12.93µm
_00334_,12.93µm
_00472_,12.93µm
_00514_,12.93µm
_00543_,12.93µm
_00588_,12.93µm
_00626_,12.93µm
_00891_,12.93µm
_01280_,12.93µm
_01489_,12.93µm
_01630_,12.93µm
_01744_,12.93µm
_01753_,12.93µm
_01761_,12.93µm
_01795_,12.93µm
_01813_,12.93µm
_02193_,12.93µm
_02285_,12.93µm
_02358_,12.93µm
_02401_,12.93µm
_02448_,12.93µm
_02630_,12.93µm
_02841_,12.93µm
_02851_,12.93µm
_03178_,12.93µm
_03219_,12.93µm
_03232_,12.93µm
_03313_,12.93µm
_03363_,12.93µm
_03397_,12.93µm
_03416_,12.93µm
_03639_,12.93µm
_03762_,12.93µm
_03810_,12.93µm
_03968_,12.93µm
_03989_,12.93µm
_03990_,12.93µm
_04030_,12.93µm
_04147_,12.93µm
_05015_,12.93µm
_05295_,12.93µm
_05405_,12.93µm
_05558_,12.93µm
_05600_,12.93µm
_05604_,12.93µm
_05636_,12.93µm
_05681_,12.93µm
_05809_,12.93µm
_05843_,12.93µm
_06181_,12.93µm
_06189_,12.93µm
_06251_,12.93µm
_06291_,12.93µm
_06314_,12.93µm
_06387_,12.93µm
_06403_,12.93µm
_06531_,12.93µm
_06769_,12.93µm
_06860_,12.93µm
_06885_,12.93µm
_07081_,12.93µm
_07092_,12.93µm
_07226_,12.93µm
_07520_,12.93µm
_07551_,12.93µm
_07623_,12.93µm
_07627_,12.93µm
_08088_,12.93µm
_08404_,12.93µm
_08515_,12.93µm
_08619_,12.93µm
_08667_,12.93µm
_08731_,12.93µm
_09758_,12.93µm
_09899_,12.93µm
_09993_,12.93µm
_10132_,12.93µm
_10204_,12.93µm
_10526_,12.93µm
_10744_,12.93µm
_10857_,12.93µm
_10876_,12.93µm
_10947_,12.93µm
_11072_,12.93µm
_11285_,12.93µm
_11290_,12.93µm
_11529_,12.93µm
_11540_,12.93µm
_11736_,12.93µm
_12107_,12.93µm
_12109_,12.93µm
_12323_,12.93µm
pp_inst.core_inst.reg_state_i.data_d\[239\],12.93µm
pp_inst.fifo_data\[10\]\[20\],12.93µm
pp_inst.fifo_data\[10\]\[29\],12.93µm
pp_inst.fifo_data\[14\]\[24\],12.93µm
pp_inst.fifo_data\[20\]\[19\],12.93µm
pp_inst.fifo_data\[21\]\[28\],12.93µm
pp_inst.fifo_data\[22\]\[9\],12.93µm
pp_inst.fifo_data\[25\]\[8\],12.93µm
pp_inst.fifo_data\[26\]\[25\],12.93µm
pp_inst.fifo_data\[27\]\[16\],12.93µm
pp_inst.fifo_data\[30\]\[11\],12.93µm
pp_inst.fifo_data\[33\]\[24\],12.93µm
pp_inst.fifo_data\[34\]\[7\],12.93µm
pp_inst.fifo_data\[37\]\[31\],12.93µm
pp_inst.fifo_data\[38\]\[26\],12.93µm
pp_inst.fifo_data\[38\]\[29\],12.93µm
pp_inst.fifo_data\[39\]\[20\],12.93µm
pp_inst.fifo_data\[3\]\[15\],12.93µm
pp_inst.fifo_data\[41\]\[16\],12.93µm
pp_inst.fifo_data\[42\]\[25\],12.93µm
pp_inst.fifo_data\[45\]\[28\],12.93µm
pp_inst.fifo_data\[48\]\[27\],12.93µm
pp_inst.fifo_data\[50\]\[14\],12.93µm
pp_inst.fifo_data\[51\]\[30\],12.93µm
pp_inst.fifo_data\[53\]\[22\],12.93µm
pp_inst.fifo_data\[53\]\[3\],12.93µm
pp_inst.fifo_data\[59\]\[0\],12.93µm
pp_inst.fifo_data\[59\]\[24\],12.93µm
pp_inst.fifo_data\[61\]\[5\],12.93µm
pp_inst.fifo_data\[6\]\[1\],12.93µm
pp_inst.fifo_data\[7\]\[18\],12.93µm
spi_ctrl.tx_stage\[25\],12.93µm
_00026_,12.88µm
_00104_,12.88µm
_00460_,12.88µm
_00834_,12.88µm
_01060_,12.88µm
_01137_,12.88µm
_01341_,12.88µm
_01478_,12.88µm
_01515_,12.88µm
_01627_,12.88µm
_01858_,12.88µm
_02415_,12.88µm
_02421_,12.88µm
_02486_,12.88µm
_02910_,12.88µm
_03238_,12.88µm
_03326_,12.88µm
_03433_,12.88µm
_03504_,12.88µm
_03544_,12.88µm
_03665_,12.88µm
_03714_,12.88µm
_03735_,12.88µm
_03801_,12.88µm
_03889_,12.88µm
_03902_,12.88µm
_03911_,12.88µm
_03930_,12.88µm
_04080_,12.88µm
_04251_,12.88µm
_04452_,12.88µm
_04518_,12.88µm
_04558_,12.88µm
_04629_,12.88µm
_04657_,12.88µm
_04753_,12.88µm
_04769_,12.88µm
_04818_,12.88µm
_04860_,12.88µm
_05008_,12.88µm
_05243_,12.88µm
_05326_,12.88µm
_05662_,12.88µm
_05757_,12.88µm
_05781_,12.88µm
_06221_,12.88µm
_06224_,12.88µm
_06229_,12.88µm
_06285_,12.88µm
_06647_,12.88µm
_06665_,12.88µm
_06899_,12.88µm
_06987_,12.88µm
_07193_,12.88µm
_07934_,12.88µm
_08155_,12.88µm
_08509_,12.88µm
_08545_,12.88µm
_08615_,12.88µm
_08678_,12.88µm
_08741_,12.88µm
_08780_,12.88µm
_08806_,12.88µm
_09175_,12.88µm
_09290_,12.88µm
_09371_,12.88µm
_09509_,12.88µm
_10095_,12.88µm
_10415_,12.88µm
_10610_,12.88µm
_10889_,12.88µm
_10975_,12.88µm
_11038_,12.88µm
_11066_,12.88µm
_11745_,12.88µm
_11976_,12.88µm
_12117_,12.88µm
pp_inst.fifo_data\[10\]\[8\],12.88µm
pp_inst.fifo_data\[21\]\[17\],12.88µm
pp_inst.fifo_data\[30\]\[12\],12.88µm
pp_inst.fifo_data\[30\]\[21\],12.88µm
pp_inst.fifo_data\[33\]\[27\],12.88µm
pp_inst.fifo_data\[34\]\[0\],12.88µm
pp_inst.fifo_data\[34\]\[3\],12.88µm
pp_inst.fifo_data\[35\]\[18\],12.88µm
pp_inst.fifo_data\[39\]\[21\],12.88µm
pp_inst.fifo_data\[3\]\[29\],12.88µm
pp_inst.fifo_data\[43\]\[22\],12.88µm
pp_inst.fifo_data\[57\]\[27\],12.88µm
spi_ctrl.tx_shift_reg\[1\],12.88µm
_09245_,12.47µm
_10315_,12.47µm
pp_inst.fifo_data\[45\]\[24\],12.47µm
pp_inst.fifo_data\[62\]\[17\],12.47µm
_03405_,12.42µm
_03456_,12.42µm
_03642_,12.42µm
_05205_,12.42µm
_06739_,12.42µm
_09279_,12.42µm
_09871_,12.42µm
_10291_,12.42µm
_11198_,12.42µm
_11375_,12.42µm
_11608_,12.42µm
pp_inst.core_inst.reg_state_i.data_d\[81\],12.42µm
pp_inst.fifo_data\[18\]\[20\],12.42µm
pp_inst.fifo_data\[1\]\[10\],12.42µm
pp_inst.fifo_data\[23\]\[1\],12.42µm
pp_inst.fifo_data\[23\]\[23\],12.42µm
pp_inst.fifo_data\[24\]\[26\],12.42µm
pp_inst.fifo_data\[2\]\[16\],12.42µm
pp_inst.fifo_data\[30\]\[28\],12.42µm
pp_inst.fifo_data\[34\]\[10\],12.42µm
pp_inst.fifo_data\[35\]\[1\],12.42µm
pp_inst.fifo_data\[39\]\[27\],12.42µm
pp_inst.fifo_data\[40\]\[18\],12.42µm
pp_inst.fifo_data\[40\]\[8\],12.42µm
pp_inst.fifo_data\[42\]\[18\],12.42µm
pp_inst.fifo_data\[49\]\[28\],12.42µm
pp_inst.fifo_data\[50\]\[30\],12.42µm
pp_inst.fifo_data\[51\]\[19\],12.42µm
pp_inst.fifo_data\[54\]\[29\],12.42µm
pp_inst.fifo_data\[60\]\[20\],12.42µm
pp_inst.fifo_data\[61\]\[30\],12.42µm
pp_inst.fifo_data\[9\]\[26\],12.42µm
spi_phy.tx_reg\[2\],12.42µm
_00095_,12.37µm
_00112_,12.37µm
_00177_,12.37µm
_00323_,12.37µm
_00388_,12.37µm
_00447_,12.37µm
_00493_,12.37µm
_00495_,12.37µm
_00540_,12.37µm
_00698_,12.37µm
_00870_,12.37µm
_00947_,12.37µm
_00956_,12.37µm
_01007_,12.37µm
_01069_,12.37µm
_01071_,12.37µm
_01107_,12.37µm
_01163_,12.37µm
_01602_,12.37µm
_01779_,12.37µm
_01827_,12.37µm
_01962_,12.37µm
_02000_,12.37µm
_02090_,12.37µm
_02206_,12.37µm
_02309_,12.37µm
_02434_,12.37µm
_02481_,12.37µm
_02673_,12.37µm
_02866_,12.37µm
_02885_,12.37µm
_02971_,12.37µm
_03245_,12.37µm
_03636_,12.37µm
_03798_,12.37µm
_03833_,12.37µm
_03848_,12.37µm
_03880_,12.37µm
_03881_,12.37µm
_03943_,12.37µm
_03987_,12.37µm
_04146_,12.37µm
_04154_,12.37µm
_04158_,12.37µm
_04161_,12.37µm
_04213_,12.37µm
_04638_,12.37µm
_04758_,12.37µm
_04781_,12.37µm
_04837_,12.37µm
_05147_,12.37µm
_05539_,12.37µm
_05590_,12.37µm
_05729_,12.37µm
_05868_,12.37µm
_05938_,12.37µm
_06067_,12.37µm
_06154_,12.37µm
_06278_,12.37µm
_06737_,12.37µm
_06964_,12.37µm
_07083_,12.37µm
_07088_,12.37µm
_07211_,12.37µm
_07262_,12.37µm
_07277_,12.37µm
_07454_,12.37µm
_07579_,12.37µm
_07697_,12.37µm
_07767_,12.37µm
_07812_,12.37µm
_07928_,12.37µm
_08015_,12.37µm
_08229_,12.37µm
_08231_,12.37µm
_08283_,12.37µm
_08330_,12.37µm
_08383_,12.37µm
_08457_,12.37µm
_08468_,12.37µm
_08486_,12.37µm
_08493_,12.37µm
_08826_,12.37µm
_08935_,12.37µm
_09016_,12.37µm
_09293_,12.37µm
_09404_,12.37µm
_09425_,12.37µm
_09485_,12.37µm
_10130_,12.37µm
_10402_,12.37µm
_10416_,12.37µm
_10485_,12.37µm
_10573_,12.37µm
_10753_,12.37µm
_10754_,12.37µm
_10822_,12.37µm
_11122_,12.37µm
_11213_,12.37µm
_11460_,12.37µm
_11541_,12.37µm
_11749_,12.37µm
_11832_,12.37µm
_11874_,12.37µm
pp_inst.core_inst.reg_state_i.data_d\[130\],12.37µm
pp_inst.core_inst.reg_state_i.data_d\[182\],12.37µm
pp_inst.core_inst.reg_state_i.data_d\[203\],12.37µm
pp_inst.fifo_data\[17\]\[22\],12.37µm
pp_inst.fifo_data\[20\]\[11\],12.37µm
pp_inst.fifo_data\[20\]\[28\],12.37µm
pp_inst.fifo_data\[26\]\[27\],12.37µm
pp_inst.fifo_data\[28\]\[1\],12.37µm
pp_inst.fifo_data\[29\]\[0\],12.37µm
pp_inst.fifo_data\[30\]\[15\],12.37µm
pp_inst.fifo_data\[31\]\[29\],12.37µm
pp_inst.fifo_data\[35\]\[25\],12.37µm
pp_inst.fifo_data\[35\]\[30\],12.37µm
pp_inst.fifo_data\[39\]\[15\],12.37µm
pp_inst.fifo_data\[43\]\[29\],12.37µm
pp_inst.fifo_data\[44\]\[11\],12.37µm
pp_inst.fifo_data\[44\]\[6\],12.37µm
pp_inst.fifo_data\[46\]\[9\],12.37µm
pp_inst.fifo_data\[48\]\[0\],12.37µm
pp_inst.fifo_data\[48\]\[25\],12.37µm
pp_inst.fifo_data\[49\]\[20\],12.37µm
pp_inst.fifo_data\[53\]\[26\],12.37µm
pp_inst.fifo_data\[54\]\[27\],12.37µm
pp_inst.fifo_data\[57\]\[3\],12.37µm
pp_inst.fifo_data\[5\]\[11\],12.37µm
pp_inst.fifo_data\[61\]\[8\],12.37µm
_00024_,12.32µm
_00799_,12.32µm
_00880_,12.32µm
_01085_,12.32µm
_01175_,12.32µm
_01186_,12.32µm
_01227_,12.32µm
_01352_,12.32µm
_01366_,12.32µm
_01570_,12.32µm
_01600_,12.32µm
_01728_,12.32µm
_01755_,12.32µm
_01784_,12.32µm
_01903_,12.32µm
_02005_,12.32µm
_02166_,12.32µm
_02403_,12.32µm
_02721_,12.32µm
_03120_,12.32µm
_03312_,12.32µm
_03323_,12.32µm
_03365_,12.32µm
_03383_,12.32µm
_03565_,12.32µm
_03672_,12.32µm
_03863_,12.32µm
_03901_,12.32µm
_03944_,12.32µm
_04280_,12.32µm
_04432_,12.32µm
_04619_,12.32µm
_04736_,12.32µm
_04908_,12.32µm
_04957_,12.32µm
_05074_,12.32µm
_05116_,12.32µm
_05247_,12.32µm
_05312_,12.32µm
_06102_,12.32µm
_06160_,12.32µm
_06226_,12.32µm
_06337_,12.32µm
_06353_,12.32µm
_06456_,12.32µm
_06470_,12.32µm
_06664_,12.32µm
_06778_,12.32µm
_07020_,12.32µm
_07246_,12.32µm
_07416_,12.32µm
_07484_,12.32µm
_07530_,12.32µm
_08118_,12.32µm
_08416_,12.32µm
_08590_,12.32µm
_08621_,12.32µm
_08783_,12.32µm
_08817_,12.32µm
_08835_,12.32µm
_08896_,12.32µm
_09034_,12.32µm
_09577_,12.32µm
_10026_,12.32µm
_10326_,12.32µm
_10385_,12.32µm
_10468_,12.32µm
_10536_,12.32µm
_10541_,12.32µm
_10543_,12.32µm
_10578_,12.32µm
_10633_,12.32µm
_10742_,12.32µm
_10871_,12.32µm
_11018_,12.32µm
_11075_,12.32µm
_11237_,12.32µm
_11298_,12.32µm
_11300_,12.32µm
_11564_,12.32µm
_11615_,12.32µm
_11653_,12.32µm
_11732_,12.32µm
_11755_,12.32µm
_11902_,12.32µm
_11971_,12.32µm
_12024_,12.32µm
_12047_,12.32µm
_12101_,12.32µm
_12303_,12.32µm
_12342_,12.32µm
pp_inst.core_inst.reg_state_i.data_d\[145\],12.32µm
pp_inst.core_inst.reg_state_i.data_d\[147\],12.32µm
pp_inst.core_inst.reg_state_i.data_d\[196\],12.32µm
pp_inst.core_inst.reg_state_i.data_d\[234\],12.32µm
pp_inst.fifo_data\[13\]\[19\],12.32µm
pp_inst.fifo_data\[29\]\[30\],12.32µm
pp_inst.fifo_data\[33\]\[12\],12.32µm
pp_inst.fifo_data\[46\]\[24\],12.32µm
pp_inst.fifo_data\[53\]\[11\],12.32µm
pp_inst.fifo_data\[53\]\[27\],12.32µm
pp_inst.fifo_data\[57\]\[9\],12.32µm
pp_inst.fifo_data\[7\]\[15\],12.32µm
pp_inst.fifo_data\[6\]\[21\],12.04µm
pp_inst.fifo_data\[8\]\[23\],12.04µm
_04439_,11.91µm
pp_inst.fifo_data\[46\]\[22\],11.91µm
pp_inst.fifo_data\[56\]\[5\],11.91µm
pp_inst.fifo_data\[58\]\[29\],11.91µm
_01298_,11.86µm
_03720_,11.86µm
_05431_,11.86µm
_05760_,11.86µm
_06360_,11.86µm
_06409_,11.86µm
_06635_,11.86µm
_06719_,11.86µm
_10048_,11.86µm
_10230_,11.86µm
_10919_,11.86µm
_11947_,11.86µm
_12155_,11.86µm
pp_inst.fifo_data\[11\]\[22\],11.86µm
pp_inst.fifo_data\[13\]\[8\],11.86µm
pp_inst.fifo_data\[14\]\[11\],11.86µm
pp_inst.fifo_data\[17\]\[17\],11.86µm
pp_inst.fifo_data\[18\]\[19\],11.86µm
pp_inst.fifo_data\[19\]\[18\],11.86µm
pp_inst.fifo_data\[22\]\[28\],11.86µm
pp_inst.fifo_data\[30\]\[29\],11.86µm
pp_inst.fifo_data\[32\]\[23\],11.86µm
pp_inst.fifo_data\[32\]\[30\],11.86µm
pp_inst.fifo_data\[43\]\[16\],11.86µm
pp_inst.fifo_data\[54\]\[22\],11.86µm
pp_inst.fifo_data\[63\]\[14\],11.86µm
pp_inst.fifo_data\[8\]\[14\],11.86µm
spi_ctrl.tx_shift_reg\[18\],11.86µm
_00064_,11.81µm
_00523_,11.81µm
_00674_,11.81µm
_00845_,11.81µm
_01034_,11.81µm
_01133_,11.81µm
_01179_,11.81µm
_01198_,11.81µm
_01254_,11.81µm
_01447_,11.81µm
_01857_,11.81µm
_02021_,11.81µm
_02073_,11.81µm
_02075_,11.81µm
_02435_,11.81µm
_02809_,11.81µm
_02835_,11.81µm
_02865_,11.81µm
_03104_,11.81µm
_03318_,11.81µm
_03368_,11.81µm
_03539_,11.81µm
_03629_,11.81µm
_03717_,11.81µm
_03750_,11.81µm
_03753_,11.81µm
_03845_,11.81µm
_04005_,11.81µm
_04172_,11.81µm
_04208_,11.81µm
_04302_,11.81µm
_04316_,11.81µm
_04394_,11.81µm
_04658_,11.81µm
_04676_,11.81µm
_04694_,11.81µm
_04774_,11.81µm
_04792_,11.81µm
_04793_,11.81µm
_04803_,11.81µm
_04841_,11.81µm
_05201_,11.81µm
_05218_,11.81µm
_05391_,11.81µm
_05417_,11.81µm
_05562_,11.81µm
_05777_,11.81µm
_05835_,11.81µm
_05986_,11.81µm
_06451_,11.81µm
_06811_,11.81µm
_07002_,11.81µm
_07093_,11.81µm
_07153_,11.81µm
_07230_,11.81µm
_07248_,11.81µm
_07561_,11.81µm
_07631_,11.81µm
_07649_,11.81µm
_07703_,11.81µm
_07813_,11.81µm
_07889_,11.81µm
_07995_,11.81µm
_08057_,11.81µm
_08081_,11.81µm
_08165_,11.81µm
_08291_,11.81µm
_08354_,11.81µm
_08450_,11.81µm
_08458_,11.81µm
_08494_,11.81µm
_08584_,11.81µm
_08640_,11.81µm
_08679_,11.81µm
_08710_,11.81µm
_08911_,11.81µm
_09023_,11.81µm
_09088_,11.81µm
_09111_,11.81µm
_09138_,11.81µm
_09339_,11.81µm
_09813_,11.81µm
_10108_,11.81µm
_10209_,11.81µm
_10392_,11.81µm
_10821_,11.81µm
_10837_,11.81µm
_10864_,11.81µm
_11132_,11.81µm
_11544_,11.81µm
_11756_,11.81µm
_12058_,11.81µm
_12325_,11.81µm
pp_inst.core_inst.asconp_i.x0\[12\],11.81µm
pp_inst.core_inst.reg_state_i.data_d\[153\],11.81µm
pp_inst.core_inst.reg_state_i.data_d\[219\],11.81µm
pp_inst.core_inst.reg_state_i.data_d\[243\],11.81µm
pp_inst.core_inst.reg_state_i.data_d\[97\],11.81µm
pp_inst.fifo_data\[11\]\[15\],11.81µm
pp_inst.fifo_data\[12\]\[19\],11.81µm
pp_inst.fifo_data\[13\]\[21\],11.81µm
pp_inst.fifo_data\[16\]\[25\],11.81µm
pp_inst.fifo_data\[17\]\[3\],11.81µm
pp_inst.fifo_data\[18\]\[17\],11.81µm
pp_inst.fifo_data\[1\]\[6\],11.81µm
pp_inst.fifo_data\[20\]\[9\],11.81µm
pp_inst.fifo_data\[21\]\[19\],11.81µm
pp_inst.fifo_data\[23\]\[8\],11.81µm
pp_inst.fifo_data\[24\]\[18\],11.81µm
pp_inst.fifo_data\[25\]\[17\],11.81µm
pp_inst.fifo_data\[25\]\[29\],11.81µm
pp_inst.fifo_data\[26\]\[29\],11.81µm
pp_inst.fifo_data\[34\]\[15\],11.81µm
pp_inst.fifo_data\[36\]\[11\],11.81µm
pp_inst.fifo_data\[36\]\[28\],11.81µm
pp_inst.fifo_data\[36\]\[3\],11.81µm
pp_inst.fifo_data\[39\]\[8\],11.81µm
pp_inst.fifo_data\[3\]\[13\],11.81µm
pp_inst.fifo_data\[41\]\[8\],11.81µm
pp_inst.fifo_data\[42\]\[16\],11.81µm
pp_inst.fifo_data\[43\]\[24\],11.81µm
pp_inst.fifo_data\[44\]\[16\],11.81µm
pp_inst.fifo_data\[45\]\[19\],11.81µm
pp_inst.fifo_data\[49\]\[1\],11.81µm
pp_inst.fifo_data\[4\]\[23\],11.81µm
pp_inst.fifo_data\[51\]\[22\],11.81µm
pp_inst.fifo_data\[54\]\[17\],11.81µm
pp_inst.fifo_data\[56\]\[9\],11.81µm
pp_inst.fifo_data\[5\]\[28\],11.81µm
pp_inst.fifo_data\[5\]\[7\],11.81µm
pp_inst.fifo_data\[62\]\[12\],11.81µm
pp_inst.fifo_data\[62\]\[1\],11.81µm
pp_inst.fifo_data\[6\]\[24\],11.81µm
spi_ctrl.tx_shift_reg\[14\],11.81µm
_10064_,11.8µm
_00053_,11.76µm
_00920_,11.76µm
_01033_,11.76µm
_01081_,11.76µm
_01189_,11.76µm
_01243_,11.76µm
_01562_,11.76µm
_01574_,11.76µm
_01717_,11.76µm
_01748_,11.76µm
_01786_,11.76µm
_02163_,11.76µm
_02443_,11.76µm
_02494_,11.76µm
_02498_,11.76µm
_02519_,11.76µm
_02536_,11.76µm
_02596_,11.76µm
_02762_,11.76µm
_02778_,11.76µm
_02801_,11.76µm
_02902_,11.76µm
_03058_,11.76µm
_03152_,11.76µm
_03588_,11.76µm
_03756_,11.76µm
_03843_,11.76µm
_03959_,11.76µm
_03971_,11.76µm
_04016_,11.76µm
_04113_,11.76µm
_04487_,11.76µm
_04606_,11.76µm
_04611_,11.76µm
_04835_,11.76µm
_05001_,11.76µm
_05108_,11.76µm
_05145_,11.76µm
_05651_,11.76µm
_05705_,11.76µm
_05706_,11.76µm
_06242_,11.76µm
_06539_,11.76µm
_06568_,11.76µm
_06579_,11.76µm
_06984_,11.76µm
_06988_,11.76µm
_07009_,11.76µm
_07140_,11.76µm
_07523_,11.76µm
_07586_,11.76µm
_07596_,11.76µm
_07842_,11.76µm
_08058_,11.76µm
_08207_,11.76µm
_08328_,11.76µm
_08377_,11.76µm
_08388_,11.76µm
_08570_,11.76µm
_08609_,11.76µm
_08824_,11.76µm
_09027_,11.76µm
_09288_,11.76µm
_09843_,11.76µm
_09941_,11.76µm
_10422_,11.76µm
_10566_,11.76µm
_10786_,11.76µm
_10982_,11.76µm
_11039_,11.76µm
_11344_,11.76µm
_11348_,11.76µm
_11680_,11.76µm
_11779_,11.76µm
_11807_,11.76µm
_11856_,11.76µm
_11935_,11.76µm
_11939_,11.76µm
_12021_,11.76µm
_12282_,11.76µm
_12283_,11.76µm
pp_inst.core_inst.reg_state_i.data_d\[126\],11.76µm
pp_inst.core_inst.reg_state_i.data_d\[127\],11.76µm
pp_inst.core_inst.reg_state_i.data_d\[83\],11.76µm
pp_inst.fifo_data\[0\]\[23\],11.76µm
pp_inst.fifo_data\[14\]\[21\],11.76µm
pp_inst.fifo_data\[15\]\[16\],11.76µm
pp_inst.fifo_data\[17\]\[24\],11.76µm
pp_inst.fifo_data\[29\]\[19\],11.76µm
pp_inst.fifo_data\[42\]\[20\],11.76µm
pp_inst.fifo_data\[46\]\[19\],11.76µm
pp_inst.fifo_data\[62\]\[22\],11.76µm
pp_inst.fifo_data\[9\]\[1\],11.53µm
pp_inst.fifo_data\[7\]\[29\],11.48µm
_12025_,11.45µm
pp_inst.fifo_data\[0\]\[28\],11.4µm
_10617_,11.35µm
pp_inst.fifo_data\[21\]\[29\],11.35µm
pp_inst.fifo_data\[46\]\[12\],11.35µm
pp_inst.fifo_data\[5\]\[30\],11.35µm
_00490_,11.3µm
_00875_,11.3µm
_00991_,11.3µm
_03409_,11.3µm
_03577_,11.3µm
_03805_,11.3µm
_03998_,11.3µm
_04223_,11.3µm
_04540_,11.3µm
_05075_,11.3µm
_05551_,11.3µm
_08932_,11.3µm
_10259_,11.3µm
_10490_,11.3µm
_10496_,11.3µm
_11709_,11.3µm
_11895_,11.3µm
_12293_,11.3µm
_12329_,11.3µm
pp_inst.fifo_data\[12\]\[24\],11.3µm
pp_inst.fifo_data\[13\]\[17\],11.3µm
pp_inst.fifo_data\[14\]\[23\],11.3µm
pp_inst.fifo_data\[20\]\[7\],11.3µm
pp_inst.fifo_data\[22\]\[14\],11.3µm
pp_inst.fifo_data\[24\]\[12\],11.3µm
pp_inst.fifo_data\[28\]\[7\],11.3µm
pp_inst.fifo_data\[2\]\[18\],11.3µm
pp_inst.fifo_data\[2\]\[23\],11.3µm
pp_inst.fifo_data\[37\]\[1\],11.3µm
pp_inst.fifo_data\[37\]\[30\],11.3µm
pp_inst.fifo_data\[3\]\[0\],11.3µm
pp_inst.fifo_data\[42\]\[11\],11.3µm
pp_inst.fifo_data\[47\]\[14\],11.3µm
pp_inst.fifo_data\[51\]\[23\],11.3µm
pp_inst.fifo_data\[52\]\[30\],11.3µm
pp_inst.fifo_data\[56\]\[22\],11.3µm
pp_inst.fifo_data\[59\]\[26\],11.3µm
pp_inst.fifo_data\[7\]\[3\],11.3µm
pp_inst.fifo_data\[8\]\[0\],11.3µm
_00009_,11.25µm
_00287_,11.25µm
_00499_,11.25µm
_00573_,11.25µm
_00998_,11.25µm
_01149_,11.25µm
_01289_,11.25µm
_01311_,11.25µm
_01435_,11.25µm
_01526_,11.25µm
_01642_,11.25µm
_01984_,11.25µm
_02055_,11.25µm
_02136_,11.25µm
_02240_,11.25µm
_02438_,11.25µm
_02529_,11.25µm
_02661_,11.25µm
_02683_,11.25µm
_02712_,11.25µm
_02720_,11.25µm
_02858_,11.25µm
_03005_,11.25µm
_03125_,11.25µm
_03132_,11.25µm
_03342_,11.25µm
_03344_,11.25µm
_03371_,11.25µm
_03392_,11.25µm
_03407_,11.25µm
_03671_,11.25µm
_03677_,11.25µm
_03887_,11.25µm
_04002_,11.25µm
_04131_,11.25µm
_04133_,11.25µm
_04179_,11.25µm
_04459_,11.25µm
_04479_,11.25µm
_04570_,11.25µm
_04690_,11.25µm
_04713_,11.25µm
_04765_,11.25µm
_05131_,11.25µm
_05371_,11.25µm
_05446_,11.25µm
_05532_,11.25µm
_05630_,11.25µm
_05680_,11.25µm
_05714_,11.25µm
_05762_,11.25µm
_05944_,11.25µm
_06013_,11.25µm
_06213_,11.25µm
_06241_,11.25µm
_06574_,11.25µm
_06589_,11.25µm
_06603_,11.25µm
_06730_,11.25µm
_06752_,11.25µm
_06795_,11.25µm
_06858_,11.25µm
_06871_,11.25µm
_06993_,11.25µm
_07115_,11.25µm
_07329_,11.25µm
_07358_,11.25µm
_07366_,11.25µm
_07911_,11.25µm
_07977_,11.25µm
_08169_,11.25µm
_08297_,11.25µm
_08355_,11.25µm
_08680_,11.25µm
_08749_,11.25µm
_08750_,11.25µm
_08756_,11.25µm
_09050_,11.25µm
_09052_,11.25µm
_09450_,11.25µm
_09762_,11.25µm
_09905_,11.25µm
_10021_,11.25µm
_10159_,11.25µm
_10160_,11.25µm
_10188_,11.25µm
_10216_,11.25µm
_10396_,11.25µm
_10472_,11.25µm
_10666_,11.25µm
_10680_,11.25µm
_10765_,11.25µm
_10807_,11.25µm
_11225_,11.25µm
_11261_,11.25µm
_11296_,11.25µm
_11396_,11.25µm
_11610_,11.25µm
_11750_,11.25µm
_11958_,11.25µm
_12065_,11.25µm
_12066_,11.25µm
pp_inst.core_inst.reg_state_i.data_d\[131\],11.25µm
pp_inst.core_inst.reg_state_i.data_d\[214\],11.25µm
pp_inst.fifo_data\[12\]\[7\],11.25µm
pp_inst.fifo_data\[13\]\[24\],11.25µm
pp_inst.fifo_data\[37\]\[18\],11.25µm
pp_inst.fifo_data\[41\]\[18\],11.25µm
pp_inst.fifo_data\[43\]\[1\],11.25µm
pp_inst.fifo_data\[49\]\[22\],11.25µm
pp_inst.fifo_data\[52\]\[15\],11.25µm
pp_inst.fifo_data\[55\]\[11\],11.25µm
pp_inst.fifo_data\[61\]\[20\],11.25µm
pp_inst.fifo_data\[62\]\[15\],11.25µm
pp_inst.fifo_data\[8\]\[8\],11.25µm
spi_ctrl.tx_shift_reg\[23\],11.25µm
_00537_,11.2µm
_00687_,11.2µm
_00937_,11.2µm
_00958_,11.2µm
_00960_,11.2µm
_01073_,11.2µm
_01174_,11.2µm
_01238_,11.2µm
_01241_,11.2µm
_01655_,11.2µm
_01765_,11.2µm
_01844_,11.2µm
_01880_,11.2µm
_01938_,11.2µm
_01949_,11.2µm
_01985_,11.2µm
_02155_,11.2µm
_02186_,11.2µm
_02456_,11.2µm
_02656_,11.2µm
_02808_,11.2µm
_02834_,11.2µm
_02900_,11.2µm
_03331_,11.2µm
_03459_,11.2µm
_03478_,11.2µm
_03576_,11.2µm
_03651_,11.2µm
_03769_,11.2µm
_03815_,11.2µm
_04050_,11.2µm
_04367_,11.2µm
_04591_,11.2µm
_04598_,11.2µm
_04699_,11.2µm
_04751_,11.2µm
_04903_,11.2µm
_05109_,11.2µm
_05200_,11.2µm
_05283_,11.2µm
_05347_,11.2µm
_05363_,11.2µm
_05484_,11.2µm
_05649_,11.2µm
_06002_,11.2µm
_06149_,11.2µm
_06174_,11.2µm
_06222_,11.2µm
_06300_,11.2µm
_06350_,11.2µm
_06515_,11.2µm
_06521_,11.2µm
_06588_,11.2µm
_06650_,11.2µm
_06757_,11.2µm
_06809_,11.2µm
_06837_,11.2µm
_06921_,11.2µm
_06933_,11.2µm
_07209_,11.2µm
_07361_,11.2µm
_07483_,11.2µm
_07553_,11.2µm
_07918_,11.2µm
_07963_,11.2µm
_08209_,11.2µm
_08329_,11.2µm
_08375_,11.2µm
_08446_,11.2µm
_08528_,11.2µm
_08634_,11.2µm
_08687_,11.2µm
_08714_,11.2µm
_08803_,11.2µm
_08808_,11.2µm
_09698_,11.2µm
_09700_,11.2µm
_09939_,11.2µm
_09978_,11.2µm
_09982_,11.2µm
_10020_,11.2µm
_10586_,11.2µm
_10794_,11.2µm
_10863_,11.2µm
_11277_,11.2µm
_11648_,11.2µm
_11710_,11.2µm
_12018_,11.2µm
_12064_,11.2µm
_12152_,11.2µm
pp_inst.core_inst.reg_state_i.data_d\[220\],11.2µm
pp_inst.fifo_data\[23\]\[6\],11.2µm
pp_inst.fifo_data\[38\]\[21\],11.2µm
pp_inst.fifo_data\[41\]\[29\],11.2µm
pp_inst.fifo_data\[44\]\[23\],11.2µm
pp_inst.fifo_data\[56\]\[8\],11.2µm
pp_inst.fifo_data\[58\]\[30\],11.2µm
pp_inst.fifo_data\[63\]\[21\],11.2µm
_09440_,10.97µm
_07425_,10.84µm
_04502_,10.79µm
_09230_,10.79µm
_11399_,10.79µm
_11778_,10.79µm
pp_inst.fifo_data\[24\]\[11\],10.79µm
pp_inst.fifo_data\[54\]\[26\],10.79µm
_00317_,10.74µm
_03595_,10.74µm
_04309_,10.74µm
_04594_,10.74µm
_06093_,10.74µm
_06723_,10.74µm
_07822_,10.74µm
_08140_,10.74µm
_08592_,10.74µm
_08872_,10.74µm
_09104_,10.74µm
_09403_,10.74µm
_10397_,10.74µm
_11068_,10.74µm
_11465_,10.74µm
_12349_,10.74µm
pp_inst.fifo_data\[0\]\[9\],10.74µm
pp_inst.fifo_data\[22\]\[12\],10.74µm
pp_inst.fifo_data\[32\]\[19\],10.74µm
pp_inst.fifo_data\[38\]\[25\],10.74µm
pp_inst.fifo_data\[44\]\[9\],10.74µm
pp_inst.fifo_data\[51\]\[1\],10.74µm
spi_ctrl.pend_word\[12\],10.74µm
spi_ctrl.tx_shift_reg\[25\],10.74µm
_00048_,10.69µm
_00065_,10.69µm
_00076_,10.69µm
_00209_,10.69µm
_00249_,10.69µm
_00354_,10.69µm
_00473_,10.69µm
_00481_,10.69µm
_00482_,10.69µm
_00604_,10.69µm
_00652_,10.69µm
_00796_,10.69µm
_00844_,10.69µm
_00908_,10.69µm
_00917_,10.69µm
_01009_,10.69µm
_01032_,10.69µm
_01108_,10.69µm
_01194_,10.69µm
_01232_,10.69µm
_01287_,10.69µm
_01328_,10.69µm
_01362_,10.69µm
_01530_,10.69µm
_01583_,10.69µm
_01776_,10.69µm
_01927_,10.69µm
_01978_,10.69µm
_02080_,10.69µm
_02181_,10.69µm
_02218_,10.69µm
_02223_,10.69µm
_02271_,10.69µm
_02289_,10.69µm
_02306_,10.69µm
_02331_,10.69µm
_02351_,10.69µm
_02475_,10.69µm
_02502_,10.69µm
_02595_,10.69µm
_02856_,10.69µm
_02969_,10.69µm
_03027_,10.69µm
_03033_,10.69µm
_03272_,10.69µm
_03321_,10.69µm
_03482_,10.69µm
_03549_,10.69µm
_03628_,10.69µm
_03641_,10.69µm
_03842_,10.69µm
_03934_,10.69µm
_03962_,10.69µm
_03978_,10.69µm
_04134_,10.69µm
_04252_,10.69µm
_04297_,10.69µm
_04630_,10.69µm
_04645_,10.69µm
_04750_,10.69µm
_04773_,10.69µm
_04851_,10.69µm
_05077_,10.69µm
_05123_,10.69µm
_05256_,10.69µm
_05520_,10.69µm
_05536_,10.69µm
_05654_,10.69µm
_06023_,10.69µm
_06112_,10.69µm
_06389_,10.69µm
_07015_,10.69µm
_07191_,10.69µm
_07393_,10.69µm
_07398_,10.69µm
_07417_,10.69µm
_07457_,10.69µm
_07558_,10.69µm
_07644_,10.69µm
_07716_,10.69µm
_07887_,10.69µm
_08076_,10.69µm
_08286_,10.69µm
_08372_,10.69µm
_08481_,10.69µm
_08488_,10.69µm
_08555_,10.69µm
_08747_,10.69µm
_08906_,10.69µm
_08924_,10.69µm
_08984_,10.69µm
_09008_,10.69µm
_09021_,10.69µm
_09042_,10.69µm
_09145_,10.69µm
_09388_,10.69µm
_09556_,10.69µm
_10441_,10.69µm
_10446_,10.69µm
_10839_,10.69µm
_10879_,10.69µm
_11238_,10.69µm
_11432_,10.69µm
_11490_,10.69µm
_11623_,10.69µm
_11640_,10.69µm
_11961_,10.69µm
_12062_,10.69µm
_12258_,10.69µm
pp_inst.core_inst.reg_state_i.data_d\[151\],10.69µm
pp_inst.core_inst.reg_state_i.data_d\[163\],10.69µm
pp_inst.core_inst.reg_state_i.data_d\[171\],10.69µm
pp_inst.core_inst.reg_state_i.data_d\[202\],10.69µm
pp_inst.core_inst.reg_state_i.data_d\[235\],10.69µm
pp_inst.core_inst.reg_state_i.data_d\[244\],10.69µm
pp_inst.core_inst.reg_state_i.data_d\[245\],10.69µm
pp_inst.fifo_data\[0\]\[16\],10.69µm
pp_inst.fifo_data\[10\]\[0\],10.69µm
pp_inst.fifo_data\[11\]\[29\],10.69µm
pp_inst.fifo_data\[15\]\[0\],10.69µm
pp_inst.fifo_data\[2\]\[3\],10.69µm
pp_inst.fifo_data\[30\]\[19\],10.69µm
pp_inst.fifo_data\[30\]\[7\],10.69µm
pp_inst.fifo_data\[33\]\[15\],10.69µm
pp_inst.fifo_data\[35\]\[27\],10.69µm
pp_inst.fifo_data\[3\]\[24\],10.69µm
pp_inst.fifo_data\[49\]\[9\],10.69µm
pp_inst.fifo_data\[4\]\[1\],10.69µm
pp_inst.fifo_data\[50\]\[26\],10.69µm
pp_inst.fifo_data\[50\]\[5\],10.69µm
pp_inst.fifo_data\[59\]\[8\],10.69µm
pp_inst.fifo_data\[61\]\[3\],10.69µm
pp_inst.fifo_data\[7\]\[11\],10.69µm
pp_inst.fifo_data\[9\]\[28\],10.69µm
_00018_,10.64µm
_00677_,10.64µm
_00829_,10.64µm
_01010_,10.64µm
_01013_,10.64µm
_01036_,10.64µm
_01087_,10.64µm
_01531_,10.64µm
_01616_,10.64µm
_01652_,10.64µm
_01861_,10.64µm
_01878_,10.64µm
_01910_,10.64µm
_02039_,10.64µm
_02109_,10.64µm
_02122_,10.64µm
_03183_,10.64µm
_03477_,10.64µm
_03494_,10.64µm
_03609_,10.64µm
_03954_,10.64µm
_03974_,10.64µm
_04004_,10.64µm
_04022_,10.64µm
_04043_,10.64µm
_04204_,10.64µm
_04328_,10.64µm
_04821_,10.64µm
_04840_,10.64µm
_04897_,10.64µm
_05437_,10.64µm
_05470_,10.64µm
_05508_,10.64µm
_05624_,10.64µm
_06032_,10.64µm
_06277_,10.64µm
_06304_,10.64µm
_06313_,10.64µm
_06398_,10.64µm
_06581_,10.64µm
_06629_,10.64µm
_06718_,10.64µm
_06774_,10.64µm
_06807_,10.64µm
_06816_,10.64µm
_06834_,10.64µm
_06840_,10.64µm
_06944_,10.64µm
_06965_,10.64µm
_07149_,10.64µm
_07151_,10.64µm
_07264_,10.64µm
_07356_,10.64µm
_07407_,10.64µm
_07445_,10.64µm
_07452_,10.64µm
_07784_,10.64µm
_07789_,10.64µm
_07826_,10.64µm
_07901_,10.64µm
_07944_,10.64µm
_08010_,10.64µm
_08110_,10.64µm
_08116_,10.64µm
_08149_,10.64µm
_08583_,10.64µm
_08648_,10.64µm
_08653_,10.64µm
_08683_,10.64µm
_08787_,10.64µm
_08810_,10.64µm
_09043_,10.64µm
_09084_,10.64µm
_10201_,10.64µm
_10428_,10.64µm
_10454_,10.64µm
_10599_,10.64µm
_10631_,10.64µm
_10899_,10.64µm
_10959_,10.64µm
_11045_,10.64µm
_11114_,10.64µm
_11142_,10.64µm
_11444_,10.64µm
_11586_,10.64µm
_11601_,10.64µm
_11635_,10.64µm
_11767_,10.64µm
_11797_,10.64µm
_11892_,10.64µm
_12116_,10.64µm
_12312_,10.64µm
pp_inst.core_inst.reg_state_i.data_d\[111\],10.64µm
pp_inst.core_inst.reg_state_i.data_d\[237\],10.64µm
pp_inst.fifo_data\[0\]\[22\],10.64µm
pp_inst.fifo_data\[13\]\[18\],10.64µm
pp_inst.fifo_data\[14\]\[25\],10.64µm
pp_inst.fifo_data\[18\]\[0\],10.64µm
pp_inst.fifo_data\[19\]\[24\],10.64µm
pp_inst.fifo_data\[24\]\[21\],10.64µm
pp_inst.fifo_data\[34\]\[14\],10.64µm
pp_inst.fifo_data\[37\]\[21\],10.64µm
pp_inst.fifo_data\[44\]\[27\],10.64µm
pp_inst.fifo_data\[51\]\[29\],10.64µm
pp_inst.fifo_data\[62\]\[18\],10.64µm
pp_inst.fifo_data\[62\]\[25\],10.64µm
pp_inst.fifo_data\[8\]\[13\],10.64µm
spi_ctrl.state\[0\],10.64µm
_00914_,10.23µm
pp_inst.fifo_data\[31\]\[6\],10.23µm
pp_inst.fifo_data\[39\]\[22\],10.23µm
pp_inst.fifo_data\[4\]\[21\],10.23µm
_00140_,10.18µm
_03582_,10.18µm
_03938_,10.18µm
_04783_,10.18µm
_04857_,10.18µm
_04922_,10.18µm
_04971_,10.18µm
_07796_,10.18µm
_08735_,10.18µm
_09478_,10.18µm
_10531_,10.18µm
_10973_,10.18µm
_11395_,10.18µm
_11955_,10.18µm
_12011_,10.18µm
pp_inst.fifo_data\[1\]\[19\],10.18µm
pp_inst.fifo_data\[21\]\[26\],10.18µm
pp_inst.fifo_data\[30\]\[22\],10.18µm
pp_inst.fifo_data\[34\]\[29\],10.18µm
pp_inst.fifo_data\[38\]\[0\],10.18µm
pp_inst.fifo_data\[40\]\[24\],10.18µm
pp_inst.fifo_data\[40\]\[26\],10.18µm
pp_inst.fifo_data\[47\]\[9\],10.18µm
pp_inst.fifo_data\[48\]\[26\],10.18µm
pp_inst.fifo_data\[49\]\[3\],10.18µm
pp_inst.fifo_data\[51\]\[14\],10.18µm
pp_inst.fifo_data\[54\]\[28\],10.18µm
pp_inst.fifo_data\[56\]\[26\],10.18µm
pp_inst.fifo_data\[58\]\[27\],10.18µm
pp_inst.fifo_data\[6\]\[3\],10.18µm
spi_ctrl.tx_stage\[11\],10.18µm
_00297_,10.13µm
_00436_,10.13µm
_00608_,10.13µm
_00659_,10.13µm
_00946_,10.13µm
_00957_,10.13µm
_01037_,10.13µm
_01123_,10.13µm
_01162_,10.13µm
_01222_,10.13µm
_01282_,10.13µm
_01409_,10.13µm
_01446_,10.13µm
_01483_,10.13µm
_01490_,10.13µm
_01509_,10.13µm
_01514_,10.13µm
_01546_,10.13µm
_02008_,10.13µm
_02034_,10.13µm
_02053_,10.13µm
_02110_,10.13µm
_02137_,10.13µm
_02293_,10.13µm
_02371_,10.13µm
_02429_,10.13µm
_02482_,10.13µm
_02517_,10.13µm
_02571_,10.13µm
_02628_,10.13µm
_02671_,10.13µm
_02693_,10.13µm
_02730_,10.13µm
_02955_,10.13µm
_03032_,10.13µm
_03099_,10.13µm
_03105_,10.13µm
_03278_,10.13µm
_03554_,10.13µm
_04012_,10.13µm
_04183_,10.13µm
_04384_,10.13µm
_04516_,10.13µm
_04662_,10.13µm
_04703_,10.13µm
_04725_,10.13µm
_04809_,10.13µm
_04844_,10.13µm
_04919_,10.13µm
_04926_,10.13µm
_05183_,10.13µm
_05244_,10.13µm
_05327_,10.13µm
_05585_,10.13µm
_05626_,10.13µm
_05653_,10.13µm
_05722_,10.13µm
_05890_,10.13µm
_05920_,10.13µm
_05979_,10.13µm
_06119_,10.13µm
_06125_,10.13µm
_06142_,10.13µm
_06295_,10.13µm
_06319_,10.13µm
_06396_,10.13µm
_06939_,10.13µm
_07104_,10.13µm
_07188_,10.13µm
_07339_,10.13µm
_07355_,10.13µm
_07359_,10.13µm
_07447_,10.13µm
_07525_,10.13µm
_07692_,10.13µm
_07760_,10.13µm
_07942_,10.13µm
_08056_,10.13µm
_08060_,10.13µm
_08069_,10.13µm
_08275_,10.13µm
_08423_,10.13µm
_08567_,10.13µm
_08628_,10.13µm
_08961_,10.13µm
_09489_,10.13µm
_09897_,10.13µm
_10059_,10.13µm
_10117_,10.13µm
_10202_,10.13µm
_10328_,10.13µm
_10478_,10.13µm
_10510_,10.13µm
_10584_,10.13µm
_10791_,10.13µm
_10851_,10.13µm
_10926_,10.13µm
_10992_,10.13µm
_10994_,10.13µm
_11205_,10.13µm
_11224_,10.13µm
_11256_,10.13µm
_11393_,10.13µm
_11469_,10.13µm
_11568_,10.13µm
_11655_,10.13µm
_11692_,10.13µm
_11822_,10.13µm
_11825_,10.13µm
_11881_,10.13µm
_11898_,10.13µm
_11926_,10.13µm
_11945_,10.13µm
_12149_,10.13µm
pp_inst.core_inst.reg_cnt_i.data_q\[0\],10.13µm
pp_inst.core_inst.reg_state_i.data_d\[190\],10.13µm
pp_inst.core_inst.reg_state_i.data_d\[215\],10.13µm
pp_inst.fifo_data\[0\]\[12\],10.13µm
pp_inst.fifo_data\[14\]\[15\],10.13µm
pp_inst.fifo_data\[19\]\[29\],10.13µm
pp_inst.fifo_data\[28\]\[8\],10.13µm
pp_inst.fifo_data\[34\]\[22\],10.13µm
pp_inst.fifo_data\[41\]\[25\],10.13µm
pp_inst.fifo_data\[47\]\[18\],10.13µm
pp_inst.fifo_data\[4\]\[29\],10.13µm
pp_inst.fifo_data\[54\]\[19\],10.13µm
pp_inst.fifo_data\[56\]\[19\],10.13µm
pp_inst.fifo_data\[59\]\[29\],10.13µm
spi_ctrl.tx_shift_reg\[31\],10.13µm
_00339_,10.08µm
_00400_,10.08µm
_00634_,10.08µm
_00877_,10.08µm
_00936_,10.08µm
_00963_,10.08µm
_01052_,10.08µm
_01089_,10.08µm
_01209_,10.08µm
_01297_,10.08µm
_01629_,10.08µm
_01679_,10.08µm
_02062_,10.08µm
_02138_,10.08µm
_02139_,10.08µm
_02161_,10.08µm
_02355_,10.08µm
_02655_,10.08µm
_02826_,10.08µm
_03348_,10.08µm
_03422_,10.08µm
_03508_,10.08µm
_03893_,10.08µm
_04032_,10.08µm
_04148_,10.08µm
_04603_,10.08µm
_04631_,10.08µm
_04785_,10.08µm
_04829_,10.08µm
_05569_,10.08µm
_05708_,10.08µm
_05857_,10.08µm
_06077_,10.08µm
_06248_,10.08µm
_06292_,10.08µm
_06459_,10.08µm
_06617_,10.08µm
_06626_,10.08µm
_07078_,10.08µm
_07229_,10.08µm
_07296_,10.08µm
_07330_,10.08µm
_07353_,10.08µm
_07475_,10.08µm
_07717_,10.08µm
_07876_,10.08µm
_08360_,10.08µm
_08473_,10.08µm
_08535_,10.08µm
_08585_,10.08µm
_08738_,10.08µm
_09013_,10.08µm
_09047_,10.08µm
_09056_,10.08µm
_09150_,10.08µm
_09714_,10.08µm
_09875_,10.08µm
_09904_,10.08µm
_09936_,10.08µm
_10436_,10.08µm
_10480_,10.08µm
_10762_,10.08µm
_11156_,10.08µm
_11160_,10.08µm
_11496_,10.08µm
_11528_,10.08µm
_11678_,10.08µm
_11702_,10.08µm
_11744_,10.08µm
_11913_,10.08µm
_11978_,10.08µm
_12001_,10.08µm
_12144_,10.08µm
pp_inst.core_inst.reg_state_i.data_d\[238\],10.08µm
pp_inst.fifo_data\[19\]\[28\],10.08µm
pp_inst.fifo_data\[20\]\[18\],10.08µm
pp_inst.fifo_data\[23\]\[16\],10.08µm
pp_inst.fifo_data\[24\]\[28\],10.08µm
pp_inst.fifo_data\[32\]\[20\],10.08µm
pp_inst.fifo_data\[33\]\[30\],10.08µm
pp_inst.fifo_data\[37\]\[15\],10.08µm
pp_inst.fifo_data\[3\]\[19\],10.08µm
pp_inst.fifo_data\[63\]\[30\],10.08µm
pp_inst.fifo_data\[6\]\[28\],10.08µm
pp_inst.fifo_data\[55\]\[12\],9.85µm
pp_inst.fifo_data\[30\]\[14\],9.72µm
_05883_,9.67µm
_10917_,9.67µm
pp_inst.fifo_data\[14\]\[17\],9.67µm
pp_inst.fifo_data\[1\]\[28\],9.67µm
pp_inst.fifo_data\[20\]\[22\],9.67µm
pp_inst.fifo_data\[61\]\[25\],9.67µm
_00457_,9.62µm
_00507_,9.62µm
_03745_,9.62µm
_03772_,9.62µm
_04349_,9.62µm
_04417_,9.62µm
_04503_,9.62µm
_04636_,9.62µm
_06097_,9.62µm
_06111_,9.62µm
_06447_,9.62µm
_06503_,9.62µm
_06770_,9.62µm
_06928_,9.62µm
_07621_,9.62µm
_07669_,9.62µm
_08393_,9.62µm
_08755_,9.62µm
_08829_,9.62µm
_10031_,9.62µm
_10131_,9.62µm
_10197_,9.62µm
_10674_,9.62µm
_10790_,9.62µm
_11948_,9.62µm
pp_inst.fifo_data\[11\]\[12\],9.62µm
pp_inst.fifo_data\[12\]\[23\],9.62µm
pp_inst.fifo_data\[14\]\[29\],9.62µm
pp_inst.fifo_data\[1\]\[29\],9.62µm
pp_inst.fifo_data\[21\]\[0\],9.62µm
pp_inst.fifo_data\[24\]\[1\],9.62µm
pp_inst.fifo_data\[44\]\[1\],9.62µm
pp_inst.fifo_data\[46\]\[18\],9.62µm
pp_inst.fifo_data\[57\]\[11\],9.62µm
spi_ctrl.tx_shift_reg\[21\],9.62µm
_00023_,9.57µm
_00037_,9.57µm
_00307_,9.57µm
_00360_,9.57µm
_00412_,9.57µm
_00555_,9.57µm
_00639_,9.57µm
_00683_,9.57µm
_00702_,9.57µm
_00892_,9.57µm
_00975_,9.57µm
_01020_,9.57µm
_01042_,9.57µm
_01100_,9.57µm
_01212_,9.57µm
_01223_,9.57µm
_01225_,9.57µm
_01271_,9.57µm
_01281_,9.57µm
_01300_,9.57µm
_01305_,9.57µm
_01375_,9.57µm
_01399_,9.57µm
_01499_,9.57µm
_01504_,9.57µm
_01507_,9.57µm
_01512_,9.57µm
_01521_,9.57µm
_01525_,9.57µm
_01611_,9.57µm
_01628_,9.57µm
_01771_,9.57µm
_01775_,9.57µm
_01876_,9.57µm
_01881_,9.57µm
_01920_,9.57µm
_01930_,9.57µm
_02016_,9.57µm
_02018_,9.57µm
_02048_,9.57µm
_02135_,9.57µm
_02179_,9.57µm
_02189_,9.57µm
_02269_,9.57µm
_02339_,9.57µm
_02349_,9.57µm
_02417_,9.57µm
_02496_,9.57µm
_02497_,9.57µm
_02520_,9.57µm
_02545_,9.57µm
_02570_,9.57µm
_02592_,9.57µm
_02784_,9.57µm
_02869_,9.57µm
_02904_,9.57µm
_02967_,9.57µm
_03068_,9.57µm
_03102_,9.57µm
_03128_,9.57µm
_03136_,9.57µm
_03139_,9.57µm
_03194_,9.57µm
_03277_,9.57µm
_03350_,9.57µm
_03418_,9.57µm
_03767_,9.57µm
_03935_,9.57µm
_04250_,9.57µm
_04272_,9.57µm
_04655_,9.57µm
_04802_,9.57µm
_04831_,9.57µm
_04861_,9.57µm
_05092_,9.57µm
_05105_,9.57µm
_05229_,9.57µm
_05364_,9.57µm
_05481_,9.57µm
_05674_,9.57µm
_05682_,9.57µm
_05895_,9.57µm
_05900_,9.57µm
_05914_,9.57µm
_05927_,9.57µm
_05936_,9.57µm
_06012_,9.57µm
_06061_,9.57µm
_06073_,9.57µm
_06128_,9.57µm
_06187_,9.57µm
_06308_,9.57µm
_06480_,9.57µm
_06559_,9.57µm
_06631_,9.57µm
_06634_,9.57µm
_06659_,9.57µm
_06708_,9.57µm
_06783_,9.57µm
_06918_,9.57µm
_06980_,9.57µm
_07175_,9.57µm
_07283_,9.57µm
_07354_,9.57µm
_07421_,9.57µm
_07493_,9.57µm
_07514_,9.57µm
_07581_,9.57µm
_07599_,9.57µm
_07698_,9.57µm
_07718_,9.57µm
_07734_,9.57µm
_07871_,9.57µm
_07878_,9.57µm
_07880_,9.57µm
_07968_,9.57µm
_08012_,9.57µm
_08020_,9.57µm
_08119_,9.57µm
_08121_,9.57µm
_08527_,9.57µm
_08538_,9.57µm
_08575_,9.57µm
_08673_,9.57µm
_08785_,9.57µm
_08925_,9.57µm
_09148_,9.57µm
_09307_,9.57µm
_09951_,9.57µm
_10038_,9.57µm
_10102_,9.57µm
_10449_,9.57µm
_10455_,9.57µm
_10461_,9.57µm
_10519_,9.57µm
_10619_,9.57µm
_10641_,9.57µm
_10856_,9.57µm
_11031_,9.57µm
_11043_,9.57µm
_11514_,9.57µm
_11566_,9.57µm
_11677_,9.57µm
_11687_,9.57µm
_11866_,9.57µm
_12035_,9.57µm
_12110_,9.57µm
_12324_,9.57µm
pp_inst.core_inst.reg_state_i.data_d\[187\],9.57µm
pp_inst.core_inst.reg_state_i.data_d\[216\],9.57µm
pp_inst.fifo_data\[18\]\[11\],9.57µm
pp_inst.fifo_data\[20\]\[25\],9.57µm
pp_inst.fifo_data\[31\]\[12\],9.57µm
pp_inst.fifo_data\[33\]\[0\],9.57µm
pp_inst.fifo_data\[33\]\[3\],9.57µm
pp_inst.fifo_data\[36\]\[26\],9.57µm
pp_inst.fifo_data\[42\]\[8\],9.57µm
pp_inst.fifo_data\[47\]\[25\],9.57µm
pp_inst.fifo_data\[53\]\[25\],9.57µm
pp_inst.fifo_data\[59\]\[16\],9.57µm
pp_inst.fifo_data\[63\]\[18\],9.57µm
pp_inst.fifo_data\[6\]\[7\],9.57µm
pp_inst.fifo_data\[7\]\[12\],9.57µm
pp_inst.fifo_data\[9\]\[30\],9.57µm
_00187_,9.52µm
_00232_,9.52µm
_00255_,9.52µm
_00386_,9.52µm
_00408_,9.52µm
_00519_,9.52µm
_00575_,9.52µm
_00950_,9.52µm
_01004_,9.52µm
_01086_,9.52µm
_01118_,9.52µm
_01235_,9.52µm
_01268_,9.52µm
_01307_,9.52µm
_01314_,9.52µm
_01387_,9.52µm
_01445_,9.52µm
_01560_,9.52µm
_01763_,9.52µm
_01913_,9.52µm
_01973_,9.52µm
_01988_,9.52µm
_02127_,9.52µm
_02144_,9.52µm
_02168_,9.52µm
_02393_,9.52µm
_02734_,9.52µm
_02823_,9.52µm
_03247_,9.52µm
_03329_,9.52µm
_03498_,9.52µm
_03536_,9.52µm
_03908_,9.52µm
_03958_,9.52µm
_04059_,9.52µm
_04105_,9.52µm
_04212_,9.52µm
_04220_,9.52µm
_04345_,9.52µm
_04495_,9.52µm
_04615_,9.52µm
_04623_,9.52µm
_04677_,9.52µm
_04900_,9.52µm
_05156_,9.52µm
_05164_,9.52µm
_05262_,9.52µm
_05305_,9.52µm
_05385_,9.52µm
_05527_,9.52µm
_05542_,9.52µm
_05575_,9.52µm
_05607_,9.52µm
_05623_,9.52µm
_06001_,9.52µm
_06046_,9.52µm
_06063_,9.52µm
_06065_,9.52µm
_06172_,9.52µm
_06260_,9.52µm
_06281_,9.52µm
_06333_,9.52µm
_06414_,9.52µm
_06516_,9.52µm
_06548_,9.52µm
_06676_,9.52µm
_06741_,9.52µm
_06775_,9.52µm
_06853_,9.52µm
_07159_,9.52µm
_07167_,9.52µm
_07322_,9.52µm
_07528_,9.52µm
_07545_,9.52µm
_07629_,9.52µm
_07670_,9.52µm
_07689_,9.52µm
_07798_,9.52µm
_07848_,9.52µm
_07940_,9.52µm
_08029_,9.52µm
_08052_,9.52µm
_08064_,9.52µm
_08479_,9.52µm
_08588_,9.52µm
_08665_,9.52µm
_08730_,9.52µm
_08812_,9.52µm
_08955_,9.52µm
_09012_,9.52µm
_09038_,9.52µm
_09082_,9.52µm
_09096_,9.52µm
_09370_,9.52µm
_09590_,9.52µm
_10323_,9.52µm
_10581_,9.52µm
_10651_,9.52µm
_10659_,9.52µm
_10854_,9.52µm
_11094_,9.52µm
_11436_,9.52µm
_11471_,9.52µm
_11475_,9.52µm
_11828_,9.52µm
_12033_,9.52µm
_12257_,9.52µm
pp_inst.core_inst.reg_state_i.data_d\[64\],9.52µm
pp_inst.fifo_data\[10\]\[30\],9.52µm
pp_inst.fifo_data\[12\]\[14\],9.52µm
pp_inst.fifo_data\[14\]\[20\],9.52µm
pp_inst.fifo_data\[19\]\[5\],9.52µm
pp_inst.fifo_data\[21\]\[23\],9.52µm
pp_inst.fifo_data\[2\]\[12\],9.52µm
pp_inst.fifo_data\[2\]\[28\],9.52µm
pp_inst.fifo_data\[30\]\[27\],9.52µm
pp_inst.fifo_data\[30\]\[30\],9.52µm
pp_inst.fifo_data\[46\]\[17\],9.52µm
pp_inst.fifo_data\[49\]\[8\],9.52µm
pp_inst.fifo_data\[52\]\[18\],9.52µm
pp_inst.fifo_data\[55\]\[30\],9.52µm
pp_inst.fifo_data\[60\]\[25\],9.52µm
spi_ctrl.tx_stage\[6\],9.52µm
pp_inst.fifo_data\[10\]\[24\],9.11µm
pp_inst.fifo_data\[23\]\[28\],9.11µm
pp_inst.fifo_data\[25\]\[12\],9.11µm
pp_inst.fifo_data\[52\]\[27\],9.11µm
_00640_,9.06µm
_01397_,9.06µm
_01957_,9.06µm
_02558_,9.06µm
_03864_,9.06µm
_05052_,9.06µm
_06219_,9.06µm
_06460_,9.06µm
_06798_,9.06µm
_06922_,9.06µm
_06945_,9.06µm
_07227_,9.06µm
_07241_,9.06µm
_07307_,9.06µm
_07917_,9.06µm
_09041_,9.06µm
_09105_,9.06µm
_09409_,9.06µm
_10211_,9.06µm
_10440_,9.06µm
_10692_,9.06µm
_10750_,9.06µm
_11095_,9.06µm
_11319_,9.06µm
_12341_,9.06µm
pp_inst.fifo_data\[20\]\[0\],9.06µm
pp_inst.fifo_data\[23\]\[21\],9.06µm
pp_inst.fifo_data\[35\]\[20\],9.06µm
pp_inst.fifo_data\[41\]\[27\],9.06µm
pp_inst.fifo_data\[44\]\[28\],9.06µm
pp_inst.fifo_data\[45\]\[1\],9.06µm
pp_inst.fifo_data\[47\]\[0\],9.06µm
pp_inst.fifo_data\[49\]\[15\],9.06µm
pp_inst.fifo_data\[51\]\[20\],9.06µm
pp_inst.fifo_data\[55\]\[0\],9.06µm
pp_inst.fifo_data\[60\]\[24\],9.06µm
pp_inst.fifo_data\[60\]\[27\],9.06µm
pp_inst.fifo_data\[7\]\[21\],9.06µm
spi_ctrl.pend_word\[13\],9.06µm
spi_ctrl.tx_stage\[31\],9.06µm
_00062_,9.01µm
_00120_,9.01µm
_00145_,9.01µm
_00284_,9.01µm
_00304_,9.01µm
_00319_,9.01µm
_00353_,9.01µm
_00450_,9.01µm
_00524_,9.01µm
_00621_,9.01µm
_00717_,9.01µm
_00849_,9.01µm
_00938_,9.01µm
_01015_,9.01µm
_01097_,9.01µm
_01154_,9.01µm
_01187_,9.01µm
_01277_,9.01µm
_01331_,9.01µm
_01371_,9.01µm
_01437_,9.01µm
_01547_,9.01µm
_01696_,9.01µm
_01756_,9.01µm
_01760_,9.01µm
_01782_,9.01µm
_01793_,9.01µm
_01816_,9.01µm
_01828_,9.01µm
_01959_,9.01µm
_01982_,9.01µm
_02176_,9.01µm
_02250_,9.01µm
_02310_,9.01µm
_02317_,9.01µm
_02357_,9.01µm
_02398_,9.01µm
_02466_,9.01µm
_02491_,9.01µm
_02553_,9.01µm
_02565_,9.01µm
_02603_,9.01µm
_02660_,9.01µm
_02716_,9.01µm
_02742_,9.01µm
_02760_,9.01µm
_02771_,9.01µm
_02846_,9.01µm
_02878_,9.01µm
_02974_,9.01µm
_03044_,9.01µm
_03057_,9.01µm
_03101_,9.01µm
_03256_,9.01µm
_03337_,9.01µm
_03645_,9.01µm
_03670_,9.01µm
_03763_,9.01µm
_04009_,9.01µm
_04053_,9.01µm
_04279_,9.01µm
_04359_,9.01µm
_04379_,9.01µm
_04515_,9.01µm
_04531_,9.01µm
_04789_,9.01µm
_04819_,9.01µm
_04827_,9.01µm
_04885_,9.01µm
_05175_,9.01µm
_05196_,9.01µm
_05280_,9.01µm
_05438_,9.01µm
_05723_,9.01µm
_05923_,9.01µm
_05929_,9.01µm
_05955_,9.01µm
_06026_,9.01µm
_06145_,9.01µm
_06235_,9.01µm
_06305_,9.01µm
_06402_,9.01µm
_06494_,9.01µm
_06619_,9.01µm
_06654_,9.01µm
_06717_,9.01µm
_06734_,9.01µm
_06773_,9.01µm
_06828_,9.01µm
_06969_,9.01µm
_07013_,9.01µm
_07052_,9.01µm
_07202_,9.01µm
_07273_,9.01µm
_07314_,9.01µm
_07428_,9.01µm
_07467_,9.01µm
_08085_,9.01µm
_08345_,9.01µm
_08394_,9.01µm
_08510_,9.01µm
_08517_,9.01µm
_08616_,9.01µm
_08736_,9.01µm
_09090_,9.01µm
_10265_,9.01µm
_10500_,9.01µm
_10667_,9.01µm
_10714_,9.01µm
_10940_,9.01µm
_11356_,9.01µm
_11559_,9.01µm
_11607_,9.01µm
_11674_,9.01µm
_11696_,9.01µm
_11761_,9.01µm
_11802_,9.01µm
_11861_,9.01µm
_12354_,9.01µm
bdi_valid\[2\],9.01µm
pp_inst.core_inst.reg_state_i.data_d\[129\],9.01µm
pp_inst.core_inst.reg_state_i.data_d\[144\],9.01µm
pp_inst.core_inst.reg_state_i.data_d\[146\],9.01µm
pp_inst.core_inst.reg_state_i.data_d\[167\],9.01µm
pp_inst.core_inst.reg_state_i.data_d\[173\],9.01µm
pp_inst.core_inst.reg_state_i.data_d\[189\],9.01µm
pp_inst.core_inst.reg_state_i.data_d\[198\],9.01µm
pp_inst.fifo_data\[11\]\[0\],9.01µm
pp_inst.fifo_data\[12\]\[27\],9.01µm
pp_inst.fifo_data\[13\]\[30\],9.01µm
pp_inst.fifo_data\[15\]\[21\],9.01µm
pp_inst.fifo_data\[18\]\[15\],9.01µm
pp_inst.fifo_data\[19\]\[30\],9.01µm
pp_inst.fifo_data\[24\]\[19\],9.01µm
pp_inst.fifo_data\[28\]\[14\],9.01µm
pp_inst.fifo_data\[30\]\[20\],9.01µm
pp_inst.fifo_data\[33\]\[20\],9.01µm
pp_inst.fifo_data\[36\]\[0\],9.01µm
pp_inst.fifo_data\[37\]\[20\],9.01µm
pp_inst.fifo_data\[42\]\[24\],9.01µm
pp_inst.fifo_data\[43\]\[25\],9.01µm
pp_inst.fifo_data\[43\]\[28\],9.01µm
pp_inst.fifo_data\[45\]\[29\],9.01µm
pp_inst.fifo_data\[49\]\[19\],9.01µm
pp_inst.fifo_data\[59\]\[20\],9.01µm
pp_inst.fifo_data\[60\]\[18\],9.01µm
pp_inst.fifo_data\[60\]\[26\],9.01µm
_00032_,8.96µm
_00052_,8.96µm
_00067_,8.96µm
_00078_,8.96µm
_00132_,8.96µm
_00153_,8.96µm
_00295_,8.96µm
_00401_,8.96µm
_00689_,8.96µm
_00882_,8.96µm
_00926_,8.96µm
_00999_,8.96µm
_01005_,8.96µm
_01066_,8.96µm
_01110_,8.96µm
_01120_,8.96µm
_01259_,8.96µm
_01266_,8.96µm
_01426_,8.96µm
_01591_,8.96µm
_01624_,8.96µm
_01639_,8.96µm
_01888_,8.96µm
_01899_,8.96µm
_02116_,8.96µm
_02178_,8.96µm
_02373_,8.96µm
_02641_,8.96µm
_02678_,8.96µm
_02880_,8.96µm
_02983_,8.96µm
_03042_,8.96µm
_03138_,8.96µm
_03157_,8.96µm
_03445_,8.96µm
_03501_,8.96µm
_03579_,8.96µm
_03850_,8.96µm
_03854_,8.96µm
_03910_,8.96µm
_03914_,8.96µm
_03975_,8.96µm
_04017_,8.96µm
_04104_,8.96µm
_04122_,8.96µm
_04238_,8.96µm
_04285_,8.96µm
_04355_,8.96µm
_04665_,8.96µm
_04894_,8.96µm
_04899_,8.96µm
_04943_,8.96µm
_04944_,8.96µm
_05125_,8.96µm
_05132_,8.96µm
_05161_,8.96µm
_05162_,8.96µm
_05401_,8.96µm
_05418_,8.96µm
_05452_,8.96µm
_05492_,8.96µm
_05524_,8.96µm
_05613_,8.96µm
_05851_,8.96µm
_05946_,8.96µm
_05963_,8.96µm
_06162_,8.96µm
_06192_,8.96µm
_06328_,8.96µm
_06356_,8.96µm
_06391_,8.96µm
_06868_,8.96µm
_06914_,8.96µm
_07100_,8.96µm
_07219_,8.96µm
_07306_,8.96µm
_07408_,8.96µm
_07619_,8.96µm
_07635_,8.96µm
_07729_,8.96µm
_07838_,8.96µm
_07890_,8.96µm
_08157_,8.96µm
_08192_,8.96µm
_08282_,8.96µm
_08642_,8.96µm
_08688_,8.96µm
_08751_,8.96µm
_08753_,8.96µm
_08920_,8.96µm
_09079_,8.96µm
_09376_,8.96µm
_09851_,8.96µm
_09942_,8.96µm
_10037_,8.96µm
_10145_,8.96µm
_10319_,8.96µm
_10453_,8.96µm
_10460_,8.96µm
_10569_,8.96µm
_10593_,8.96µm
_10773_,8.96µm
_10898_,8.96µm
_10903_,8.96µm
_10907_,8.96µm
_10912_,8.96µm
_10949_,8.96µm
_11069_,8.96µm
_11138_,8.96µm
_11367_,8.96µm
_11370_,8.96µm
_11372_,8.96µm
_11403_,8.96µm
_11577_,8.96µm
_11611_,8.96µm
_11676_,8.96µm
_11688_,8.96µm
_11691_,8.96µm
_11714_,8.96µm
_11742_,8.96µm
_11946_,8.96µm
_12050_,8.96µm
_12069_,8.96µm
_12298_,8.96µm
pp_inst.core_inst.reg_state_i.data_d\[120\],8.96µm
pp_inst.core_inst.reg_state_i.data_d\[124\],8.96µm
pp_inst.core_inst.reg_state_i.data_d\[133\],8.96µm
pp_inst.core_inst.reg_state_i.data_d\[251\],8.96µm
pp_inst.fifo_data\[14\]\[0\],8.96µm
pp_inst.fifo_data\[15\]\[11\],8.96µm
pp_inst.fifo_data\[17\]\[30\],8.96µm
pp_inst.fifo_data\[25\]\[30\],8.96µm
pp_inst.fifo_data\[28\]\[16\],8.96µm
pp_inst.fifo_data\[35\]\[9\],8.96µm
pp_inst.fifo_data\[40\]\[13\],8.96µm
pp_inst.fifo_data\[40\]\[21\],8.96µm
pp_inst.fifo_data\[46\]\[25\],8.96µm
pp_inst.fifo_data\[4\]\[18\],8.96µm
pp_inst.fifo_data\[55\]\[25\],8.96µm
pp_inst.fifo_data\[7\]\[25\],8.96µm
clknet_leaf_238_clk,8.96µm
pp_inst.fifo_data\[7\]\[28\],8.73µm
_03217_,8.55µm
_11158_,8.55µm
pp_inst.fifo_data\[35\]\[19\],8.55µm
pp_inst.fifo_data\[36\]\[27\],8.55µm
pp_inst.fifo_data\[51\]\[11\],8.55µm
_00311_,8.5µm
_04206_,8.5µm
_04539_,8.5µm
_05023_,8.5µm
_05360_,8.5µm
_05497_,8.5µm
_05838_,8.5µm
_06312_,8.5µm
_06600_,8.5µm
_06975_,8.5µm
_07126_,8.5µm
_08102_,8.5µm
_08823_,8.5µm
_09097_,8.5µm
_09393_,8.5µm
_11666_,8.5µm
pp_inst.fifo_data\[11\]\[20\],8.5µm
pp_inst.fifo_data\[15\]\[24\],8.5µm
pp_inst.fifo_data\[16\]\[21\],8.5µm
pp_inst.fifo_data\[25\]\[18\],8.5µm
pp_inst.fifo_data\[26\]\[11\],8.5µm
pp_inst.fifo_data\[40\]\[23\],8.5µm
pp_inst.fifo_data\[42\]\[0\],8.5µm
pp_inst.fifo_data\[47\]\[7\],8.5µm
pp_inst.fifo_data\[4\]\[26\],8.5µm
pp_inst.fifo_data\[55\]\[27\],8.5µm
pp_inst.fifo_data\[55\]\[29\],8.5µm
_00082_,8.45µm
_00108_,8.45µm
_00135_,8.45µm
_00252_,8.45µm
_00327_,8.45µm
_00488_,8.45µm
_00503_,8.45µm
_00594_,8.45µm
_00606_,8.45µm
_00610_,8.45µm
_00788_,8.45µm
_00846_,8.45µm
_00853_,8.45µm
_00868_,8.45µm
_00941_,8.45µm
_01045_,8.45µm
_01063_,8.45µm
_01082_,8.45µm
_01088_,8.45µm
_01229_,8.45µm
_01279_,8.45µm
_01351_,8.45µm
_01398_,8.45µm
_01440_,8.45µm
_01463_,8.45µm
_01485_,8.45µm
_01519_,8.45µm
_01540_,8.45µm
_01606_,8.45µm
_01638_,8.45µm
_01650_,8.45µm
_01722_,8.45µm
_01802_,8.45µm
_01898_,8.45µm
_01909_,8.45µm
_01941_,8.45µm
_02015_,8.45µm
_02040_,8.45µm
_02126_,8.45µm
_02143_,8.45µm
_02165_,8.45µm
_02239_,8.45µm
_02330_,8.45µm
_02353_,8.45µm
_02406_,8.45µm
_02484_,8.45µm
_02698_,8.45µm
_02824_,8.45µm
_02852_,8.45µm
_02913_,8.45µm
_02941_,8.45µm
_02945_,8.45µm
_02964_,8.45µm
_02997_,8.45µm
_03065_,8.45µm
_03069_,8.45µm
_03090_,8.45µm
_03094_,8.45µm
_03204_,8.45µm
_03239_,8.45µm
_03242_,8.45µm
_03291_,8.45µm
_03347_,8.45µm
_03402_,8.45µm
_03631_,8.45µm
_03808_,8.45µm
_03822_,8.45µm
_03851_,8.45µm
_04051_,8.45µm
_04165_,8.45µm
_04166_,8.45µm
_04229_,8.45µm
_04760_,8.45µm
_04896_,8.45µm
_04917_,8.45µm
_04978_,8.45µm
_05546_,8.45µm
_05561_,8.45µm
_05576_,8.45µm
_05703_,8.45µm
_05815_,8.45µm
_05902_,8.45µm
_06027_,8.45µm
_06068_,8.45µm
_06117_,8.45µm
_06324_,8.45µm
_06612_,8.45µm
_06621_,8.45µm
_06701_,8.45µm
_06792_,8.45µm
_06888_,8.45µm
_07097_,8.45µm
_07138_,8.45µm
_07309_,8.45µm
_07319_,8.45µm
_07433_,8.45µm
_07532_,8.45µm
_07640_,8.45µm
_07900_,8.45µm
_08128_,8.45µm
_08193_,8.45µm
_08429_,8.45µm
_08539_,8.45µm
_08657_,8.45µm
_08948_,8.45µm
_09187_,8.45µm
_09193_,8.45µm
_09730_,8.45µm
_10276_,8.45µm
_10423_,8.45µm
_10488_,8.45µm
_10914_,8.45µm
_11172_,8.45µm
_11295_,8.45µm
_11400_,8.45µm
_11445_,8.45µm
_11556_,8.45µm
_11576_,8.45µm
_11606_,8.45µm
_11632_,8.45µm
_12027_,8.45µm
_12284_,8.45µm
_12291_,8.45µm
pp_inst.core_inst.reg_state_i.data_d\[142\],8.45µm
pp_inst.core_inst.reg_state_i.data_d\[68\],8.45µm
pp_inst.fifo_data\[12\]\[15\],8.45µm
pp_inst.fifo_data\[15\]\[28\],8.45µm
pp_inst.fifo_data\[19\]\[12\],8.45µm
pp_inst.fifo_data\[23\]\[27\],8.45µm
pp_inst.fifo_data\[24\]\[14\],8.45µm
pp_inst.fifo_data\[31\]\[3\],8.45µm
pp_inst.fifo_data\[32\]\[0\],8.45µm
pp_inst.fifo_data\[33\]\[29\],8.45µm
pp_inst.fifo_data\[42\]\[19\],8.45µm
pp_inst.fifo_data\[50\]\[0\],8.45µm
pp_inst.fifo_data\[54\]\[21\],8.45µm
pp_inst.fifo_data\[58\]\[17\],8.45µm
pp_inst.fifo_data\[8\]\[21\],8.45µm
pp_inst.fifo_data\[8\]\[29\],8.45µm
net1884,8.45µm
_00055_,8.4µm
_00201_,8.4µm
_00245_,8.4µm
_00299_,8.4µm
_00560_,8.4µm
_00770_,8.4µm
_00830_,8.4µm
_00911_,8.4µm
_00913_,8.4µm
_00987_,8.4µm
_01051_,8.4µm
_01070_,8.4µm
_01115_,8.4µm
_01192_,8.4µm
_01218_,8.4µm
_01236_,8.4µm
_01264_,8.4µm
_01320_,8.4µm
_01412_,8.4µm
_01424_,8.4µm
_01436_,8.4µm
_01457_,8.4µm
_01564_,8.4µm
_01599_,8.4µm
_01703_,8.4µm
_01707_,8.4µm
_01790_,8.4µm
_01837_,8.4µm
_01845_,8.4µm
_01904_,8.4µm
_02044_,8.4µm
_02260_,8.4µm
_02477_,8.4µm
_02523_,8.4µm
_02578_,8.4µm
_02704_,8.4µm
_02724_,8.4µm
_02738_,8.4µm
_02820_,8.4µm
_02862_,8.4µm
_02870_,8.4µm
_02998_,8.4µm
_03024_,8.4µm
_03165_,8.4µm
_03296_,8.4µm
_03334_,8.4µm
_03394_,8.4µm
_03487_,8.4µm
_03488_,8.4µm
_03663_,8.4µm
_03684_,8.4µm
_03692_,8.4µm
_03775_,8.4µm
_03953_,8.4µm
_03972_,8.4µm
_04034_,8.4µm
_04037_,8.4µm
_04151_,8.4µm
_04163_,8.4µm
_04270_,8.4µm
_04335_,8.4µm
_04675_,8.4µm
_04722_,8.4µm
_04766_,8.4µm
_04813_,8.4µm
_04825_,8.4µm
_04940_,8.4µm
_05048_,8.4µm
_05197_,8.4µm
_05277_,8.4µm
_05318_,8.4µm
_05378_,8.4µm
_05487_,8.4µm
_05573_,8.4µm
_05673_,8.4µm
_05687_,8.4µm
_05704_,8.4µm
_05797_,8.4µm
_05874_,8.4µm
_05877_,8.4µm
_05945_,8.4µm
_06040_,8.4µm
_06107_,8.4µm
_06135_,8.4µm
_06137_,8.4µm
_06143_,8.4µm
_06170_,8.4µm
_06204_,8.4µm
_06223_,8.4µm
_06298_,8.4µm
_06302_,8.4µm
_06323_,8.4µm
_06352_,8.4µm
_06354_,8.4µm
_06486_,8.4µm
_06506_,8.4µm
_06530_,8.4µm
_06545_,8.4µm
_06546_,8.4µm
_06553_,8.4µm
_06554_,8.4µm
_06595_,8.4µm
_06602_,8.4µm
_06646_,8.4µm
_06751_,8.4µm
_06883_,8.4µm
_06979_,8.4µm
_07133_,8.4µm
_07178_,8.4µm
_07235_,8.4µm
_07288_,8.4µm
_07305_,8.4µm
_07473_,8.4µm
_07533_,8.4µm
_07708_,8.4µm
_07779_,8.4µm
_07783_,8.4µm
_07800_,8.4µm
_08005_,8.4µm
_08099_,8.4µm
_08123_,8.4µm
_08190_,8.4µm
_08197_,8.4µm
_08204_,8.4µm
_08276_,8.4µm
_08322_,8.4µm
_08561_,8.4µm
_08564_,8.4µm
_08742_,8.4µm
_08929_,8.4µm
_08944_,8.4µm
_08958_,8.4µm
_09028_,8.4µm
_09078_,8.4µm
_09099_,8.4µm
_09849_,8.4µm
_10040_,8.4µm
_10126_,8.4µm
_10199_,8.4µm
_10234_,8.4µm
_10341_,8.4µm
_10439_,8.4µm
_10654_,8.4µm
_10760_,8.4µm
_10775_,8.4µm
_10778_,8.4µm
_10875_,8.4µm
_10906_,8.4µm
_10908_,8.4µm
_10936_,8.4µm
_10967_,8.4µm
_11077_,8.4µm
_11108_,8.4µm
_11230_,8.4µm
_11331_,8.4µm
_11346_,8.4µm
_11360_,8.4µm
_11362_,8.4µm
_11368_,8.4µm
_11409_,8.4µm
_11437_,8.4µm
_11442_,8.4µm
_11588_,8.4µm
_11594_,8.4µm
_11656_,8.4µm
_11728_,8.4µm
_11730_,8.4µm
_11909_,8.4µm
_12008_,8.4µm
_12026_,8.4µm
_12068_,8.4µm
_12072_,8.4µm
_12180_,8.4µm
_12346_,8.4µm
pp_inst.core_inst.ad_eot_d,8.4µm
pp_inst.core_inst.reg_state_i.data_d\[103\],8.4µm
pp_inst.core_inst.reg_state_i.data_d\[168\],8.4µm
pp_inst.core_inst.reg_state_i.data_d\[217\],8.4µm
pp_inst.core_inst.reg_state_i.data_d\[252\],8.4µm
pp_inst.core_inst.reg_state_i.data_d\[65\],8.4µm
pp_inst.core_inst.reg_state_i.data_d\[88\],8.4µm
pp_inst.fifo_data\[13\]\[20\],8.4µm
pp_inst.fifo_data\[19\]\[16\],8.4µm
pp_inst.fifo_data\[26\]\[17\],8.4µm
pp_inst.fifo_data\[26\]\[24\],8.4µm
pp_inst.fifo_data\[2\]\[21\],8.4µm
pp_inst.fifo_data\[34\]\[26\],8.4µm
pp_inst.fifo_data\[36\]\[24\],8.4µm
pp_inst.fifo_data\[36\]\[30\],8.4µm
pp_inst.fifo_data\[46\]\[20\],8.4µm
pp_inst.fifo_data\[46\]\[26\],8.4µm
pp_inst.fifo_data\[48\]\[23\],8.4µm
pp_inst.fifo_data\[58\]\[1\],8.4µm
pp_inst.fifo_data\[6\]\[25\],8.4µm
_05441_,8.17µm
pp_inst.fifo_data\[24\]\[30\],8.17µm
_04805_,8.12µm
pp_inst.fifo_data\[0\]\[27\],8.12µm
_03656_,7.99µm
_05439_,7.99µm
pp_inst.fifo_data\[36\]\[15\],7.99µm
pp_inst.fifo_data\[45\]\[26\],7.99µm
pp_inst.fifo_data\[56\]\[21\],7.99µm
_00136_,7.94µm
_00418_,7.94µm
_01380_,7.94µm
_01427_,7.94µm
_01829_,7.94µm
_02063_,7.94µm
_02359_,7.94µm
_02451_,7.94µm
_02679_,7.94µm
_03495_,7.94µm
_03621_,7.94µm
_03728_,7.94µm
_04714_,7.94µm
_05751_,7.94µm
_05939_,7.94µm
_06262_,7.94µm
_06558_,7.94µm
_06950_,7.94µm
_07364_,7.94µm
_07661_,7.94µm
_07700_,7.94µm
_07925_,7.94µm
_08367_,7.94µm
_08884_,7.94µm
_09688_,7.94µm
_09989_,7.94µm
_10493_,7.94µm
_10658_,7.94µm
_11896_,7.94µm
_11949_,7.94µm
_12139_,7.94µm
_12304_,7.94µm
pp_inst.fifo_data\[2\]\[8\],7.94µm
pp_inst.fifo_data\[44\]\[24\],7.94µm
pp_inst.fifo_data\[44\]\[26\],7.94µm
pp_inst.fifo_data\[47\]\[12\],7.94µm
pp_inst.fifo_data\[47\]\[16\],7.94µm
pp_inst.fifo_data\[54\]\[24\],7.94µm
pp_inst.fifo_data\[60\]\[21\],7.94µm
pp_inst.fifo_data\[60\]\[22\],7.94µm
pp_inst.fifo_data\[61\]\[1\],7.94µm
_00084_,7.89µm
_00088_,7.89µm
_00302_,7.89µm
_00518_,7.89µm
_00566_,7.89µm
_00716_,7.89µm
_00749_,7.89µm
_00878_,7.89µm
_00893_,7.89µm
_00973_,7.89µm
_01025_,7.89µm
_01041_,7.89µm
_01139_,7.89µm
_01188_,7.89µm
_01203_,7.89µm
_01329_,7.89µm
_01360_,7.89µm
_01425_,7.89µm
_01442_,7.89µm
_01479_,7.89µm
_01590_,7.89µm
_01654_,7.89µm
_01685_,7.89µm
_01700_,7.89µm
_01725_,7.89µm
_01752_,7.89µm
_01754_,7.89µm
_01842_,7.89µm
_01852_,7.89µm
_01889_,7.89µm
_01950_,7.89µm
_02001_,7.89µm
_02006_,7.89µm
_02033_,7.89µm
_02042_,7.89µm
_02058_,7.89µm
_02142_,7.89µm
_02151_,7.89µm
_02204_,7.89µm
_02290_,7.89µm
_02297_,7.89µm
_02367_,7.89µm
_02470_,7.89µm
_02485_,7.89µm
_02514_,7.89µm
_02534_,7.89µm
_02620_,7.89µm
_02763_,7.89µm
_02806_,7.89µm
_02822_,7.89µm
_02887_,7.89µm
_02929_,7.89µm
_02951_,7.89µm
_02962_,7.89µm
_02987_,7.89µm
_03015_,7.89µm
_03048_,7.89µm
_03055_,7.89µm
_03072_,7.89µm
_03085_,7.89µm
_03134_,7.89µm
_03226_,7.89µm
_03374_,7.89µm
_03440_,7.89µm
_03512_,7.89µm
_03537_,7.89µm
_03573_,7.89µm
_03832_,7.89µm
_04127_,7.89µm
_04129_,7.89µm
_04197_,7.89µm
_04269_,7.89µm
_04397_,7.89µm
_04486_,7.89µm
_05211_,7.89µm
_05261_,7.89µm
_05353_,7.89µm
_05376_,7.89µm
_05471_,7.89µm
_05493_,7.89µm
_05518_,7.89µm
_05586_,7.89µm
_05642_,7.89µm
_05688_,7.89µm
_05785_,7.89µm
_05880_,7.89µm
_06104_,7.89µm
_06134_,7.89µm
_06161_,7.89µm
_06168_,7.89µm
_06194_,7.89µm
_06234_,7.89µm
_06271_,7.89µm
_06315_,7.89µm
_06392_,7.89µm
_06420_,7.89µm
_06529_,7.89µm
_06620_,7.89µm
_06690_,7.89µm
_06839_,7.89µm
_06898_,7.89µm
_06919_,7.89µm
_06981_,7.89µm
_07014_,7.89µm
_07054_,7.89µm
_07220_,7.89µm
_07594_,7.89µm
_07733_,7.89µm
_08146_,7.89µm
_08412_,7.89µm
_08608_,7.89µm
_08949_,7.89µm
_09573_,7.89µm
_09972_,7.89µm
_10104_,7.89µm
_10219_,7.89µm
_10247_,7.89µm
_10373_,7.89µm
_10405_,7.89µm
_10499_,7.89µm
_10589_,7.89µm
_10699_,7.89µm
_11042_,7.89µm
_11046_,7.89µm
_11098_,7.89µm
_11281_,7.89µm
_11347_,7.89µm
_11387_,7.89µm
_11447_,7.89µm
_11574_,7.89µm
_11603_,7.89µm
_11679_,7.89µm
_11771_,7.89µm
_11916_,7.89µm
_12300_,7.89µm
pp_inst.core_inst.reg_state_i.data_d\[100\],7.89µm
pp_inst.core_inst.reg_state_i.data_d\[101\],7.89µm
pp_inst.core_inst.reg_state_i.data_d\[213\],7.89µm
pp_inst.fifo_data\[12\]\[20\],7.89µm
pp_inst.fifo_data\[28\]\[23\],7.89µm
pp_inst.fifo_data\[33\]\[21\],7.89µm
pp_inst.fifo_data\[33\]\[25\],7.89µm
pp_inst.fifo_data\[36\]\[22\],7.89µm
pp_inst.fifo_data\[37\]\[9\],7.89µm
pp_inst.fifo_data\[45\]\[9\],7.89µm
_00066_,7.84µm
_00107_,7.84µm
_00224_,7.84µm
_00305_,7.84µm
_00321_,7.84µm
_00336_,7.84µm
_00422_,7.84µm
_00475_,7.84µm
_00487_,7.84µm
_00536_,7.84µm
_00567_,7.84µm
_00576_,7.84µm
_00617_,7.84µm
_00653_,7.84µm
_00759_,7.84µm
_00900_,7.84µm
_00943_,7.84µm
_01021_,7.84µm
_01043_,7.84µm
_01053_,7.84µm
_01155_,7.84µm
_01165_,7.84µm
_01168_,7.84µm
_01221_,7.84µm
_01302_,7.84µm
_01318_,7.84µm
_01381_,7.84µm
_01392_,7.84µm
_01536_,7.84µm
_01573_,7.84µm
_01691_,7.84µm
_01731_,7.84µm
_01746_,7.84µm
_01781_,7.84µm
_01807_,7.84µm
_01905_,7.84µm
_02078_,7.84µm
_02098_,7.84µm
_02241_,7.84µm
_02243_,7.84µm
_02262_,7.84µm
_02370_,7.84µm
_02465_,7.84µm
_02483_,7.84µm
_02506_,7.84µm
_02546_,7.84µm
_02574_,7.84µm
_02577_,7.84µm
_02591_,7.84µm
_02710_,7.84µm
_02714_,7.84µm
_02805_,7.84µm
_02874_,7.84µm
_02920_,7.84µm
_03002_,7.84µm
_03051_,7.84µm
_03060_,7.84µm
_03064_,7.84µm
_03112_,7.84µm
_03123_,7.84µm
_03174_,7.84µm
_03197_,7.84µm
_03208_,7.84µm
_03264_,7.84µm
_03447_,7.84µm
_03506_,7.84µm
_03518_,7.84µm
_03559_,7.84µm
_03601_,7.84µm
_03624_,7.84µm
_03644_,7.84µm
_03669_,7.84µm
_03694_,7.84µm
_03737_,7.84µm
_03773_,7.84µm
_03795_,7.84µm
_03837_,7.84µm
_03950_,7.84µm
_04078_,7.84µm
_04103_,7.84µm
_04109_,7.84µm
_04173_,7.84µm
_04274_,7.84µm
_04660_,7.84µm
_04779_,7.84µm
_04782_,7.84µm
_04799_,7.84µm
_04952_,7.84µm
_04963_,7.84µm
_05024_,7.84µm
_05050_,7.84µm
_05104_,7.84µm
_05107_,7.84µm
_05192_,7.84µm
_05209_,7.84µm
_05228_,7.84µm
_05231_,7.84µm
_05288_,7.84µm
_05389_,7.84µm
_05424_,7.84µm
_05443_,7.84µm
_05541_,7.84µm
_05591_,7.84µm
_05685_,7.84µm
_05713_,7.84µm
_05752_,7.84µm
_05761_,7.84µm
_05846_,7.84µm
_05865_,7.84µm
_05937_,7.84µm
_06118_,7.84µm
_06196_,7.84µm
_06217_,7.84µm
_06240_,7.84µm
_06272_,7.84µm
_06275_,7.84µm
_06282_,7.84µm
_06501_,7.84µm
_06507_,7.84µm
_06645_,7.84µm
_06662_,7.84µm
_06745_,7.84µm
_06804_,7.84µm
_06824_,7.84µm
_06856_,7.84µm
_06908_,7.84µm
_06923_,7.84µm
_06994_,7.84µm
_07057_,7.84µm
_07090_,7.84µm
_07109_,7.84µm
_07125_,7.84µm
_07217_,7.84µm
_07298_,7.84µm
_07383_,7.84µm
_07392_,7.84µm
_07411_,7.84µm
_07426_,7.84µm
_07487_,7.84µm
_07501_,7.84µm
_07502_,7.84µm
_07522_,7.84µm
_07569_,7.84µm
_07589_,7.84µm
_07590_,7.84µm
_07648_,7.84µm
_07690_,7.84µm
_07844_,7.84µm
_07930_,7.84µm
_07953_,7.84µm
_07970_,7.84µm
_07987_,7.84µm
_07996_,7.84µm
_08004_,7.84µm
_08025_,7.84µm
_08033_,7.84µm
_08037_,7.84µm
_08051_,7.84µm
_08063_,7.84µm
_08156_,7.84µm
_08175_,7.84µm
_08213_,7.84µm
_08242_,7.84µm
_08260_,7.84µm
_08301_,7.84µm
_08324_,7.84µm
_08353_,7.84µm
_08389_,7.84µm
_08397_,7.84µm
_08402_,7.84µm
_08426_,7.84µm
_08432_,7.84µm
_08455_,7.84µm
_08492_,7.84µm
_08593_,7.84µm
_08594_,7.84µm
_08709_,7.84µm
_08722_,7.84µm
_08763_,7.84µm
_08845_,7.84µm
_08846_,7.84µm
_08859_,7.84µm
_08877_,7.84µm
_08888_,7.84µm
_08903_,7.84µm
_08921_,7.84µm
_08962_,7.84µm
_08981_,7.84µm
_09017_,7.84µm
_09030_,7.84µm
_09061_,7.84µm
_09085_,7.84µm
_09134_,7.84µm
_09534_,7.84µm
_10047_,7.84µm
_10113_,7.84µm
_10154_,7.84µm
_10155_,7.84µm
_10226_,7.84µm
_10456_,7.84µm
_10587_,7.84µm
_10595_,7.84µm
_10621_,7.84µm
_10672_,7.84µm
_10673_,7.84µm
_10741_,7.84µm
_10869_,7.84µm
_10896_,7.84µm
_10900_,7.84µm
_11192_,7.84µm
_11233_,7.84µm
_11381_,7.84µm
_11392_,7.84µm
_11420_,7.84µm
_11422_,7.84µm
_11480_,7.84µm
_11569_,7.84µm
_11585_,7.84µm
_11665_,7.84µm
_11704_,7.84µm
_11706_,7.84µm
_11746_,7.84µm
_11757_,7.84µm
_11801_,7.84µm
_11841_,7.84µm
_11860_,7.84µm
_11878_,7.84µm
_12016_,7.84µm
_12037_,7.84µm
_12153_,7.84µm
_12272_,7.84µm
_12301_,7.84µm
_12326_,7.84µm
_12337_,7.84µm
pp_inst.core_inst.reg_state_i.data_d\[166\],7.84µm
pp_inst.core_inst.reg_state_i.data_d\[188\],7.84µm
pp_inst.core_inst.reg_state_i.data_d\[195\],7.84µm
pp_inst.core_inst.reg_state_i.data_d\[227\],7.84µm
pp_inst.core_inst.reg_state_i.data_d\[236\],7.84µm
pp_inst.core_inst.reg_state_i.data_d\[241\],7.84µm
pp_inst.fifo_data\[13\]\[15\],7.84µm
pp_inst.fifo_data\[29\]\[1\],7.84µm
pp_inst.fifo_data\[31\]\[5\],7.84µm
pp_inst.fifo_data\[40\]\[16\],7.84µm
pp_inst.fifo_data\[46\]\[16\],7.84µm
pp_inst.fifo_data\[51\]\[15\],7.84µm
pp_inst.fifo_data\[51\]\[17\],7.84µm
pp_inst.fifo_data\[56\]\[16\],7.84µm
spi_ctrl.cs_n_sync\[1\],7.84µm
spi_ctrl.tx_stage\[9\],7.84µm
_05949_,7.48µm
_05836_,7.43µm
_05876_,7.43µm
_09379_,7.43µm
_12051_,7.43µm
pp_inst.fifo_data\[37\]\[25\],7.43µm
pp_inst.fifo_data\[50\]\[18\],7.43µm
_00228_,7.38µm
_00532_,7.38µm
_01701_,7.38µm
_03127_,7.38µm
_04209_,7.38µm
_04770_,7.38µm
_04814_,7.38µm
_05110_,7.38µm
_05185_,7.38µm
_06048_,7.38µm
_07160_,7.38µm
_07799_,7.38µm
_08143_,7.38µm
_09115_,7.38µm
_10172_,7.38µm
_10320_,7.38µm
_10394_,7.38µm
_10399_,7.38µm
_11502_,7.38µm
pp_inst.fifo_data\[19\]\[22\],7.38µm
pp_inst.fifo_data\[27\]\[18\],7.38µm
pp_inst.fifo_data\[32\]\[22\],7.38µm
pp_inst.fifo_data\[3\]\[26\],7.38µm
spi_ctrl.tx_shift_reg\[17\],7.38µm
_00225_,7.33µm
_00341_,7.33µm
_00672_,7.33µm
_00715_,7.33µm
_00842_,7.33µm
_00851_,7.33µm
_00935_,7.33µm
_00961_,7.33µm
_00966_,7.33µm
_00984_,7.33µm
_01039_,7.33µm
_01044_,7.33µm
_01092_,7.33µm
_01104_,7.33µm
_01150_,7.33µm
_01158_,7.33µm
_01210_,7.33µm
_01284_,7.33µm
_01292_,7.33µm
_01338_,7.33µm
_01342_,7.33µm
_01354_,7.33µm
_01363_,7.33µm
_01377_,7.33µm
_01394_,7.33µm
_01415_,7.33µm
_01477_,7.33µm
_01520_,7.33µm
_01542_,7.33µm
_01709_,7.33µm
_01747_,7.33µm
_01860_,7.33µm
_01926_,7.33µm
_01955_,7.33µm
_01972_,7.33µm
_01976_,7.33µm
_01994_,7.33µm
_02088_,7.33µm
_02169_,7.33µm
_02242_,7.33µm
_02259_,7.33µm
_02386_,7.33µm
_02474_,7.33µm
_02600_,7.33µm
_02680_,7.33µm
_02690_,7.33µm
_02718_,7.33µm
_02731_,7.33µm
_02843_,7.33µm
_02886_,7.33µm
_02907_,7.33µm
_02915_,7.33µm
_02937_,7.33µm
_02979_,7.33µm
_03025_,7.33µm
_03095_,7.33µm
_03154_,7.33µm
_03160_,7.33µm
_03166_,7.33µm
_03167_,7.33µm
_03229_,7.33µm
_03269_,7.33µm
_03279_,7.33µm
_03336_,7.33µm
_03340_,7.33µm
_03360_,7.33µm
_03413_,7.33µm
_03530_,7.33µm
_03545_,7.33µm
_03575_,7.33µm
_03652_,7.33µm
_03786_,7.33µm
_03791_,7.33µm
_03829_,7.33µm
_03976_,7.33µm
_04028_,7.33µm
_04056_,7.33µm
_04356_,7.33µm
_04650_,7.33µm
_04912_,7.33µm
_05096_,7.33µm
_05148_,7.33µm
_05152_,7.33µm
_05176_,7.33µm
_05215_,7.33µm
_05402_,7.33µm
_05435_,7.33µm
_05504_,7.33µm
_05506_,7.33µm
_05548_,7.33µm
_05664_,7.33µm
_05693_,7.33µm
_05782_,7.33µm
_05930_,7.33µm
_06074_,7.33µm
_06244_,7.33µm
_06257_,7.33µm
_06431_,7.33µm
_06502_,7.33µm
_06550_,7.33µm
_06712_,7.33µm
_06847_,7.33µm
_06912_,7.33µm
_07117_,7.33µm
_07378_,7.33µm
_07673_,7.33µm
_07986_,7.33µm
_08066_,7.33µm
_08623_,7.33µm
_08686_,7.33µm
_08774_,7.33µm
_08792_,7.33µm
_09126_,7.33µm
_10225_,7.33µm
_10228_,7.33µm
_10264_,7.33µm
_10282_,7.33µm
_10544_,7.33µm
_10546_,7.33µm
_10588_,7.33µm
_10961_,7.33µm
_10984_,7.33µm
_11005_,7.33µm
_11060_,7.33µm
_11126_,7.33µm
_11323_,7.33µm
_11446_,7.33µm
_11613_,7.33µm
_11618_,7.33µm
_11716_,7.33µm
_11804_,7.33µm
_11809_,7.33µm
pp_inst.core_inst.reg_state_i.data_d\[118\],7.33µm
pp_inst.core_inst.reg_state_i.data_d\[123\],7.33µm
pp_inst.core_inst.reg_state_i.data_d\[138\],7.33µm
pp_inst.core_inst.reg_state_i.data_d\[160\],7.33µm
pp_inst.core_inst.reg_state_i.data_d\[223\],7.33µm
pp_inst.fifo_data\[19\]\[13\],7.33µm
pp_inst.fifo_data\[37\]\[27\],7.33µm
pp_inst.fifo_data\[41\]\[9\],7.33µm
pp_inst.fifo_data\[4\]\[0\],7.33µm
pp_inst.fifo_data\[61\]\[0\],7.33µm
spi_ctrl.cs_rise_comb,7.33µm
spi_phy.tx_reg\[1\],7.33µm
spi_phy.tx_reg\[3\],7.33µm
_00047_,7.28µm
_00100_,7.28µm
_00131_,7.28µm
_00150_,7.28µm
_00344_,7.28µm
_00476_,7.28µm
_00675_,7.28µm
_00951_,7.28µm
_00992_,7.28µm
_01040_,7.28µm
_01079_,7.28µm
_01103_,7.28µm
_01111_,7.28µm
_01146_,7.28µm
_01148_,7.28µm
_01170_,7.28µm
_01184_,7.28µm
_01193_,7.28µm
_01199_,7.28µm
_01231_,7.28µm
_01251_,7.28µm
_01265_,7.28µm
_01450_,7.28µm
_01543_,7.28µm
_01598_,7.28µm
_01711_,7.28µm
_01821_,7.28µm
_01872_,7.28µm
_01999_,7.28µm
_02011_,7.28µm
_02027_,7.28µm
_02049_,7.28µm
_02065_,7.28µm
_02119_,7.28µm
_02184_,7.28µm
_02210_,7.28µm
_02315_,7.28µm
_02366_,7.28µm
_02461_,7.28µm
_02513_,7.28µm
_02522_,7.28µm
_02541_,7.28µm
_02618_,7.28µm
_02664_,7.28µm
_02726_,7.28µm
_02751_,7.28µm
_02790_,7.28µm
_02881_,7.28µm
_02943_,7.28µm
_02949_,7.28µm
_03026_,7.28µm
_03034_,7.28µm
_03117_,7.28µm
_03210_,7.28µm
_03220_,7.28µm
_03314_,7.28µm
_03415_,7.28µm
_03419_,7.28µm
_03493_,7.28µm
_03522_,7.28µm
_03535_,7.28µm
_03623_,7.28µm
_03638_,7.28µm
_03678_,7.28µm
_03679_,7.28µm
_03759_,7.28µm
_03764_,7.28µm
_03789_,7.28µm
_03796_,7.28µm
_03858_,7.28µm
_03867_,7.28µm
_03906_,7.28µm
_03960_,7.28µm
_04035_,7.28µm
_04038_,7.28µm
_04210_,7.28µm
_04222_,7.28µm
_04353_,7.28µm
_04489_,7.28µm
_04604_,7.28µm
_04620_,7.28µm
_04746_,7.28µm
_04778_,7.28µm
_04852_,7.28µm
_04998_,7.28µm
_05002_,7.28µm
_05064_,7.28µm
_05117_,7.28µm
_05121_,7.28µm
_05252_,7.28µm
_05330_,7.28µm
_05369_,7.28µm
_05459_,7.28µm
_05503_,7.28µm
_05513_,7.28µm
_05592_,7.28µm
_05641_,7.28µm
_05684_,7.28µm
_05712_,7.28µm
_05742_,7.28µm
_05821_,7.28µm
_05844_,7.28µm
_05905_,7.28µm
_05919_,7.28µm
_05964_,7.28µm
_06007_,7.28µm
_06198_,7.28µm
_06231_,7.28µm
_06253_,7.28µm
_06256_,7.28µm
_06359_,7.28µm
_06415_,7.28µm
_06416_,7.28µm
_06561_,7.28µm
_06576_,7.28µm
_06615_,7.28µm
_06648_,7.28µm
_06700_,7.28µm
_06725_,7.28µm
_06728_,7.28µm
_06747_,7.28µm
_06786_,7.28µm
_06851_,7.28µm
_06956_,7.28µm
_07082_,7.28µm
_07105_,7.28µm
_07184_,7.28µm
_07245_,7.28µm
_07256_,7.28µm
_07316_,7.28µm
_07404_,7.28µm
_07455_,7.28µm
_07486_,7.28µm
_07497_,7.28µm
_07557_,7.28µm
_07574_,7.28µm
_07595_,7.28µm
_07668_,7.28µm
_07701_,7.28µm
_07702_,7.28µm
_07753_,7.28µm
_07828_,7.28µm
_07865_,7.28µm
_07867_,7.28µm
_07959_,7.28µm
_07964_,7.28µm
_08154_,7.28µm
_08164_,7.28µm
_08176_,7.28µm
_08180_,7.28µm
_08263_,7.28µm
_08289_,7.28µm
_08311_,7.28µm
_08321_,7.28µm
_08325_,7.28µm
_08385_,7.28µm
_08396_,7.28µm
_08428_,7.28µm
_08454_,7.28µm
_08484_,7.28µm
_08551_,7.28µm
_08646_,7.28µm
_08649_,7.28µm
_08661_,7.28µm
_08692_,7.28µm
_08811_,7.28µm
_08820_,7.28µm
_08865_,7.28µm
_08879_,7.28µm
_08889_,7.28µm
_08936_,7.28µm
_08970_,7.28µm
_08979_,7.28µm
_08989_,7.28µm
_09102_,7.28µm
_09235_,7.28µm
_09427_,7.28µm
_09859_,7.28µm
_09971_,7.28µm
_10071_,7.28µm
_10152_,7.28µm
_10186_,7.28µm
_10351_,7.28µm
_10407_,7.28µm
_10463_,7.28µm
_10545_,7.28µm
_10605_,7.28µm
_10628_,7.28µm
_10724_,7.28µm
_10756_,7.28µm
_10763_,7.28µm
_10853_,7.28µm
_10954_,7.28µm
_10974_,7.28µm
_10977_,7.28µm
_11030_,7.28µm
_11036_,7.28µm
_11318_,7.28µm
_11418_,7.28µm
_11419_,7.28µm
_11424_,7.28µm
_11430_,7.28µm
_11443_,7.28µm
_11470_,7.28µm
_11486_,7.28µm
_11542_,7.28µm
_11552_,7.28µm
_11582_,7.28µm
_11685_,7.28µm
_11833_,7.28µm
_11862_,7.28µm
_11914_,7.28µm
_12267_,7.28µm
_12316_,7.28µm
_12318_,7.28µm
pp_inst.core_inst.reg_state_i.data_d\[149\],7.28µm
pp_inst.core_inst.reg_state_i.data_d\[210\],7.28µm
pp_inst.fifo_data\[26\]\[12\],7.28µm
pp_inst.fifo_data\[40\]\[22\],7.28µm
pp_inst.fifo_data\[9\]\[0\],7.28µm
_06211_,6.87µm
spi_ctrl.tx_shift_reg\[20\],6.87µm
_00508_,6.82µm
_00630_,6.82µm
_01090_,6.82µm
_03391_,6.82µm
_03586_,6.82µm
_03667_,6.82µm
_04278_,6.82µm
_04476_,6.82µm
_04757_,6.82µm
_04950_,6.82µm
_05076_,6.82µm
_06075_,6.82µm
_06126_,6.82µm
_06836_,6.82µm
_07044_,6.82µm
_07320_,6.82µm
_07427_,6.82µm
_07591_,6.82µm
_07850_,6.82µm
_07979_,6.82µm
_08179_,6.82µm
_08506_,6.82µm
_09152_,6.82µm
_09929_,6.82µm
_10886_,6.82µm
_11628_,6.82µm
_11668_,6.82µm
_11789_,6.82µm
_11868_,6.82µm
_11901_,6.82µm
_11985_,6.82µm
_12052_,6.82µm
pp_inst.fifo_data\[20\]\[24\],6.82µm
pp_inst.fifo_data\[32\]\[7\],6.82µm
pp_inst.fifo_data\[33\]\[26\],6.82µm
_00034_,6.77µm
_00109_,6.77µm
_00159_,6.77µm
_00300_,6.77µm
_00347_,6.77µm
_00404_,6.77µm
_00526_,6.77µm
_00627_,6.77µm
_00733_,6.77µm
_00876_,6.77µm
_01047_,6.77µm
_01049_,6.77µm
_01083_,6.77µm
_01129_,6.77µm
_01295_,6.77µm
_01323_,6.77µm
_01368_,6.77µm
_01441_,6.77µm
_01491_,6.77µm
_01493_,6.77µm
_01610_,6.77µm
_01645_,6.77µm
_01653_,6.77µm
_01670_,6.77µm
_01672_,6.77µm
_01682_,6.77µm
_01729_,6.77µm
_01819_,6.77µm
_01848_,6.77µm
_01885_,6.77µm
_02014_,6.77µm
_02020_,6.77µm
_02029_,6.77µm
_02068_,6.77µm
_02096_,6.77µm
_02174_,6.77µm
_02225_,6.77µm
_02274_,6.77µm
_02300_,6.77µm
_02340_,6.77µm
_02416_,6.77µm
_02453_,6.77µm
_02472_,6.77µm
_02544_,6.77µm
_02552_,6.77µm
_02627_,6.77µm
_02658_,6.77µm
_02685_,6.77µm
_02691_,6.77µm
_02705_,6.77µm
_02757_,6.77µm
_02814_,6.77µm
_02833_,6.77µm
_02845_,6.77µm
_02884_,6.77µm
_03089_,6.77µm
_03141_,6.77µm
_03179_,6.77µm
_03188_,6.77µm
_03221_,6.77µm
_03356_,6.77µm
_03367_,6.77µm
_03674_,6.77µm
_03715_,6.77µm
_03784_,6.77µm
_03985_,6.77µm
_04058_,6.77µm
_04119_,6.77µm
_04191_,6.77µm
_04701_,6.77µm
_04752_,6.77µm
_04817_,6.77µm
_04975_,6.77µm
_05009_,6.77µm
_05063_,6.77µm
_05187_,6.77µm
_05253_,6.77µm
_05302_,6.77µm
_05315_,6.77µm
_05374_,6.77µm
_05529_,6.77µm
_05556_,6.77µm
_05656_,6.77µm
_05735_,6.77µm
_05808_,6.77µm
_05859_,6.77µm
_05931_,6.77µm
_06177_,6.77µm
_06364_,6.77µm
_06406_,6.77µm
_06557_,6.77µm
_06575_,6.77µm
_06843_,6.77µm
_06865_,6.77µm
_06911_,6.77µm
_07028_,6.77µm
_07068_,6.77µm
_07147_,6.77µm
_07171_,6.77µm
_07181_,6.77µm
_07203_,6.77µm
_07269_,6.77µm
_07357_,6.77µm
_07446_,6.77µm
_07615_,6.77µm
_07797_,6.77µm
_07816_,6.77µm
_07912_,6.77µm
_07967_,6.77µm
_07971_,6.77µm
_08292_,6.77µm
_08315_,6.77µm
_08858_,6.77µm
_09009_,6.77µm
_09048_,6.77µm
_09116_,6.77µm
_10290_,6.77µm
_10363_,6.77µm
_10479_,6.77µm
_10501_,6.77µm
_10549_,6.77µm
_10772_,6.77µm
_10787_,6.77µm
_10825_,6.77µm
_10841_,6.77µm
_10935_,6.77µm
_11109_,6.77µm
_11384_,6.77µm
_11406_,6.77µm
_11464_,6.77µm
_11560_,6.77µm
_11642_,6.77µm
_11667_,6.77µm
_11734_,6.77µm
_11796_,6.77µm
_11814_,6.77µm
_11858_,6.77µm
_11911_,6.77µm
_11931_,6.77µm
_11932_,6.77µm
_12023_,6.77µm
pp_inst.core_inst.reg_state_i.data_d\[121\],6.77µm
pp_inst.core_inst.reg_state_i.data_d\[157\],6.77µm
pp_inst.core_inst.reg_state_i.data_d\[224\],6.77µm
pp_inst.core_inst.reg_state_i.data_d\[240\],6.77µm
pp_inst.core_inst.reg_state_i.data_d\[69\],6.77µm
pp_inst.core_inst.reg_state_i.data_d\[82\],6.77µm
pp_inst.core_inst.reg_state_i.data_d\[92\],6.77µm
pp_inst.fifo_data\[11\]\[26\],6.77µm
_00012_,6.72µm
_00022_,6.72µm
_00036_,6.72µm
_00110_,6.72µm
_00406_,6.72µm
_00661_,6.72µm
_00708_,6.72µm
_00847_,6.72µm
_00848_,6.72µm
_00969_,6.72µm
_01016_,6.72µm
_01038_,6.72µm
_01061_,6.72µm
_01226_,6.72µm
_01233_,6.72µm
_01253_,6.72µm
_01270_,6.72µm
_01272_,6.72µm
_01293_,6.72µm
_01306_,6.72µm
_01308_,6.72µm
_01523_,6.72µm
_01561_,6.72µm
_01681_,6.72µm
_01846_,6.72µm
_01946_,6.72µm
_01951_,6.72µm
_02022_,6.72µm
_02112_,6.72µm
_02113_,6.72µm
_02147_,6.72µm
_02211_,6.72µm
_02247_,6.72µm
_02258_,6.72µm
_02302_,6.72µm
_02338_,6.72µm
_02368_,6.72µm
_02374_,6.72µm
_02585_,6.72µm
_02642_,6.72µm
_02817_,6.72µm
_02842_,6.72µm
_02936_,6.72µm
_02940_,6.72µm
_03030_,6.72µm
_03075_,6.72µm
_03140_,6.72µm
_03150_,6.72µm
_03240_,6.72µm
_03304_,6.72µm
_03309_,6.72µm
_03358_,6.72µm
_03421_,6.72µm
_03448_,6.72µm
_03476_,6.72µm
_03538_,6.72µm
_03552_,6.72µm
_03572_,6.72µm
_03676_,6.72µm
_03705_,6.72µm
_03719_,6.72µm
_04063_,6.72µm
_04075_,6.72µm
_04304_,6.72µm
_04399_,6.72µm
_04408_,6.72µm
_04435_,6.72µm
_04551_,6.72µm
_04597_,6.72µm
_04786_,6.72µm
_04847_,6.72µm
_04902_,6.72µm
_04928_,6.72µm
_05093_,6.72µm
_05120_,6.72µm
_05130_,6.72µm
_05143_,6.72µm
_05189_,6.72µm
_05321_,6.72µm
_05430_,6.72µm
_05515_,6.72µm
_05602_,6.72µm
_05611_,6.72µm
_05615_,6.72µm
_05661_,6.72µm
_05701_,6.72µm
_05721_,6.72µm
_05888_,6.72µm
_05913_,6.72µm
_06034_,6.72µm
_06058_,6.72µm
_06064_,6.72µm
_06083_,6.72µm
_06171_,6.72µm
_06186_,6.72µm
_06195_,6.72µm
_06220_,6.72µm
_06274_,6.72µm
_06289_,6.72µm
_06346_,6.72µm
_06378_,6.72µm
_06404_,6.72µm
_06408_,6.72µm
_06429_,6.72µm
_06505_,6.72µm
_06532_,6.72µm
_06573_,6.72µm
_06608_,6.72µm
_06632_,6.72µm
_06671_,6.72µm
_06787_,6.72µm
_06882_,6.72µm
_07039_,6.72µm
_07086_,6.72µm
_07111_,6.72µm
_07113_,6.72µm
_07185_,6.72µm
_07336_,6.72µm
_07379_,6.72µm
_07390_,6.72µm
_07512_,6.72µm
_07582_,6.72µm
_07630_,6.72µm
_07646_,6.72µm
_07655_,6.72µm
_07674_,6.72µm
_07757_,6.72µm
_07772_,6.72µm
_07824_,6.72µm
_07882_,6.72µm
_07883_,6.72µm
_07926_,6.72µm
_07945_,6.72µm
_07946_,6.72µm
_07962_,6.72µm
_07990_,6.72µm
_07994_,6.72µm
_08028_,6.72µm
_08047_,6.72µm
_08096_,6.72µm
_08098_,6.72µm
_08158_,6.72µm
_08222_,6.72µm
_08246_,6.72µm
_08255_,6.72µm
_08258_,6.72µm
_08295_,6.72µm
_08326_,6.72µm
_08344_,6.72µm
_08351_,6.72µm
_08395_,6.72µm
_08400_,6.72µm
_08453_,6.72µm
_08472_,6.72µm
_08547_,6.72µm
_08557_,6.72µm
_08656_,6.72µm
_08691_,6.72µm
_08693_,6.72µm
_08726_,6.72µm
_08754_,6.72µm
_08764_,6.72µm
_08789_,6.72µm
_08834_,6.72µm
_08836_,6.72µm
_08840_,6.72µm
_08914_,6.72µm
_08923_,6.72µm
_08942_,6.72µm
_08967_,6.72µm
_08995_,6.72µm
_09022_,6.72µm
_09046_,6.72µm
_09151_,6.72µm
_09190_,6.72µm
_09391_,6.72µm
_09629_,6.72µm
_09668_,6.72µm
_09913_,6.72µm
_10053_,6.72µm
_10096_,6.72µm
_10101_,6.72µm
_10149_,6.72µm
_10165_,6.72µm
_10177_,6.72µm
_10195_,6.72µm
_10312_,6.72µm
_10334_,6.72µm
_10342_,6.72µm
_10383_,6.72µm
_10404_,6.72µm
_10494_,6.72µm
_10503_,6.72µm
_10504_,6.72µm
_10505_,6.72µm
_10561_,6.72µm
_10637_,6.72µm
_10683_,6.72µm
_10694_,6.72µm
_10782_,6.72µm
_10989_,6.72µm
_11007_,6.72µm
_11064_,6.72µm
_11110_,6.72µm
_11144_,6.72µm
_11177_,6.72µm
_11206_,6.72µm
_11350_,6.72µm
_11457_,6.72µm
_11468_,6.72µm
_11481_,6.72µm
_11537_,6.72µm
_11558_,6.72µm
_11572_,6.72µm
_11622_,6.72µm
_11711_,6.72µm
_11735_,6.72µm
_11803_,6.72µm
_11827_,6.72µm
_11882_,6.72µm
_11890_,6.72µm
_11941_,6.72µm
_12030_,6.72µm
_12320_,6.72µm
_12353_,6.72µm
pp_inst.core_inst.reg_state_i.data_d\[114\],6.72µm
pp_inst.core_inst.reg_state_i.data_d\[158\],6.72µm
pp_inst.core_inst.reg_state_i.data_d\[178\],6.72µm
pp_inst.core_inst.reg_state_i.data_d\[226\],6.72µm
pp_inst.core_inst.reg_state_i.data_d\[98\],6.72µm
pp_inst.fifo_data\[10\]\[15\],6.72µm
pp_inst.fifo_data\[10\]\[22\],6.72µm
pp_inst.fifo_data\[13\]\[3\],6.72µm
pp_inst.fifo_data\[1\]\[14\],6.72µm
pp_inst.fifo_data\[22\]\[24\],6.72µm
pp_inst.fifo_data\[43\]\[6\],6.72µm
pp_inst.fifo_data\[44\]\[21\],6.72µm
pp_inst.fifo_data\[5\]\[25\],6.72µm
pp_inst.fifo_data\[62\]\[30\],6.72µm
spi_ctrl.tx_stage\[18\],6.72µm
spi_ctrl.tx_stage\[23\],6.72µm
rst,6.58µm
_05608_,6.44µm
_02431_,6.31µm
_06239_,6.31µm
_06713_,6.31µm
_00152_,6.26µm
_00506_,6.26µm
_00622_,6.26µm
_00625_,6.26µm
_00665_,6.26µm
_01325_,6.26µm
_01527_,6.26µm
_01692_,6.26µm
_02423_,6.26µm
_02424_,6.26µm
_02509_,6.26µm
_02696_,6.26µm
_04107_,6.26µm
_05825_,6.26µm
_06070_,6.26µm
_06091_,6.26µm
_06472_,6.26µm
_06689_,6.26µm
_06878_,6.26µm
_07604_,6.26µm
_07685_,6.26µm
_08977_,6.26µm
_09277_,6.26µm
_10576_,6.26µm
_10819_,6.26µm
_11313_,6.26µm
_11326_,6.26µm
_11720_,6.26µm
_12128_,6.26µm
pp_inst.core_inst.reg_state_i.data_d\[207\],6.26µm
pp_inst.fifo_data\[18\]\[12\],6.26µm
spi_ctrl.tx_shift_reg\[30\],6.26µm
_00038_,6.21µm
_00149_,6.21µm
_00292_,6.21µm
_00467_,6.21µm
_00496_,6.21µm
_00531_,6.21µm
_00552_,6.21µm
_00561_,6.21µm
_00571_,6.21µm
_00620_,6.21µm
_00836_,6.21µm
_00907_,6.21µm
_00953_,6.21µm
_00971_,6.21µm
_00972_,6.21µm
_00985_,6.21µm
_01105_,6.21µm
_01145_,6.21µm
_01246_,6.21µm
_01267_,6.21µm
_01288_,6.21µm
_01357_,6.21µm
_01382_,6.21µm
_01410_,6.21µm
_01421_,6.21µm
_01465_,6.21µm
_01635_,6.21µm
_01698_,6.21µm
_01704_,6.21µm
_01706_,6.21µm
_01826_,6.21µm
_01856_,6.21µm
_01980_,6.21µm
_02024_,6.21µm
_02041_,6.21µm
_02050_,6.21µm
_02104_,6.21µm
_02111_,6.21µm
_02129_,6.21µm
_02133_,6.21µm
_02183_,6.21µm
_02190_,6.21µm
_02233_,6.21µm
_02278_,6.21µm
_02282_,6.21µm
_02303_,6.21µm
_02323_,6.21µm
_02361_,6.21µm
_02369_,6.21µm
_02399_,6.21µm
_02422_,6.21µm
_02430_,6.21µm
_02556_,6.21µm
_02563_,6.21µm
_02629_,6.21µm
_02912_,6.21µm
_02950_,6.21µm
_03010_,6.21µm
_03053_,6.21µm
_03109_,6.21µm
_03234_,6.21µm
_03299_,6.21µm
_03335_,6.21µm
_03351_,6.21µm
_03439_,6.21µm
_03691_,6.21µm
_03818_,6.21µm
_03915_,6.21µm
_03969_,6.21µm
_04070_,6.21µm
_04084_,6.21µm
_04257_,6.21µm
_04273_,6.21µm
_04310_,6.21µm
_04385_,6.21µm
_04618_,6.21µm
_04721_,6.21µm
_04801_,6.21µm
_04904_,6.21µm
_05091_,6.21µm
_05160_,6.21µm
_05174_,6.21µm
_05286_,6.21µm
_05319_,6.21µm
_05324_,6.21µm
_05365_,6.21µm
_05393_,6.21µm
_05482_,6.21µm
_05627_,6.21µm
_05644_,6.21µm
_05737_,6.21µm
_05771_,6.21µm
_05854_,6.21µm
_05855_,6.21µm
_06081_,6.21µm
_06084_,6.21µm
_06127_,6.21µm
_06151_,6.21µm
_06156_,6.21µm
_06330_,6.21µm
_06418_,6.21µm
_06471_,6.21µm
_06488_,6.21µm
_06490_,6.21µm
_06565_,6.21µm
_06726_,6.21µm
_06736_,6.21µm
_06742_,6.21µm
_06895_,6.21µm
_06963_,6.21µm
_07112_,6.21µm
_07858_,6.21µm
_07879_,6.21µm
_08127_,6.21µm
_08142_,6.21µm
_08226_,6.21µm
_08782_,6.21µm
_08915_,6.21µm
_09670_,6.21µm
_09680_,6.21µm
_09716_,6.21µm
_09855_,6.21µm
_10143_,6.21µm
_10406_,6.21µm
_10425_,6.21µm
_10495_,6.21µm
_10514_,6.21µm
_10781_,6.21µm
_10891_,6.21µm
_10939_,6.21µm
_11163_,6.21µm
_11332_,6.21µm
_11553_,6.21µm
_11573_,6.21µm
_11609_,6.21µm
_11652_,6.21µm
_11682_,6.21µm
_11683_,6.21µm
_11808_,6.21µm
_11865_,6.21µm
_11886_,6.21µm
_12355_,6.21µm
pp_inst.core_inst.reg_state_i.data_d\[152\],6.21µm
pp_inst.core_inst.reg_state_i.data_d\[155\],6.21µm
pp_inst.core_inst.reg_state_i.data_d\[73\],6.21µm
pp_inst.core_inst.reg_state_i.data_d\[78\],6.21µm
_00035_,6.16µm
_00301_,6.16µm
_00330_,6.16µm
_00351_,6.16µm
_00453_,6.16µm
_00466_,6.16µm
_00538_,6.16µm
_00613_,6.16µm
_00688_,6.16µm
_00713_,6.16µm
_00738_,6.16µm
_00768_,6.16µm
_00784_,6.16µm
_00841_,6.16µm
_00888_,6.16µm
_00949_,6.16µm
_00964_,6.16µm
_01055_,6.16µm
_01114_,6.16µm
_01171_,6.16µm
_01181_,6.16µm
_01191_,6.16µm
_01201_,6.16µm
_01204_,6.16µm
_01242_,6.16µm
_01384_,6.16µm
_01407_,6.16µm
_01439_,6.16µm
_01589_,6.16µm
_01621_,6.16µm
_01680_,6.16µm
_01733_,6.16µm
_01780_,6.16µm
_01809_,6.16µm
_01814_,6.16µm
_01843_,6.16µm
_01859_,6.16µm
_01948_,6.16µm
_01967_,6.16µm
_01974_,6.16µm
_01998_,6.16µm
_02051_,6.16µm
_02064_,6.16µm
_02118_,6.16µm
_02209_,6.16µm
_02270_,6.16µm
_02334_,6.16µm
_02346_,6.16µm
_02467_,6.16µm
_02590_,6.16µm
_02699_,6.16µm
_02727_,6.16µm
_02867_,6.16µm
_02898_,6.16µm
_02901_,6.16µm
_02906_,6.16µm
_02914_,6.16µm
_02922_,6.16µm
_02925_,6.16µm
_02947_,6.16µm
_02957_,6.16µm
_03098_,6.16µm
_03155_,6.16µm
_03169_,6.16µm
_03171_,6.16µm
_03228_,6.16µm
_03616_,6.16µm
_03661_,6.16µm
_03664_,6.16µm
_03709_,6.16µm
_03898_,6.16µm
_04044_,6.16µm
_04237_,6.16µm
_04288_,6.16µm
_04845_,6.16µm
_04974_,6.16µm
_05028_,6.16µm
_05046_,6.16µm
_05080_,6.16µm
_05115_,6.16µm
_05134_,6.16µm
_05171_,6.16µm
_05210_,6.16µm
_05240_,6.16µm
_05279_,6.16µm
_05290_,6.16µm
_05451_,6.16µm
_05457_,6.16µm
_05547_,6.16µm
_05643_,6.16µm
_05750_,6.16µm
_05780_,6.16µm
_05811_,6.16µm
_05824_,6.16µm
_05867_,6.16µm
_06056_,6.16µm
_06185_,6.16µm
_06212_,6.16µm
_06230_,6.16µm
_06233_,6.16µm
_06250_,6.16µm
_06258_,6.16µm
_06287_,6.16µm
_06485_,6.16µm
_06518_,6.16µm
_06784_,6.16µm
_06925_,6.16µm
_06973_,6.16µm
_07148_,6.16µm
_07547_,6.16µm
_07564_,6.16µm
_07713_,6.16µm
_07927_,6.16µm
_07988_,6.16µm
_08113_,6.16µm
_08187_,6.16µm
_08361_,6.16µm
_08536_,6.16µm
_08620_,6.16µm
_09697_,6.16µm
_09882_,6.16µm
_09986_,6.16µm
_10103_,6.16µm
_10182_,6.16µm
_10235_,6.16µm
_10244_,6.16µm
_10462_,6.16µm
_10464_,6.16µm
_10585_,6.16µm
_10679_,6.16µm
_10725_,6.16µm
_10804_,6.16µm
_11055_,6.16µm
_11062_,6.16µm
_11140_,6.16µm
_11171_,6.16µm
_11236_,6.16µm
_11268_,6.16µm
_11398_,6.16µm
_11429_,6.16µm
_11476_,6.16µm
_11489_,6.16µm
_11583_,6.16µm
_11671_,6.16µm
_11695_,6.16µm
_11703_,6.16µm
_11715_,6.16µm
_11758_,6.16µm
_11792_,6.16µm
_11812_,6.16µm
_11953_,6.16µm
_12297_,6.16µm
_12350_,6.16µm
_12352_,6.16µm
bdi\[10\],6.16µm
pp_inst.core_inst.reg_state_i.data_d\[105\],6.16µm
pp_inst.core_inst.reg_state_i.data_d\[89\],6.16µm
pp_inst.fifo_data\[24\]\[8\],6.16µm
pp_inst.fifo_data\[36\]\[12\],6.16µm
pp_inst.fifo_data\[40\]\[30\],6.16µm
_04795_,5.93µm
_01914_,5.75µm
_09746_,5.75µm
_10612_,5.75µm
_00494_,5.7µm
_01093_,5.7µm
_03479_,5.7µm
_03566_,5.7µm
_04094_,5.7µm
_04834_,5.7µm
_04996_,5.7µm
_05419_,5.7µm
_05768_,5.7µm
_05796_,5.7µm
_05820_,5.7µm
_06473_,5.7µm
_07063_,5.7µm
_07158_,5.7µm
_07362_,5.7µm
_07610_,5.7µm
_08224_,5.7µm
_08643_,5.7µm
_08804_,5.7µm
_09499_,5.7µm
_10274_,5.7µm
_10427_,5.7µm
_10517_,5.7µm
_10626_,5.7µm
_10934_,5.7µm
_11600_,5.7µm
_11660_,5.7µm
_11751_,5.7µm
_11910_,5.7µm
_12040_,5.7µm
_12112_,5.7µm
pp_inst.fifo_data\[35\]\[7\],5.7µm
_00103_,5.65µm
_00181_,5.65µm
_00278_,5.65µm
_00306_,5.65µm
_00445_,5.65µm
_00454_,5.65µm
_00471_,5.65µm
_00681_,5.65µm
_00867_,5.65µm
_00962_,5.65µm
_01141_,5.65µm
_01147_,5.65µm
_01205_,5.65µm
_01228_,5.65µm
_01252_,5.65µm
_01346_,5.65µm
_01348_,5.65µm
_01379_,5.65µm
_01383_,5.65µm
_01393_,5.65µm
_01528_,5.65µm
_01529_,5.65µm
_01533_,5.65µm
_01539_,5.65µm
_01553_,5.65µm
_01558_,5.65µm
_01578_,5.65µm
_01585_,5.65µm
_01603_,5.65µm
_01617_,5.65µm
_01626_,5.65µm
_01634_,5.65µm
_01721_,5.65µm
_01886_,5.65µm
_01891_,5.65µm
_01893_,5.65µm
_01894_,5.65µm
_01916_,5.65µm
_01919_,5.65µm
_02046_,5.65µm
_02059_,5.65µm
_02081_,5.65µm
_02149_,5.65µm
_02152_,5.65µm
_02201_,5.65µm
_02212_,5.65µm
_02213_,5.65µm
_02265_,5.65µm
_02291_,5.65µm
_02342_,5.65µm
_02468_,5.65µm
_02500_,5.65µm
_02501_,5.65µm
_02532_,5.65µm
_02560_,5.65µm
_02566_,5.65µm
_02626_,5.65µm
_02649_,5.65µm
_02686_,5.65µm
_02687_,5.65µm
_02706_,5.65µm
_02707_,5.65µm
_02749_,5.65µm
_02752_,5.65µm
_02754_,5.65µm
_02810_,5.65µm
_02893_,5.65µm
_02946_,5.65µm
_02952_,5.65µm
_02973_,5.65µm
_03021_,5.65µm
_03096_,5.65µm
_03106_,5.65µm
_03114_,5.65µm
_03144_,5.65µm
_03147_,5.65µm
_03181_,5.65µm
_03233_,5.65µm
_03237_,5.65µm
_03301_,5.65µm
_03403_,5.65µm
_03430_,5.65µm
_03602_,5.65µm
_03748_,5.65µm
_03760_,5.65µm
_03939_,5.65µm
_04498_,5.65µm
_04642_,5.65µm
_04855_,5.65µm
_04982_,5.65µm
_05031_,5.65µm
_05047_,5.65µm
_05085_,5.65µm
_05289_,5.65µm
_05442_,5.65µm
_05531_,5.65µm
_05552_,5.65µm
_05648_,5.65µm
_05709_,5.65µm
_05849_,5.65µm
_05921_,5.65µm
_06017_,5.65µm
_06049_,5.65µm
_06059_,5.65µm
_06268_,5.65µm
_06327_,5.65µm
_06481_,5.65µm
_06509_,5.65µm
_06652_,5.65µm
_06706_,5.65µm
_06897_,5.65µm
_06959_,5.65µm
_07183_,5.65µm
_07521_,5.65µm
_07560_,5.65µm
_07625_,5.65µm
_07815_,5.65µm
_07863_,5.65µm
_07866_,5.65µm
_07898_,5.65µm
_08032_,5.65µm
_08114_,5.65µm
_08150_,5.65µm
_08208_,5.65µm
_08520_,5.65µm
_08525_,5.65µm
_08685_,5.65µm
_08724_,5.65µm
_08805_,5.65µm
_08987_,5.65µm
_09195_,5.65µm
_10013_,5.65µm
_10147_,5.65µm
_10187_,5.65µm
_10459_,5.65µm
_10542_,5.65µm
_10547_,5.65µm
_10776_,5.65µm
_11002_,5.65µm
_11143_,5.65µm
_11380_,5.65µm
_11681_,5.65µm
_11843_,5.65µm
_11942_,5.65µm
_11983_,5.65µm
_11993_,5.65µm
pp_inst.core_inst.reg_state_i.data_d\[137\],5.65µm
_00003_,5.6µm
_00046_,5.6µm
_00054_,5.6µm
_00099_,5.6µm
_00147_,5.6µm
_00316_,5.6µm
_00332_,5.6µm
_00380_,5.6µm
_00398_,5.6µm
_00449_,5.6µm
_00592_,5.6µm
_00635_,5.6µm
_00644_,5.6µm
_00678_,5.6µm
_00706_,5.6µm
_00710_,5.6µm
_00726_,5.6µm
_00728_,5.6µm
_00737_,5.6µm
_00792_,5.6µm
_00795_,5.6µm
_00863_,5.6µm
_00939_,5.6µm
_00944_,5.6µm
_00945_,5.6µm
_01112_,5.6µm
_01124_,5.6µm
_01143_,5.6µm
_01156_,5.6µm
_01234_,5.6µm
_01274_,5.6µm
_01333_,5.6µm
_01396_,5.6µm
_01413_,5.6µm
_01497_,5.6µm
_01595_,5.6µm
_01625_,5.6µm
_01648_,5.6µm
_01702_,5.6µm
_01749_,5.6µm
_01789_,5.6µm
_01867_,5.6µm
_01983_,5.6µm
_01986_,5.6µm
_01989_,5.6µm
_01997_,5.6µm
_02079_,5.6µm
_02120_,5.6µm
_02123_,5.6µm
_02187_,5.6µm
_02200_,5.6µm
_02205_,5.6µm
_02232_,5.6µm
_02268_,5.6µm
_02328_,5.6µm
_02343_,5.6µm
_02356_,5.6µm
_02433_,5.6µm
_02631_,5.6µm
_02634_,5.6µm
_02666_,5.6µm
_02694_,5.6µm
_02733_,5.6µm
_02737_,5.6µm
_02745_,5.6µm
_02750_,5.6µm
_02753_,5.6µm
_02773_,5.6µm
_02783_,5.6µm
_02882_,5.6µm
_02930_,5.6µm
_02989_,5.6µm
_03006_,5.6µm
_03193_,5.6µm
_03199_,5.6µm
_03213_,5.6µm
_03218_,5.6µm
_03327_,5.6µm
_03460_,5.6µm
_03497_,5.6µm
_03502_,5.6µm
_03567_,5.6µm
_04013_,5.6µm
_04081_,5.6µm
_04260_,5.6µm
_04324_,5.6µm
_04697_,5.6µm
_04767_,5.6µm
_04916_,5.6µm
_04939_,5.6µm
_05083_,5.6µm
_05163_,5.6µm
_05292_,5.6µm
_05308_,5.6µm
_05375_,5.6µm
_05425_,5.6µm
_05516_,5.6µm
_05628_,5.6µm
_05634_,5.6µm
_05675_,5.6µm
_05690_,5.6µm
_05725_,5.6µm
_05806_,5.6µm
_05819_,5.6µm
_05834_,5.6µm
_05858_,5.6µm
_05884_,5.6µm
_05903_,5.6µm
_06072_,5.6µm
_06205_,5.6µm
_06310_,5.6µm
_06347_,5.6µm
_06434_,5.6µm
_06586_,5.6µm
_06735_,5.6µm
_06785_,5.6µm
_06793_,5.6µm
_06835_,5.6µm
_06842_,5.6µm
_06861_,5.6µm
_06876_,5.6µm
_06936_,5.6µm
_06942_,5.6µm
_06949_,5.6µm
_07036_,5.6µm
_07049_,5.6µm
_07074_,5.6µm
_07075_,5.6µm
_07119_,5.6µm
_07242_,5.6µm
_07261_,5.6µm
_07263_,5.6µm
_07318_,5.6µm
_07371_,5.6µm
_07488_,5.6µm
_08030_,5.6µm
_08094_,5.6µm
_08189_,5.6µm
_08236_,5.6µm
_08407_,5.6µm
_08408_,5.6µm
_08459_,5.6µm
_08983_,5.6µm
_09135_,5.6µm
_09386_,5.6µm
_10049_,5.6µm
_10093_,5.6µm
_10153_,5.6µm
_10218_,5.6µm
_10343_,5.6µm
_10400_,5.6µm
_10458_,5.6µm
_10677_,5.6µm
_10693_,5.6µm
_10920_,5.6µm
_11035_,5.6µm
_11044_,5.6µm
_11050_,5.6µm
_11113_,5.6µm
_11157_,5.6µm
_11175_,5.6µm
_11385_,5.6µm
_11479_,5.6µm
_11522_,5.6µm
_11534_,5.6µm
_11571_,5.6µm
_11617_,5.6µm
_11624_,5.6µm
_11661_,5.6µm
_11740_,5.6µm
_11817_,5.6µm
_11821_,5.6µm
_11900_,5.6µm
_12013_,5.6µm
pp_inst.core_inst.reg_state_i.data_d\[192\],5.6µm
pp_inst.core_inst.reg_state_i.data_d\[228\],5.6µm
pp_inst.core_inst.reg_state_i.data_d\[67\],5.6µm
pp_inst.core_inst.reg_state_i.data_d\[76\],5.6µm
_04946_,5.37µm
_05655_,5.19µm
_06817_,5.19µm
_00090_,5.14µm
_00097_,5.14µm
_00119_,5.14µm
_00137_,5.14µm
_00294_,5.14µm
_00348_,5.14µm
_00349_,5.14µm
_00387_,5.14µm
_00470_,5.14µm
_00484_,5.14µm
_00533_,5.14µm
_00579_,5.14µm
_00585_,5.14µm
_00760_,5.14µm
_00783_,5.14µm
_00930_,5.14µm
_00932_,5.14µm
_04253_,5.14µm
_04958_,5.14µm
_05061_,5.14µm
_05078_,5.14µm
_05114_,5.14µm
_05234_,5.14µm
_05299_,5.14µm
_05349_,5.14µm
_05652_,5.14µm
_05758_,5.14µm
_05810_,5.14µm
_05885_,5.14µm
_05976_,5.14µm
_05997_,5.14µm
_06055_,5.14µm
_06499_,5.14µm
_06542_,5.14µm
_06952_,5.14µm
_06957_,5.14µm
_07064_,5.14µm
_07152_,5.14µm
_07375_,5.14µm
_07780_,5.14µm
_08043_,5.14µm
_08198_,5.14µm
_08218_,5.14µm
_08253_,5.14µm
_08418_,5.14µm
_08572_,5.14µm
_09129_,5.14µm
_09141_,5.14µm
_10094_,5.14µm
_10359_,5.14µm
_10639_,5.14µm
_11405_,5.14µm
_11491_,5.14µm
_11561_,5.14µm
_11774_,5.14µm
_11810_,5.14µm
_11859_,5.14µm
_11943_,5.14µm
_12106_,5.14µm
_00043_,5.09µm
_00072_,5.09µm
_00396_,5.09µm
_00411_,5.09µm
_00459_,5.09µm
_00479_,5.09µm
_00598_,5.09µm
_00668_,5.09µm
_00721_,5.09µm
_00739_,5.09µm
_00894_,5.09µm
_00916_,5.09µm
_00925_,5.09µm
_00954_,5.09µm
_01000_,5.09µm
_01014_,5.09µm
_01091_,5.09µm
_01094_,5.09µm
_01285_,5.09µm
_01312_,5.09µm
_01389_,5.09µm
_01403_,5.09µm
_01418_,5.09µm
_01451_,5.09µm
_01461_,5.09µm
_01476_,5.09µm
_01480_,5.09µm
_01549_,5.09µm
_01572_,5.09µm
_01581_,5.09µm
_01613_,5.09µm
_01636_,5.09µm
_01689_,5.09µm
_01735_,5.09µm
_01738_,5.09µm
_01831_,5.09µm
_01841_,5.09µm
_01864_,5.09µm
_01890_,5.09µm
_01928_,5.09µm
_01956_,5.09µm
_01971_,5.09µm
_02023_,5.09µm
_02026_,5.09µm
_02038_,5.09µm
_02052_,5.09µm
_02085_,5.09µm
_02102_,5.09µm
_02131_,5.09µm
_02173_,5.09µm
_02175_,5.09µm
_02216_,5.09µm
_02248_,5.09µm
_02275_,5.09µm
_02325_,5.09µm
_02329_,5.09µm
_02583_,5.09µm
_02584_,5.09µm
_02586_,5.09µm
_02621_,5.09µm
_02667_,5.09µm
_02725_,5.09µm
_02744_,5.09µm
_02780_,5.09µm
_02781_,5.09µm
_02911_,5.09µm
_02916_,5.09µm
_02954_,5.09µm
_03007_,5.09µm
_03035_,5.09µm
_03059_,5.09µm
_03061_,5.09µm
_03083_,5.09µm
_03091_,5.09µm
_03092_,5.09µm
_03110_,5.09µm
_03143_,5.09µm
_03185_,5.09µm
_03200_,5.09µm
_03267_,5.09µm
_03333_,5.09µm
_04284_,5.09µm
_04315_,5.09µm
_04787_,5.09µm
_05045_,5.09µm
_05136_,5.09µm
_05213_,5.09µm
_05230_,5.09µm
_05377_,5.09µm
_05632_,5.09µm
_05692_,5.09µm
_05711_,5.09µm
_05715_,5.09µm
_05894_,5.09µm
_05940_,5.09µm
_06003_,5.09µm
_06176_,5.09µm
_06180_,5.09µm
_06197_,5.09µm
_06246_,5.09µm
_06269_,5.09µm
_06385_,5.09µm
_06528_,5.09µm
_06544_,5.09µm
_06590_,5.09µm
_07768_,5.09µm
_08125_,5.09µm
_08160_,5.09µm
_08433_,5.09µm
_08516_,5.09µm
_08560_,5.09µm
_10136_,5.09µm
_10350_,5.09µm
_10938_,5.09µm
_11410_,5.09µm
_11435_,5.09µm
_11598_,5.09µm
pp_inst.core_inst.reg_state_i.data_d\[204\],5.09µm
_00098_,5.04µm
_00129_,5.04µm
_00146_,5.04µm
_00151_,5.04µm
_00156_,5.04µm
_00164_,5.04µm
_00202_,5.04µm
_00303_,5.04µm
_00403_,5.04µm
_00426_,5.04µm
_00455_,5.04µm
_00463_,5.04µm
_00478_,5.04µm
_00483_,5.04µm
_00574_,5.04µm
_00593_,5.04µm
_00638_,5.04µm
_00654_,5.04µm
_00723_,5.04µm
_00725_,5.04µm
_00745_,5.04µm
_00772_,5.04µm
_00774_,5.04µm
_00790_,5.04µm
_00897_,5.04µm
_00929_,5.04µm
_00940_,5.04µm
_00955_,5.04µm
_00965_,5.04µm
_00967_,5.04µm
_00968_,5.04µm
_01008_,5.04µm
_01035_,5.04µm
_01056_,5.04µm
_01084_,5.04µm
_01099_,5.04µm
_01142_,5.04µm
_01144_,5.04µm
_01151_,5.04µm
_01160_,5.04µm
_01173_,5.04µm
_01304_,5.04µm
_01434_,5.04µm
_01444_,5.04µm
_01541_,5.04µm
_01550_,5.04µm
_01557_,5.04µm
_01571_,5.04µm
_01575_,5.04µm
_01576_,5.04µm
_01586_,5.04µm
_01661_,5.04µm
_01697_,5.04µm
_01732_,5.04µm
_01750_,5.04µm
_01758_,5.04µm
_01762_,5.04µm
_01796_,5.04µm
_01830_,5.04µm
_01875_,5.04µm
_01922_,5.04µm
_01931_,5.04µm
_01977_,5.04µm
_02019_,5.04µm
_02045_,5.04µm
_02074_,5.04µm
_02082_,5.04µm
_02227_,5.04µm
_02244_,5.04µm
_02261_,5.04µm
_02298_,5.04µm
_02307_,5.04µm
_02336_,5.04µm
_02379_,5.04µm
_02400_,5.04µm
_02493_,5.04µm
_02495_,5.04µm
_02518_,5.04µm
_02531_,5.04µm
_02533_,5.04µm
_02547_,5.04µm
_02562_,5.04µm
_02602_,5.04µm
_02651_,5.04µm
_02722_,5.04µm
_02747_,5.04µm
_02789_,5.04µm
_02829_,5.04µm
_02854_,5.04µm
_02872_,5.04µm
_02876_,5.04µm
_03029_,5.04µm
_03043_,5.04µm
_03126_,5.04µm
_03161_,5.04µm
_03198_,5.04µm
_03250_,5.04µm
_03257_,5.04µm
_03261_,5.04µm
_03300_,5.04µm
_03341_,5.04µm
_03352_,5.04µm
_03450_,5.04µm
_03462_,5.04µm
_03634_,5.04µm
_03721_,5.04µm
_03807_,5.04µm
_03870_,5.04µm
_03904_,5.04µm
_03994_,5.04µm
_04159_,5.04µm
_04225_,5.04µm
_04275_,5.04µm
_04360_,5.04µm
_04520_,5.04µm
_04532_,5.04µm
_04640_,5.04µm
_04859_,5.04µm
_04965_,5.04µm
_04986_,5.04µm
_04994_,5.04µm
_04997_,5.04µm
_05014_,5.04µm
_05178_,5.04µm
_05182_,5.04µm
_05195_,5.04µm
_05238_,5.04µm
_05304_,5.04µm
_05325_,5.04µm
_05479_,5.04µm
_05480_,5.04µm
_05566_,5.04µm
_05574_,5.04µm
_05580_,5.04µm
_05603_,5.04µm
_05633_,5.04µm
_05683_,5.04µm
_05736_,5.04µm
_05741_,5.04µm
_05789_,5.04µm
_05853_,5.04µm
_05873_,5.04µm
_05901_,5.04µm
_06270_,5.04µm
_06309_,5.04µm
_06355_,5.04µm
_06513_,5.04µm
_06543_,5.04µm
_06610_,5.04µm
_06704_,5.04µm
_06805_,5.04µm
_06917_,5.04µm
_07145_,5.04µm
_07221_,5.04µm
_07254_,5.04µm
_07337_,5.04µm
_07388_,5.04µm
_07568_,5.04µm
_07616_,5.04µm
_07696_,5.04µm
_07715_,5.04µm
_07792_,5.04µm
_07831_,5.04µm
_07849_,5.04µm
_07874_,5.04µm
_07984_,5.04µm
_08093_,5.04µm
_08130_,5.04µm
_08131_,5.04µm
_08183_,5.04µm
_08262_,5.04µm
_08278_,5.04µm
_08318_,5.04µm
_08348_,5.04µm
_08614_,5.04µm
_08638_,5.04µm
_08651_,5.04µm
_08660_,5.04µm
_08746_,5.04µm
_08825_,5.04µm
_09100_,5.04µm
_09118_,5.04µm
_09510_,5.04µm
_09743_,5.04µm
_09873_,5.04µm
_09990_,5.04µm
_10266_,5.04µm
_10279_,5.04µm
_10498_,5.04µm
_10704_,5.04µm
_10770_,5.04µm
_10842_,5.04µm
_10861_,5.04µm
_11004_,5.04µm
_11024_,5.04µm
_11373_,5.04µm
_11415_,5.04µm
_11425_,5.04µm
_11629_,5.04µm
_11659_,5.04µm
_11752_,5.04µm
_11867_,5.04µm
_11869_,5.04µm
_11891_,5.04µm
_11927_,5.04µm
_11936_,5.04µm
_12010_,5.04µm
pp_inst.core_inst.eoi_d,5.04µm
pp_inst.core_inst.reg_state_i.data_d\[112\],5.04µm
pp_inst.core_inst.reg_state_i.data_d\[139\],5.04µm
pp_inst.core_inst.reg_state_i.data_d\[162\],5.04µm
pp_inst.core_inst.reg_state_i.data_d\[179\],5.04µm
pp_inst.core_inst.reg_state_i.data_d\[184\],5.04µm
pp_inst.core_inst.reg_state_i.data_d\[191\],5.04µm
pp_inst.core_inst.reg_state_i.data_d\[200\],5.04µm
pp_inst.core_inst.reg_state_i.data_d\[229\],5.04µm
_02197_,4.63µm
_04541_,4.63µm
_07833_,4.63µm
_00693_,4.58µm
_00832_,4.58µm
_01057_,4.58µm
_01164_,4.58µm
_01339_,4.58µm
_03434_,4.58µm
_03455_,4.58µm
_03499_,4.58µm
_04245_,4.58µm
_04387_,4.58µm
_05142_,4.58µm
_05248_,4.58µm
_05291_,4.58µm
_05300_,4.58µm
_05356_,4.58µm
_05475_,4.58µm
_05514_,4.58µm
_05559_,4.58µm
_05598_,4.58µm
_05612_,4.58µm
_05625_,4.58µm
_05665_,4.58µm
_05696_,4.58µm
_06155_,4.58µm
_06673_,4.58µm
_06821_,4.58µm
_06849_,4.58µm
_06929_,4.58µm
_07310_,4.58µm
_07565_,4.58µm
_07634_,4.58µm
_07712_,4.58µm
_07835_,4.58µm
_07985_,4.58µm
_08280_,4.58µm
_08465_,4.58µm
_08990_,4.58µm
_09120_,4.58µm
_10082_,4.58µm
_10892_,4.58µm
_11580_,4.58µm
_11644_,4.58µm
_11816_,4.58µm
_12022_,4.58µm
_12054_,4.58µm
pp_inst.core_inst.reg_state_i.data_d\[211\],4.58µm
_00144_,4.53µm
_00596_,4.53µm
_00744_,4.53µm
_00777_,4.53µm
_01309_,4.53µm
_01310_,4.53µm
_01322_,4.53µm
_01343_,4.53µm
_01350_,4.53µm
_01395_,4.53µm
_01406_,4.53µm
_01416_,4.53µm
_01419_,4.53µm
_01473_,4.53µm
_01554_,4.53µm
_01568_,4.53µm
_01632_,4.53µm
_01633_,4.53µm
_01660_,4.53µm
_01664_,4.53µm
_01713_,4.53µm
_01794_,4.53µm
_01803_,4.53µm
_01895_,4.53µm
_01917_,4.53µm
_01921_,4.53µm
_01958_,4.53µm
_01981_,4.53µm
_02003_,4.53µm
_02013_,4.53µm
_02117_,4.53µm
_02145_,4.53µm
_02253_,4.53µm
_02280_,4.53µm
_02305_,4.53µm
_02337_,4.53µm
_02344_,4.53µm
_02394_,4.53µm
_02404_,4.53µm
_02469_,4.53µm
_02526_,4.53µm
_02555_,4.53µm
_02567_,4.53µm
_02616_,4.53µm
_02662_,4.53µm
_02769_,4.53µm
_02776_,4.53µm
_02934_,4.53µm
_02948_,4.53µm
_02976_,4.53µm
_02994_,4.53µm
_03000_,4.53µm
_03037_,4.53µm
_03041_,4.53µm
_03130_,4.53µm
_03156_,4.53µm
_03158_,4.53µm
_03192_,4.53µm
_03202_,4.53µm
_03346_,4.53µm
_04029_,4.53µm
_04156_,4.53µm
_04595_,4.53µm
_04763_,4.53µm
_04984_,4.53µm
_04995_,4.53µm
_05157_,4.53µm
_05543_,4.53µm
_05831_,4.53µm
_05950_,4.53µm
_06094_,4.53µm
_06136_,4.53µm
_06147_,4.53µm
_06279_,4.53µm
_06306_,4.53µm
_06358_,4.53µm
_06362_,4.53µm
_06422_,4.53µm
_06889_,4.53µm
_07154_,4.53µm
_07489_,4.53µm
_07588_,4.53µm
_08000_,4.53µm
_08111_,4.53µm
_10401_,4.53µm
_10473_,4.53µm
_10634_,4.53µm
_10682_,4.53µm
_10888_,4.53µm
_11241_,4.53µm
_11428_,4.53µm
_11590_,4.53µm
_11663_,4.53µm
_11805_,4.53µm
_11834_,4.53µm
_11938_,4.53µm
_00069_,4.48µm
_00105_,4.48µm
_00124_,4.48µm
_00165_,4.48µm
_00174_,4.48µm
_00178_,4.48µm
_00257_,4.48µm
_00288_,4.48µm
_00315_,4.48µm
_00326_,4.48µm
_00346_,4.48µm
_00440_,4.48µm
_00464_,4.48µm
_00486_,4.48µm
_00516_,4.48µm
_00534_,4.48µm
_00582_,4.48µm
_00631_,4.48µm
_00642_,4.48µm
_00707_,4.48µm
_00722_,4.48µm
_00782_,4.48µm
_00833_,4.48µm
_00887_,4.48µm
_00909_,4.48µm
_00928_,4.48µm
_00933_,4.48µm
_00952_,4.48µm
_00977_,4.48µm
_00983_,4.48µm
_01011_,4.48µm
_01029_,4.48µm
_01121_,4.48µm
_01153_,4.48µm
_01172_,4.48µm
_01182_,4.48µm
_01185_,4.48µm
_01208_,4.48µm
_01220_,4.48µm
_01248_,4.48µm
_01344_,4.48µm
_01347_,4.48µm
_01349_,4.48µm
_01364_,4.48µm
_01404_,4.48µm
_01414_,4.48µm
_01431_,4.48µm
_01433_,4.48µm
_01462_,4.48µm
_01470_,4.48µm
_01501_,4.48µm
_01538_,4.48µm
_01544_,4.48µm
_01555_,4.48µm
_01579_,4.48µm
_01593_,4.48µm
_01605_,4.48µm
_01622_,4.48µm
_01686_,4.48µm
_01695_,4.48µm
_01720_,4.48µm
_01736_,4.48µm
_01757_,4.48µm
_01767_,4.48µm
_01788_,4.48µm
_01797_,4.48µm
_01817_,4.48µm
_01824_,4.48µm
_01835_,4.48µm
_01853_,4.48µm
_01874_,4.48µm
_01879_,4.48µm
_01883_,4.48µm
_01896_,4.48µm
_01901_,4.48µm
_01906_,4.48µm
_01907_,4.48µm
_01923_,4.48µm
_01924_,4.48µm
_01936_,4.48µm
_01942_,4.48µm
_01954_,4.48µm
_01960_,4.48µm
_01963_,4.48µm
_01970_,4.48µm
_01987_,4.48µm
_01990_,4.48µm
_01991_,4.48µm
_02066_,4.48µm
_02099_,4.48µm
_02107_,4.48µm
_02114_,4.48µm
_02115_,4.48µm
_02132_,4.48µm
_02150_,4.48µm
_02154_,4.48µm
_02177_,4.48µm
_02182_,4.48µm
_02203_,4.48µm
_02214_,4.48µm
_02215_,4.48µm
_02219_,4.48µm
_02229_,4.48µm
_02277_,4.48µm
_02287_,4.48µm
_02311_,4.48µm
_02312_,4.48µm
_02326_,4.48µm
_02375_,4.48µm
_02378_,4.48µm
_02387_,4.48µm
_02390_,4.48µm
_02397_,4.48µm
_02405_,4.48µm
_02413_,4.48µm
_02458_,4.48µm
_02462_,4.48µm
_02463_,4.48µm
_02490_,4.48µm
_02528_,4.48µm
_02539_,4.48µm
_02568_,4.48µm
_02582_,4.48µm
_02587_,4.48µm
_02589_,4.48µm
_02593_,4.48µm
_02598_,4.48µm
_02609_,4.48µm
_02612_,4.48µm
_02617_,4.48µm
_02652_,4.48µm
_02681_,4.48µm
_02713_,4.48µm
_02717_,4.48µm
_02723_,4.48µm
_02748_,4.48µm
_02770_,4.48µm
_02779_,4.48µm
_02795_,4.48µm
_02802_,4.48µm
_02815_,4.48µm
_02844_,4.48µm
_02873_,4.48µm
_02888_,4.48µm
_02899_,4.48µm
_02909_,4.48µm
_02918_,4.48µm
_02928_,4.48µm
_02984_,4.48µm
_02993_,4.48µm
_03016_,4.48µm
_03019_,4.48µm
_03031_,4.48µm
_03067_,4.48µm
_03071_,4.48µm
_03100_,4.48µm
_03149_,4.48µm
_03164_,4.48µm
_03168_,4.48µm
_03170_,4.48µm
_03186_,4.48µm
_03203_,4.48µm
_03235_,4.48µm
_03243_,4.48µm
_03248_,4.48µm
_03258_,4.48µm
_03283_,4.48µm
_03322_,4.48µm
_03338_,4.48µm
_03685_,4.48µm
_03712_,4.48µm
_03835_,4.48µm
_03932_,4.48µm
_04142_,4.48µm
_04224_,4.48µm
_04327_,4.48µm
_04374_,4.48µm
_04436_,4.48µm
_04776_,4.48µm
_04858_,4.48µm
_04883_,4.48µm
_04962_,4.48µm
_04999_,4.48µm
_05006_,4.48µm
_05128_,4.48µm
_05129_,4.48µm
_05169_,4.48µm
_05173_,4.48µm
_05188_,4.48µm
_05239_,4.48µm
_05258_,4.48µm
_05293_,4.48µm
_05303_,4.48µm
_05317_,4.48µm
_05332_,4.48µm
_05384_,4.48µm
_05432_,4.48µm
_05507_,4.48µm
_05510_,4.48µm
_05571_,4.48µm
_05601_,4.48µm
_05614_,4.48µm
_05638_,4.48µm
_05657_,4.48µm
_05717_,4.48µm
_05786_,4.48µm
_05813_,4.48µm
_05866_,4.48µm
_05891_,4.48µm
_05948_,4.48µm
_05989_,4.48µm
_05994_,4.48µm
_06019_,4.48µm
_06130_,4.48µm
_06207_,4.48µm
_06238_,4.48µm
_06335_,4.48µm
_06341_,4.48µm
_06419_,4.48µm
_06437_,4.48µm
_06519_,4.48µm
_06601_,4.48µm
_06630_,4.48µm
_06638_,4.48µm
_06702_,4.48µm
_06724_,4.48µm
_06830_,4.48µm
_06854_,4.48µm
_06875_,4.48µm
_07607_,4.48µm
_07666_,4.48µm
_07735_,4.48µm
_08132_,4.48µm
_08249_,4.48µm
_08387_,4.48µm
_08391_,4.48µm
_08448_,4.48µm
_08456_,4.48µm
_08522_,4.48µm
_08559_,4.48µm
_08591_,4.48µm
_08624_,4.48µm
_08625_,4.48µm
_08700_,4.48µm
_08727_,4.48µm
_08807_,4.48µm
_08853_,4.48µm
_08855_,4.48µm
_08940_,4.48µm
_08953_,4.48µm
_09051_,4.48µm
_09117_,4.48µm
_09188_,4.48µm
_09992_,4.48µm
_10036_,4.48µm
_10078_,4.48µm
_10135_,4.48µm
_10139_,4.48µm
_10148_,4.48µm
_10168_,4.48µm
_10180_,4.48µm
_10198_,4.48µm
_10384_,4.48µm
_10457_,4.48µm
_10594_,4.48µm
_10697_,4.48µm
_10883_,4.48µm
_10958_,4.48µm
_10972_,4.48µm
_11009_,4.48µm
_11022_,4.48µm
_11123_,4.48µm
_11128_,4.48µm
_11174_,4.48µm
_11343_,4.48µm
_11412_,4.48µm
_11620_,4.48µm
_11664_,4.48µm
_11698_,4.48µm
_11713_,4.48µm
_11820_,4.48µm
_11873_,4.48µm
_11908_,4.48µm
_11962_,4.48µm
_12029_,4.48µm
pp_inst.core_inst.reg_state_i.data_d\[104\],4.48µm
pp_inst.core_inst.reg_state_i.data_d\[107\],4.48µm
pp_inst.core_inst.reg_state_i.data_d\[110\],4.48µm
pp_inst.core_inst.reg_state_i.data_d\[148\],4.48µm
pp_inst.core_inst.reg_state_i.data_d\[150\],4.48µm
pp_inst.core_inst.reg_state_i.data_d\[172\],4.48µm
pp_inst.core_inst.reg_state_i.data_d\[205\],4.48µm
pp_inst.core_inst.reg_state_i.data_d\[206\],4.48µm
pp_inst.core_inst.reg_state_i.data_d\[248\],4.48µm
pp_inst.core_inst.reg_state_i.data_d\[253\],4.48µm
pp_inst.core_inst.reg_state_i.data_d\[79\],4.48µm
pp_inst.core_inst.reg_state_i.data_d\[80\],4.48µm
net1883,4.48µm
_04756_,4.2µm
_03122_,4.07µm
_05450_,4.07µm
_00087_,4.02µm
_00089_,4.02µm
_00093_,4.02µm
_00126_,4.02µm
_00138_,4.02µm
_00139_,4.02µm
_00143_,4.02µm
_00157_,4.02µm
_00227_,4.02µm
_00259_,4.02µm
_00264_,4.02µm
_00286_,4.02µm
_00289_,4.02µm
_00312_,4.02µm
_00324_,4.02µm
_00329_,4.02µm
_00409_,4.02µm
_00410_,4.02µm
_00421_,4.02µm
_00438_,4.02µm
_00456_,4.02µm
_00485_,4.02µm
_00491_,4.02µm
_00505_,4.02µm
_00521_,4.02µm
_00578_,4.02µm
_00601_,4.02µm
_00612_,4.02µm
_00629_,4.02µm
_00633_,4.02µm
_00645_,4.02µm
_00660_,4.02µm
_00664_,4.02µm
_00676_,4.02µm
_00680_,4.02µm
_00691_,4.02µm
_00692_,4.02µm
_00769_,4.02µm
_00798_,4.02µm
_00802_,4.02µm
_05505_,4.02µm
_05668_,4.02µm
_05747_,4.02µm
_05847_,4.02µm
_05872_,4.02µm
_05909_,4.02µm
_05983_,4.02µm
_06021_,4.02µm
_06141_,4.02µm
_06290_,4.02µm
_06496_,4.02µm
_06814_,4.02µm
_06999_,4.02µm
_07289_,4.02µm
_07464_,4.02µm
_07490_,4.02µm
_07624_,4.02µm
_07846_,4.02µm
_08159_,4.02µm
_08347_,4.02µm
_08440_,4.02µm
_08573_,4.02µm
_08684_,4.02µm
_08708_,4.02µm
_09694_,4.02µm
_09788_,4.02µm
_09940_,4.02µm
_10758_,4.02µm
_10942_,4.02µm
_11417_,4.02µm
_11545_,4.02µm
_11693_,4.02µm
_11759_,4.02µm
_11903_,4.02µm
_11929_,4.02µm
_12108_,4.02µm
_00148_,3.97µm
_00415_,3.97µm
_00976_,3.97µm
_01303_,3.97µm
_01376_,3.97µm
_01834_,3.97µm
_01851_,3.97µm
_01939_,3.97µm
_01945_,3.97µm
_01953_,3.97µm
_02037_,3.97µm
_02272_,3.97µm
_02408_,3.97µm
_02682_,3.97µm
_02896_,3.97µm
_02897_,3.97µm
_03080_,3.97µm
_03262_,3.97µm
_03865_,3.97µm
_04240_,3.97µm
_04643_,3.97µm
_04977_,3.97µm
_05429_,3.97µm
_05568_,3.97µm
_05698_,3.97µm
_05882_,3.97µm
_05932_,3.97µm
_06164_,3.97µm
_06427_,3.97µm
_06703_,3.97µm
_07500_,3.97µm
_07818_,3.97µm
_07845_,3.97µm
_07932_,3.97µm
_08044_,3.97µm
_08161_,3.97µm
_08230_,3.97µm
_08513_,3.97µm
_08581_,3.97µm
_08664_,3.97µm
_10678_,3.97µm
_10737_,3.97µm
_10743_,3.97µm
_10866_,3.97µm
_11467_,3.97µm
_00016_,3.92µm
_00039_,3.92µm
_00058_,3.92µm
_00068_,3.92µm
_00071_,3.92µm
_00073_,3.92µm
_00074_,3.92µm
_00077_,3.92µm
_00080_,3.92µm
_00083_,3.92µm
_00086_,3.92µm
_00096_,3.92µm
_00125_,3.92µm
_00141_,3.92µm
_00158_,3.92µm
_00166_,3.92µm
_00236_,3.92µm
_00239_,3.92µm
_00256_,3.92µm
_00258_,3.92µm
_00260_,3.92µm
_00280_,3.92µm
_00282_,3.92µm
_00308_,3.92µm
_00309_,3.92µm
_00333_,3.92µm
_00335_,3.92µm
_00355_,3.92µm
_00393_,3.92µm
_00397_,3.92µm
_00420_,3.92µm
_00428_,3.92µm
_00433_,3.92µm
_00441_,3.92µm
_00448_,3.92µm
_00452_,3.92µm
_00468_,3.92µm
_00477_,3.92µm
_00489_,3.92µm
_00500_,3.92µm
_00502_,3.92µm
_00512_,3.92µm
_00517_,3.92µm
_00520_,3.92µm
_00539_,3.92µm
_00541_,3.92µm
_00546_,3.92µm
_00548_,3.92µm
_00549_,3.92µm
_00558_,3.92µm
_00564_,3.92µm
_00568_,3.92µm
_00570_,3.92µm
_00577_,3.92µm
_00580_,3.92µm
_00581_,3.92µm
_00584_,3.92µm
_00602_,3.92µm
_00636_,3.92µm
_00637_,3.92µm
_00646_,3.92µm
_00647_,3.92µm
_00679_,3.92µm
_00694_,3.92µm
_00697_,3.92µm
_00699_,3.92µm
_00701_,3.92µm
_00704_,3.92µm
_00705_,3.92µm
_00720_,3.92µm
_00724_,3.92µm
_00727_,3.92µm
_00731_,3.92µm
_00732_,3.92µm
_00734_,3.92µm
_00735_,3.92µm
_00748_,3.92µm
_00757_,3.92µm
_00764_,3.92µm
_00765_,3.92µm
_00767_,3.92µm
_00793_,3.92µm
_00801_,3.92µm
_00835_,3.92µm
_00850_,3.92µm
_00861_,3.92µm
_00982_,3.92µm
_00988_,3.92µm
_01028_,3.92µm
_01062_,3.92µm
_01119_,3.92µm
_01128_,3.92µm
_01157_,3.92µm
_01169_,3.92µm
_01200_,3.92µm
_01206_,3.92µm
_01213_,3.92µm
_01217_,3.92µm
_01249_,3.92µm
_01255_,3.92µm
_01257_,3.92µm
_01258_,3.92µm
_01261_,3.92µm
_01273_,3.92µm
_01275_,3.92µm
_01321_,3.92µm
_01405_,3.92µm
_01408_,3.92µm
_01411_,3.92µm
_01430_,3.92µm
_01438_,3.92µm
_01443_,3.92µm
_01471_,3.92µm
_01472_,3.92µm
_01474_,3.92µm
_01503_,3.92µm
_01505_,3.92µm
_01506_,3.92µm
_01534_,3.92µm
_01552_,3.92µm
_01597_,3.92µm
_01659_,3.92µm
_01669_,3.92µm
_01693_,3.92µm
_01694_,3.92µm
_01714_,3.92µm
_01718_,3.92µm
_01724_,3.92µm
_01739_,3.92µm
_01764_,3.92µm
_01778_,3.92µm
_01787_,3.92µm
_01791_,3.92µm
_01792_,3.92µm
_01798_,3.92µm
_01800_,3.92µm
_01849_,3.92µm
_01862_,3.92µm
_01863_,3.92µm
_01873_,3.92µm
_01892_,3.92µm
_01908_,3.92µm
_01925_,3.92µm
_01933_,3.92µm
_01937_,3.92µm
_01944_,3.92µm
_02017_,3.92µm
_02035_,3.92µm
_02047_,3.92µm
_02056_,3.92µm
_02067_,3.92µm
_02069_,3.92µm
_02083_,3.92µm
_02084_,3.92µm
_02091_,3.92µm
_02093_,3.92µm
_02101_,3.92µm
_02162_,3.92µm
_02170_,3.92µm
_02171_,3.92µm
_02191_,3.92µm
_02194_,3.92µm
_02195_,3.92µm
_02202_,3.92µm
_02228_,3.92µm
_02230_,3.92µm
_02237_,3.92µm
_02251_,3.92µm
_02255_,3.92µm
_02256_,3.92µm
_02263_,3.92µm
_02294_,3.92µm
_02304_,3.92µm
_02314_,3.92µm
_02318_,3.92µm
_02322_,3.92µm
_02354_,3.92µm
_02364_,3.92µm
_02365_,3.92µm
_02395_,3.92µm
_02410_,3.92µm
_02425_,3.92µm
_02426_,3.92µm
_02432_,3.92µm
_02437_,3.92µm
_02450_,3.92µm
_02460_,3.92µm
_02487_,3.92µm
_02492_,3.92µm
_02503_,3.92µm
_02507_,3.92µm
_02538_,3.92µm
_02549_,3.92µm
_02564_,3.92µm
_02576_,3.92µm
_02619_,3.92µm
_02637_,3.92µm
_02663_,3.92µm
_02676_,3.92µm
_02695_,3.92µm
_02719_,3.92µm
_02741_,3.92µm
_02755_,3.92µm
_02765_,3.92µm
_02782_,3.92µm
_02787_,3.92µm
_02792_,3.92µm
_02804_,3.92µm
_02849_,3.92µm
_02859_,3.92µm
_02861_,3.92µm
_02875_,3.92µm
_02877_,3.92µm
_02883_,3.92µm
_02891_,3.92µm
_02938_,3.92µm
_02970_,3.92µm
_02986_,3.92µm
_03001_,3.92µm
_03008_,3.92µm
_03014_,3.92µm
_03018_,3.92µm
_03028_,3.92µm
_03038_,3.92µm
_03047_,3.92µm
_03074_,3.92µm
_03076_,3.92µm
_03103_,3.92µm
_03107_,3.92µm
_03115_,3.92µm
_03146_,3.92µm
_03153_,3.92µm
_03195_,3.92µm
_03201_,3.92µm
_03205_,3.92µm
_03206_,3.92µm
_03230_,3.92µm
_03253_,3.92µm
_03263_,3.92µm
_03281_,3.92µm
_03286_,3.92µm
_03290_,3.92µm
_03349_,3.92µm
_03464_,3.92µm
_03475_,3.92µm
_03481_,3.92µm
_03521_,3.92µm
_03564_,3.92µm
_03585_,3.92µm
_03797_,3.92µm
_03814_,3.92µm
_04087_,3.92µm
_04117_,3.92µm
_04170_,3.92µm
_04195_,3.92µm
_04219_,3.92µm
_04336_,3.92µm
_04350_,3.92µm
_04372_,3.92µm
_04463_,3.92µm
_04693_,3.92µm
_04720_,3.92µm
_04796_,3.92µm
_04800_,3.92µm
_04832_,3.92µm
_04836_,3.92µm
_04901_,3.92µm
_04910_,3.92µm
_04956_,3.92µm
_04976_,3.92µm
_04990_,3.92µm
_05013_,3.92µm
_05036_,3.92µm
_05081_,3.92µm
_05168_,3.92µm
_05212_,3.92µm
_05242_,3.92µm
_05251_,3.92µm
_05422_,3.92µm
_05502_,3.92µm
_05519_,3.92µm
_05534_,3.92µm
_05572_,3.92µm
_05582_,3.92µm
_05584_,3.92µm
_05631_,3.92µm
_05640_,3.92µm
_05645_,3.92µm
_05646_,3.92µm
_05666_,3.92µm
_05671_,3.92µm
_05730_,3.92µm
_05770_,3.92µm
_05788_,3.92µm
_05793_,3.92µm
_05863_,3.92µm
_05864_,3.92µm
_05911_,3.92µm
_05925_,3.92µm
_05965_,3.92µm
_05993_,3.92µm
_05996_,3.92µm
_06005_,3.92µm
_06010_,3.92µm
_06016_,3.92µm
_06022_,3.92µm
_06024_,3.92µm
_06025_,3.92µm
_06037_,3.92µm
_06052_,3.92µm
_06057_,3.92µm
_06066_,3.92µm
_06123_,3.92µm
_06144_,3.92µm
_06188_,3.92µm
_06284_,3.92µm
_06321_,3.92µm
_06329_,3.92µm
_06368_,3.92µm
_06386_,3.92µm
_06428_,3.92µm
_06441_,3.92µm
_06466_,3.92µm
_06479_,3.92µm
_06517_,3.92µm
_06560_,3.92µm
_06593_,3.92µm
_06604_,3.92µm
_06657_,3.92µm
_06658_,3.92µm
_06661_,3.92µm
_06714_,3.92µm
_06715_,3.92µm
_06818_,3.92µm
_06825_,3.92µm
_06832_,3.92µm
_06881_,3.92µm
_06901_,3.92µm
_06930_,3.92µm
_06978_,3.92µm
_06995_,3.92µm
_07012_,3.92µm
_07016_,3.92µm
_07037_,3.92µm
_07091_,3.92µm
_07257_,3.92µm
_07292_,3.92µm
_07294_,3.92µm
_07360_,3.92µm
_07400_,3.92µm
_07420_,3.92µm
_07534_,3.92µm
_07535_,3.92µm
_07602_,3.92µm
_07628_,3.92µm
_07684_,3.92µm
_07688_,3.92µm
_07691_,3.92µm
_07819_,3.92µm
_07885_,3.92µm
_07895_,3.92µm
_07998_,3.92µm
_08013_,3.92µm
_08077_,3.92µm
_08186_,3.92µm
_08235_,3.92µm
_08281_,3.92µm
_08382_,3.92µm
_08406_,3.92µm
_08410_,3.92µm
_08419_,3.92µm
_08425_,3.92µm
_08427_,3.92µm
_08451_,3.92µm
_08499_,3.92µm
_08586_,3.92µm
_08632_,3.92µm
_08758_,3.92µm
_08843_,3.92µm
_08937_,3.92µm
_09024_,3.92µm
_09036_,3.92µm
_09110_,3.92µm
_09701_,3.92µm
_09749_,3.92µm
_09850_,3.92µm
_09931_,3.92µm
_09937_,3.92µm
_10144_,3.92µm
_10174_,3.92µm
_10196_,3.92µm
_10289_,3.92µm
_10331_,3.92µm
_10348_,3.92µm
_10349_,3.92µm
_10539_,3.92µm
_10669_,3.92µm
_10730_,3.92µm
_10927_,3.92µm
_10943_,3.92µm
_11006_,3.92µm
_11089_,3.92µm
_11159_,3.92µm
_11257_,3.92µm
_11401_,3.92µm
_11407_,3.92µm
_11472_,3.92µm
_11591_,3.92µm
_11639_,3.92µm
_11669_,3.92µm
_11721_,3.92µm
_11723_,3.92µm
_11737_,3.92µm
_11798_,3.92µm
_11813_,3.92µm
_11864_,3.92µm
_11875_,3.92µm
_11928_,3.92µm
_11956_,3.92µm
_11966_,3.92µm
_11994_,3.92µm
_12142_,3.92µm
_12143_,3.92µm
_12151_,3.92µm
pp_inst.core_inst.reg_state_i.data_d\[0\],3.92µm
pp_inst.core_inst.reg_state_i.data_d\[108\],3.92µm
pp_inst.core_inst.reg_state_i.data_d\[115\],3.92µm
pp_inst.core_inst.reg_state_i.data_d\[117\],3.92µm
pp_inst.core_inst.reg_state_i.data_d\[230\],3.92µm
pp_inst.core_inst.reg_state_i.data_d\[250\],3.92µm
pp_inst.core_inst.reg_state_i.data_d\[75\],3.92µm
pp_inst.core_inst.reg_state_i.data_d\[93\],3.92µm
_05056_,3.64µm
_03757_,3.46µm
_04530_,3.46µm
_04624_,3.46µm
_04628_,3.46µm
_04798_,3.46µm
_05098_,3.46µm
_05403_,3.46µm
_05427_,3.46µm
_05816_,3.46µm
_05828_,3.46µm
_05967_,3.46µm
_06086_,3.46µm
_06276_,3.46µm
_06286_,3.46µm
_06320_,3.46µm
_06399_,3.46µm
_06523_,3.46µm
_06679_,3.46µm
_06884_,3.46µm
_06909_,3.46µm
_06943_,3.46µm
_06946_,3.46µm
_06951_,3.46µm
_07080_,3.46µm
_07259_,3.46µm
_07303_,3.46µm
_07406_,3.46µm
_08014_,3.46µm
_08022_,3.46µm
_08023_,3.46µm
_08122_,3.46µm
_08196_,3.46µm
_08519_,3.46µm
_08611_,3.46µm
_08796_,3.46µm
_08939_,3.46µm
_08946_,3.46µm
_09119_,3.46µm
_11065_,3.46µm
_11107_,3.46µm
_11431_,3.46µm
_11614_,3.46µm
_11616_,3.46µm
_11675_,3.46µm
_11922_,3.46µm
_00359_,3.41µm
_01618_,3.41µm
_02321_,3.41µm
_02372_,3.41µm
_03364_,3.41µm
_03726_,3.41µm
_03986_,3.41µm
_04959_,3.41µm
_05062_,3.41µm
_05159_,3.41µm
_05792_,3.41µm
_06041_,3.41µm
_06047_,3.41µm
_06208_,3.41µm
_06394_,3.41µm
_06937_,3.41µm
_07177_,3.41µm
_07311_,3.41µm
_07387_,3.41µm
_07453_,3.41µm
_08228_,3.41µm
_10424_,3.41µm
_11040_,3.41µm
_11218_,3.41µm
_11950_,3.41µm
_00029_,3.36µm
_00030_,3.36µm
_00033_,3.36µm
_00051_,3.36µm
_00061_,3.36µm
_00081_,3.36µm
_00101_,3.36µm
_00102_,3.36µm
_00117_,3.36µm
_00218_,3.36µm
_00226_,3.36µm
_00246_,3.36µm
_00261_,3.36µm
_00310_,3.36µm
_00392_,3.36µm
_00407_,3.36µm
_00414_,3.36µm
_00430_,3.36µm
_00442_,3.36µm
_00446_,3.36µm
_00535_,3.36µm
_00550_,3.36µm
_00553_,3.36µm
_00565_,3.36µm
_00583_,3.36µm
_00616_,3.36µm
_00648_,3.36µm
_00650_,3.36µm
_00651_,3.36µm
_00662_,3.36µm
_00690_,3.36µm
_00703_,3.36µm
_00742_,3.36µm
_00766_,3.36µm
_00771_,3.36µm
_00780_,3.36µm
_00797_,3.36µm
_00831_,3.36µm
_00855_,3.36µm
_00886_,3.36µm
_00889_,3.36µm
_00895_,3.36µm
_00919_,3.36µm
_00921_,3.36µm
_00922_,3.36µm
_00970_,3.36µm
_00974_,3.36µm
_00986_,3.36µm
_00990_,3.36µm
_00994_,3.36µm
_00997_,3.36µm
_01012_,3.36µm
_01019_,3.36µm
_01054_,3.36µm
_01078_,3.36µm
_01080_,3.36µm
_01095_,3.36µm
_01106_,3.36µm
_01109_,3.36µm
_01113_,3.36µm
_01116_,3.36µm
_01117_,3.36µm
_01127_,3.36µm
_01140_,3.36µm
_01166_,3.36µm
_01178_,3.36µm
_01195_,3.36µm
_01202_,3.36µm
_01207_,3.36µm
_01214_,3.36µm
_01216_,3.36µm
_01239_,3.36µm
_01244_,3.36µm
_01250_,3.36µm
_01256_,3.36µm
_01262_,3.36µm
_01263_,3.36µm
_01291_,3.36µm
_01313_,3.36µm
_01330_,3.36µm
_01340_,3.36µm
_01370_,3.36µm
_01374_,3.36µm
_01401_,3.36µm
_01429_,3.36µm
_01453_,3.36µm
_01469_,3.36µm
_01502_,3.36µm
_01510_,3.36µm
_01522_,3.36µm
_01535_,3.36µm
_01587_,3.36µm
_01640_,3.36µm
_01690_,3.36µm
_01712_,3.36µm
_01727_,3.36µm
_01741_,3.36µm
_01884_,3.36µm
_01887_,3.36µm
_01918_,3.36µm
_02002_,3.36µm
_02077_,3.36µm
_02097_,3.36µm
_02130_,3.36µm
_02141_,3.36µm
_02198_,3.36µm
_02207_,3.36µm
_02226_,3.36µm
_02236_,3.36µm
_02238_,3.36µm
_02276_,3.36µm
_02279_,3.36µm
_02301_,3.36µm
_02341_,3.36µm
_02347_,3.36µm
_02383_,3.36µm
_02391_,3.36µm
_02407_,3.36µm
_02411_,3.36µm
_02439_,3.36µm
_02445_,3.36µm
_02499_,3.36µm
_02525_,3.36µm
_02527_,3.36µm
_02550_,3.36µm
_02579_,3.36µm
_02597_,3.36µm
_02599_,3.36µm
_02610_,3.36µm
_02614_,3.36µm
_02622_,3.36µm
_02653_,3.36µm
_02654_,3.36µm
_02675_,3.36µm
_02684_,3.36µm
_02756_,3.36µm
_02758_,3.36µm
_02759_,3.36µm
_02777_,3.36µm
_02799_,3.36µm
_02807_,3.36µm
_02813_,3.36µm
_02818_,3.36µm
_02827_,3.36µm
_02837_,3.36µm
_02840_,3.36µm
_02944_,3.36µm
_02975_,3.36µm
_02981_,3.36µm
_03039_,3.36µm
_03045_,3.36µm
_03050_,3.36µm
_03062_,3.36µm
_03077_,3.36µm
_03108_,3.36µm
_03111_,3.36µm
_03133_,3.36µm
_03142_,3.36µm
_03175_,3.36µm
_03190_,3.36µm
_03216_,3.36µm
_03270_,3.36µm
_03271_,3.36µm
_03297_,3.36µm
_03303_,3.36µm
_03320_,3.36µm
_03325_,3.36µm
_03412_,3.36µm
_03490_,3.36µm
_03510_,3.36µm
_03533_,3.36µm
_03746_,3.36µm
_03755_,3.36µm
_03770_,3.36µm
_03781_,3.36µm
_03800_,3.36µm
_03933_,3.36µm
_04000_,3.36µm
_04006_,3.36µm
_04027_,3.36µm
_04110_,3.36µm
_04176_,3.36µm
_04178_,3.36µm
_04248_,3.36µm
_04318_,3.36µm
_04325_,3.36µm
_04607_,3.36µm
_04754_,3.36µm
_04777_,3.36µm
_04828_,3.36µm
_04842_,3.36µm
_04843_,3.36µm
_04898_,3.36µm
_04942_,3.36µm
_04961_,3.36µm
_05000_,3.36µm
_05094_,3.36µm
_05095_,3.36µm
_05103_,3.36µm
_05144_,3.36µm
_05181_,3.36µm
_05206_,3.36µm
_05214_,3.36µm
_05227_,3.36µm
_05278_,3.36µm
_05287_,3.36µm
_05311_,3.36µm
_05329_,3.36µm
_05331_,3.36µm
_05333_,3.36µm
_05339_,3.36µm
_05386_,3.36µm
_05388_,3.36µm
_05400_,3.36µm
_05426_,3.36µm
_05436_,3.36µm
_05456_,3.36µm
_05463_,3.36µm
_05478_,3.36µm
_05522_,3.36µm
_05530_,3.36µm
_05555_,3.36µm
_05658_,3.36µm
_05738_,3.36µm
_05749_,3.36µm
_05767_,3.36µm
_05769_,3.36µm
_05778_,3.36µm
_05818_,3.36µm
_05848_,3.36µm
_05871_,3.36µm
_05875_,3.36µm
_05881_,3.36µm
_05892_,3.36µm
_05899_,3.36µm
_05954_,3.36µm
_05957_,3.36µm
_05958_,3.36µm
_05987_,3.36µm
_06004_,3.36µm
_06015_,3.36µm
_06090_,3.36µm
_06110_,3.36µm
_06116_,3.36µm
_06152_,3.36µm
_06206_,3.36µm
_06293_,3.36µm
_06296_,3.36µm
_06348_,3.36µm
_06400_,3.36µm
_06405_,3.36µm
_06432_,3.36µm
_06474_,3.36µm
_06489_,3.36µm
_06500_,3.36µm
_06514_,3.36µm
_06572_,3.36µm
_06587_,3.36µm
_06605_,3.36µm
_06636_,3.36µm
_06684_,3.36µm
_06738_,3.36µm
_06746_,3.36µm
_06753_,3.36µm
_06760_,3.36µm
_06797_,3.36µm
_06902_,3.36µm
_06931_,3.36µm
_06992_,3.36µm
_07001_,3.36µm
_07121_,3.36µm
_07139_,3.36µm
_07157_,3.36µm
_07207_,3.36µm
_07304_,3.36µm
_07348_,3.36µm
_07365_,3.36µm
_07403_,3.36µm
_07419_,3.36µm
_07422_,3.36µm
_07431_,3.36µm
_07491_,3.36µm
_07498_,3.36µm
_07518_,3.36µm
_07524_,3.36µm
_07548_,3.36µm
_07550_,3.36µm
_07593_,3.36µm
_07600_,3.36µm
_07632_,3.36µm
_07662_,3.36µm
_07730_,3.36µm
_07758_,3.36µm
_07786_,3.36µm
_07787_,3.36µm
_07899_,3.36µm
_07923_,3.36µm
_08251_,3.36µm
_08316_,3.36µm
_08336_,3.36µm
_08449_,3.36µm
_08485_,3.36µm
_08526_,3.36µm
_08532_,3.36µm
_08627_,3.36µm
_08631_,3.36µm
_08705_,3.36µm
_08713_,3.36µm
_08718_,3.36µm
_08832_,3.36µm
_09002_,3.36µm
_09006_,3.36µm
_09015_,3.36µm
_09137_,3.36µm
_09156_,3.36µm
_09751_,3.36µm
_09923_,3.36µm
_09933_,3.36µm
_09938_,3.36µm
_09983_,3.36µm
_10011_,3.36µm
_10051_,3.36µm
_10099_,3.36µm
_10156_,3.36µm
_10190_,3.36µm
_10203_,3.36µm
_10213_,3.36µm
_10246_,3.36µm
_10271_,3.36µm
_10302_,3.36µm
_10376_,3.36µm
_10469_,3.36µm
_10497_,3.36µm
_10556_,3.36µm
_10571_,3.36µm
_10623_,3.36µm
_10664_,3.36µm
_10670_,3.36µm
_10715_,3.36µm
_10723_,3.36µm
_10731_,3.36µm
_10780_,3.36µm
_10824_,3.36µm
_10921_,3.36µm
_10944_,3.36µm
_10945_,3.36µm
_10978_,3.36µm
_11010_,3.36µm
_11146_,3.36µm
_11227_,3.36µm
_11266_,3.36µm
_11269_,3.36µm
_11288_,3.36µm
_11294_,3.36µm
_11301_,3.36µm
_11414_,3.36µm
_11423_,3.36µm
_11440_,3.36µm
_11448_,3.36µm
_11510_,3.36µm
_11621_,3.36µm
_11650_,3.36µm
_11658_,3.36µm
_11662_,3.36µm
_11690_,3.36µm
_11697_,3.36µm
_11722_,3.36µm
_11791_,3.36µm
_11793_,3.36µm
_11879_,3.36µm
_11904_,3.36µm
_11905_,3.36µm
_11923_,3.36µm
_11963_,3.36µm
_11996_,3.36µm
_12307_,3.36µm
_12308_,3.36µm
_12340_,3.36µm
_12347_,3.36µm
pp_inst.core_inst.reg_state_i.data_d\[102\],3.36µm
pp_inst.core_inst.reg_state_i.data_d\[113\],3.36µm
pp_inst.core_inst.reg_state_i.data_d\[116\],3.36µm
pp_inst.core_inst.reg_state_i.data_d\[125\],3.36µm
pp_inst.core_inst.reg_state_i.data_d\[128\],3.36µm
pp_inst.core_inst.reg_state_i.data_d\[132\],3.36µm
pp_inst.core_inst.reg_state_i.data_d\[134\],3.36µm
pp_inst.core_inst.reg_state_i.data_d\[136\],3.36µm
pp_inst.core_inst.reg_state_i.data_d\[143\],3.36µm
pp_inst.core_inst.reg_state_i.data_d\[156\],3.36µm
pp_inst.core_inst.reg_state_i.data_d\[161\],3.36µm
pp_inst.core_inst.reg_state_i.data_d\[164\],3.36µm
pp_inst.core_inst.reg_state_i.data_d\[176\],3.36µm
pp_inst.core_inst.reg_state_i.data_d\[193\],3.36µm
pp_inst.core_inst.reg_state_i.data_d\[197\],3.36µm
pp_inst.core_inst.reg_state_i.data_d\[208\],3.36µm
pp_inst.core_inst.reg_state_i.data_d\[209\],3.36µm
pp_inst.core_inst.reg_state_i.data_d\[218\],3.36µm
pp_inst.core_inst.reg_state_i.data_d\[221\],3.36µm
pp_inst.core_inst.reg_state_i.data_d\[246\],3.36µm
pp_inst.core_inst.reg_state_i.data_d\[319\],3.36µm
pp_inst.core_inst.reg_state_i.data_d\[85\],3.36µm
pp_inst.core_inst.reg_state_i.data_d\[94\],3.36µm
_04764_,3.08µm
_10262_,3.08µm
_06178_,3µm
_03923_,2.9µm
_04888_,2.9µm
_04948_,2.9µm
_05172_,2.9µm
_05226_,2.9µm
_05328_,2.9µm
_05563_,2.9µm
_05564_,2.9µm
_05716_,2.9µm
_05779_,2.9µm
_05918_,2.9µm
_05975_,2.9µm
_05984_,2.9µm
_05992_,2.9µm
_06031_,2.9µm
_06039_,2.9µm
_06106_,2.9µm
_06413_,2.9µm
_06484_,2.9µm
_06527_,2.9µm
_06563_,2.9µm
_06571_,2.9µm
_06643_,2.9µm
_06941_,2.9µm
_06968_,2.9µm
_07182_,2.9µm
_07381_,2.9µm
_07466_,2.9µm
_07618_,2.9µm
_07754_,2.9µm
_07958_,2.9µm
_08288_,2.9µm
_08617_,2.9µm
_08882_,2.9µm
_09087_,2.9µm
_09203_,2.9µm
_09812_,2.9µm
_11234_,2.9µm
_11355_,2.9µm
_11637_,2.9µm
_11718_,2.9µm
_11753_,2.9µm
_04967_,2.85µm
_05135_,2.85µm
_05219_,2.85µm
_05595_,2.85µm
_06006_,2.85µm
_07029_,2.85µm
_07084_,2.85µm
_07323_,2.85µm
_07480_,2.85µm
_07659_,2.85µm
_08129_,2.85µm
_08220_,2.85µm
_08327_,2.85µm
_08363_,2.85µm
_08380_,2.85µm
_08552_,2.85µm
_08598_,2.85µm
_08797_,2.85µm
_09935_,2.85µm
_10075_,2.85µm
_11535_,2.85µm
_11645_,2.85µm
_11871_,2.85µm
_11988_,2.85µm
_12210_,2.85µm
_00060_,2.8µm
_00092_,2.8µm
_00118_,2.8µm
_00160_,2.8µm
_00271_,2.8µm
_00563_,2.8µm
_00569_,2.8µm
_00628_,2.8µm
_00641_,2.8µm
_00753_,2.8µm
_00756_,2.8µm
_00786_,2.8µm
_00794_,2.8µm
_00843_,2.8µm
_00899_,2.8µm
_00978_,2.8µm
_00979_,2.8µm
_00980_,2.8µm
_00981_,2.8µm
_00989_,2.8µm
_00996_,2.8µm
_01002_,2.8µm
_01017_,2.8µm
_01018_,2.8µm
_01059_,2.8µm
_01072_,2.8µm
_01159_,2.8µm
_01161_,2.8µm
_01176_,2.8µm
_01177_,2.8µm
_01180_,2.8µm
_01197_,2.8µm
_01211_,2.8µm
_01230_,2.8µm
_01237_,2.8µm
_01269_,2.8µm
_01278_,2.8µm
_01296_,2.8µm
_01299_,2.8µm
_01361_,2.8µm
_01372_,2.8µm
_01373_,2.8µm
_01386_,2.8µm
_01475_,2.8µm
_01496_,2.8µm
_01508_,2.8µm
_01511_,2.8µm
_01588_,2.8µm
_01592_,2.8µm
_01646_,2.8µm
_01663_,2.8µm
_01730_,2.8µm
_01745_,2.8µm
_01766_,2.8µm
_01799_,2.8µm
_01850_,2.8µm
_01854_,2.8µm
_01995_,2.8µm
_02010_,2.8µm
_02012_,2.8µm
_02054_,2.8µm
_02087_,2.8µm
_02146_,2.8µm
_02234_,2.8µm
_02246_,2.8µm
_02257_,2.8µm
_02266_,2.8µm
_02283_,2.8µm
_02320_,2.8µm
_02335_,2.8µm
_02360_,2.8µm
_02454_,2.8µm
_02459_,2.8µm
_02471_,2.8µm
_02504_,2.8µm
_02516_,2.8µm
_02521_,2.8µm
_02530_,2.8µm
_02557_,2.8µm
_02594_,2.8µm
_02623_,2.8µm
_02632_,2.8µm
_02646_,2.8µm
_02650_,2.8µm
_02674_,2.8µm
_02701_,2.8µm
_02735_,2.8µm
_02774_,2.8µm
_02786_,2.8µm
_02803_,2.8µm
_02819_,2.8µm
_02821_,2.8µm
_02830_,2.8µm
_02850_,2.8µm
_02853_,2.8µm
_02868_,2.8µm
_02980_,2.8µm
_02982_,2.8µm
_02995_,2.8µm
_03046_,2.8µm
_03066_,2.8µm
_03121_,2.8µm
_03162_,2.8µm
_03163_,2.8µm
_03172_,2.8µm
_03176_,2.8µm
_03222_,2.8µm
_03252_,2.8µm
_03268_,2.8µm
_03298_,2.8µm
_03302_,2.8µm
_03330_,2.8µm
_03399_,2.8µm
_03426_,2.8µm
_03618_,2.8µm
_03913_,2.8µm
_03947_,2.8µm
_03982_,2.8µm
_04102_,2.8µm
_04138_,2.8µm
_04369_,2.8µm
_04402_,2.8µm
_04466_,2.8µm
_04549_,2.8µm
_04616_,2.8µm
_04632_,2.8µm
_04735_,2.8µm
_04738_,2.8µm
_04810_,2.8µm
_04892_,2.8µm
_04981_,2.8µm
_05004_,2.8µm
_05054_,2.8µm
_05071_,2.8µm
_05082_,2.8µm
_05090_,2.8µm
_05111_,2.8µm
_05133_,2.8µm
_05138_,2.8µm
_05149_,2.8µm
_05158_,2.8µm
_05165_,2.8µm
_05184_,2.8µm
_05186_,2.8µm
_05198_,2.8µm
_05276_,2.8µm
_05314_,2.8µm
_05316_,2.8µm
_05335_,2.8µm
_05343_,2.8µm
_05367_,2.8µm
_05373_,2.8µm
_05413_,2.8µm
_05428_,2.8µm
_05488_,2.8µm
_05526_,2.8µm
_05578_,2.8µm
_05587_,2.8µm
_05695_,2.8µm
_05697_,2.8µm
_05702_,2.8µm
_05740_,2.8µm
_05827_,2.8µm
_05856_,2.8µm
_05870_,2.8µm
_05893_,2.8µm
_05912_,2.8µm
_05917_,2.8µm
_05928_,2.8µm
_05952_,2.8µm
_05956_,2.8µm
_05985_,2.8µm
_05995_,2.8µm
_06011_,2.8µm
_06030_,2.8µm
_06036_,2.8µm
_06098_,2.8µm
_06108_,2.8µm
_06133_,2.8µm
_06179_,2.8µm
_06183_,2.8µm
_06190_,2.8µm
_06203_,2.8µm
_06243_,2.8µm
_06263_,2.8µm
_06283_,2.8µm
_06322_,2.8µm
_06345_,2.8µm
_06349_,2.8µm
_06380_,2.8µm
_06433_,2.8µm
_06436_,2.8µm
_06462_,2.8µm
_06504_,2.8µm
_06535_,2.8µm
_06592_,2.8µm
_06624_,2.8µm
_06640_,2.8µm
_06644_,2.8µm
_06674_,2.8µm
_06691_,2.8µm
_06709_,2.8µm
_06716_,2.8µm
_06729_,2.8µm
_06731_,2.8µm
_06740_,2.8µm
_06789_,2.8µm
_06800_,2.8µm
_06880_,2.8µm
_06890_,2.8µm
_06932_,2.8µm
_06958_,2.8µm
_06961_,2.8µm
_06977_,2.8µm
_06986_,2.8µm
_06998_,2.8µm
_07011_,2.8µm
_07040_,2.8µm
_07043_,2.8µm
_07047_,2.8µm
_07048_,2.8µm
_07058_,2.8µm
_07150_,2.8µm
_07228_,2.8µm
_07251_,2.8µm
_07287_,2.8µm
_07347_,2.8µm
_07382_,2.8µm
_07415_,2.8µm
_07423_,2.8µm
_07429_,2.8µm
_07449_,2.8µm
_07450_,2.8µm
_07507_,2.8µm
_07513_,2.8µm
_07633_,2.8µm
_07637_,2.8µm
_07663_,2.8µm
_07667_,2.8µm
_07693_,2.8µm
_07725_,2.8µm
_07748_,2.8µm
_07750_,2.8µm
_07751_,2.8µm
_07766_,2.8µm
_07773_,2.8µm
_07806_,2.8µm
_07853_,2.8µm
_07886_,2.8µm
_07891_,2.8µm
_07905_,2.8µm
_07933_,2.8µm
_07965_,2.8µm
_07978_,2.8µm
_07991_,2.8µm
_07997_,2.8µm
_08006_,2.8µm
_08027_,2.8µm
_08050_,2.8µm
_08055_,2.8µm
_08147_,2.8µm
_08195_,2.8µm
_08212_,2.8µm
_08256_,2.8µm
_08268_,2.8µm
_08284_,2.8µm
_08308_,2.8µm
_08323_,2.8µm
_08334_,2.8µm
_08349_,2.8µm
_08356_,2.8µm
_08411_,2.8µm
_08420_,2.8µm
_08460_,2.8µm
_08490_,2.8µm
_08505_,2.8µm
_08512_,2.8µm
_08550_,2.8µm
_08558_,2.8µm
_08576_,2.8µm
_08610_,2.8µm
_08626_,2.8µm
_08668_,2.8µm
_08698_,2.8µm
_08715_,2.8µm
_08759_,2.8µm
_08768_,2.8µm
_08830_,2.8µm
_08856_,2.8µm
_08892_,2.8µm
_08902_,2.8µm
_08912_,2.8µm
_09011_,2.8µm
_09054_,2.8µm
_09140_,2.8µm
_09144_,2.8µm
_09153_,2.8µm
_09189_,2.8µm
_09674_,2.8µm
_10043_,2.8µm
_10050_,2.8µm
_10085_,2.8µm
_10146_,2.8µm
_10171_,2.8µm
_10260_,2.8µm
_10294_,2.8µm
_10313_,2.8µm
_10375_,2.8µm
_10410_,2.8µm
_10502_,2.8µm
_10590_,2.8µm
_10625_,2.8µm
_10635_,2.8µm
_10640_,2.8µm
_10749_,2.8µm
_10774_,2.8µm
_10844_,2.8µm
_10860_,2.8µm
_10880_,2.8µm
_10941_,2.8µm
_11008_,2.8µm
_11059_,2.8µm
_11073_,2.8µm
_11078_,2.8µm
_11111_,2.8µm
_11136_,2.8µm
_11145_,2.8µm
_11173_,2.8µm
_11176_,2.8µm
_11178_,2.8µm
_11208_,2.8µm
_11223_,2.8µm
_11270_,2.8µm
_11271_,2.8µm
_11284_,2.8µm
_11297_,2.8µm
_11299_,2.8µm
_11316_,2.8µm
_11353_,2.8µm
_11369_,2.8µm
_11427_,2.8µm
_11575_,2.8µm
_11619_,2.8µm
_11811_,2.8µm
_11815_,2.8µm
_11850_,2.8µm
_11885_,2.8µm
_11951_,2.8µm
_11960_,2.8µm
_12009_,2.8µm
_12017_,2.8µm
_12331_,2.8µm
pp_inst.core_inst.reg_state_i.data_d\[109\],2.8µm
pp_inst.core_inst.reg_state_i.data_d\[170\],2.8µm
pp_inst.core_inst.reg_state_i.data_d\[181\],2.8µm
pp_inst.core_inst.reg_state_i.data_d\[222\],2.8µm
pp_inst.core_inst.reg_state_i.data_d\[225\],2.8µm
pp_inst.core_inst.reg_state_i.data_d\[242\],2.8µm
pp_inst.core_inst.reg_state_i.data_d\[254\],2.8µm
pp_inst.core_inst.reg_state_i.data_d\[91\],2.8µm
_03610_,2.34µm
_04761_,2.34µm
_05119_,2.34µm
_05225_,2.34µm
_05517_,2.34µm
_05545_,2.34µm
_06307_,2.34µm
_06332_,2.34µm
_06827_,2.34µm
_07187_,2.34µm
_07350_,2.34µm
_07647_,2.34µm
_07860_,2.34µm
_08018_,2.34µm
_08720_,2.34µm
_08916_,2.34µm
_08980_,2.34µm
_10717_,2.34µm
_11071_,2.34µm
_11165_,2.34µm
_12007_,2.34µm
_03451_,2.29µm
_05837_,2.29µm
_06552_,2.29µm
_06841_,2.29µm
_07253_,2.29µm
_07740_,2.29µm
_08975_,2.29µm
_10662_,2.29µm
_11605_,2.29µm
_00167_,2.24µm
_00313_,2.24µm
_00395_,2.24µm
_00429_,2.24µm
_00435_,2.24µm
_00437_,2.24µm
_00498_,2.24µm
_00557_,2.24µm
_00643_,2.24µm
_00686_,2.24µm
_00758_,2.24µm
_01402_,2.24µm
_01422_,2.24µm
_01567_,2.24µm
_01657_,2.24µm
_01726_,2.24µm
_01734_,2.24µm
_01759_,2.24µm
_01810_,2.24µm
_02070_,2.24µm
_02086_,2.24µm
_02172_,2.24µm
_02245_,2.24µm
_02292_,2.24µm
_02299_,2.24µm
_02362_,2.24µm
_02396_,2.24µm
_02715_,2.24µm
_02791_,2.24µm
_02794_,2.24µm
_03236_,2.24µm
_03254_,2.24µm
_03274_,2.24µm
_03511_,2.24µm
_03524_,2.24µm
_03659_,2.24µm
_03844_,2.24µm
_03862_,2.24µm
_03928_,2.24µm
_04024_,2.24µm
_04060_,2.24µm
_04106_,2.24µm
_04396_,2.24µm
_04775_,2.24µm
_04784_,2.24µm
_04854_,2.24µm
_04856_,2.24µm
_05051_,2.24µm
_05079_,2.24µm
_05154_,2.24µm
_05254_,2.24µm
_05272_,2.24µm
_05415_,2.24µm
_05440_,2.24µm
_05498_,2.24µm
_05544_,2.24µm
_05594_,2.24µm
_05605_,2.24µm
_05667_,2.24µm
_05739_,2.24µm
_05790_,2.24µm
_05845_,2.24µm
_05904_,2.24µm
_05908_,2.24µm
_05922_,2.24µm
_06082_,2.24µm
_06092_,2.24µm
_06153_,2.24µm
_06232_,2.24µm
_06249_,2.24µm
_06376_,2.24µm
_06616_,2.24µm
_06782_,2.24µm
_06915_,2.24µm
_06955_,2.24µm
_07056_,2.24µm
_07098_,2.24µm
_07108_,2.24µm
_07124_,2.24µm
_07186_,2.24µm
_07218_,2.24µm
_07223_,2.24µm
_07680_,2.24µm
_07687_,2.24µm
_07747_,2.24µm
_07855_,2.24µm
_07872_,2.24µm
_07920_,2.24µm
_07937_,2.24µm
_08059_,2.24µm
_08091_,2.24µm
_08317_,2.24µm
_08358_,2.24µm
_08778_,2.24µm
_08818_,2.24µm
_08876_,2.24µm
_08931_,2.24µm
_08969_,2.24µm
_09010_,2.24µm
_09076_,2.24µm
_09681_,2.24µm
_10222_,2.24µm
_10316_,2.24µm
_10452_,2.24µm
_10751_,2.24µm
_10818_,2.24µm
_10834_,2.24µm
_10846_,2.24µm
_10859_,2.24µm
_10930_,2.24µm
_11041_,2.24µm
_11402_,2.24µm
_11439_,2.24µm
_11463_,2.24µm
_11477_,2.24µm
_11543_,2.24µm
_11546_,2.24µm
_11581_,2.24µm
_11818_,2.24µm
_11840_,2.24µm
_11889_,2.24µm
_11940_,2.24µm
_11969_,2.24µm
_05565_,1.78µm
_06649_,1.78µm
_06744_,1.78µm
_06815_,1.78µm
_07793_,1.78µm
_07827_,1.78µm
_07893_,1.78µm
_07919_,1.78µm
_08026_,1.78µm
_08039_,1.78µm
_08092_,1.78µm
_08294_,1.78µm
_08296_,1.78µm
_08482_,1.78µm
_08791_,1.78µm
_11023_,1.78µm
_11700_,1.78µm
_11937_,1.78µm
_12061_,1.78µm
_07817_,1.73µm
_08036_,1.73µm
_08381_,1.73µm
_08392_,1.73µm
_08956_,1.73µm
_00094_,1.68µm
_00111_,1.68µm
_00116_,1.68µm
_00130_,1.68µm
_00142_,1.68µm
_00172_,1.68µm
_00223_,1.68µm
_00285_,1.68µm
_00290_,1.68µm
_00291_,1.68µm
_00296_,1.68µm
_00320_,1.68µm
_00328_,1.68µm
_00331_,1.68µm
_00338_,1.68µm
_00340_,1.68µm
_00343_,1.68µm
_00345_,1.68µm
_00352_,1.68µm
_00413_,1.68µm
_00419_,1.68µm
_00427_,1.68µm
_00439_,1.68µm
_00444_,1.68µm
_00451_,1.68µm
_00461_,1.68µm
_00462_,1.68µm
_00465_,1.68µm
_00480_,1.68µm
_00492_,1.68µm
_00504_,1.68µm
_00509_,1.68µm
_00513_,1.68µm
_00525_,1.68µm
_00544_,1.68µm
_00547_,1.68µm
_00556_,1.68µm
_00589_,1.68µm
_00595_,1.68µm
_00597_,1.68µm
_00599_,1.68µm
_00603_,1.68µm
_00605_,1.68µm
_00611_,1.68µm
_00614_,1.68µm
_00663_,1.68µm
_00696_,1.68µm
_00700_,1.68µm
_00711_,1.68µm
_00712_,1.68µm
_00718_,1.68µm
_00729_,1.68µm
_00730_,1.68µm
_00736_,1.68µm
_00740_,1.68µm
_00743_,1.68µm
_00747_,1.68µm
_00750_,1.68µm
_00752_,1.68µm
_00754_,1.68µm
_00755_,1.68µm
_00761_,1.68µm
_00762_,1.68µm
_00775_,1.68µm
_00776_,1.68µm
_00785_,1.68µm
_00787_,1.68µm
_00789_,1.68µm
_00791_,1.68µm
_00800_,1.68µm
_03615_,1.68µm
_03739_,1.68µm
_04451_,1.68µm
_04704_,1.68µm
_05467_,1.68µm
_05533_,1.68µm
_05581_,1.68µm
_05593_,1.68µm
_05621_,1.68µm
_05635_,1.68µm
_05670_,1.68µm
_05691_,1.68µm
_05787_,1.68µm
_05807_,1.68µm
_06316_,1.68µm
_06326_,1.68µm
_06533_,1.68µm
_06562_,1.68µm
_06591_,1.68µm
_06748_,1.68µm
_06808_,1.68µm
_07069_,1.68µm
_07071_,1.68µm
_07137_,1.68µm
_07260_,1.68µm
_07276_,1.68µm
_07280_,1.68µm
_07286_,1.68µm
_07293_,1.68µm
_07317_,1.68µm
_07328_,1.68µm
_07331_,1.68µm
_07389_,1.68µm
_07414_,1.68µm
_07424_,1.68µm
_07460_,1.68µm
_07592_,1.68µm
_07653_,1.68µm
_07723_,1.68µm
_07724_,1.68µm
_07759_,1.68µm
_07761_,1.68µm
_07762_,1.68µm
_07791_,1.68µm
_07825_,1.68µm
_07834_,1.68µm
_07847_,1.68µm
_07954_,1.68µm
_07981_,1.68µm
_08078_,1.68µm
_08108_,1.68µm
_08120_,1.68µm
_08216_,1.68µm
_08221_,1.68µm
_08250_,1.68µm
_08257_,1.68µm
_08319_,1.68µm
_08491_,1.68µm
_08524_,1.68µm
_08578_,1.68µm
_08655_,1.68µm
_08671_,1.68µm
_08677_,1.68µm
_08682_,1.68µm
_08745_,1.68µm
_08757_,1.68µm
_08760_,1.68µm
_08771_,1.68µm
_08851_,1.68µm
_08852_,1.68µm
_08947_,1.68µm
_08954_,1.68µm
_09066_,1.68µm
_09093_,1.68µm
_09109_,1.68µm
_09678_,1.68µm
_10151_,1.68µm
_10261_,1.68µm
_10885_,1.68µm
_10969_,1.68µm
_11549_,1.68µm
_11551_,1.68µm
_11554_,1.68µm
_11557_,1.68µm
_11578_,1.68µm
_11649_,1.68µm
_11673_,1.68µm
_11707_,1.68µm
_11727_,1.68µm
_11760_,1.68µm
_11842_,1.68µm
_11845_,1.68µm
_11952_,1.68µm
_11957_,1.68µm
_05577_,1.22µm
_06776_,1.22µm
_06877_,1.22µm
_06904_,1.22µm
_07089_,1.22µm
_07174_,1.22µm
_07363_,1.22µm
_07952_,1.22µm
_08647_,1.22µm
_09146_,1.22µm
_03792_,1.12µm
_04600_,1.12µm
_04696_,1.12µm
_04726_,1.12µm
_04755_,1.12µm
_04806_,1.12µm
_04830_,1.12µm
_05216_,1.12µm
_05237_,1.12µm
_05241_,1.12µm
_05306_,1.12µm
_05423_,1.12µm
_05694_,1.12µm
_05791_,1.12µm
_05829_,1.12µm
_06043_,1.12µm
_06410_,1.12µm
_06430_,1.12µm
_06464_,1.12µm
_06567_,1.12µm
_06720_,1.12µm
_06838_,1.12µm
_07045_,1.12µm
_07050_,1.12µm
_07053_,1.12µm
_07055_,1.12µm
_07070_,1.12µm
_07102_,1.12µm
_07106_,1.12µm
_07116_,1.12µm
_07118_,1.12µm
_07122_,1.12µm
_07127_,1.12µm
_07156_,1.12µm
_07161_,1.12µm
_07166_,1.12µm
_07173_,1.12µm
_07190_,1.12µm
_07192_,1.12µm
_07195_,1.12µm
_07200_,1.12µm
_07212_,1.12µm
_07222_,1.12µm
_07224_,1.12µm
_07237_,1.12µm
_07243_,1.12µm
_07249_,1.12µm
_07255_,1.12µm
_07258_,1.12µm
_07282_,1.12µm
_07284_,1.12µm
_07290_,1.12µm
_07295_,1.12µm
_07297_,1.12µm
_07324_,1.12µm
_07326_,1.12µm
_07327_,1.12µm
_07332_,1.12µm
_07343_,1.12µm
_07345_,1.12µm
_07351_,1.12µm
_07370_,1.12µm
_07377_,1.12µm
_07384_,1.12µm
_07385_,1.12µm
_07395_,1.12µm
_07396_,1.12µm
_07397_,1.12µm
_07399_,1.12µm
_07410_,1.12µm
_07430_,1.12µm
_07438_,1.12µm
_07458_,1.12µm
_07461_,1.12µm
_07462_,1.12µm
_07468_,1.12µm
_07472_,1.12µm
_07492_,1.12µm
_07506_,1.12µm
_07517_,1.12µm
_07526_,1.12µm
_07527_,1.12µm
_07531_,1.12µm
_07540_,1.12µm
_07549_,1.12µm
_07552_,1.12µm
_07559_,1.12µm
_07562_,1.12µm
_07563_,1.12µm
_07566_,1.12µm
_07567_,1.12µm
_07570_,1.12µm
_07598_,1.12µm
_07603_,1.12µm
_07608_,1.12µm
_07614_,1.12µm
_07636_,1.12µm
_07643_,1.12µm
_07658_,1.12µm
_07660_,1.12µm
_07664_,1.12µm
_07679_,1.12µm
_07681_,1.12µm
_07682_,1.12µm
_07695_,1.12µm
_07707_,1.12µm
_07709_,1.12µm
_07714_,1.12µm
_07721_,1.12µm
_07726_,1.12µm
_07731_,1.12µm
_07736_,1.12µm
_07755_,1.12µm
_07756_,1.12µm
_07763_,1.12µm
_07764_,1.12µm
_07765_,1.12µm
_07775_,1.12µm
_07788_,1.12µm
_07790_,1.12µm
_07801_,1.12µm
_07802_,1.12µm
_07808_,1.12µm
_07820_,1.12µm
_07821_,1.12µm
_07829_,1.12µm
_07830_,1.12µm
_07839_,1.12µm
_07854_,1.12µm
_07861_,1.12µm
_07862_,1.12µm
_07877_,1.12µm
_07892_,1.12µm
_07896_,1.12µm
_07897_,1.12µm
_07913_,1.12µm
_07916_,1.12µm
_07921_,1.12µm
_07924_,1.12µm
_07929_,1.12µm
_07931_,1.12µm
_07938_,1.12µm
_07956_,1.12µm
_07961_,1.12µm
_07966_,1.12µm
_07982_,1.12µm
_08017_,1.12µm
_08019_,1.12µm
_08021_,1.12µm
_08024_,1.12µm
_08031_,1.12µm
_08054_,1.12µm
_08061_,1.12µm
_08084_,1.12µm
_08087_,1.12µm
_08089_,1.12µm
_08090_,1.12µm
_08105_,1.12µm
_08109_,1.12µm
_08117_,1.12µm
_08124_,1.12µm
_08126_,1.12µm
_08136_,1.12µm
_08162_,1.12µm
_08163_,1.12µm
_08168_,1.12µm
_08173_,1.12µm
_08184_,1.12µm
_08191_,1.12µm
_08194_,1.12µm
_08201_,1.12µm
_08202_,1.12µm
_08223_,1.12µm
_08225_,1.12µm
_08254_,1.12µm
_08259_,1.12µm
_08261_,1.12µm
_08290_,1.12µm
_08293_,1.12µm
_08312_,1.12µm
_08314_,1.12µm
_08320_,1.12µm
_08338_,1.12µm
_08342_,1.12µm
_08350_,1.12µm
_08357_,1.12µm
_08362_,1.12µm
_08373_,1.12µm
_08378_,1.12µm
_08390_,1.12µm
_08399_,1.12µm
_08413_,1.12µm
_08414_,1.12µm
_08435_,1.12µm
_08444_,1.12µm
_08447_,1.12µm
_08461_,1.12µm
_08470_,1.12µm
_08475_,1.12µm
_08477_,1.12µm
_08480_,1.12µm
_08483_,1.12µm
_08489_,1.12µm
_08498_,1.12µm
_08507_,1.12µm
_08518_,1.12µm
_08523_,1.12µm
_08534_,1.12µm
_08548_,1.12µm
_08549_,1.12µm
_08553_,1.12µm
_08554_,1.12µm
_08556_,1.12µm
_08571_,1.12µm
_08580_,1.12µm
_08582_,1.12µm
_08589_,1.12µm
_08599_,1.12µm
_08606_,1.12µm
_08607_,1.12µm
_08613_,1.12µm
_08618_,1.12µm
_08622_,1.12µm
_08652_,1.12µm
_08654_,1.12µm
_08658_,1.12µm
_08672_,1.12µm
_08676_,1.12µm
_08681_,1.12µm
_08690_,1.12µm
_08704_,1.12µm
_08706_,1.12µm
_08716_,1.12µm
_08725_,1.12µm
_08737_,1.12µm
_08748_,1.12µm
_08752_,1.12µm
_08779_,1.12µm
_08784_,1.12µm
_08786_,1.12µm
_08788_,1.12µm
_08790_,1.12µm
_08793_,1.12µm
_08799_,1.12µm
_08815_,1.12µm
_08816_,1.12µm
_08837_,1.12µm
_08842_,1.12µm
_08849_,1.12µm
_08854_,1.12µm
_08869_,1.12µm
_08871_,1.12µm
_08878_,1.12µm
_08880_,1.12µm
_08881_,1.12µm
_08886_,1.12µm
_08887_,1.12µm
_08895_,1.12µm
_08898_,1.12µm
_08904_,1.12µm
_08919_,1.12µm
_08943_,1.12µm
_08952_,1.12µm
_08964_,1.12µm
_08966_,1.12µm
_08968_,1.12µm
_08982_,1.12µm
_08985_,1.12µm
_08986_,1.12µm
_08991_,1.12µm
_08994_,1.12µm
_09007_,1.12µm
_09014_,1.12µm
_09018_,1.12µm
_09019_,1.12µm
_09020_,1.12µm
_09025_,1.12µm
_09033_,1.12µm
_09049_,1.12µm
_09057_,1.12µm
_09068_,1.12µm
_09074_,1.12µm
_09075_,1.12µm
_09080_,1.12µm
_09081_,1.12µm
_09123_,1.12µm
_09127_,1.12µm
_09142_,1.12µm
_09147_,1.12µm
_09154_,1.12µm
_09155_,1.12µm
_10591_,1.12µm
_10862_,1.12µm
_10970_,1.12µm
_11413_,1.12µm
_11461_,1.12µm
_12014_,1.12µm
_12067_,1.12µm
_12074_,1.12µm
_12146_,1.12µm
_12148_,1.12µm
_07418_,0.66µm
_07509_,0.56µm
_07999_,0.56µm
_08333_,0.56µm
_08359_,0.56µm
