
 /----------------------------------------------------------------------------\
 |  yosys -- Yosys Open SYnthesis Suite                                       |
 |  Copyright (C) 2012 - 2025  Claire Xenia Wolf <claire@yosyshq.com>         |
 |  Distributed under an ISC-like license, type "license" to see terms        |
 \----------------------------------------------------------------------------/
 Yosys 0.54 (git sha1 db72ec3bd, g++ 13.3.0-6ubuntu2~24.04 -fPIC -O3)

1. Executing Liberty frontend: /foss/pdks/gf180mcuD/libs.ref/gf180mcu_fd_sc_mcu7t5v0/lib/gf180mcu_fd_sc_mcu7t5v0__tt_025C_5v00.lib
Imported 229 cell types from liberty file.
[INFO] Using SDC file '/foss/designs/ascon_top_layout/runs/RUN_2026-08-21_17-20-50/06-yosys-synthesis/synthesis.abc.sdc' for ABC…

2. Executing Verilog-2005 frontend: /foss/designs/ascon_top_layout/src/ascon_core.sv
Parsing SystemVerilog input from `/foss/designs/ascon_top_layout/src/ascon_core.sv' to AST representation.
Storing AST representation for module `$abstract\asconp'.
Storing AST representation for module `$abstract\register'.
Storing AST representation for module `$abstract\ascon_core'.
Successfully finished Verilog frontend.

3. Executing Verilog-2005 frontend: /foss/designs/ascon_top_layout/src/ascon_top.sv
Parsing SystemVerilog input from `/foss/designs/ascon_top_layout/src/ascon_top.sv' to AST representation.
Storing AST representation for module `$abstract\ascon_top'.
Successfully finished Verilog frontend.

4. Executing Verilog-2005 frontend: /foss/designs/ascon_top_layout/src/asconp.sv
Parsing SystemVerilog input from `/foss/designs/ascon_top_layout/src/asconp.sv' to AST representation.
Successfully finished Verilog frontend.

5. Executing Verilog-2005 frontend: /foss/designs/ascon_top_layout/src/config.sv
Parsing SystemVerilog input from `/foss/designs/ascon_top_layout/src/config.sv' to AST representation.
Successfully finished Verilog frontend.

6. Executing Verilog-2005 frontend: /foss/designs/ascon_top_layout/src/functions.sv
Parsing SystemVerilog input from `/foss/designs/ascon_top_layout/src/functions.sv' to AST representation.
Successfully finished Verilog frontend.

7. Executing Verilog-2005 frontend: /foss/designs/ascon_top_layout/src/postprocessor_rup.sv
Parsing SystemVerilog input from `/foss/designs/ascon_top_layout/src/postprocessor_rup.sv' to AST representation.
Storing AST representation for module `$abstract\postprocessor_rup'.
Successfully finished Verilog frontend.

8. Executing Verilog-2005 frontend: /foss/designs/ascon_top_layout/src/register.sv
Parsing SystemVerilog input from `/foss/designs/ascon_top_layout/src/register.sv' to AST representation.
Successfully finished Verilog frontend.

9. Executing Verilog-2005 frontend: /foss/designs/ascon_top_layout/src/spi_controller.sv
Parsing SystemVerilog input from `/foss/designs/ascon_top_layout/src/spi_controller.sv' to AST representation.
Storing AST representation for module `$abstract\spi_controller'.
Successfully finished Verilog frontend.

10. Executing Verilog-2005 frontend: /foss/designs/ascon_top_layout/src/spi_slave.sv
Parsing SystemVerilog input from `/foss/designs/ascon_top_layout/src/spi_slave.sv' to AST representation.
Storing AST representation for module `$abstract\spi_slave'.
Successfully finished Verilog frontend.

11. Executing HIERARCHY pass (managing design hierarchy).

12. Executing AST frontend in derive mode using pre-parsed AST for module `\ascon_top'.
Generating RTLIL representation for module `\ascon_top'.

12.1. Analyzing design hierarchy..
Top module:  \ascon_top

12.2. Executing AST frontend in derive mode using pre-parsed AST for module `\postprocessor_rup'.
Generating RTLIL representation for module `\postprocessor_rup'.
Warning: Replacing memory \fifo_eot with list of registers. See /foss/designs/ascon_top_layout/src/postprocessor_rup.sv:85
Warning: Replacing memory \fifo_type with list of registers. See /foss/designs/ascon_top_layout/src/postprocessor_rup.sv:84
Warning: Replacing memory \fifo_data with list of registers. See /foss/designs/ascon_top_layout/src/postprocessor_rup.sv:83

12.3. Executing AST frontend in derive mode using pre-parsed AST for module `\spi_controller'.
Generating RTLIL representation for module `\spi_controller'.

12.4. Executing AST frontend in derive mode using pre-parsed AST for module `\spi_slave'.
Generating RTLIL representation for module `\spi_slave'.

12.5. Analyzing design hierarchy..
Top module:  \ascon_top
Used module:     \postprocessor_rup
Used module:     \spi_controller
Used module:     \spi_slave

12.6. Executing AST frontend in derive mode using pre-parsed AST for module `\ascon_core'.
Generating RTLIL representation for module `\ascon_core'.

12.7. Analyzing design hierarchy..
Top module:  \ascon_top
Used module:     \postprocessor_rup
Used module:         \ascon_core
Used module:     \spi_controller
Used module:     \spi_slave

12.8. Executing AST frontend in derive mode using pre-parsed AST for module `\asconp'.
Generating RTLIL representation for module `\asconp'.
Parameter 1 (\DATA_WIDTH) = 11

12.9. Executing AST frontend in derive mode using pre-parsed AST for module `\register'.
Parameter 1 (\DATA_WIDTH) = 11
Generating RTLIL representation for module `$paramod\register\DATA_WIDTH=32'00000000000000000000000000001011'.
Parameter 1 (\DATA_WIDTH) = 5
Parameter 2 (\RST_VALUE) = 5'00001

12.10. Executing AST frontend in derive mode using pre-parsed AST for module `\register'.
Parameter 1 (\DATA_WIDTH) = 5
Parameter 2 (\RST_VALUE) = 5'00001
Generating RTLIL representation for module `$paramod$2bee4efb53c4759eef8dbd8c8b945eecbfdf3d47\register'.
Parameter 1 (\DATA_WIDTH) = 8

12.11. Executing AST frontend in derive mode using pre-parsed AST for module `\register'.
Parameter 1 (\DATA_WIDTH) = 8
Generating RTLIL representation for module `$paramod\register\DATA_WIDTH=32'00000000000000000000000000001000'.
Parameter 1 (\DATA_WIDTH) = 320

12.12. Executing AST frontend in derive mode using pre-parsed AST for module `\register'.
Parameter 1 (\DATA_WIDTH) = 320
Generating RTLIL representation for module `$paramod\register\DATA_WIDTH=32'00000000000000000000000101000000'.
Parameter 1 (\DATA_WIDTH) = 128

12.13. Executing AST frontend in derive mode using pre-parsed AST for module `\register'.
Parameter 1 (\DATA_WIDTH) = 128
Generating RTLIL representation for module `$paramod\register\DATA_WIDTH=32'00000000000000000000000010000000'.

12.14. Analyzing design hierarchy..
Top module:  \ascon_top
Used module:     \postprocessor_rup
Used module:         \ascon_core
Used module:             \asconp
Used module:             $paramod\register\DATA_WIDTH=32'00000000000000000000000000001011
Used module:             $paramod$2bee4efb53c4759eef8dbd8c8b945eecbfdf3d47\register
Used module:             $paramod\register\DATA_WIDTH=32'00000000000000000000000000001000
Used module:             $paramod\register\DATA_WIDTH=32'00000000000000000000000101000000
Used module:             $paramod\register\DATA_WIDTH=32'00000000000000000000000010000000
Used module:     \spi_controller
Used module:     \spi_slave

12.15. Analyzing design hierarchy..
Top module:  \ascon_top
Used module:     \postprocessor_rup
Used module:         \ascon_core
Used module:             \asconp
Used module:             $paramod\register\DATA_WIDTH=32'00000000000000000000000000001011
Used module:             $paramod$2bee4efb53c4759eef8dbd8c8b945eecbfdf3d47\register
Used module:             $paramod\register\DATA_WIDTH=32'00000000000000000000000000001000
Used module:             $paramod\register\DATA_WIDTH=32'00000000000000000000000101000000
Used module:             $paramod\register\DATA_WIDTH=32'00000000000000000000000010000000
Used module:     \spi_controller
Used module:     \spi_slave
Removing unused module `$abstract\spi_slave'.
Removing unused module `$abstract\spi_controller'.
Removing unused module `$abstract\postprocessor_rup'.
Removing unused module `$abstract\ascon_top'.
Removing unused module `$abstract\ascon_core'.
Removing unused module `$abstract\register'.
Removing unused module `$abstract\asconp'.
Removed 7 unused modules.
Renaming module ascon_top to ascon_top.

13. Generating Graphviz representation of design.
Writing dot description to `/foss/designs/ascon_top_layout/runs/RUN_2026-08-21_17-20-50/06-yosys-synthesis/hierarchy.dot'.
Dumping module ascon_top to page 1.

14. Executing HIERARCHY pass (managing design hierarchy).

14.1. Analyzing design hierarchy..
Top module:  \ascon_top
Used module:     \postprocessor_rup
Used module:         \ascon_core
Used module:             \asconp
Used module:             $paramod\register\DATA_WIDTH=32'00000000000000000000000000001011
Used module:             $paramod$2bee4efb53c4759eef8dbd8c8b945eecbfdf3d47\register
Used module:             $paramod\register\DATA_WIDTH=32'00000000000000000000000000001000
Used module:             $paramod\register\DATA_WIDTH=32'00000000000000000000000101000000
Used module:             $paramod\register\DATA_WIDTH=32'00000000000000000000000010000000
Used module:     \spi_controller
Used module:     \spi_slave

14.2. Analyzing design hierarchy..
Top module:  \ascon_top
Used module:     \postprocessor_rup
Used module:         \ascon_core
Used module:             \asconp
Used module:             $paramod\register\DATA_WIDTH=32'00000000000000000000000000001011
Used module:             $paramod$2bee4efb53c4759eef8dbd8c8b945eecbfdf3d47\register
Used module:             $paramod\register\DATA_WIDTH=32'00000000000000000000000000001000
Used module:             $paramod\register\DATA_WIDTH=32'00000000000000000000000101000000
Used module:             $paramod\register\DATA_WIDTH=32'00000000000000000000000010000000
Used module:     \spi_controller
Used module:     \spi_slave
Removed 0 unused modules.

15. Executing PROC_CLEAN pass (remove empty switches from decision trees).
Cleaned up 0 empty switches.

16. Executing PROC_RMDEAD pass (remove dead branches from decision trees).
Marked 8 switch rules as full_case in process $proc$/foss/designs/ascon_top_layout/src/spi_controller.sv:220$96 in module spi_controller.
Marked 4 switch rules as full_case in process $proc$/foss/designs/ascon_top_layout/src/spi_controller.sv:0$94 in module spi_controller.
Marked 2 switch rules as full_case in process $proc$/foss/designs/ascon_top_layout/src/spi_controller.sv:191$93 in module spi_controller.
Marked 5 switch rules as full_case in process $proc$/foss/designs/ascon_top_layout/src/spi_controller.sv:129$81 in module spi_controller.
Marked 1 switch rules as full_case in process $proc$/foss/designs/ascon_top_layout/src/spi_controller.sv:77$77 in module spi_controller.
Marked 1 switch rules as full_case in process $proc$/foss/designs/ascon_top_layout/src/spi_controller.sv:68$75 in module spi_controller.
Removed 1 dead cases from process $proc$/foss/designs/ascon_top_layout/src/postprocessor_rup.sv:0$72 in module postprocessor_rup.
Marked 1 switch rules as full_case in process $proc$/foss/designs/ascon_top_layout/src/postprocessor_rup.sv:0$72 in module postprocessor_rup.
Removed 1 dead cases from process $proc$/foss/designs/ascon_top_layout/src/postprocessor_rup.sv:0$69 in module postprocessor_rup.
Marked 1 switch rules as full_case in process $proc$/foss/designs/ascon_top_layout/src/postprocessor_rup.sv:0$69 in module postprocessor_rup.
Removed 1 dead cases from process $proc$/foss/designs/ascon_top_layout/src/postprocessor_rup.sv:0$66 in module postprocessor_rup.
Marked 1 switch rules as full_case in process $proc$/foss/designs/ascon_top_layout/src/postprocessor_rup.sv:0$66 in module postprocessor_rup.
Marked 2 switch rules as full_case in process $proc$/foss/designs/ascon_top_layout/src/postprocessor_rup.sv:111$58 in module postprocessor_rup.
Marked 5 switch rules as full_case in process $proc$/foss/designs/ascon_top_layout/src/postprocessor_rup.sv:91$54 in module postprocessor_rup.
Marked 6 switch rules as full_case in process $proc$/foss/designs/ascon_top_layout/src/postprocessor_rup.sv:77$26 in module postprocessor_rup.
Marked 1 switch rules as full_case in process $proc$/foss/designs/ascon_top_layout/src/postprocessor_rup.sv:0$19 in module postprocessor_rup.
Marked 4 switch rules as full_case in process $proc$/foss/designs/ascon_top_layout/src/spi_slave.sv:50$147 in module spi_slave.
Marked 1 switch rules as full_case in process $proc$/foss/designs/ascon_top_layout/src/spi_slave.sv:25$142 in module spi_slave.
Marked 1 switch rules as full_case in process $proc$/foss/designs/ascon_top_layout/src/register.sv:23$548 in module $paramod\register\DATA_WIDTH=32'00000000000000000000000010000000.
Marked 1 switch rules as full_case in process $proc$/foss/designs/ascon_top_layout/src/register.sv:23$547 in module $paramod\register\DATA_WIDTH=32'00000000000000000000000101000000.
Marked 1 switch rules as full_case in process $proc$/foss/designs/ascon_top_layout/src/register.sv:23$546 in module $paramod\register\DATA_WIDTH=32'00000000000000000000000000001000.
Marked 1 switch rules as full_case in process $proc$/foss/designs/ascon_top_layout/src/register.sv:23$545 in module $paramod$2bee4efb53c4759eef8dbd8c8b945eecbfdf3d47\register.
Marked 1 switch rules as full_case in process $proc$/foss/designs/ascon_top_layout/src/register.sv:23$544 in module $paramod\register\DATA_WIDTH=32'00000000000000000000000000001011.
Marked 13 switch rules as full_case in process $proc$/foss/designs/ascon_top_layout/src/ascon_core.sv:0$493 in module ascon_core.
Marked 1 switch rules as full_case in process $proc$/foss/designs/ascon_top_layout/src/ascon_core.sv:0$488 in module ascon_core.
Marked 6 switch rules as full_case in process $proc$/foss/designs/ascon_top_layout/src/ascon_core.sv:0$471 in module ascon_core.
Marked 1 switch rules as full_case in process $proc$/foss/designs/ascon_top_layout/src/ascon_core.sv:0$460 in module ascon_core.
Marked 9 switch rules as full_case in process $proc$/foss/designs/ascon_top_layout/src/ascon_core.sv:0$418 in module ascon_core.
Marked 32 switch rules as full_case in process $proc$/foss/designs/ascon_top_layout/src/ascon_core.sv:0$397 in module ascon_core.
Marked 2 switch rules as full_case in process $proc$/foss/designs/ascon_top_layout/src/ascon_core.sv:0$257 in module ascon_core.
Removed a total of 3 dead cases.

17. Executing PROC_PRUNE pass (remove redundant assignments in processes).
Removed 14 redundant assignments.
Promoted 90 assignments to connections.

18. Executing PROC_INIT pass (extract init attributes).

19. Executing PROC_ARST pass (detect async resets in processes).
Found async reset \rst in `\spi_controller.$proc$/foss/designs/ascon_top_layout/src/spi_controller.sv:220$96'.
Found async reset \rst in `\spi_controller.$proc$/foss/designs/ascon_top_layout/src/spi_controller.sv:191$93'.
Found async reset \rst in `\spi_controller.$proc$/foss/designs/ascon_top_layout/src/spi_controller.sv:129$81'.
Found async reset \rst in `\spi_controller.$proc$/foss/designs/ascon_top_layout/src/spi_controller.sv:77$77'.
Found async reset \rst in `\spi_controller.$proc$/foss/designs/ascon_top_layout/src/spi_controller.sv:68$75'.
Found async reset \rst in `\postprocessor_rup.$proc$/foss/designs/ascon_top_layout/src/postprocessor_rup.sv:111$58'.
Found async reset \rst in `\postprocessor_rup.$proc$/foss/designs/ascon_top_layout/src/postprocessor_rup.sv:91$54'.
Found async reset \rst in `\postprocessor_rup.$proc$/foss/designs/ascon_top_layout/src/postprocessor_rup.sv:77$26'.
Found async reset \rst in `\spi_slave.$proc$/foss/designs/ascon_top_layout/src/spi_slave.sv:50$147'.
Found async reset \rst in `\spi_slave.$proc$/foss/designs/ascon_top_layout/src/spi_slave.sv:25$142'.
Found async reset \rst in `$paramod\register\DATA_WIDTH=32'00000000000000000000000010000000.$proc$/foss/designs/ascon_top_layout/src/register.sv:23$548'.
Found async reset \rst in `$paramod\register\DATA_WIDTH=32'00000000000000000000000101000000.$proc$/foss/designs/ascon_top_layout/src/register.sv:23$547'.
Found async reset \rst in `$paramod\register\DATA_WIDTH=32'00000000000000000000000000001000.$proc$/foss/designs/ascon_top_layout/src/register.sv:23$546'.
Found async reset \rst in `$paramod$2bee4efb53c4759eef8dbd8c8b945eecbfdf3d47\register.$proc$/foss/designs/ascon_top_layout/src/register.sv:23$545'.
Found async reset \rst in `$paramod\register\DATA_WIDTH=32'00000000000000000000000000001011.$proc$/foss/designs/ascon_top_layout/src/register.sv:23$544'.

20. Executing PROC_ROM pass (convert switches to ROMs).
Converted 0 switches.
<suppressed ~117 debug messages>

21. Executing PROC_MUX pass (convert decision trees to multiplexers).
Creating decoders for process `\spi_controller.$proc$/foss/designs/ascon_top_layout/src/spi_controller.sv:220$96'.
     1/18: $0\word_buf[31:0] [31:24]
     2/18: $0\word_buf[31:0] [23:16]
     3/18: $0\word_buf[31:0] [15:8]
     4/18: $0\word_buf[31:0] [7:0]
     5/18: $0\mode_reg[3:0]
     6/18: $0\pend_valid[0:0]
     7/18: $0\pend_type[3:0]
     8/18: $0\pend_wcnt[2:0]
     9/18: $0\pend_word[31:0]
    10/18: $0\word_cnt[2:0]
    11/18: $0\byte_cnt[1:0]
    12/18: $0\bdi_eoi[0:0]
    13/18: $0\bdi_eot[0:0]
    14/18: $0\bdi_type[3:0]
    15/18: $0\bdi_valid[3:0]
    16/18: $0\bdi[31:0]
    17/18: $0\key_valid[0:0]
    18/18: $0\key[31:0]
Creating decoders for process `\spi_controller.$proc$/foss/designs/ascon_top_layout/src/spi_controller.sv:0$94'.
     1/4: $4\next_state[3:0]
     2/4: $3\next_state[3:0]
     3/4: $2\next_state[3:0]
     4/4: $1\next_state[3:0]
Creating decoders for process `\spi_controller.$proc$/foss/designs/ascon_top_layout/src/spi_controller.sv:191$93'.
     1/1: $0\state[3:0]
Creating decoders for process `\spi_controller.$proc$/foss/designs/ascon_top_layout/src/spi_controller.sv:129$81'.
     1/6: $0\tx_fresh[0:0]
     2/6: $0\tx_stage_valid[0:0]
     3/6: $0\tx_stage[31:0]
     4/6: $0\tx_busy[0:0]
     5/6: $0\tx_byte_cnt[1:0]
     6/6: $0\tx_shift_reg[31:0]
Creating decoders for process `\spi_controller.$proc$/foss/designs/ascon_top_layout/src/spi_controller.sv:77$77'.
     1/1: $0\cs_rise[0:0]
Creating decoders for process `\spi_controller.$proc$/foss/designs/ascon_top_layout/src/spi_controller.sv:68$75'.
     1/1: $0\cs_n_sync[2:0]
Creating decoders for process `\postprocessor_rup.$proc$/foss/designs/ascon_top_layout/src/postprocessor_rup.sv:0$72'.
     1/1: $1$mem2reg_rd$\fifo_eot$/foss/designs/ascon_top_layout/src/postprocessor_rup.sv:64$11_DATA[0:0]$74
Creating decoders for process `\postprocessor_rup.$proc$/foss/designs/ascon_top_layout/src/postprocessor_rup.sv:0$69'.
     1/1: $1$mem2reg_rd$\fifo_type$/foss/designs/ascon_top_layout/src/postprocessor_rup.sv:63$10_DATA[3:0]$71
Creating decoders for process `\postprocessor_rup.$proc$/foss/designs/ascon_top_layout/src/postprocessor_rup.sv:0$66'.
     1/1: $1$mem2reg_rd$\fifo_data$/foss/designs/ascon_top_layout/src/postprocessor_rup.sv:62$9_DATA[31:0]$68
Creating decoders for process `\postprocessor_rup.$proc$/foss/designs/ascon_top_layout/src/postprocessor_rup.sv:111$58'.
     1/1: $0\rd_ptr[6:0]
Creating decoders for process `\postprocessor_rup.$proc$/foss/designs/ascon_top_layout/src/postprocessor_rup.sv:91$54'.
     1/2: $0\release_buffer[0:0]
     2/2: $0\flush_buffer[0:0]
Creating decoders for process `\postprocessor_rup.$proc$/foss/designs/ascon_top_layout/src/postprocessor_rup.sv:77$26'.
     1/211: $3$mem2reg_wr$\fifo_eot$/foss/designs/ascon_top_layout/src/postprocessor_rup.sv:85$14_ADDR[5:0]$51
     2/211: $3$mem2reg_wr$\fifo_eot$/foss/designs/ascon_top_layout/src/postprocessor_rup.sv:85$14_DATA[0:0]$52
     3/211: $3$mem2reg_wr$\fifo_type$/foss/designs/ascon_top_layout/src/postprocessor_rup.sv:84$13_ADDR[5:0]$49
     4/211: $3$mem2reg_wr$\fifo_type$/foss/designs/ascon_top_layout/src/postprocessor_rup.sv:84$13_DATA[3:0]$50
     5/211: $3$mem2reg_wr$\fifo_data$/foss/designs/ascon_top_layout/src/postprocessor_rup.sv:83$12_ADDR[5:0]$47
     6/211: $3$mem2reg_wr$\fifo_data$/foss/designs/ascon_top_layout/src/postprocessor_rup.sv:83$12_DATA[31:0]$48
     7/211: $2$mem2reg_wr$\fifo_eot$/foss/designs/ascon_top_layout/src/postprocessor_rup.sv:85$14_DATA[0:0]$44
     8/211: $2$mem2reg_wr$\fifo_eot$/foss/designs/ascon_top_layout/src/postprocessor_rup.sv:85$14_ADDR[5:0]$43
     9/211: $2$mem2reg_wr$\fifo_type$/foss/designs/ascon_top_layout/src/postprocessor_rup.sv:84$13_DATA[3:0]$42
    10/211: $2$mem2reg_wr$\fifo_type$/foss/designs/ascon_top_layout/src/postprocessor_rup.sv:84$13_ADDR[5:0]$41
    11/211: $2$mem2reg_wr$\fifo_data$/foss/designs/ascon_top_layout/src/postprocessor_rup.sv:83$12_DATA[31:0]$40
    12/211: $2$mem2reg_wr$\fifo_data$/foss/designs/ascon_top_layout/src/postprocessor_rup.sv:83$12_ADDR[5:0]$39
    13/211: $1$mem2reg_wr$\fifo_eot$/foss/designs/ascon_top_layout/src/postprocessor_rup.sv:85$14_DATA[0:0]$38
    14/211: $1$mem2reg_wr$\fifo_eot$/foss/designs/ascon_top_layout/src/postprocessor_rup.sv:85$14_ADDR[5:0]$37
    15/211: $1$mem2reg_wr$\fifo_type$/foss/designs/ascon_top_layout/src/postprocessor_rup.sv:84$13_DATA[3:0]$36
    16/211: $1$mem2reg_wr$\fifo_type$/foss/designs/ascon_top_layout/src/postprocessor_rup.sv:84$13_ADDR[5:0]$35
    17/211: $1$mem2reg_wr$\fifo_data$/foss/designs/ascon_top_layout/src/postprocessor_rup.sv:83$12_DATA[31:0]$34
    18/211: $1$mem2reg_wr$\fifo_data$/foss/designs/ascon_top_layout/src/postprocessor_rup.sv:83$12_ADDR[5:0]$33
    19/211: $0\fifo_eot[63][0:0]
    20/211: $0\fifo_eot[62][0:0]
    21/211: $0\fifo_eot[61][0:0]
    22/211: $0\fifo_eot[60][0:0]
    23/211: $0\fifo_eot[59][0:0]
    24/211: $0\fifo_eot[58][0:0]
    25/211: $0\fifo_eot[57][0:0]
    26/211: $0\fifo_eot[56][0:0]
    27/211: $0\fifo_eot[55][0:0]
    28/211: $0\fifo_eot[54][0:0]
    29/211: $0\fifo_eot[53][0:0]
    30/211: $0\fifo_eot[52][0:0]
    31/211: $0\fifo_eot[51][0:0]
    32/211: $0\fifo_eot[50][0:0]
    33/211: $0\fifo_eot[49][0:0]
    34/211: $0\fifo_eot[48][0:0]
    35/211: $0\fifo_eot[47][0:0]
    36/211: $0\fifo_eot[46][0:0]
    37/211: $0\fifo_eot[45][0:0]
    38/211: $0\fifo_eot[44][0:0]
    39/211: $0\fifo_eot[43][0:0]
    40/211: $0\fifo_eot[42][0:0]
    41/211: $0\fifo_eot[41][0:0]
    42/211: $0\fifo_eot[40][0:0]
    43/211: $0\fifo_eot[39][0:0]
    44/211: $0\fifo_eot[38][0:0]
    45/211: $0\fifo_eot[37][0:0]
    46/211: $0\fifo_eot[36][0:0]
    47/211: $0\fifo_eot[35][0:0]
    48/211: $0\fifo_eot[34][0:0]
    49/211: $0\fifo_eot[33][0:0]
    50/211: $0\fifo_eot[32][0:0]
    51/211: $0\fifo_eot[31][0:0]
    52/211: $0\fifo_eot[30][0:0]
    53/211: $0\fifo_eot[29][0:0]
    54/211: $0\fifo_eot[28][0:0]
    55/211: $0\fifo_eot[27][0:0]
    56/211: $0\fifo_eot[26][0:0]
    57/211: $0\fifo_eot[25][0:0]
    58/211: $0\fifo_eot[24][0:0]
    59/211: $0\fifo_eot[23][0:0]
    60/211: $0\fifo_eot[22][0:0]
    61/211: $0\fifo_eot[21][0:0]
    62/211: $0\fifo_eot[20][0:0]
    63/211: $0\fifo_eot[19][0:0]
    64/211: $0\fifo_eot[18][0:0]
    65/211: $0\fifo_eot[17][0:0]
    66/211: $0\fifo_eot[16][0:0]
    67/211: $0\fifo_eot[15][0:0]
    68/211: $0\fifo_eot[14][0:0]
    69/211: $0\fifo_eot[13][0:0]
    70/211: $0\fifo_eot[12][0:0]
    71/211: $0\fifo_eot[11][0:0]
    72/211: $0\fifo_eot[10][0:0]
    73/211: $0\fifo_eot[9][0:0]
    74/211: $0\fifo_eot[8][0:0]
    75/211: $0\fifo_eot[7][0:0]
    76/211: $0\fifo_eot[6][0:0]
    77/211: $0\fifo_eot[5][0:0]
    78/211: $0\fifo_eot[4][0:0]
    79/211: $0\fifo_eot[3][0:0]
    80/211: $0\fifo_eot[2][0:0]
    81/211: $0\fifo_eot[1][0:0]
    82/211: $0\fifo_eot[0][0:0]
    83/211: $0\fifo_type[63][3:0]
    84/211: $0\fifo_type[62][3:0]
    85/211: $0\fifo_type[61][3:0]
    86/211: $0\fifo_type[60][3:0]
    87/211: $0\fifo_type[59][3:0]
    88/211: $0\fifo_type[58][3:0]
    89/211: $0\fifo_type[57][3:0]
    90/211: $0\fifo_type[56][3:0]
    91/211: $0\fifo_type[55][3:0]
    92/211: $0\fifo_type[54][3:0]
    93/211: $0\fifo_type[53][3:0]
    94/211: $0\fifo_type[52][3:0]
    95/211: $0\fifo_type[51][3:0]
    96/211: $0\fifo_type[50][3:0]
    97/211: $0\fifo_type[49][3:0]
    98/211: $0\fifo_type[48][3:0]
    99/211: $0\fifo_type[47][3:0]
   100/211: $0\fifo_type[46][3:0]
   101/211: $0\fifo_type[45][3:0]
   102/211: $0\fifo_type[44][3:0]
   103/211: $0\fifo_type[43][3:0]
   104/211: $0\fifo_type[42][3:0]
   105/211: $0\fifo_type[41][3:0]
   106/211: $0\fifo_type[40][3:0]
   107/211: $0\fifo_type[39][3:0]
   108/211: $0\fifo_type[38][3:0]
   109/211: $0\fifo_type[37][3:0]
   110/211: $0\fifo_type[36][3:0]
   111/211: $0\fifo_type[35][3:0]
   112/211: $0\fifo_type[34][3:0]
   113/211: $0\fifo_type[33][3:0]
   114/211: $0\fifo_type[32][3:0]
   115/211: $0\fifo_type[31][3:0]
   116/211: $0\fifo_type[30][3:0]
   117/211: $0\fifo_type[29][3:0]
   118/211: $0\fifo_type[28][3:0]
   119/211: $0\fifo_type[27][3:0]
   120/211: $0\fifo_type[26][3:0]
   121/211: $0\fifo_type[25][3:0]
   122/211: $0\fifo_type[24][3:0]
   123/211: $0\fifo_type[23][3:0]
   124/211: $0\fifo_type[22][3:0]
   125/211: $0\fifo_type[21][3:0]
   126/211: $0\fifo_type[20][3:0]
   127/211: $0\fifo_type[19][3:0]
   128/211: $0\fifo_type[18][3:0]
   129/211: $0\fifo_type[17][3:0]
   130/211: $0\fifo_type[16][3:0]
   131/211: $0\fifo_type[15][3:0]
   132/211: $0\fifo_type[14][3:0]
   133/211: $0\fifo_type[13][3:0]
   134/211: $0\fifo_type[12][3:0]
   135/211: $0\fifo_type[11][3:0]
   136/211: $0\fifo_type[10][3:0]
   137/211: $0\fifo_type[9][3:0]
   138/211: $0\fifo_type[8][3:0]
   139/211: $0\fifo_type[7][3:0]
   140/211: $0\fifo_type[6][3:0]
   141/211: $0\fifo_type[5][3:0]
   142/211: $0\fifo_type[4][3:0]
   143/211: $0\fifo_type[3][3:0]
   144/211: $0\fifo_type[2][3:0]
   145/211: $0\fifo_type[1][3:0]
   146/211: $0\fifo_type[0][3:0]
   147/211: $0\fifo_data[63][31:0]
   148/211: $0\fifo_data[62][31:0]
   149/211: $0\fifo_data[61][31:0]
   150/211: $0\fifo_data[60][31:0]
   151/211: $0\fifo_data[59][31:0]
   152/211: $0\fifo_data[58][31:0]
   153/211: $0\fifo_data[57][31:0]
   154/211: $0\fifo_data[56][31:0]
   155/211: $0\fifo_data[55][31:0]
   156/211: $0\fifo_data[54][31:0]
   157/211: $0\fifo_data[53][31:0]
   158/211: $0\fifo_data[52][31:0]
   159/211: $0\fifo_data[51][31:0]
   160/211: $0\fifo_data[50][31:0]
   161/211: $0\fifo_data[49][31:0]
   162/211: $0\fifo_data[48][31:0]
   163/211: $0\fifo_data[47][31:0]
   164/211: $0\fifo_data[46][31:0]
   165/211: $0\fifo_data[45][31:0]
   166/211: $0\fifo_data[44][31:0]
   167/211: $0\fifo_data[43][31:0]
   168/211: $0\fifo_data[42][31:0]
   169/211: $0\fifo_data[41][31:0]
   170/211: $0\fifo_data[40][31:0]
   171/211: $0\fifo_data[39][31:0]
   172/211: $0\fifo_data[38][31:0]
   173/211: $0\fifo_data[37][31:0]
   174/211: $0\fifo_data[36][31:0]
   175/211: $0\fifo_data[35][31:0]
   176/211: $0\fifo_data[34][31:0]
   177/211: $0\fifo_data[33][31:0]
   178/211: $0\fifo_data[32][31:0]
   179/211: $0\fifo_data[31][31:0]
   180/211: $0\fifo_data[30][31:0]
   181/211: $0\fifo_data[29][31:0]
   182/211: $0\fifo_data[28][31:0]
   183/211: $0\fifo_data[27][31:0]
   184/211: $0\fifo_data[26][31:0]
   185/211: $0\fifo_data[25][31:0]
   186/211: $0\fifo_data[24][31:0]
   187/211: $0\fifo_data[23][31:0]
   188/211: $0\fifo_data[22][31:0]
   189/211: $0\fifo_data[21][31:0]
   190/211: $0\fifo_data[20][31:0]
   191/211: $0\fifo_data[19][31:0]
   192/211: $0\fifo_data[18][31:0]
   193/211: $0\fifo_data[17][31:0]
   194/211: $0\fifo_data[16][31:0]
   195/211: $0\fifo_data[15][31:0]
   196/211: $0\fifo_data[14][31:0]
   197/211: $0\fifo_data[13][31:0]
   198/211: $0\fifo_data[12][31:0]
   199/211: $0\fifo_data[11][31:0]
   200/211: $0\fifo_data[10][31:0]
   201/211: $0\fifo_data[9][31:0]
   202/211: $0\fifo_data[8][31:0]
   203/211: $0\fifo_data[7][31:0]
   204/211: $0\fifo_data[6][31:0]
   205/211: $0\fifo_data[5][31:0]
   206/211: $0\fifo_data[4][31:0]
   207/211: $0\fifo_data[3][31:0]
   208/211: $0\fifo_data[2][31:0]
   209/211: $0\fifo_data[1][31:0]
   210/211: $0\fifo_data[0][31:0]
   211/211: $0\wr_ptr[6:0]
Creating decoders for process `\postprocessor_rup.$proc$/foss/designs/ascon_top_layout/src/postprocessor_rup.sv:0$19'.
     1/2: $1\core_bdo_ready[0:0]
     2/2: $1\safe_bdo_valid[0:0]
Creating decoders for process `\spi_slave.$proc$/foss/designs/ascon_top_layout/src/spi_slave.sv:50$147'.
     1/7: $0\tx_ready[0:0]
     2/7: $0\rx_valid[0:0]
     3/7: $0\tx_reg[7:0]
     4/7: $0\rx_reg[7:0]
     5/7: $0\bit_cnt[2:0]
     6/7: $0\rx_data[7:0]
     7/7: $0\miso[0:0]
Creating decoders for process `\spi_slave.$proc$/foss/designs/ascon_top_layout/src/spi_slave.sv:25$142'.
     1/3: $0\mosi_sync[1:0]
     2/3: $0\cs_n_sync[2:0]
     3/3: $0\sclk_sync[2:0]
Creating decoders for process `$paramod\register\DATA_WIDTH=32'00000000000000000000000010000000.$proc$/foss/designs/ascon_top_layout/src/register.sv:23$548'.
     1/1: $0\data_q[127:0]
Creating decoders for process `$paramod\register\DATA_WIDTH=32'00000000000000000000000101000000.$proc$/foss/designs/ascon_top_layout/src/register.sv:23$547'.
     1/1: $0\data_q[319:0]
Creating decoders for process `$paramod\register\DATA_WIDTH=32'00000000000000000000000000001000.$proc$/foss/designs/ascon_top_layout/src/register.sv:23$546'.
     1/1: $0\data_q[7:0]
Creating decoders for process `$paramod$2bee4efb53c4759eef8dbd8c8b945eecbfdf3d47\register.$proc$/foss/designs/ascon_top_layout/src/register.sv:23$545'.
     1/1: $0\data_q[4:0]
Creating decoders for process `$paramod\register\DATA_WIDTH=32'00000000000000000000000000001011.$proc$/foss/designs/ascon_top_layout/src/register.sv:23$544'.
     1/1: $0\data_q[10:0]
Creating decoders for process `\asconp.$proc$/foss/designs/ascon_top_layout/src/asconp.sv:0$506'.
Creating decoders for process `\ascon_core.$proc$/foss/designs/ascon_top_layout/src/ascon_core.sv:0$493'.
     1/22: $2\auth_valid_d[0:0]
     2/22: $2\auth_d[0:0]
     3/22: $3\auth_intern_d[0:0]
     4/22: $2\auth_intern_d[0:0]
     5/22: $7\eoi_d[0:0]
     6/22: $6\eoi_d[0:0]
     7/22: $2\msg_pad_d[0:0]
     8/22: $2\ad_pad_d[0:0]
     9/22: $5\eoi_d[0:0]
    10/22: $3\ad_eot_d[0:0]
    11/22: $4\eoi_d[0:0]
    12/22: $2\ad_eot_d[0:0]
    13/22: $3\eoi_d[0:0]
    14/22: $2\eoi_d[0:0]
    15/22: $1\mode_d[3:0]
    16/22: $1\msg_pad_d[0:0]
    17/22: $1\eoi_d[0:0]
    18/22: $1\ad_pad_d[0:0]
    19/22: $1\ad_eot_d[0:0]
    20/22: $1\auth_valid_d[0:0]
    21/22: $1\auth_intern_d[0:0]
    22/22: $1\auth_d[0:0]
Creating decoders for process `\ascon_core.$proc$/foss/designs/ascon_top_layout/src/ascon_core.sv:0$488'.
     1/2: $2\round_cnt_d[3:0]
     2/2: $1\round_cnt_d[3:0]
Creating decoders for process `\ascon_core.$proc$/foss/designs/ascon_top_layout/src/ascon_core.sv:0$471'.
     1/6: $6\word_cnt_d[3:0]
     2/6: $5\word_cnt_d[3:0]
     3/6: $4\word_cnt_d[3:0]
     4/6: $3\word_cnt_d[3:0]
     5/6: $2\word_cnt_d[3:0]
     6/6: $1\word_cnt_d[3:0]
Creating decoders for process `\ascon_core.$proc$/foss/designs/ascon_top_layout/src/ascon_core.sv:0$460'.
     1/2: $1\key_d[127:0]
     2/2: $1$bitselwrite$pos$/foss/designs/ascon_top_layout/src/ascon_core.sv:411$158[31:0]$462
Creating decoders for process `\ascon_core.$proc$/foss/designs/ascon_top_layout/src/ascon_core.sv:0$418'.
     1/16: $10\state_d[255:128] [127:64]
     2/16: $10\state_d[255:128] [63:0]
     3/16: $9\state_d[63:0]
     4/16: $8\state_d[63:0]
     5/16: $6\state_d[63:0]
     6/16: $7\state_d[319:256]
     7/16: $5\state_d[319:192] [127:64]
     8/16: $5\state_d[319:192] [63:0]
     9/16: $4\state_d[319:0]
    10/16: $3\state_d[191:0] [191:128]
    11/16: $3\state_d[191:0] [63:0]
    12/16: $3\state_d[191:0] [127:64]
    13/16: $2\state_d[319:0]
    14/16: $1$bitselwrite$pos$/foss/designs/ascon_top_layout/src/ascon_core.sv:359$157[31:0]$437
    15/16: $1\state_d[319:0]
    16/16: $1$bitselwrite$pos$/foss/designs/ascon_top_layout/src/ascon_core.sv:354$156[31:0]$423
Creating decoders for process `\ascon_core.$proc$/foss/designs/ascon_top_layout/src/ascon_core.sv:0$397'.
     1/32: $32\fsm_d[4:0]
     2/32: $31\fsm_d[4:0]
     3/32: $30\fsm_d[4:0]
     4/32: $29\fsm_d[4:0]
     5/32: $28\fsm_d[4:0]
     6/32: $27\fsm_d[4:0]
     7/32: $26\fsm_d[4:0]
     8/32: $25\fsm_d[4:0]
     9/32: $24\fsm_d[4:0]
    10/32: $23\fsm_d[4:0]
    11/32: $22\fsm_d[4:0]
    12/32: $21\fsm_d[4:0]
    13/32: $20\fsm_d[4:0]
    14/32: $19\fsm_d[4:0]
    15/32: $18\fsm_d[4:0]
    16/32: $17\fsm_d[4:0]
    17/32: $16\fsm_d[4:0]
    18/32: $15\fsm_d[4:0]
    19/32: $14\fsm_d[4:0]
    20/32: $13\fsm_d[4:0]
    21/32: $12\fsm_d[4:0]
    22/32: $11\fsm_d[4:0]
    23/32: $10\fsm_d[4:0]
    24/32: $9\fsm_d[4:0]
    25/32: $8\fsm_d[4:0]
    26/32: $7\fsm_d[4:0]
    27/32: $6\fsm_d[4:0]
    28/32: $5\fsm_d[4:0]
    29/32: $4\fsm_d[4:0]
    30/32: $3\fsm_d[4:0]
    31/32: $2\fsm_d[4:0]
    32/32: $1\fsm_d[4:0]
Creating decoders for process `\ascon_core.$proc$/foss/designs/ascon_top_layout/src/ascon_core.sv:0$257'.
     1/77: $1\pad$func$/foss/designs/ascon_top_layout/src/ascon_core.sv:215$151.$result[31:0]$279 [31:24]
     2/77: $3\mask$func$/foss/designs/ascon_top_layout/src/ascon_core.sv:230$155.$fordecl_block$5.i[31:0]$360
     3/77: $3\mask$func$/foss/designs/ascon_top_layout/src/ascon_core.sv:230$155.$result[31:0]$357 [23:16]
     4/77: $3\mask$func$/foss/designs/ascon_top_layout/src/ascon_core.sv:230$155.$result[31:0]$357 [15:8]
     5/77: $3\mask$func$/foss/designs/ascon_top_layout/src/ascon_core.sv:230$155.$result[31:0]$357 [7:0]
     6/77: $3\pad2$func$/foss/designs/ascon_top_layout/src/ascon_core.sv:228$154.$result[31:0]$352 [31:24]
     7/77: $3\mask$func$/foss/designs/ascon_top_layout/src/ascon_core.sv:230$155.val[3:0]$359
     8/77: $3\mask$func$/foss/designs/ascon_top_layout/src/ascon_core.sv:230$155.in1[31:0]$358
     9/77: $3\state_slice_nx[31:0]
    10/77: $3\bdi_pad[31:0]
    11/77: $3\pad2$func$/foss/designs/ascon_top_layout/src/ascon_core.sv:228$154.$fordecl_block$3.i[31:0]$356
    12/77: $3\pad2$func$/foss/designs/ascon_top_layout/src/ascon_core.sv:228$154.$result[31:0]$352 [23:16]
    13/77: $3\pad2$func$/foss/designs/ascon_top_layout/src/ascon_core.sv:228$154.$result[31:0]$352 [15:8]
    14/77: $3\pad2$func$/foss/designs/ascon_top_layout/src/ascon_core.sv:228$154.$result[31:0]$352 [7:0]
    15/77: $3\bdo[31:0]
    16/77: $3\pad2$func$/foss/designs/ascon_top_layout/src/ascon_core.sv:228$154.val[3:0]$355
    17/77: $3\pad2$func$/foss/designs/ascon_top_layout/src/ascon_core.sv:228$154.in2[31:0]$354
    18/77: $3\pad2$func$/foss/designs/ascon_top_layout/src/ascon_core.sv:228$154.in1[31:0]$353
    19/77: $2\mask$func$/foss/designs/ascon_top_layout/src/ascon_core.sv:226$153.$result[31:0]$318 [31:24]
    20/77: $2\mask$func$/foss/designs/ascon_top_layout/src/ascon_core.sv:226$153.$fordecl_block$5.i[31:0]$321
    21/77: $2\mask$func$/foss/designs/ascon_top_layout/src/ascon_core.sv:226$153.$result[31:0]$318 [23:16]
    22/77: $2\mask$func$/foss/designs/ascon_top_layout/src/ascon_core.sv:226$153.$result[31:0]$318 [15:8]
    23/77: $2\mask$func$/foss/designs/ascon_top_layout/src/ascon_core.sv:226$153.$result[31:0]$318 [7:0]
    24/77: $2\pad$func$/foss/designs/ascon_top_layout/src/ascon_core.sv:224$152.$result[31:0]$314 [31:24]
    25/77: $2\mask$func$/foss/designs/ascon_top_layout/src/ascon_core.sv:226$153.val[3:0]$320
    26/77: $2\mask$func$/foss/designs/ascon_top_layout/src/ascon_core.sv:226$153.in1[31:0]$319
    27/77: $2\state_slice_nx[31:0]
    28/77: $2\bdi_pad[31:0]
    29/77: $2\pad$func$/foss/designs/ascon_top_layout/src/ascon_core.sv:224$152.$fordecl_block$1.i[31:0]$317
    30/77: $2\pad$func$/foss/designs/ascon_top_layout/src/ascon_core.sv:224$152.$result[31:0]$314 [23:16]
    31/77: $2\pad$func$/foss/designs/ascon_top_layout/src/ascon_core.sv:224$152.$result[31:0]$314 [15:8]
    32/77: $2\pad$func$/foss/designs/ascon_top_layout/src/ascon_core.sv:224$152.$result[31:0]$314 [7:0]
    33/77: $2\bdo[31:0]
    34/77: $2\pad$func$/foss/designs/ascon_top_layout/src/ascon_core.sv:224$152.val[3:0]$316
    35/77: $2\pad$func$/foss/designs/ascon_top_layout/src/ascon_core.sv:224$152.in[31:0]$315
    36/77: $2\mask$func$/foss/designs/ascon_top_layout/src/ascon_core.sv:230$155.$fordecl_block$5.i[31:0]$330
    37/77: $2\mask$func$/foss/designs/ascon_top_layout/src/ascon_core.sv:230$155.val[3:0]$329
    38/77: $2\mask$func$/foss/designs/ascon_top_layout/src/ascon_core.sv:230$155.in1[31:0]$328
    39/77: $2\mask$func$/foss/designs/ascon_top_layout/src/ascon_core.sv:230$155.$result[31:0]$327
    40/77: $2\pad2$func$/foss/designs/ascon_top_layout/src/ascon_core.sv:228$154.$fordecl_block$3.i[31:0]$326
    41/77: $2\pad2$func$/foss/designs/ascon_top_layout/src/ascon_core.sv:228$154.val[3:0]$325
    42/77: $2\pad2$func$/foss/designs/ascon_top_layout/src/ascon_core.sv:228$154.in2[31:0]$324
    43/77: $2\pad2$func$/foss/designs/ascon_top_layout/src/ascon_core.sv:228$154.in1[31:0]$323
    44/77: $2\pad2$func$/foss/designs/ascon_top_layout/src/ascon_core.sv:228$154.$result[31:0]$322
    45/77: $1\pad$func$/foss/designs/ascon_top_layout/src/ascon_core.sv:215$151.$result[31:0]$279 [7:0]
    46/77: $3\mask$func$/foss/designs/ascon_top_layout/src/ascon_core.sv:230$155.$result[31:0]$357 [31:24]
    47/77: $1\pad$func$/foss/designs/ascon_top_layout/src/ascon_core.sv:215$151.$result[31:0]$279 [23:16]
    48/77: $1\pad$func$/foss/designs/ascon_top_layout/src/ascon_core.sv:215$151.$result[31:0]$279 [15:8]
    49/77: $1\mask$func$/foss/designs/ascon_top_layout/src/ascon_core.sv:230$155.$fordecl_block$5.i[31:0]$299
    50/77: $1\mask$func$/foss/designs/ascon_top_layout/src/ascon_core.sv:230$155.val[3:0]$298
    51/77: $1\mask$func$/foss/designs/ascon_top_layout/src/ascon_core.sv:230$155.in1[31:0]$297
    52/77: $1\mask$func$/foss/designs/ascon_top_layout/src/ascon_core.sv:230$155.$result[31:0]$296
    53/77: $1\pad2$func$/foss/designs/ascon_top_layout/src/ascon_core.sv:228$154.$fordecl_block$3.i[31:0]$295
    54/77: $1\pad2$func$/foss/designs/ascon_top_layout/src/ascon_core.sv:228$154.val[3:0]$294
    55/77: $1\pad2$func$/foss/designs/ascon_top_layout/src/ascon_core.sv:228$154.in2[31:0]$293
    56/77: $1\pad2$func$/foss/designs/ascon_top_layout/src/ascon_core.sv:228$154.in1[31:0]$292
    57/77: $1\pad2$func$/foss/designs/ascon_top_layout/src/ascon_core.sv:228$154.$result[31:0]$291
    58/77: $1\mask$func$/foss/designs/ascon_top_layout/src/ascon_core.sv:226$153.$fordecl_block$5.i[31:0]$290
    59/77: $1\mask$func$/foss/designs/ascon_top_layout/src/ascon_core.sv:226$153.val[3:0]$289
    60/77: $1\mask$func$/foss/designs/ascon_top_layout/src/ascon_core.sv:226$153.in1[31:0]$288
    61/77: $1\mask$func$/foss/designs/ascon_top_layout/src/ascon_core.sv:226$153.$result[31:0]$287
    62/77: $1\pad$func$/foss/designs/ascon_top_layout/src/ascon_core.sv:224$152.$fordecl_block$1.i[31:0]$286
    63/77: $1\pad$func$/foss/designs/ascon_top_layout/src/ascon_core.sv:224$152.val[3:0]$285
    64/77: $1\pad$func$/foss/designs/ascon_top_layout/src/ascon_core.sv:224$152.in[31:0]$284
    65/77: $1\pad$func$/foss/designs/ascon_top_layout/src/ascon_core.sv:224$152.$result[31:0]$283
    66/77: $1\pad$func$/foss/designs/ascon_top_layout/src/ascon_core.sv:215$151.$fordecl_block$1.i[31:0]$282
    67/77: $1\pad$func$/foss/designs/ascon_top_layout/src/ascon_core.sv:215$151.val[3:0]$281
    68/77: $1\pad$func$/foss/designs/ascon_top_layout/src/ascon_core.sv:215$151.in[31:0]$280
    69/77: $1\key_ready[0:0]
    70/77: $1\bdi_pad[31:0]
    71/77: $1\state_slice_nx[31:0]
    72/77: $1\state_idx[3:0]
    73/77: $1\bdo_eot[0:0]
    74/77: $1\bdo_type[3:0]
    75/77: $1\bdo_valid[0:0]
    76/77: $1\bdo[31:0]
    77/77: $1\bdi_ready[0:0]

22. Executing PROC_DLATCH pass (convert process syncs to latches).
No latch inferred for signal `\spi_controller.\next_state' from process `\spi_controller.$proc$/foss/designs/ascon_top_layout/src/spi_controller.sv:0$94'.
No latch inferred for signal `\postprocessor_rup.$mem2reg_rd$\fifo_eot$/foss/designs/ascon_top_layout/src/postprocessor_rup.sv:64$11_DATA' from process `\postprocessor_rup.$proc$/foss/designs/ascon_top_layout/src/postprocessor_rup.sv:0$72'.
No latch inferred for signal `\postprocessor_rup.$mem2reg_rd$\fifo_type$/foss/designs/ascon_top_layout/src/postprocessor_rup.sv:63$10_DATA' from process `\postprocessor_rup.$proc$/foss/designs/ascon_top_layout/src/postprocessor_rup.sv:0$69'.
No latch inferred for signal `\postprocessor_rup.$mem2reg_rd$\fifo_data$/foss/designs/ascon_top_layout/src/postprocessor_rup.sv:62$9_DATA' from process `\postprocessor_rup.$proc$/foss/designs/ascon_top_layout/src/postprocessor_rup.sv:0$66'.
No latch inferred for signal `\postprocessor_rup.\safe_bdo_valid' from process `\postprocessor_rup.$proc$/foss/designs/ascon_top_layout/src/postprocessor_rup.sv:0$19'.
No latch inferred for signal `\postprocessor_rup.\core_bdo_ready' from process `\postprocessor_rup.$proc$/foss/designs/ascon_top_layout/src/postprocessor_rup.sv:0$19'.
No latch inferred for signal `\asconp.\x0' from process `\asconp.$proc$/foss/designs/ascon_top_layout/src/asconp.sv:0$506'.
No latch inferred for signal `\asconp.\x1' from process `\asconp.$proc$/foss/designs/ascon_top_layout/src/asconp.sv:0$506'.
No latch inferred for signal `\asconp.\x2' from process `\asconp.$proc$/foss/designs/ascon_top_layout/src/asconp.sv:0$506'.
No latch inferred for signal `\asconp.\x3' from process `\asconp.$proc$/foss/designs/ascon_top_layout/src/asconp.sv:0$506'.
No latch inferred for signal `\asconp.\x4' from process `\asconp.$proc$/foss/designs/ascon_top_layout/src/asconp.sv:0$506'.
No latch inferred for signal `\asconp.\x0_aff1' from process `\asconp.$proc$/foss/designs/ascon_top_layout/src/asconp.sv:0$506'.
No latch inferred for signal `\asconp.\x0_chi' from process `\asconp.$proc$/foss/designs/ascon_top_layout/src/asconp.sv:0$506'.
No latch inferred for signal `\asconp.\x0_aff2' from process `\asconp.$proc$/foss/designs/ascon_top_layout/src/asconp.sv:0$506'.
No latch inferred for signal `\asconp.\x1_aff1' from process `\asconp.$proc$/foss/designs/ascon_top_layout/src/asconp.sv:0$506'.
No latch inferred for signal `\asconp.\x1_chi' from process `\asconp.$proc$/foss/designs/ascon_top_layout/src/asconp.sv:0$506'.
No latch inferred for signal `\asconp.\x1_aff2' from process `\asconp.$proc$/foss/designs/ascon_top_layout/src/asconp.sv:0$506'.
No latch inferred for signal `\asconp.\x2_aff1' from process `\asconp.$proc$/foss/designs/ascon_top_layout/src/asconp.sv:0$506'.
No latch inferred for signal `\asconp.\x2_chi' from process `\asconp.$proc$/foss/designs/ascon_top_layout/src/asconp.sv:0$506'.
No latch inferred for signal `\asconp.\x2_aff2' from process `\asconp.$proc$/foss/designs/ascon_top_layout/src/asconp.sv:0$506'.
No latch inferred for signal `\asconp.\x3_aff1' from process `\asconp.$proc$/foss/designs/ascon_top_layout/src/asconp.sv:0$506'.
No latch inferred for signal `\asconp.\x3_chi' from process `\asconp.$proc$/foss/designs/ascon_top_layout/src/asconp.sv:0$506'.
No latch inferred for signal `\asconp.\x3_aff2' from process `\asconp.$proc$/foss/designs/ascon_top_layout/src/asconp.sv:0$506'.
No latch inferred for signal `\asconp.\x4_aff1' from process `\asconp.$proc$/foss/designs/ascon_top_layout/src/asconp.sv:0$506'.
No latch inferred for signal `\asconp.\x4_chi' from process `\asconp.$proc$/foss/designs/ascon_top_layout/src/asconp.sv:0$506'.
No latch inferred for signal `\asconp.\x4_aff2' from process `\asconp.$proc$/foss/designs/ascon_top_layout/src/asconp.sv:0$506'.
No latch inferred for signal `\asconp.\t' from process `\asconp.$proc$/foss/designs/ascon_top_layout/src/asconp.sv:0$506'.
No latch inferred for signal `\asconp.$fordecl_block$7.i' from process `\asconp.$proc$/foss/designs/ascon_top_layout/src/asconp.sv:0$506'.
No latch inferred for signal `\ascon_core.\mode_d' from process `\ascon_core.$proc$/foss/designs/ascon_top_layout/src/ascon_core.sv:0$493'.
No latch inferred for signal `\ascon_core.\auth_d' from process `\ascon_core.$proc$/foss/designs/ascon_top_layout/src/ascon_core.sv:0$493'.
No latch inferred for signal `\ascon_core.\auth_intern_d' from process `\ascon_core.$proc$/foss/designs/ascon_top_layout/src/ascon_core.sv:0$493'.
No latch inferred for signal `\ascon_core.\auth_valid_d' from process `\ascon_core.$proc$/foss/designs/ascon_top_layout/src/ascon_core.sv:0$493'.
No latch inferred for signal `\ascon_core.\ad_eot_d' from process `\ascon_core.$proc$/foss/designs/ascon_top_layout/src/ascon_core.sv:0$493'.
No latch inferred for signal `\ascon_core.\ad_pad_d' from process `\ascon_core.$proc$/foss/designs/ascon_top_layout/src/ascon_core.sv:0$493'.
No latch inferred for signal `\ascon_core.\msg_pad_d' from process `\ascon_core.$proc$/foss/designs/ascon_top_layout/src/ascon_core.sv:0$493'.
No latch inferred for signal `\ascon_core.\eoi_d' from process `\ascon_core.$proc$/foss/designs/ascon_top_layout/src/ascon_core.sv:0$493'.
No latch inferred for signal `\ascon_core.\round_cnt_d' from process `\ascon_core.$proc$/foss/designs/ascon_top_layout/src/ascon_core.sv:0$488'.
No latch inferred for signal `\ascon_core.\word_cnt_d' from process `\ascon_core.$proc$/foss/designs/ascon_top_layout/src/ascon_core.sv:0$471'.
No latch inferred for signal `\ascon_core.\key_d' from process `\ascon_core.$proc$/foss/designs/ascon_top_layout/src/ascon_core.sv:0$460'.
No latch inferred for signal `\ascon_core.$bitselwrite$pos$/foss/designs/ascon_top_layout/src/ascon_core.sv:411$158' from process `\ascon_core.$proc$/foss/designs/ascon_top_layout/src/ascon_core.sv:0$460'.
No latch inferred for signal `\ascon_core.\state_d' from process `\ascon_core.$proc$/foss/designs/ascon_top_layout/src/ascon_core.sv:0$418'.
No latch inferred for signal `\ascon_core.$bitselwrite$pos$/foss/designs/ascon_top_layout/src/ascon_core.sv:354$156' from process `\ascon_core.$proc$/foss/designs/ascon_top_layout/src/ascon_core.sv:0$418'.
No latch inferred for signal `\ascon_core.$bitselwrite$pos$/foss/designs/ascon_top_layout/src/ascon_core.sv:359$157' from process `\ascon_core.$proc$/foss/designs/ascon_top_layout/src/ascon_core.sv:0$418'.
No latch inferred for signal `\ascon_core.\fsm_d' from process `\ascon_core.$proc$/foss/designs/ascon_top_layout/src/ascon_core.sv:0$397'.
No latch inferred for signal `\ascon_core.\key_ready' from process `\ascon_core.$proc$/foss/designs/ascon_top_layout/src/ascon_core.sv:0$257'.
No latch inferred for signal `\ascon_core.\bdi_ready' from process `\ascon_core.$proc$/foss/designs/ascon_top_layout/src/ascon_core.sv:0$257'.
No latch inferred for signal `\ascon_core.\bdo' from process `\ascon_core.$proc$/foss/designs/ascon_top_layout/src/ascon_core.sv:0$257'.
No latch inferred for signal `\ascon_core.\bdo_valid' from process `\ascon_core.$proc$/foss/designs/ascon_top_layout/src/ascon_core.sv:0$257'.
No latch inferred for signal `\ascon_core.\bdo_type' from process `\ascon_core.$proc$/foss/designs/ascon_top_layout/src/ascon_core.sv:0$257'.
No latch inferred for signal `\ascon_core.\bdo_eot' from process `\ascon_core.$proc$/foss/designs/ascon_top_layout/src/ascon_core.sv:0$257'.
No latch inferred for signal `\ascon_core.\auth' from process `\ascon_core.$proc$/foss/designs/ascon_top_layout/src/ascon_core.sv:0$257'.
No latch inferred for signal `\ascon_core.\auth_valid' from process `\ascon_core.$proc$/foss/designs/ascon_top_layout/src/ascon_core.sv:0$257'.
No latch inferred for signal `\ascon_core.\state_idx' from process `\ascon_core.$proc$/foss/designs/ascon_top_layout/src/ascon_core.sv:0$257'.
No latch inferred for signal `\ascon_core.\state_slice_nx' from process `\ascon_core.$proc$/foss/designs/ascon_top_layout/src/ascon_core.sv:0$257'.
No latch inferred for signal `\ascon_core.\bdi_pad' from process `\ascon_core.$proc$/foss/designs/ascon_top_layout/src/ascon_core.sv:0$257'.
No latch inferred for signal `\ascon_core.\pad$func$/foss/designs/ascon_top_layout/src/ascon_core.sv:215$151.$result' from process `\ascon_core.$proc$/foss/designs/ascon_top_layout/src/ascon_core.sv:0$257'.
No latch inferred for signal `\ascon_core.\pad$func$/foss/designs/ascon_top_layout/src/ascon_core.sv:215$151.in' from process `\ascon_core.$proc$/foss/designs/ascon_top_layout/src/ascon_core.sv:0$257'.
No latch inferred for signal `\ascon_core.\pad$func$/foss/designs/ascon_top_layout/src/ascon_core.sv:215$151.val' from process `\ascon_core.$proc$/foss/designs/ascon_top_layout/src/ascon_core.sv:0$257'.
No latch inferred for signal `\ascon_core.\pad$func$/foss/designs/ascon_top_layout/src/ascon_core.sv:215$151.$fordecl_block$1.i' from process `\ascon_core.$proc$/foss/designs/ascon_top_layout/src/ascon_core.sv:0$257'.
No latch inferred for signal `\ascon_core.\pad$func$/foss/designs/ascon_top_layout/src/ascon_core.sv:224$152.$result' from process `\ascon_core.$proc$/foss/designs/ascon_top_layout/src/ascon_core.sv:0$257'.
No latch inferred for signal `\ascon_core.\pad$func$/foss/designs/ascon_top_layout/src/ascon_core.sv:224$152.in' from process `\ascon_core.$proc$/foss/designs/ascon_top_layout/src/ascon_core.sv:0$257'.
No latch inferred for signal `\ascon_core.\pad$func$/foss/designs/ascon_top_layout/src/ascon_core.sv:224$152.val' from process `\ascon_core.$proc$/foss/designs/ascon_top_layout/src/ascon_core.sv:0$257'.
No latch inferred for signal `\ascon_core.\pad$func$/foss/designs/ascon_top_layout/src/ascon_core.sv:224$152.$fordecl_block$1.i' from process `\ascon_core.$proc$/foss/designs/ascon_top_layout/src/ascon_core.sv:0$257'.
No latch inferred for signal `\ascon_core.\mask$func$/foss/designs/ascon_top_layout/src/ascon_core.sv:226$153.$result' from process `\ascon_core.$proc$/foss/designs/ascon_top_layout/src/ascon_core.sv:0$257'.
No latch inferred for signal `\ascon_core.\mask$func$/foss/designs/ascon_top_layout/src/ascon_core.sv:226$153.in1' from process `\ascon_core.$proc$/foss/designs/ascon_top_layout/src/ascon_core.sv:0$257'.
No latch inferred for signal `\ascon_core.\mask$func$/foss/designs/ascon_top_layout/src/ascon_core.sv:226$153.val' from process `\ascon_core.$proc$/foss/designs/ascon_top_layout/src/ascon_core.sv:0$257'.
No latch inferred for signal `\ascon_core.\mask$func$/foss/designs/ascon_top_layout/src/ascon_core.sv:226$153.$fordecl_block$5.i' from process `\ascon_core.$proc$/foss/designs/ascon_top_layout/src/ascon_core.sv:0$257'.
No latch inferred for signal `\ascon_core.\pad2$func$/foss/designs/ascon_top_layout/src/ascon_core.sv:228$154.$result' from process `\ascon_core.$proc$/foss/designs/ascon_top_layout/src/ascon_core.sv:0$257'.
No latch inferred for signal `\ascon_core.\pad2$func$/foss/designs/ascon_top_layout/src/ascon_core.sv:228$154.in1' from process `\ascon_core.$proc$/foss/designs/ascon_top_layout/src/ascon_core.sv:0$257'.
No latch inferred for signal `\ascon_core.\pad2$func$/foss/designs/ascon_top_layout/src/ascon_core.sv:228$154.in2' from process `\ascon_core.$proc$/foss/designs/ascon_top_layout/src/ascon_core.sv:0$257'.
No latch inferred for signal `\ascon_core.\pad2$func$/foss/designs/ascon_top_layout/src/ascon_core.sv:228$154.val' from process `\ascon_core.$proc$/foss/designs/ascon_top_layout/src/ascon_core.sv:0$257'.
No latch inferred for signal `\ascon_core.\pad2$func$/foss/designs/ascon_top_layout/src/ascon_core.sv:228$154.$fordecl_block$3.i' from process `\ascon_core.$proc$/foss/designs/ascon_top_layout/src/ascon_core.sv:0$257'.
No latch inferred for signal `\ascon_core.\mask$func$/foss/designs/ascon_top_layout/src/ascon_core.sv:230$155.$result' from process `\ascon_core.$proc$/foss/designs/ascon_top_layout/src/ascon_core.sv:0$257'.
No latch inferred for signal `\ascon_core.\mask$func$/foss/designs/ascon_top_layout/src/ascon_core.sv:230$155.in1' from process `\ascon_core.$proc$/foss/designs/ascon_top_layout/src/ascon_core.sv:0$257'.
No latch inferred for signal `\ascon_core.\mask$func$/foss/designs/ascon_top_layout/src/ascon_core.sv:230$155.val' from process `\ascon_core.$proc$/foss/designs/ascon_top_layout/src/ascon_core.sv:0$257'.
No latch inferred for signal `\ascon_core.\mask$func$/foss/designs/ascon_top_layout/src/ascon_core.sv:230$155.$fordecl_block$5.i' from process `\ascon_core.$proc$/foss/designs/ascon_top_layout/src/ascon_core.sv:0$257'.

23. Executing PROC_DFF pass (convert process syncs to FFs).
Creating register for signal `\spi_controller.\key' using process `\spi_controller.$proc$/foss/designs/ascon_top_layout/src/spi_controller.sv:220$96'.
  created $adff cell `$procdff$9811' with positive edge clock and positive level reset.
Creating register for signal `\spi_controller.\key_valid' using process `\spi_controller.$proc$/foss/designs/ascon_top_layout/src/spi_controller.sv:220$96'.
  created $adff cell `$procdff$9814' with positive edge clock and positive level reset.
Creating register for signal `\spi_controller.\bdi' using process `\spi_controller.$proc$/foss/designs/ascon_top_layout/src/spi_controller.sv:220$96'.
  created $adff cell `$procdff$9817' with positive edge clock and positive level reset.
Creating register for signal `\spi_controller.\bdi_valid' using process `\spi_controller.$proc$/foss/designs/ascon_top_layout/src/spi_controller.sv:220$96'.
  created $adff cell `$procdff$9820' with positive edge clock and positive level reset.
Creating register for signal `\spi_controller.\bdi_type' using process `\spi_controller.$proc$/foss/designs/ascon_top_layout/src/spi_controller.sv:220$96'.
  created $adff cell `$procdff$9823' with positive edge clock and positive level reset.
Creating register for signal `\spi_controller.\bdi_eot' using process `\spi_controller.$proc$/foss/designs/ascon_top_layout/src/spi_controller.sv:220$96'.
  created $adff cell `$procdff$9826' with positive edge clock and positive level reset.
Creating register for signal `\spi_controller.\bdi_eoi' using process `\spi_controller.$proc$/foss/designs/ascon_top_layout/src/spi_controller.sv:220$96'.
  created $adff cell `$procdff$9829' with positive edge clock and positive level reset.
Creating register for signal `\spi_controller.\word_buf' using process `\spi_controller.$proc$/foss/designs/ascon_top_layout/src/spi_controller.sv:220$96'.
  created $adff cell `$procdff$9832' with positive edge clock and positive level reset.
Creating register for signal `\spi_controller.\byte_cnt' using process `\spi_controller.$proc$/foss/designs/ascon_top_layout/src/spi_controller.sv:220$96'.
  created $adff cell `$procdff$9835' with positive edge clock and positive level reset.
Creating register for signal `\spi_controller.\word_cnt' using process `\spi_controller.$proc$/foss/designs/ascon_top_layout/src/spi_controller.sv:220$96'.
  created $adff cell `$procdff$9838' with positive edge clock and positive level reset.
Creating register for signal `\spi_controller.\pend_word' using process `\spi_controller.$proc$/foss/designs/ascon_top_layout/src/spi_controller.sv:220$96'.
  created $adff cell `$procdff$9841' with positive edge clock and positive level reset.
Creating register for signal `\spi_controller.\pend_wcnt' using process `\spi_controller.$proc$/foss/designs/ascon_top_layout/src/spi_controller.sv:220$96'.
  created $adff cell `$procdff$9844' with positive edge clock and positive level reset.
Creating register for signal `\spi_controller.\pend_type' using process `\spi_controller.$proc$/foss/designs/ascon_top_layout/src/spi_controller.sv:220$96'.
  created $adff cell `$procdff$9847' with positive edge clock and positive level reset.
Creating register for signal `\spi_controller.\pend_valid' using process `\spi_controller.$proc$/foss/designs/ascon_top_layout/src/spi_controller.sv:220$96'.
  created $adff cell `$procdff$9850' with positive edge clock and positive level reset.
Creating register for signal `\spi_controller.\mode_reg' using process `\spi_controller.$proc$/foss/designs/ascon_top_layout/src/spi_controller.sv:220$96'.
  created $adff cell `$procdff$9853' with positive edge clock and positive level reset.
Creating register for signal `\spi_controller.\state' using process `\spi_controller.$proc$/foss/designs/ascon_top_layout/src/spi_controller.sv:191$93'.
  created $adff cell `$procdff$9856' with positive edge clock and positive level reset.
Creating register for signal `\spi_controller.\tx_shift_reg' using process `\spi_controller.$proc$/foss/designs/ascon_top_layout/src/spi_controller.sv:129$81'.
  created $adff cell `$procdff$9859' with positive edge clock and positive level reset.
Creating register for signal `\spi_controller.\tx_byte_cnt' using process `\spi_controller.$proc$/foss/designs/ascon_top_layout/src/spi_controller.sv:129$81'.
  created $adff cell `$procdff$9862' with positive edge clock and positive level reset.
Creating register for signal `\spi_controller.\tx_busy' using process `\spi_controller.$proc$/foss/designs/ascon_top_layout/src/spi_controller.sv:129$81'.
  created $adff cell `$procdff$9865' with positive edge clock and positive level reset.
Creating register for signal `\spi_controller.\tx_stage' using process `\spi_controller.$proc$/foss/designs/ascon_top_layout/src/spi_controller.sv:129$81'.
  created $adff cell `$procdff$9868' with positive edge clock and positive level reset.
Creating register for signal `\spi_controller.\tx_stage_valid' using process `\spi_controller.$proc$/foss/designs/ascon_top_layout/src/spi_controller.sv:129$81'.
  created $adff cell `$procdff$9871' with positive edge clock and positive level reset.
Creating register for signal `\spi_controller.\tx_fresh' using process `\spi_controller.$proc$/foss/designs/ascon_top_layout/src/spi_controller.sv:129$81'.
  created $adff cell `$procdff$9874' with positive edge clock and positive level reset.
Creating register for signal `\spi_controller.\cs_rise' using process `\spi_controller.$proc$/foss/designs/ascon_top_layout/src/spi_controller.sv:77$77'.
  created $adff cell `$procdff$9877' with positive edge clock and positive level reset.
Creating register for signal `\spi_controller.\cs_n_sync' using process `\spi_controller.$proc$/foss/designs/ascon_top_layout/src/spi_controller.sv:68$75'.
  created $adff cell `$procdff$9880' with positive edge clock and positive level reset.
Creating register for signal `\postprocessor_rup.\rd_ptr' using process `\postprocessor_rup.$proc$/foss/designs/ascon_top_layout/src/postprocessor_rup.sv:111$58'.
  created $adff cell `$procdff$9883' with positive edge clock and positive level reset.
Creating register for signal `\postprocessor_rup.\flush_buffer' using process `\postprocessor_rup.$proc$/foss/designs/ascon_top_layout/src/postprocessor_rup.sv:91$54'.
  created $adff cell `$procdff$9886' with positive edge clock and positive level reset.
Creating register for signal `\postprocessor_rup.\release_buffer' using process `\postprocessor_rup.$proc$/foss/designs/ascon_top_layout/src/postprocessor_rup.sv:91$54'.
  created $adff cell `$procdff$9889' with positive edge clock and positive level reset.
Creating register for signal `\postprocessor_rup.\wr_ptr' using process `\postprocessor_rup.$proc$/foss/designs/ascon_top_layout/src/postprocessor_rup.sv:77$26'.
  created $adff cell `$procdff$9892' with positive edge clock and positive level reset.
Creating register for signal `\postprocessor_rup.\fifo_data[0]' using process `\postprocessor_rup.$proc$/foss/designs/ascon_top_layout/src/postprocessor_rup.sv:77$26'.
  created $dff cell `$procdff$9897' with positive edge clock.
Creating register for signal `\postprocessor_rup.\fifo_data[1]' using process `\postprocessor_rup.$proc$/foss/designs/ascon_top_layout/src/postprocessor_rup.sv:77$26'.
  created $dff cell `$procdff$9902' with positive edge clock.
Creating register for signal `\postprocessor_rup.\fifo_data[2]' using process `\postprocessor_rup.$proc$/foss/designs/ascon_top_layout/src/postprocessor_rup.sv:77$26'.
  created $dff cell `$procdff$9907' with positive edge clock.
Creating register for signal `\postprocessor_rup.\fifo_data[3]' using process `\postprocessor_rup.$proc$/foss/designs/ascon_top_layout/src/postprocessor_rup.sv:77$26'.
  created $dff cell `$procdff$9912' with positive edge clock.
Creating register for signal `\postprocessor_rup.\fifo_data[4]' using process `\postprocessor_rup.$proc$/foss/designs/ascon_top_layout/src/postprocessor_rup.sv:77$26'.
  created $dff cell `$procdff$9917' with positive edge clock.
Creating register for signal `\postprocessor_rup.\fifo_data[5]' using process `\postprocessor_rup.$proc$/foss/designs/ascon_top_layout/src/postprocessor_rup.sv:77$26'.
  created $dff cell `$procdff$9922' with positive edge clock.
Creating register for signal `\postprocessor_rup.\fifo_data[6]' using process `\postprocessor_rup.$proc$/foss/designs/ascon_top_layout/src/postprocessor_rup.sv:77$26'.
  created $dff cell `$procdff$9927' with positive edge clock.
Creating register for signal `\postprocessor_rup.\fifo_data[7]' using process `\postprocessor_rup.$proc$/foss/designs/ascon_top_layout/src/postprocessor_rup.sv:77$26'.
  created $dff cell `$procdff$9932' with positive edge clock.
Creating register for signal `\postprocessor_rup.\fifo_data[8]' using process `\postprocessor_rup.$proc$/foss/designs/ascon_top_layout/src/postprocessor_rup.sv:77$26'.
  created $dff cell `$procdff$9937' with positive edge clock.
Creating register for signal `\postprocessor_rup.\fifo_data[9]' using process `\postprocessor_rup.$proc$/foss/designs/ascon_top_layout/src/postprocessor_rup.sv:77$26'.
  created $dff cell `$procdff$9942' with positive edge clock.
Creating register for signal `\postprocessor_rup.\fifo_data[10]' using process `\postprocessor_rup.$proc$/foss/designs/ascon_top_layout/src/postprocessor_rup.sv:77$26'.
  created $dff cell `$procdff$9947' with positive edge clock.
Creating register for signal `\postprocessor_rup.\fifo_data[11]' using process `\postprocessor_rup.$proc$/foss/designs/ascon_top_layout/src/postprocessor_rup.sv:77$26'.
  created $dff cell `$procdff$9952' with positive edge clock.
Creating register for signal `\postprocessor_rup.\fifo_data[12]' using process `\postprocessor_rup.$proc$/foss/designs/ascon_top_layout/src/postprocessor_rup.sv:77$26'.
  created $dff cell `$procdff$9957' with positive edge clock.
Creating register for signal `\postprocessor_rup.\fifo_data[13]' using process `\postprocessor_rup.$proc$/foss/designs/ascon_top_layout/src/postprocessor_rup.sv:77$26'.
  created $dff cell `$procdff$9962' with positive edge clock.
Creating register for signal `\postprocessor_rup.\fifo_data[14]' using process `\postprocessor_rup.$proc$/foss/designs/ascon_top_layout/src/postprocessor_rup.sv:77$26'.
  created $dff cell `$procdff$9967' with positive edge clock.
Creating register for signal `\postprocessor_rup.\fifo_data[15]' using process `\postprocessor_rup.$proc$/foss/designs/ascon_top_layout/src/postprocessor_rup.sv:77$26'.
  created $dff cell `$procdff$9972' with positive edge clock.
Creating register for signal `\postprocessor_rup.\fifo_data[16]' using process `\postprocessor_rup.$proc$/foss/designs/ascon_top_layout/src/postprocessor_rup.sv:77$26'.
  created $dff cell `$procdff$9977' with positive edge clock.
Creating register for signal `\postprocessor_rup.\fifo_data[17]' using process `\postprocessor_rup.$proc$/foss/designs/ascon_top_layout/src/postprocessor_rup.sv:77$26'.
  created $dff cell `$procdff$9982' with positive edge clock.
Creating register for signal `\postprocessor_rup.\fifo_data[18]' using process `\postprocessor_rup.$proc$/foss/designs/ascon_top_layout/src/postprocessor_rup.sv:77$26'.
  created $dff cell `$procdff$9987' with positive edge clock.
Creating register for signal `\postprocessor_rup.\fifo_data[19]' using process `\postprocessor_rup.$proc$/foss/designs/ascon_top_layout/src/postprocessor_rup.sv:77$26'.
  created $dff cell `$procdff$9992' with positive edge clock.
Creating register for signal `\postprocessor_rup.\fifo_data[20]' using process `\postprocessor_rup.$proc$/foss/designs/ascon_top_layout/src/postprocessor_rup.sv:77$26'.
  created $dff cell `$procdff$9997' with positive edge clock.
Creating register for signal `\postprocessor_rup.\fifo_data[21]' using process `\postprocessor_rup.$proc$/foss/designs/ascon_top_layout/src/postprocessor_rup.sv:77$26'.
  created $dff cell `$procdff$10002' with positive edge clock.
Creating register for signal `\postprocessor_rup.\fifo_data[22]' using process `\postprocessor_rup.$proc$/foss/designs/ascon_top_layout/src/postprocessor_rup.sv:77$26'.
  created $dff cell `$procdff$10007' with positive edge clock.
Creating register for signal `\postprocessor_rup.\fifo_data[23]' using process `\postprocessor_rup.$proc$/foss/designs/ascon_top_layout/src/postprocessor_rup.sv:77$26'.
  created $dff cell `$procdff$10012' with positive edge clock.
Creating register for signal `\postprocessor_rup.\fifo_data[24]' using process `\postprocessor_rup.$proc$/foss/designs/ascon_top_layout/src/postprocessor_rup.sv:77$26'.
  created $dff cell `$procdff$10017' with positive edge clock.
Creating register for signal `\postprocessor_rup.\fifo_data[25]' using process `\postprocessor_rup.$proc$/foss/designs/ascon_top_layout/src/postprocessor_rup.sv:77$26'.
  created $dff cell `$procdff$10022' with positive edge clock.
Creating register for signal `\postprocessor_rup.\fifo_data[26]' using process `\postprocessor_rup.$proc$/foss/designs/ascon_top_layout/src/postprocessor_rup.sv:77$26'.
  created $dff cell `$procdff$10027' with positive edge clock.
Creating register for signal `\postprocessor_rup.\fifo_data[27]' using process `\postprocessor_rup.$proc$/foss/designs/ascon_top_layout/src/postprocessor_rup.sv:77$26'.
  created $dff cell `$procdff$10032' with positive edge clock.
Creating register for signal `\postprocessor_rup.\fifo_data[28]' using process `\postprocessor_rup.$proc$/foss/designs/ascon_top_layout/src/postprocessor_rup.sv:77$26'.
  created $dff cell `$procdff$10037' with positive edge clock.
Creating register for signal `\postprocessor_rup.\fifo_data[29]' using process `\postprocessor_rup.$proc$/foss/designs/ascon_top_layout/src/postprocessor_rup.sv:77$26'.
  created $dff cell `$procdff$10042' with positive edge clock.
Creating register for signal `\postprocessor_rup.\fifo_data[30]' using process `\postprocessor_rup.$proc$/foss/designs/ascon_top_layout/src/postprocessor_rup.sv:77$26'.
  created $dff cell `$procdff$10047' with positive edge clock.
Creating register for signal `\postprocessor_rup.\fifo_data[31]' using process `\postprocessor_rup.$proc$/foss/designs/ascon_top_layout/src/postprocessor_rup.sv:77$26'.
  created $dff cell `$procdff$10052' with positive edge clock.
Creating register for signal `\postprocessor_rup.\fifo_data[32]' using process `\postprocessor_rup.$proc$/foss/designs/ascon_top_layout/src/postprocessor_rup.sv:77$26'.
  created $dff cell `$procdff$10057' with positive edge clock.
Creating register for signal `\postprocessor_rup.\fifo_data[33]' using process `\postprocessor_rup.$proc$/foss/designs/ascon_top_layout/src/postprocessor_rup.sv:77$26'.
  created $dff cell `$procdff$10062' with positive edge clock.
Creating register for signal `\postprocessor_rup.\fifo_data[34]' using process `\postprocessor_rup.$proc$/foss/designs/ascon_top_layout/src/postprocessor_rup.sv:77$26'.
  created $dff cell `$procdff$10067' with positive edge clock.
Creating register for signal `\postprocessor_rup.\fifo_data[35]' using process `\postprocessor_rup.$proc$/foss/designs/ascon_top_layout/src/postprocessor_rup.sv:77$26'.
  created $dff cell `$procdff$10072' with positive edge clock.
Creating register for signal `\postprocessor_rup.\fifo_data[36]' using process `\postprocessor_rup.$proc$/foss/designs/ascon_top_layout/src/postprocessor_rup.sv:77$26'.
  created $dff cell `$procdff$10077' with positive edge clock.
Creating register for signal `\postprocessor_rup.\fifo_data[37]' using process `\postprocessor_rup.$proc$/foss/designs/ascon_top_layout/src/postprocessor_rup.sv:77$26'.
  created $dff cell `$procdff$10082' with positive edge clock.
Creating register for signal `\postprocessor_rup.\fifo_data[38]' using process `\postprocessor_rup.$proc$/foss/designs/ascon_top_layout/src/postprocessor_rup.sv:77$26'.
  created $dff cell `$procdff$10087' with positive edge clock.
Creating register for signal `\postprocessor_rup.\fifo_data[39]' using process `\postprocessor_rup.$proc$/foss/designs/ascon_top_layout/src/postprocessor_rup.sv:77$26'.
  created $dff cell `$procdff$10092' with positive edge clock.
Creating register for signal `\postprocessor_rup.\fifo_data[40]' using process `\postprocessor_rup.$proc$/foss/designs/ascon_top_layout/src/postprocessor_rup.sv:77$26'.
  created $dff cell `$procdff$10097' with positive edge clock.
Creating register for signal `\postprocessor_rup.\fifo_data[41]' using process `\postprocessor_rup.$proc$/foss/designs/ascon_top_layout/src/postprocessor_rup.sv:77$26'.
  created $dff cell `$procdff$10102' with positive edge clock.
Creating register for signal `\postprocessor_rup.\fifo_data[42]' using process `\postprocessor_rup.$proc$/foss/designs/ascon_top_layout/src/postprocessor_rup.sv:77$26'.
  created $dff cell `$procdff$10107' with positive edge clock.
Creating register for signal `\postprocessor_rup.\fifo_data[43]' using process `\postprocessor_rup.$proc$/foss/designs/ascon_top_layout/src/postprocessor_rup.sv:77$26'.
  created $dff cell `$procdff$10112' with positive edge clock.
Creating register for signal `\postprocessor_rup.\fifo_data[44]' using process `\postprocessor_rup.$proc$/foss/designs/ascon_top_layout/src/postprocessor_rup.sv:77$26'.
  created $dff cell `$procdff$10117' with positive edge clock.
Creating register for signal `\postprocessor_rup.\fifo_data[45]' using process `\postprocessor_rup.$proc$/foss/designs/ascon_top_layout/src/postprocessor_rup.sv:77$26'.
  created $dff cell `$procdff$10122' with positive edge clock.
Creating register for signal `\postprocessor_rup.\fifo_data[46]' using process `\postprocessor_rup.$proc$/foss/designs/ascon_top_layout/src/postprocessor_rup.sv:77$26'.
  created $dff cell `$procdff$10127' with positive edge clock.
Creating register for signal `\postprocessor_rup.\fifo_data[47]' using process `\postprocessor_rup.$proc$/foss/designs/ascon_top_layout/src/postprocessor_rup.sv:77$26'.
  created $dff cell `$procdff$10132' with positive edge clock.
Creating register for signal `\postprocessor_rup.\fifo_data[48]' using process `\postprocessor_rup.$proc$/foss/designs/ascon_top_layout/src/postprocessor_rup.sv:77$26'.
  created $dff cell `$procdff$10137' with positive edge clock.
Creating register for signal `\postprocessor_rup.\fifo_data[49]' using process `\postprocessor_rup.$proc$/foss/designs/ascon_top_layout/src/postprocessor_rup.sv:77$26'.
  created $dff cell `$procdff$10142' with positive edge clock.
Creating register for signal `\postprocessor_rup.\fifo_data[50]' using process `\postprocessor_rup.$proc$/foss/designs/ascon_top_layout/src/postprocessor_rup.sv:77$26'.
  created $dff cell `$procdff$10147' with positive edge clock.
Creating register for signal `\postprocessor_rup.\fifo_data[51]' using process `\postprocessor_rup.$proc$/foss/designs/ascon_top_layout/src/postprocessor_rup.sv:77$26'.
  created $dff cell `$procdff$10152' with positive edge clock.
Creating register for signal `\postprocessor_rup.\fifo_data[52]' using process `\postprocessor_rup.$proc$/foss/designs/ascon_top_layout/src/postprocessor_rup.sv:77$26'.
  created $dff cell `$procdff$10157' with positive edge clock.
Creating register for signal `\postprocessor_rup.\fifo_data[53]' using process `\postprocessor_rup.$proc$/foss/designs/ascon_top_layout/src/postprocessor_rup.sv:77$26'.
  created $dff cell `$procdff$10162' with positive edge clock.
Creating register for signal `\postprocessor_rup.\fifo_data[54]' using process `\postprocessor_rup.$proc$/foss/designs/ascon_top_layout/src/postprocessor_rup.sv:77$26'.
  created $dff cell `$procdff$10167' with positive edge clock.
Creating register for signal `\postprocessor_rup.\fifo_data[55]' using process `\postprocessor_rup.$proc$/foss/designs/ascon_top_layout/src/postprocessor_rup.sv:77$26'.
  created $dff cell `$procdff$10172' with positive edge clock.
Creating register for signal `\postprocessor_rup.\fifo_data[56]' using process `\postprocessor_rup.$proc$/foss/designs/ascon_top_layout/src/postprocessor_rup.sv:77$26'.
  created $dff cell `$procdff$10177' with positive edge clock.
Creating register for signal `\postprocessor_rup.\fifo_data[57]' using process `\postprocessor_rup.$proc$/foss/designs/ascon_top_layout/src/postprocessor_rup.sv:77$26'.
  created $dff cell `$procdff$10182' with positive edge clock.
Creating register for signal `\postprocessor_rup.\fifo_data[58]' using process `\postprocessor_rup.$proc$/foss/designs/ascon_top_layout/src/postprocessor_rup.sv:77$26'.
  created $dff cell `$procdff$10187' with positive edge clock.
Creating register for signal `\postprocessor_rup.\fifo_data[59]' using process `\postprocessor_rup.$proc$/foss/designs/ascon_top_layout/src/postprocessor_rup.sv:77$26'.
  created $dff cell `$procdff$10192' with positive edge clock.
Creating register for signal `\postprocessor_rup.\fifo_data[60]' using process `\postprocessor_rup.$proc$/foss/designs/ascon_top_layout/src/postprocessor_rup.sv:77$26'.
  created $dff cell `$procdff$10197' with positive edge clock.
Creating register for signal `\postprocessor_rup.\fifo_data[61]' using process `\postprocessor_rup.$proc$/foss/designs/ascon_top_layout/src/postprocessor_rup.sv:77$26'.
  created $dff cell `$procdff$10202' with positive edge clock.
Creating register for signal `\postprocessor_rup.\fifo_data[62]' using process `\postprocessor_rup.$proc$/foss/designs/ascon_top_layout/src/postprocessor_rup.sv:77$26'.
  created $dff cell `$procdff$10207' with positive edge clock.
Creating register for signal `\postprocessor_rup.\fifo_data[63]' using process `\postprocessor_rup.$proc$/foss/designs/ascon_top_layout/src/postprocessor_rup.sv:77$26'.
  created $dff cell `$procdff$10212' with positive edge clock.
Creating register for signal `\postprocessor_rup.\fifo_type[0]' using process `\postprocessor_rup.$proc$/foss/designs/ascon_top_layout/src/postprocessor_rup.sv:77$26'.
  created $dff cell `$procdff$10217' with positive edge clock.
Creating register for signal `\postprocessor_rup.\fifo_type[1]' using process `\postprocessor_rup.$proc$/foss/designs/ascon_top_layout/src/postprocessor_rup.sv:77$26'.
  created $dff cell `$procdff$10222' with positive edge clock.
Creating register for signal `\postprocessor_rup.\fifo_type[2]' using process `\postprocessor_rup.$proc$/foss/designs/ascon_top_layout/src/postprocessor_rup.sv:77$26'.
  created $dff cell `$procdff$10227' with positive edge clock.
Creating register for signal `\postprocessor_rup.\fifo_type[3]' using process `\postprocessor_rup.$proc$/foss/designs/ascon_top_layout/src/postprocessor_rup.sv:77$26'.
  created $dff cell `$procdff$10232' with positive edge clock.
Creating register for signal `\postprocessor_rup.\fifo_type[4]' using process `\postprocessor_rup.$proc$/foss/designs/ascon_top_layout/src/postprocessor_rup.sv:77$26'.
  created $dff cell `$procdff$10237' with positive edge clock.
Creating register for signal `\postprocessor_rup.\fifo_type[5]' using process `\postprocessor_rup.$proc$/foss/designs/ascon_top_layout/src/postprocessor_rup.sv:77$26'.
  created $dff cell `$procdff$10242' with positive edge clock.
Creating register for signal `\postprocessor_rup.\fifo_type[6]' using process `\postprocessor_rup.$proc$/foss/designs/ascon_top_layout/src/postprocessor_rup.sv:77$26'.
  created $dff cell `$procdff$10247' with positive edge clock.
Creating register for signal `\postprocessor_rup.\fifo_type[7]' using process `\postprocessor_rup.$proc$/foss/designs/ascon_top_layout/src/postprocessor_rup.sv:77$26'.
  created $dff cell `$procdff$10252' with positive edge clock.
Creating register for signal `\postprocessor_rup.\fifo_type[8]' using process `\postprocessor_rup.$proc$/foss/designs/ascon_top_layout/src/postprocessor_rup.sv:77$26'.
  created $dff cell `$procdff$10257' with positive edge clock.
Creating register for signal `\postprocessor_rup.\fifo_type[9]' using process `\postprocessor_rup.$proc$/foss/designs/ascon_top_layout/src/postprocessor_rup.sv:77$26'.
  created $dff cell `$procdff$10262' with positive edge clock.
Creating register for signal `\postprocessor_rup.\fifo_type[10]' using process `\postprocessor_rup.$proc$/foss/designs/ascon_top_layout/src/postprocessor_rup.sv:77$26'.
  created $dff cell `$procdff$10267' with positive edge clock.
Creating register for signal `\postprocessor_rup.\fifo_type[11]' using process `\postprocessor_rup.$proc$/foss/designs/ascon_top_layout/src/postprocessor_rup.sv:77$26'.
  created $dff cell `$procdff$10272' with positive edge clock.
Creating register for signal `\postprocessor_rup.\fifo_type[12]' using process `\postprocessor_rup.$proc$/foss/designs/ascon_top_layout/src/postprocessor_rup.sv:77$26'.
  created $dff cell `$procdff$10277' with positive edge clock.
Creating register for signal `\postprocessor_rup.\fifo_type[13]' using process `\postprocessor_rup.$proc$/foss/designs/ascon_top_layout/src/postprocessor_rup.sv:77$26'.
  created $dff cell `$procdff$10282' with positive edge clock.
Creating register for signal `\postprocessor_rup.\fifo_type[14]' using process `\postprocessor_rup.$proc$/foss/designs/ascon_top_layout/src/postprocessor_rup.sv:77$26'.
  created $dff cell `$procdff$10287' with positive edge clock.
Creating register for signal `\postprocessor_rup.\fifo_type[15]' using process `\postprocessor_rup.$proc$/foss/designs/ascon_top_layout/src/postprocessor_rup.sv:77$26'.
  created $dff cell `$procdff$10292' with positive edge clock.
Creating register for signal `\postprocessor_rup.\fifo_type[16]' using process `\postprocessor_rup.$proc$/foss/designs/ascon_top_layout/src/postprocessor_rup.sv:77$26'.
  created $dff cell `$procdff$10297' with positive edge clock.
Creating register for signal `\postprocessor_rup.\fifo_type[17]' using process `\postprocessor_rup.$proc$/foss/designs/ascon_top_layout/src/postprocessor_rup.sv:77$26'.
  created $dff cell `$procdff$10302' with positive edge clock.
Creating register for signal `\postprocessor_rup.\fifo_type[18]' using process `\postprocessor_rup.$proc$/foss/designs/ascon_top_layout/src/postprocessor_rup.sv:77$26'.
  created $dff cell `$procdff$10307' with positive edge clock.
Creating register for signal `\postprocessor_rup.\fifo_type[19]' using process `\postprocessor_rup.$proc$/foss/designs/ascon_top_layout/src/postprocessor_rup.sv:77$26'.
  created $dff cell `$procdff$10312' with positive edge clock.
Creating register for signal `\postprocessor_rup.\fifo_type[20]' using process `\postprocessor_rup.$proc$/foss/designs/ascon_top_layout/src/postprocessor_rup.sv:77$26'.
  created $dff cell `$procdff$10317' with positive edge clock.
Creating register for signal `\postprocessor_rup.\fifo_type[21]' using process `\postprocessor_rup.$proc$/foss/designs/ascon_top_layout/src/postprocessor_rup.sv:77$26'.
  created $dff cell `$procdff$10322' with positive edge clock.
Creating register for signal `\postprocessor_rup.\fifo_type[22]' using process `\postprocessor_rup.$proc$/foss/designs/ascon_top_layout/src/postprocessor_rup.sv:77$26'.
  created $dff cell `$procdff$10327' with positive edge clock.
Creating register for signal `\postprocessor_rup.\fifo_type[23]' using process `\postprocessor_rup.$proc$/foss/designs/ascon_top_layout/src/postprocessor_rup.sv:77$26'.
  created $dff cell `$procdff$10332' with positive edge clock.
Creating register for signal `\postprocessor_rup.\fifo_type[24]' using process `\postprocessor_rup.$proc$/foss/designs/ascon_top_layout/src/postprocessor_rup.sv:77$26'.
  created $dff cell `$procdff$10337' with positive edge clock.
Creating register for signal `\postprocessor_rup.\fifo_type[25]' using process `\postprocessor_rup.$proc$/foss/designs/ascon_top_layout/src/postprocessor_rup.sv:77$26'.
  created $dff cell `$procdff$10342' with positive edge clock.
Creating register for signal `\postprocessor_rup.\fifo_type[26]' using process `\postprocessor_rup.$proc$/foss/designs/ascon_top_layout/src/postprocessor_rup.sv:77$26'.
  created $dff cell `$procdff$10347' with positive edge clock.
Creating register for signal `\postprocessor_rup.\fifo_type[27]' using process `\postprocessor_rup.$proc$/foss/designs/ascon_top_layout/src/postprocessor_rup.sv:77$26'.
  created $dff cell `$procdff$10352' with positive edge clock.
Creating register for signal `\postprocessor_rup.\fifo_type[28]' using process `\postprocessor_rup.$proc$/foss/designs/ascon_top_layout/src/postprocessor_rup.sv:77$26'.
  created $dff cell `$procdff$10357' with positive edge clock.
Creating register for signal `\postprocessor_rup.\fifo_type[29]' using process `\postprocessor_rup.$proc$/foss/designs/ascon_top_layout/src/postprocessor_rup.sv:77$26'.
  created $dff cell `$procdff$10362' with positive edge clock.
Creating register for signal `\postprocessor_rup.\fifo_type[30]' using process `\postprocessor_rup.$proc$/foss/designs/ascon_top_layout/src/postprocessor_rup.sv:77$26'.
  created $dff cell `$procdff$10367' with positive edge clock.
Creating register for signal `\postprocessor_rup.\fifo_type[31]' using process `\postprocessor_rup.$proc$/foss/designs/ascon_top_layout/src/postprocessor_rup.sv:77$26'.
  created $dff cell `$procdff$10372' with positive edge clock.
Creating register for signal `\postprocessor_rup.\fifo_type[32]' using process `\postprocessor_rup.$proc$/foss/designs/ascon_top_layout/src/postprocessor_rup.sv:77$26'.
  created $dff cell `$procdff$10377' with positive edge clock.
Creating register for signal `\postprocessor_rup.\fifo_type[33]' using process `\postprocessor_rup.$proc$/foss/designs/ascon_top_layout/src/postprocessor_rup.sv:77$26'.
  created $dff cell `$procdff$10382' with positive edge clock.
Creating register for signal `\postprocessor_rup.\fifo_type[34]' using process `\postprocessor_rup.$proc$/foss/designs/ascon_top_layout/src/postprocessor_rup.sv:77$26'.
  created $dff cell `$procdff$10387' with positive edge clock.
Creating register for signal `\postprocessor_rup.\fifo_type[35]' using process `\postprocessor_rup.$proc$/foss/designs/ascon_top_layout/src/postprocessor_rup.sv:77$26'.
  created $dff cell `$procdff$10392' with positive edge clock.
Creating register for signal `\postprocessor_rup.\fifo_type[36]' using process `\postprocessor_rup.$proc$/foss/designs/ascon_top_layout/src/postprocessor_rup.sv:77$26'.
  created $dff cell `$procdff$10397' with positive edge clock.
Creating register for signal `\postprocessor_rup.\fifo_type[37]' using process `\postprocessor_rup.$proc$/foss/designs/ascon_top_layout/src/postprocessor_rup.sv:77$26'.
  created $dff cell `$procdff$10402' with positive edge clock.
Creating register for signal `\postprocessor_rup.\fifo_type[38]' using process `\postprocessor_rup.$proc$/foss/designs/ascon_top_layout/src/postprocessor_rup.sv:77$26'.
  created $dff cell `$procdff$10407' with positive edge clock.
Creating register for signal `\postprocessor_rup.\fifo_type[39]' using process `\postprocessor_rup.$proc$/foss/designs/ascon_top_layout/src/postprocessor_rup.sv:77$26'.
  created $dff cell `$procdff$10412' with positive edge clock.
Creating register for signal `\postprocessor_rup.\fifo_type[40]' using process `\postprocessor_rup.$proc$/foss/designs/ascon_top_layout/src/postprocessor_rup.sv:77$26'.
  created $dff cell `$procdff$10417' with positive edge clock.
Creating register for signal `\postprocessor_rup.\fifo_type[41]' using process `\postprocessor_rup.$proc$/foss/designs/ascon_top_layout/src/postprocessor_rup.sv:77$26'.
  created $dff cell `$procdff$10422' with positive edge clock.
Creating register for signal `\postprocessor_rup.\fifo_type[42]' using process `\postprocessor_rup.$proc$/foss/designs/ascon_top_layout/src/postprocessor_rup.sv:77$26'.
  created $dff cell `$procdff$10427' with positive edge clock.
Creating register for signal `\postprocessor_rup.\fifo_type[43]' using process `\postprocessor_rup.$proc$/foss/designs/ascon_top_layout/src/postprocessor_rup.sv:77$26'.
  created $dff cell `$procdff$10432' with positive edge clock.
Creating register for signal `\postprocessor_rup.\fifo_type[44]' using process `\postprocessor_rup.$proc$/foss/designs/ascon_top_layout/src/postprocessor_rup.sv:77$26'.
  created $dff cell `$procdff$10437' with positive edge clock.
Creating register for signal `\postprocessor_rup.\fifo_type[45]' using process `\postprocessor_rup.$proc$/foss/designs/ascon_top_layout/src/postprocessor_rup.sv:77$26'.
  created $dff cell `$procdff$10442' with positive edge clock.
Creating register for signal `\postprocessor_rup.\fifo_type[46]' using process `\postprocessor_rup.$proc$/foss/designs/ascon_top_layout/src/postprocessor_rup.sv:77$26'.
  created $dff cell `$procdff$10447' with positive edge clock.
Creating register for signal `\postprocessor_rup.\fifo_type[47]' using process `\postprocessor_rup.$proc$/foss/designs/ascon_top_layout/src/postprocessor_rup.sv:77$26'.
  created $dff cell `$procdff$10452' with positive edge clock.
Creating register for signal `\postprocessor_rup.\fifo_type[48]' using process `\postprocessor_rup.$proc$/foss/designs/ascon_top_layout/src/postprocessor_rup.sv:77$26'.
  created $dff cell `$procdff$10457' with positive edge clock.
Creating register for signal `\postprocessor_rup.\fifo_type[49]' using process `\postprocessor_rup.$proc$/foss/designs/ascon_top_layout/src/postprocessor_rup.sv:77$26'.
  created $dff cell `$procdff$10462' with positive edge clock.
Creating register for signal `\postprocessor_rup.\fifo_type[50]' using process `\postprocessor_rup.$proc$/foss/designs/ascon_top_layout/src/postprocessor_rup.sv:77$26'.
  created $dff cell `$procdff$10467' with positive edge clock.
Creating register for signal `\postprocessor_rup.\fifo_type[51]' using process `\postprocessor_rup.$proc$/foss/designs/ascon_top_layout/src/postprocessor_rup.sv:77$26'.
  created $dff cell `$procdff$10472' with positive edge clock.
Creating register for signal `\postprocessor_rup.\fifo_type[52]' using process `\postprocessor_rup.$proc$/foss/designs/ascon_top_layout/src/postprocessor_rup.sv:77$26'.
  created $dff cell `$procdff$10477' with positive edge clock.
Creating register for signal `\postprocessor_rup.\fifo_type[53]' using process `\postprocessor_rup.$proc$/foss/designs/ascon_top_layout/src/postprocessor_rup.sv:77$26'.
  created $dff cell `$procdff$10482' with positive edge clock.
Creating register for signal `\postprocessor_rup.\fifo_type[54]' using process `\postprocessor_rup.$proc$/foss/designs/ascon_top_layout/src/postprocessor_rup.sv:77$26'.
  created $dff cell `$procdff$10487' with positive edge clock.
Creating register for signal `\postprocessor_rup.\fifo_type[55]' using process `\postprocessor_rup.$proc$/foss/designs/ascon_top_layout/src/postprocessor_rup.sv:77$26'.
  created $dff cell `$procdff$10492' with positive edge clock.
Creating register for signal `\postprocessor_rup.\fifo_type[56]' using process `\postprocessor_rup.$proc$/foss/designs/ascon_top_layout/src/postprocessor_rup.sv:77$26'.
  created $dff cell `$procdff$10497' with positive edge clock.
Creating register for signal `\postprocessor_rup.\fifo_type[57]' using process `\postprocessor_rup.$proc$/foss/designs/ascon_top_layout/src/postprocessor_rup.sv:77$26'.
  created $dff cell `$procdff$10502' with positive edge clock.
Creating register for signal `\postprocessor_rup.\fifo_type[58]' using process `\postprocessor_rup.$proc$/foss/designs/ascon_top_layout/src/postprocessor_rup.sv:77$26'.
  created $dff cell `$procdff$10507' with positive edge clock.
Creating register for signal `\postprocessor_rup.\fifo_type[59]' using process `\postprocessor_rup.$proc$/foss/designs/ascon_top_layout/src/postprocessor_rup.sv:77$26'.
  created $dff cell `$procdff$10512' with positive edge clock.
Creating register for signal `\postprocessor_rup.\fifo_type[60]' using process `\postprocessor_rup.$proc$/foss/designs/ascon_top_layout/src/postprocessor_rup.sv:77$26'.
  created $dff cell `$procdff$10517' with positive edge clock.
Creating register for signal `\postprocessor_rup.\fifo_type[61]' using process `\postprocessor_rup.$proc$/foss/designs/ascon_top_layout/src/postprocessor_rup.sv:77$26'.
  created $dff cell `$procdff$10522' with positive edge clock.
Creating register for signal `\postprocessor_rup.\fifo_type[62]' using process `\postprocessor_rup.$proc$/foss/designs/ascon_top_layout/src/postprocessor_rup.sv:77$26'.
  created $dff cell `$procdff$10527' with positive edge clock.
Creating register for signal `\postprocessor_rup.\fifo_type[63]' using process `\postprocessor_rup.$proc$/foss/designs/ascon_top_layout/src/postprocessor_rup.sv:77$26'.
  created $dff cell `$procdff$10532' with positive edge clock.
Creating register for signal `\postprocessor_rup.\fifo_eot[0]' using process `\postprocessor_rup.$proc$/foss/designs/ascon_top_layout/src/postprocessor_rup.sv:77$26'.
  created $dff cell `$procdff$10537' with positive edge clock.
Creating register for signal `\postprocessor_rup.\fifo_eot[1]' using process `\postprocessor_rup.$proc$/foss/designs/ascon_top_layout/src/postprocessor_rup.sv:77$26'.
  created $dff cell `$procdff$10542' with positive edge clock.
Creating register for signal `\postprocessor_rup.\fifo_eot[2]' using process `\postprocessor_rup.$proc$/foss/designs/ascon_top_layout/src/postprocessor_rup.sv:77$26'.
  created $dff cell `$procdff$10547' with positive edge clock.
Creating register for signal `\postprocessor_rup.\fifo_eot[3]' using process `\postprocessor_rup.$proc$/foss/designs/ascon_top_layout/src/postprocessor_rup.sv:77$26'.
  created $dff cell `$procdff$10552' with positive edge clock.
Creating register for signal `\postprocessor_rup.\fifo_eot[4]' using process `\postprocessor_rup.$proc$/foss/designs/ascon_top_layout/src/postprocessor_rup.sv:77$26'.
  created $dff cell `$procdff$10557' with positive edge clock.
Creating register for signal `\postprocessor_rup.\fifo_eot[5]' using process `\postprocessor_rup.$proc$/foss/designs/ascon_top_layout/src/postprocessor_rup.sv:77$26'.
  created $dff cell `$procdff$10562' with positive edge clock.
Creating register for signal `\postprocessor_rup.\fifo_eot[6]' using process `\postprocessor_rup.$proc$/foss/designs/ascon_top_layout/src/postprocessor_rup.sv:77$26'.
  created $dff cell `$procdff$10567' with positive edge clock.
Creating register for signal `\postprocessor_rup.\fifo_eot[7]' using process `\postprocessor_rup.$proc$/foss/designs/ascon_top_layout/src/postprocessor_rup.sv:77$26'.
  created $dff cell `$procdff$10572' with positive edge clock.
Creating register for signal `\postprocessor_rup.\fifo_eot[8]' using process `\postprocessor_rup.$proc$/foss/designs/ascon_top_layout/src/postprocessor_rup.sv:77$26'.
  created $dff cell `$procdff$10577' with positive edge clock.
Creating register for signal `\postprocessor_rup.\fifo_eot[9]' using process `\postprocessor_rup.$proc$/foss/designs/ascon_top_layout/src/postprocessor_rup.sv:77$26'.
  created $dff cell `$procdff$10582' with positive edge clock.
Creating register for signal `\postprocessor_rup.\fifo_eot[10]' using process `\postprocessor_rup.$proc$/foss/designs/ascon_top_layout/src/postprocessor_rup.sv:77$26'.
  created $dff cell `$procdff$10587' with positive edge clock.
Creating register for signal `\postprocessor_rup.\fifo_eot[11]' using process `\postprocessor_rup.$proc$/foss/designs/ascon_top_layout/src/postprocessor_rup.sv:77$26'.
  created $dff cell `$procdff$10592' with positive edge clock.
Creating register for signal `\postprocessor_rup.\fifo_eot[12]' using process `\postprocessor_rup.$proc$/foss/designs/ascon_top_layout/src/postprocessor_rup.sv:77$26'.
  created $dff cell `$procdff$10597' with positive edge clock.
Creating register for signal `\postprocessor_rup.\fifo_eot[13]' using process `\postprocessor_rup.$proc$/foss/designs/ascon_top_layout/src/postprocessor_rup.sv:77$26'.
  created $dff cell `$procdff$10602' with positive edge clock.
Creating register for signal `\postprocessor_rup.\fifo_eot[14]' using process `\postprocessor_rup.$proc$/foss/designs/ascon_top_layout/src/postprocessor_rup.sv:77$26'.
  created $dff cell `$procdff$10607' with positive edge clock.
Creating register for signal `\postprocessor_rup.\fifo_eot[15]' using process `\postprocessor_rup.$proc$/foss/designs/ascon_top_layout/src/postprocessor_rup.sv:77$26'.
  created $dff cell `$procdff$10612' with positive edge clock.
Creating register for signal `\postprocessor_rup.\fifo_eot[16]' using process `\postprocessor_rup.$proc$/foss/designs/ascon_top_layout/src/postprocessor_rup.sv:77$26'.
  created $dff cell `$procdff$10617' with positive edge clock.
Creating register for signal `\postprocessor_rup.\fifo_eot[17]' using process `\postprocessor_rup.$proc$/foss/designs/ascon_top_layout/src/postprocessor_rup.sv:77$26'.
  created $dff cell `$procdff$10622' with positive edge clock.
Creating register for signal `\postprocessor_rup.\fifo_eot[18]' using process `\postprocessor_rup.$proc$/foss/designs/ascon_top_layout/src/postprocessor_rup.sv:77$26'.
  created $dff cell `$procdff$10627' with positive edge clock.
Creating register for signal `\postprocessor_rup.\fifo_eot[19]' using process `\postprocessor_rup.$proc$/foss/designs/ascon_top_layout/src/postprocessor_rup.sv:77$26'.
  created $dff cell `$procdff$10632' with positive edge clock.
Creating register for signal `\postprocessor_rup.\fifo_eot[20]' using process `\postprocessor_rup.$proc$/foss/designs/ascon_top_layout/src/postprocessor_rup.sv:77$26'.
  created $dff cell `$procdff$10637' with positive edge clock.
Creating register for signal `\postprocessor_rup.\fifo_eot[21]' using process `\postprocessor_rup.$proc$/foss/designs/ascon_top_layout/src/postprocessor_rup.sv:77$26'.
  created $dff cell `$procdff$10642' with positive edge clock.
Creating register for signal `\postprocessor_rup.\fifo_eot[22]' using process `\postprocessor_rup.$proc$/foss/designs/ascon_top_layout/src/postprocessor_rup.sv:77$26'.
  created $dff cell `$procdff$10647' with positive edge clock.
Creating register for signal `\postprocessor_rup.\fifo_eot[23]' using process `\postprocessor_rup.$proc$/foss/designs/ascon_top_layout/src/postprocessor_rup.sv:77$26'.
  created $dff cell `$procdff$10652' with positive edge clock.
Creating register for signal `\postprocessor_rup.\fifo_eot[24]' using process `\postprocessor_rup.$proc$/foss/designs/ascon_top_layout/src/postprocessor_rup.sv:77$26'.
  created $dff cell `$procdff$10657' with positive edge clock.
Creating register for signal `\postprocessor_rup.\fifo_eot[25]' using process `\postprocessor_rup.$proc$/foss/designs/ascon_top_layout/src/postprocessor_rup.sv:77$26'.
  created $dff cell `$procdff$10662' with positive edge clock.
Creating register for signal `\postprocessor_rup.\fifo_eot[26]' using process `\postprocessor_rup.$proc$/foss/designs/ascon_top_layout/src/postprocessor_rup.sv:77$26'.
  created $dff cell `$procdff$10667' with positive edge clock.
Creating register for signal `\postprocessor_rup.\fifo_eot[27]' using process `\postprocessor_rup.$proc$/foss/designs/ascon_top_layout/src/postprocessor_rup.sv:77$26'.
  created $dff cell `$procdff$10672' with positive edge clock.
Creating register for signal `\postprocessor_rup.\fifo_eot[28]' using process `\postprocessor_rup.$proc$/foss/designs/ascon_top_layout/src/postprocessor_rup.sv:77$26'.
  created $dff cell `$procdff$10677' with positive edge clock.
Creating register for signal `\postprocessor_rup.\fifo_eot[29]' using process `\postprocessor_rup.$proc$/foss/designs/ascon_top_layout/src/postprocessor_rup.sv:77$26'.
  created $dff cell `$procdff$10682' with positive edge clock.
Creating register for signal `\postprocessor_rup.\fifo_eot[30]' using process `\postprocessor_rup.$proc$/foss/designs/ascon_top_layout/src/postprocessor_rup.sv:77$26'.
  created $dff cell `$procdff$10687' with positive edge clock.
Creating register for signal `\postprocessor_rup.\fifo_eot[31]' using process `\postprocessor_rup.$proc$/foss/designs/ascon_top_layout/src/postprocessor_rup.sv:77$26'.
  created $dff cell `$procdff$10692' with positive edge clock.
Creating register for signal `\postprocessor_rup.\fifo_eot[32]' using process `\postprocessor_rup.$proc$/foss/designs/ascon_top_layout/src/postprocessor_rup.sv:77$26'.
  created $dff cell `$procdff$10697' with positive edge clock.
Creating register for signal `\postprocessor_rup.\fifo_eot[33]' using process `\postprocessor_rup.$proc$/foss/designs/ascon_top_layout/src/postprocessor_rup.sv:77$26'.
  created $dff cell `$procdff$10702' with positive edge clock.
Creating register for signal `\postprocessor_rup.\fifo_eot[34]' using process `\postprocessor_rup.$proc$/foss/designs/ascon_top_layout/src/postprocessor_rup.sv:77$26'.
  created $dff cell `$procdff$10707' with positive edge clock.
Creating register for signal `\postprocessor_rup.\fifo_eot[35]' using process `\postprocessor_rup.$proc$/foss/designs/ascon_top_layout/src/postprocessor_rup.sv:77$26'.
  created $dff cell `$procdff$10712' with positive edge clock.
Creating register for signal `\postprocessor_rup.\fifo_eot[36]' using process `\postprocessor_rup.$proc$/foss/designs/ascon_top_layout/src/postprocessor_rup.sv:77$26'.
  created $dff cell `$procdff$10717' with positive edge clock.
Creating register for signal `\postprocessor_rup.\fifo_eot[37]' using process `\postprocessor_rup.$proc$/foss/designs/ascon_top_layout/src/postprocessor_rup.sv:77$26'.
  created $dff cell `$procdff$10722' with positive edge clock.
Creating register for signal `\postprocessor_rup.\fifo_eot[38]' using process `\postprocessor_rup.$proc$/foss/designs/ascon_top_layout/src/postprocessor_rup.sv:77$26'.
  created $dff cell `$procdff$10727' with positive edge clock.
Creating register for signal `\postprocessor_rup.\fifo_eot[39]' using process `\postprocessor_rup.$proc$/foss/designs/ascon_top_layout/src/postprocessor_rup.sv:77$26'.
  created $dff cell `$procdff$10732' with positive edge clock.
Creating register for signal `\postprocessor_rup.\fifo_eot[40]' using process `\postprocessor_rup.$proc$/foss/designs/ascon_top_layout/src/postprocessor_rup.sv:77$26'.
  created $dff cell `$procdff$10737' with positive edge clock.
Creating register for signal `\postprocessor_rup.\fifo_eot[41]' using process `\postprocessor_rup.$proc$/foss/designs/ascon_top_layout/src/postprocessor_rup.sv:77$26'.
  created $dff cell `$procdff$10742' with positive edge clock.
Creating register for signal `\postprocessor_rup.\fifo_eot[42]' using process `\postprocessor_rup.$proc$/foss/designs/ascon_top_layout/src/postprocessor_rup.sv:77$26'.
  created $dff cell `$procdff$10747' with positive edge clock.
Creating register for signal `\postprocessor_rup.\fifo_eot[43]' using process `\postprocessor_rup.$proc$/foss/designs/ascon_top_layout/src/postprocessor_rup.sv:77$26'.
  created $dff cell `$procdff$10752' with positive edge clock.
Creating register for signal `\postprocessor_rup.\fifo_eot[44]' using process `\postprocessor_rup.$proc$/foss/designs/ascon_top_layout/src/postprocessor_rup.sv:77$26'.
  created $dff cell `$procdff$10757' with positive edge clock.
Creating register for signal `\postprocessor_rup.\fifo_eot[45]' using process `\postprocessor_rup.$proc$/foss/designs/ascon_top_layout/src/postprocessor_rup.sv:77$26'.
  created $dff cell `$procdff$10762' with positive edge clock.
Creating register for signal `\postprocessor_rup.\fifo_eot[46]' using process `\postprocessor_rup.$proc$/foss/designs/ascon_top_layout/src/postprocessor_rup.sv:77$26'.
  created $dff cell `$procdff$10767' with positive edge clock.
Creating register for signal `\postprocessor_rup.\fifo_eot[47]' using process `\postprocessor_rup.$proc$/foss/designs/ascon_top_layout/src/postprocessor_rup.sv:77$26'.
  created $dff cell `$procdff$10772' with positive edge clock.
Creating register for signal `\postprocessor_rup.\fifo_eot[48]' using process `\postprocessor_rup.$proc$/foss/designs/ascon_top_layout/src/postprocessor_rup.sv:77$26'.
  created $dff cell `$procdff$10777' with positive edge clock.
Creating register for signal `\postprocessor_rup.\fifo_eot[49]' using process `\postprocessor_rup.$proc$/foss/designs/ascon_top_layout/src/postprocessor_rup.sv:77$26'.
  created $dff cell `$procdff$10782' with positive edge clock.
Creating register for signal `\postprocessor_rup.\fifo_eot[50]' using process `\postprocessor_rup.$proc$/foss/designs/ascon_top_layout/src/postprocessor_rup.sv:77$26'.
  created $dff cell `$procdff$10787' with positive edge clock.
Creating register for signal `\postprocessor_rup.\fifo_eot[51]' using process `\postprocessor_rup.$proc$/foss/designs/ascon_top_layout/src/postprocessor_rup.sv:77$26'.
  created $dff cell `$procdff$10792' with positive edge clock.
Creating register for signal `\postprocessor_rup.\fifo_eot[52]' using process `\postprocessor_rup.$proc$/foss/designs/ascon_top_layout/src/postprocessor_rup.sv:77$26'.
  created $dff cell `$procdff$10797' with positive edge clock.
Creating register for signal `\postprocessor_rup.\fifo_eot[53]' using process `\postprocessor_rup.$proc$/foss/designs/ascon_top_layout/src/postprocessor_rup.sv:77$26'.
  created $dff cell `$procdff$10802' with positive edge clock.
Creating register for signal `\postprocessor_rup.\fifo_eot[54]' using process `\postprocessor_rup.$proc$/foss/designs/ascon_top_layout/src/postprocessor_rup.sv:77$26'.
  created $dff cell `$procdff$10807' with positive edge clock.
Creating register for signal `\postprocessor_rup.\fifo_eot[55]' using process `\postprocessor_rup.$proc$/foss/designs/ascon_top_layout/src/postprocessor_rup.sv:77$26'.
  created $dff cell `$procdff$10812' with positive edge clock.
Creating register for signal `\postprocessor_rup.\fifo_eot[56]' using process `\postprocessor_rup.$proc$/foss/designs/ascon_top_layout/src/postprocessor_rup.sv:77$26'.
  created $dff cell `$procdff$10817' with positive edge clock.
Creating register for signal `\postprocessor_rup.\fifo_eot[57]' using process `\postprocessor_rup.$proc$/foss/designs/ascon_top_layout/src/postprocessor_rup.sv:77$26'.
  created $dff cell `$procdff$10822' with positive edge clock.
Creating register for signal `\postprocessor_rup.\fifo_eot[58]' using process `\postprocessor_rup.$proc$/foss/designs/ascon_top_layout/src/postprocessor_rup.sv:77$26'.
  created $dff cell `$procdff$10827' with positive edge clock.
Creating register for signal `\postprocessor_rup.\fifo_eot[59]' using process `\postprocessor_rup.$proc$/foss/designs/ascon_top_layout/src/postprocessor_rup.sv:77$26'.
  created $dff cell `$procdff$10832' with positive edge clock.
Creating register for signal `\postprocessor_rup.\fifo_eot[60]' using process `\postprocessor_rup.$proc$/foss/designs/ascon_top_layout/src/postprocessor_rup.sv:77$26'.
  created $dff cell `$procdff$10837' with positive edge clock.
Creating register for signal `\postprocessor_rup.\fifo_eot[61]' using process `\postprocessor_rup.$proc$/foss/designs/ascon_top_layout/src/postprocessor_rup.sv:77$26'.
  created $dff cell `$procdff$10842' with positive edge clock.
Creating register for signal `\postprocessor_rup.\fifo_eot[62]' using process `\postprocessor_rup.$proc$/foss/designs/ascon_top_layout/src/postprocessor_rup.sv:77$26'.
  created $dff cell `$procdff$10847' with positive edge clock.
Creating register for signal `\postprocessor_rup.\fifo_eot[63]' using process `\postprocessor_rup.$proc$/foss/designs/ascon_top_layout/src/postprocessor_rup.sv:77$26'.
  created $dff cell `$procdff$10852' with positive edge clock.
Creating register for signal `\postprocessor_rup.$mem2reg_wr$\fifo_data$/foss/designs/ascon_top_layout/src/postprocessor_rup.sv:83$12_ADDR' using process `\postprocessor_rup.$proc$/foss/designs/ascon_top_layout/src/postprocessor_rup.sv:77$26'.
  created $adff cell `$procdff$10855' with positive edge clock and positive level reset.
Creating register for signal `\postprocessor_rup.$mem2reg_wr$\fifo_data$/foss/designs/ascon_top_layout/src/postprocessor_rup.sv:83$12_DATA' using process `\postprocessor_rup.$proc$/foss/designs/ascon_top_layout/src/postprocessor_rup.sv:77$26'.
  created $adff cell `$procdff$10858' with positive edge clock and positive level reset.
Creating register for signal `\postprocessor_rup.$mem2reg_wr$\fifo_type$/foss/designs/ascon_top_layout/src/postprocessor_rup.sv:84$13_ADDR' using process `\postprocessor_rup.$proc$/foss/designs/ascon_top_layout/src/postprocessor_rup.sv:77$26'.
  created $adff cell `$procdff$10861' with positive edge clock and positive level reset.
Creating register for signal `\postprocessor_rup.$mem2reg_wr$\fifo_type$/foss/designs/ascon_top_layout/src/postprocessor_rup.sv:84$13_DATA' using process `\postprocessor_rup.$proc$/foss/designs/ascon_top_layout/src/postprocessor_rup.sv:77$26'.
  created $adff cell `$procdff$10864' with positive edge clock and positive level reset.
Creating register for signal `\postprocessor_rup.$mem2reg_wr$\fifo_eot$/foss/designs/ascon_top_layout/src/postprocessor_rup.sv:85$14_ADDR' using process `\postprocessor_rup.$proc$/foss/designs/ascon_top_layout/src/postprocessor_rup.sv:77$26'.
  created $adff cell `$procdff$10867' with positive edge clock and positive level reset.
Creating register for signal `\postprocessor_rup.$mem2reg_wr$\fifo_eot$/foss/designs/ascon_top_layout/src/postprocessor_rup.sv:85$14_DATA' using process `\postprocessor_rup.$proc$/foss/designs/ascon_top_layout/src/postprocessor_rup.sv:77$26'.
  created $adff cell `$procdff$10870' with positive edge clock and positive level reset.
Creating register for signal `\spi_slave.\miso' using process `\spi_slave.$proc$/foss/designs/ascon_top_layout/src/spi_slave.sv:50$147'.
  created $adff cell `$procdff$10873' with positive edge clock and positive level reset.
Creating register for signal `\spi_slave.\rx_data' using process `\spi_slave.$proc$/foss/designs/ascon_top_layout/src/spi_slave.sv:50$147'.
  created $adff cell `$procdff$10876' with positive edge clock and positive level reset.
Creating register for signal `\spi_slave.\rx_valid' using process `\spi_slave.$proc$/foss/designs/ascon_top_layout/src/spi_slave.sv:50$147'.
  created $adff cell `$procdff$10879' with positive edge clock and positive level reset.
Creating register for signal `\spi_slave.\tx_ready' using process `\spi_slave.$proc$/foss/designs/ascon_top_layout/src/spi_slave.sv:50$147'.
  created $adff cell `$procdff$10882' with positive edge clock and positive level reset.
Creating register for signal `\spi_slave.\bit_cnt' using process `\spi_slave.$proc$/foss/designs/ascon_top_layout/src/spi_slave.sv:50$147'.
  created $adff cell `$procdff$10885' with positive edge clock and positive level reset.
Creating register for signal `\spi_slave.\rx_reg' using process `\spi_slave.$proc$/foss/designs/ascon_top_layout/src/spi_slave.sv:50$147'.
  created $adff cell `$procdff$10888' with positive edge clock and positive level reset.
Creating register for signal `\spi_slave.\tx_reg' using process `\spi_slave.$proc$/foss/designs/ascon_top_layout/src/spi_slave.sv:50$147'.
  created $adff cell `$procdff$10891' with positive edge clock and positive level reset.
Creating register for signal `\spi_slave.\cs_n_sync' using process `\spi_slave.$proc$/foss/designs/ascon_top_layout/src/spi_slave.sv:25$142'.
  created $adff cell `$procdff$10894' with positive edge clock and positive level reset.
Creating register for signal `\spi_slave.\sclk_sync' using process `\spi_slave.$proc$/foss/designs/ascon_top_layout/src/spi_slave.sv:25$142'.
  created $adff cell `$procdff$10897' with positive edge clock and positive level reset.
Creating register for signal `\spi_slave.\mosi_sync' using process `\spi_slave.$proc$/foss/designs/ascon_top_layout/src/spi_slave.sv:25$142'.
  created $adff cell `$procdff$10900' with positive edge clock and positive level reset.
Creating register for signal `$paramod\register\DATA_WIDTH=32'00000000000000000000000010000000.\data_q' using process `$paramod\register\DATA_WIDTH=32'00000000000000000000000010000000.$proc$/foss/designs/ascon_top_layout/src/register.sv:23$548'.
  created $adff cell `$procdff$10903' with positive edge clock and positive level reset.
Creating register for signal `$paramod\register\DATA_WIDTH=32'00000000000000000000000101000000.\data_q' using process `$paramod\register\DATA_WIDTH=32'00000000000000000000000101000000.$proc$/foss/designs/ascon_top_layout/src/register.sv:23$547'.
  created $adff cell `$procdff$10906' with positive edge clock and positive level reset.
Creating register for signal `$paramod\register\DATA_WIDTH=32'00000000000000000000000000001000.\data_q' using process `$paramod\register\DATA_WIDTH=32'00000000000000000000000000001000.$proc$/foss/designs/ascon_top_layout/src/register.sv:23$546'.
  created $adff cell `$procdff$10909' with positive edge clock and positive level reset.
Creating register for signal `$paramod$2bee4efb53c4759eef8dbd8c8b945eecbfdf3d47\register.\data_q' using process `$paramod$2bee4efb53c4759eef8dbd8c8b945eecbfdf3d47\register.$proc$/foss/designs/ascon_top_layout/src/register.sv:23$545'.
  created $adff cell `$procdff$10912' with positive edge clock and positive level reset.
Creating register for signal `$paramod\register\DATA_WIDTH=32'00000000000000000000000000001011.\data_q' using process `$paramod\register\DATA_WIDTH=32'00000000000000000000000000001011.$proc$/foss/designs/ascon_top_layout/src/register.sv:23$544'.
  created $adff cell `$procdff$10915' with positive edge clock and positive level reset.

24. Executing PROC_MEMWR pass (convert process memory writes to cells).

25. Executing PROC_CLEAN pass (remove empty switches from decision trees).
Found and cleaned up 19 empty switches in `\spi_controller.$proc$/foss/designs/ascon_top_layout/src/spi_controller.sv:220$96'.
Removing empty process `spi_controller.$proc$/foss/designs/ascon_top_layout/src/spi_controller.sv:220$96'.
Found and cleaned up 4 empty switches in `\spi_controller.$proc$/foss/designs/ascon_top_layout/src/spi_controller.sv:0$94'.
Removing empty process `spi_controller.$proc$/foss/designs/ascon_top_layout/src/spi_controller.sv:0$94'.
Found and cleaned up 1 empty switch in `\spi_controller.$proc$/foss/designs/ascon_top_layout/src/spi_controller.sv:191$93'.
Removing empty process `spi_controller.$proc$/foss/designs/ascon_top_layout/src/spi_controller.sv:191$93'.
Found and cleaned up 6 empty switches in `\spi_controller.$proc$/foss/designs/ascon_top_layout/src/spi_controller.sv:129$81'.
Removing empty process `spi_controller.$proc$/foss/designs/ascon_top_layout/src/spi_controller.sv:129$81'.
Removing empty process `spi_controller.$proc$/foss/designs/ascon_top_layout/src/spi_controller.sv:77$77'.
Removing empty process `spi_controller.$proc$/foss/designs/ascon_top_layout/src/spi_controller.sv:68$75'.
Found and cleaned up 1 empty switch in `\postprocessor_rup.$proc$/foss/designs/ascon_top_layout/src/postprocessor_rup.sv:0$72'.
Removing empty process `postprocessor_rup.$proc$/foss/designs/ascon_top_layout/src/postprocessor_rup.sv:0$72'.
Found and cleaned up 1 empty switch in `\postprocessor_rup.$proc$/foss/designs/ascon_top_layout/src/postprocessor_rup.sv:0$69'.
Removing empty process `postprocessor_rup.$proc$/foss/designs/ascon_top_layout/src/postprocessor_rup.sv:0$69'.
Found and cleaned up 1 empty switch in `\postprocessor_rup.$proc$/foss/designs/ascon_top_layout/src/postprocessor_rup.sv:0$66'.
Removing empty process `postprocessor_rup.$proc$/foss/designs/ascon_top_layout/src/postprocessor_rup.sv:0$66'.
Found and cleaned up 2 empty switches in `\postprocessor_rup.$proc$/foss/designs/ascon_top_layout/src/postprocessor_rup.sv:111$58'.
Removing empty process `postprocessor_rup.$proc$/foss/designs/ascon_top_layout/src/postprocessor_rup.sv:111$58'.
Found and cleaned up 4 empty switches in `\postprocessor_rup.$proc$/foss/designs/ascon_top_layout/src/postprocessor_rup.sv:91$54'.
Removing empty process `postprocessor_rup.$proc$/foss/designs/ascon_top_layout/src/postprocessor_rup.sv:91$54'.
Found and cleaned up 5 empty switches in `\postprocessor_rup.$proc$/foss/designs/ascon_top_layout/src/postprocessor_rup.sv:77$26'.
Removing empty process `postprocessor_rup.$proc$/foss/designs/ascon_top_layout/src/postprocessor_rup.sv:77$26'.
Found and cleaned up 1 empty switch in `\postprocessor_rup.$proc$/foss/designs/ascon_top_layout/src/postprocessor_rup.sv:0$19'.
Removing empty process `postprocessor_rup.$proc$/foss/designs/ascon_top_layout/src/postprocessor_rup.sv:0$19'.
Found and cleaned up 6 empty switches in `\spi_slave.$proc$/foss/designs/ascon_top_layout/src/spi_slave.sv:50$147'.
Removing empty process `spi_slave.$proc$/foss/designs/ascon_top_layout/src/spi_slave.sv:50$147'.
Removing empty process `spi_slave.$proc$/foss/designs/ascon_top_layout/src/spi_slave.sv:25$142'.
Removing empty process `$paramod\register\DATA_WIDTH=32'00000000000000000000000010000000.$proc$/foss/designs/ascon_top_layout/src/register.sv:23$548'.
Removing empty process `$paramod\register\DATA_WIDTH=32'00000000000000000000000101000000.$proc$/foss/designs/ascon_top_layout/src/register.sv:23$547'.
Removing empty process `$paramod\register\DATA_WIDTH=32'00000000000000000000000000001000.$proc$/foss/designs/ascon_top_layout/src/register.sv:23$546'.
Removing empty process `$paramod$2bee4efb53c4759eef8dbd8c8b945eecbfdf3d47\register.$proc$/foss/designs/ascon_top_layout/src/register.sv:23$545'.
Removing empty process `$paramod\register\DATA_WIDTH=32'00000000000000000000000000001011.$proc$/foss/designs/ascon_top_layout/src/register.sv:23$544'.
Removing empty process `asconp.$proc$/foss/designs/ascon_top_layout/src/asconp.sv:0$506'.
Found and cleaned up 13 empty switches in `\ascon_core.$proc$/foss/designs/ascon_top_layout/src/ascon_core.sv:0$493'.
Removing empty process `ascon_core.$proc$/foss/designs/ascon_top_layout/src/ascon_core.sv:0$493'.
Found and cleaned up 2 empty switches in `\ascon_core.$proc$/foss/designs/ascon_top_layout/src/ascon_core.sv:0$488'.
Removing empty process `ascon_core.$proc$/foss/designs/ascon_top_layout/src/ascon_core.sv:0$488'.
Found and cleaned up 6 empty switches in `\ascon_core.$proc$/foss/designs/ascon_top_layout/src/ascon_core.sv:0$471'.
Removing empty process `ascon_core.$proc$/foss/designs/ascon_top_layout/src/ascon_core.sv:0$471'.
Found and cleaned up 1 empty switch in `\ascon_core.$proc$/foss/designs/ascon_top_layout/src/ascon_core.sv:0$460'.
Removing empty process `ascon_core.$proc$/foss/designs/ascon_top_layout/src/ascon_core.sv:0$460'.
Found and cleaned up 9 empty switches in `\ascon_core.$proc$/foss/designs/ascon_top_layout/src/ascon_core.sv:0$418'.
Removing empty process `ascon_core.$proc$/foss/designs/ascon_top_layout/src/ascon_core.sv:0$418'.
Found and cleaned up 32 empty switches in `\ascon_core.$proc$/foss/designs/ascon_top_layout/src/ascon_core.sv:0$397'.
Removing empty process `ascon_core.$proc$/foss/designs/ascon_top_layout/src/ascon_core.sv:0$397'.
Found and cleaned up 3 empty switches in `\ascon_core.$proc$/foss/designs/ascon_top_layout/src/ascon_core.sv:0$257'.
Removing empty process `ascon_core.$proc$/foss/designs/ascon_top_layout/src/ascon_core.sv:0$257'.
Cleaned up 117 empty switches.

26. Executing CHECK pass (checking for obvious problems).
Checking module ascon_top...
Checking module spi_controller...
Checking module postprocessor_rup...
Checking module spi_slave...
Checking module $paramod\register\DATA_WIDTH=32'00000000000000000000000010000000...
Checking module $paramod\register\DATA_WIDTH=32'00000000000000000000000101000000...
Checking module $paramod\register\DATA_WIDTH=32'00000000000000000000000000001000...
Checking module $paramod$2bee4efb53c4759eef8dbd8c8b945eecbfdf3d47\register...
Checking module $paramod\register\DATA_WIDTH=32'00000000000000000000000000001011...
Checking module asconp...
Checking module ascon_core...
Found and reported 0 problems.

27. Executing OPT_EXPR pass (perform const folding).
Optimizing module ascon_top.
Optimizing module spi_controller.
<suppressed ~31 debug messages>
Optimizing module postprocessor_rup.
<suppressed ~209 debug messages>
Optimizing module spi_slave.
<suppressed ~18 debug messages>
Optimizing module $paramod\register\DATA_WIDTH=32'00000000000000000000000010000000.
<suppressed ~1 debug messages>
Optimizing module $paramod\register\DATA_WIDTH=32'00000000000000000000000101000000.
<suppressed ~1 debug messages>
Optimizing module $paramod\register\DATA_WIDTH=32'00000000000000000000000000001000.
<suppressed ~1 debug messages>
Optimizing module $paramod$2bee4efb53c4759eef8dbd8c8b945eecbfdf3d47\register.
<suppressed ~1 debug messages>
Optimizing module $paramod\register\DATA_WIDTH=32'00000000000000000000000000001011.
<suppressed ~1 debug messages>
Optimizing module asconp.
<suppressed ~1 debug messages>
Optimizing module ascon_core.
<suppressed ~42 debug messages>

28. Executing FLATTEN pass (flatten design).
Deleting now unused module spi_controller.
Deleting now unused module postprocessor_rup.
Deleting now unused module spi_slave.
Deleting now unused module $paramod\register\DATA_WIDTH=32'00000000000000000000000010000000.
Deleting now unused module $paramod\register\DATA_WIDTH=32'00000000000000000000000101000000.
Deleting now unused module $paramod\register\DATA_WIDTH=32'00000000000000000000000000001000.
Deleting now unused module $paramod$2bee4efb53c4759eef8dbd8c8b945eecbfdf3d47\register.
Deleting now unused module $paramod\register\DATA_WIDTH=32'00000000000000000000000000001011.
Deleting now unused module asconp.
Deleting now unused module ascon_core.
<suppressed ~10 debug messages>

29. Executing OPT_EXPR pass (perform const folding).
Optimizing module ascon_top.

30. Executing OPT_CLEAN pass (remove unused cells and wires).
Finding unused cells or wires in module \ascon_top..
Removed 1137 unused cells and 2762 unused wires.
<suppressed ~1298 debug messages>

31. Executing OPT_EXPR pass (perform const folding).
Optimizing module ascon_top.

32. Executing OPT_MERGE pass (detect identical cells).
Finding identical cells in module `\ascon_top'.
<suppressed ~282 debug messages>
Removed a total of 94 cells.

33. Executing OPT_MUXTREE pass (detect dead branches in mux trees).
Running muxtree optimizer on module \ascon_top..
  Creating internal representation of mux trees.
  Evaluating internal representation of mux trees.
      Replacing known input bits on port A of cell $flatten\spi_ctrl.$procmux$572: \spi_ctrl.pend_valid -> 1'0
      Replacing known input bits on port A of cell $flatten\spi_ctrl.$procmux$592: \spi_ctrl.pend_valid -> 1'0
  Analyzing evaluation results.
    dead port 2/2 on $mux $flatten\pp_inst.\core_inst.$procmux$8914.
    dead port 2/2 on $mux $flatten\pp_inst.\core_inst.$procmux$8920.
    dead port 2/2 on $mux $flatten\pp_inst.\core_inst.$procmux$8932.
    dead port 2/2 on $mux $flatten\pp_inst.\core_inst.$procmux$8980.
    dead port 2/2 on $mux $flatten\pp_inst.\core_inst.$procmux$9010.
    dead port 2/2 on $mux $flatten\pp_inst.\core_inst.$procmux$9068.
    dead port 2/2 on $mux $flatten\pp_inst.\core_inst.$procmux$9070.
    dead port 2/2 on $mux $flatten\pp_inst.\core_inst.$procmux$9076.
    dead port 1/2 on $mux $flatten\pp_inst.\core_inst.$procmux$9089.
    dead port 2/2 on $mux $flatten\pp_inst.\core_inst.$procmux$9091.
    dead port 2/2 on $mux $flatten\pp_inst.\core_inst.$procmux$9097.
    dead port 2/2 on $mux $flatten\pp_inst.\core_inst.$procmux$9113.
    dead port 2/2 on $mux $flatten\pp_inst.\core_inst.$procmux$9116.
    dead port 2/2 on $mux $flatten\pp_inst.\core_inst.$procmux$9118.
    dead port 2/2 on $mux $flatten\pp_inst.\core_inst.$procmux$9125.
    dead port 2/2 on $mux $flatten\pp_inst.\core_inst.$procmux$9127.
    dead port 2/2 on $mux $flatten\pp_inst.\core_inst.$procmux$9133.
    dead port 1/2 on $mux $flatten\pp_inst.\core_inst.$procmux$9146.
    dead port 2/2 on $mux $flatten\pp_inst.\core_inst.$procmux$9148.
    dead port 2/2 on $mux $flatten\pp_inst.\core_inst.$procmux$9154.
    dead port 1/2 on $mux $flatten\pp_inst.\core_inst.$procmux$9164.
    dead port 1/2 on $mux $flatten\pp_inst.\core_inst.$procmux$9167.
    dead port 2/2 on $mux $flatten\pp_inst.\core_inst.$procmux$9169.
    dead port 1/2 on $mux $flatten\pp_inst.\core_inst.$procmux$9176.
    dead port 2/2 on $mux $flatten\pp_inst.\core_inst.$procmux$9178.
    dead port 2/2 on $mux $flatten\pp_inst.\core_inst.$procmux$9184.
    dead port 2/2 on $mux $flatten\pp_inst.\core_inst.$procmux$9193.
    dead port 2/2 on $mux $flatten\pp_inst.\core_inst.$procmux$9208.
    dead port 1/2 on $mux $flatten\pp_inst.\core_inst.$procmux$9304.
    dead port 2/2 on $mux $flatten\pp_inst.\core_inst.$procmux$9306.
    dead port 1/2 on $mux $flatten\pp_inst.\core_inst.$procmux$9370.
    dead port 2/2 on $mux $flatten\pp_inst.\core_inst.$procmux$9372.
    dead port 2/2 on $mux $flatten\pp_inst.\core_inst.$procmux$9477.
    dead port 2/2 on $mux $flatten\pp_inst.\core_inst.$procmux$9525.
    dead port 2/2 on $mux $flatten\spi_ctrl.$procmux$845.
    dead port 2/2 on $mux $flatten\spi_ctrl.$procmux$847.
    dead port 2/2 on $mux $flatten\spi_ctrl.$procmux$853.
    dead port 2/2 on $mux $flatten\spi_ctrl.$procmux$860.
Removed 38 multiplexer ports.
<suppressed ~162 debug messages>

34. Executing OPT_REDUCE pass (consolidate $*mux and $reduce_* inputs).
  Optimizing cells in module \ascon_top.
    New ctrl vector for $pmux cell $flatten\pp_inst.\core_inst.$procmux$8965: { $auto$opt_reduce.cc:137:opt_pmux$10943 $auto$opt_reduce.cc:137:opt_pmux$10941 }
    New ctrl vector for $pmux cell $flatten\pp_inst.\core_inst.$procmux$9776: { $auto$opt_reduce.cc:137:opt_pmux$10947 $auto$opt_reduce.cc:137:opt_pmux$10945 }
    New ctrl vector for $pmux cell $flatten\pp_inst.\core_inst.$procmux$9804: { $flatten\pp_inst.\core_inst.$eq$/foss/designs/ascon_top_layout/src/ascon_core.sv:127$197_Y $auto$opt_reduce.cc:137:opt_pmux$10949 }
    New input vector for $reduce_or cell $auto$opt_reduce.cc:131:opt_pmux$10946: { $flatten\pp_inst.\core_inst.$eq$/foss/designs/ascon_top_layout/src/ascon_core.sv:160$245_Y $flatten\pp_inst.\core_inst.$eq$/foss/designs/ascon_top_layout/src/ascon_core.sv:159$241_Y $flatten\pp_inst.\core_inst.$eq$/foss/designs/ascon_top_layout/src/ascon_core.sv:127$197_Y $flatten\pp_inst.\core_inst.$eq$/foss/designs/ascon_top_layout/src/ascon_core.sv:118$185_Y }
  Optimizing cells in module \ascon_top.
Performed a total of 6 changes.

35. Executing OPT_MERGE pass (detect identical cells).
Finding identical cells in module `\ascon_top'.
<suppressed ~45 debug messages>
Removed a total of 15 cells.

36. Executing OPT_DFF pass (perform DFF optimizations).

37. Executing OPT_CLEAN pass (remove unused cells and wires).
Finding unused cells or wires in module \ascon_top..
Removed 1 unused cells and 154 unused wires.
<suppressed ~8 debug messages>

38. Executing OPT_EXPR pass (perform const folding).
Optimizing module ascon_top.

39. Rerunning OPT passes. (Maybe there is more to do…)

40. Executing OPT_MUXTREE pass (detect dead branches in mux trees).
Running muxtree optimizer on module \ascon_top..
  Creating internal representation of mux trees.
  Evaluating internal representation of mux trees.
  Analyzing evaluation results.
Removed 0 multiplexer ports.
<suppressed ~158 debug messages>

41. Executing OPT_REDUCE pass (consolidate $*mux and $reduce_* inputs).
  Optimizing cells in module \ascon_top.
Performed a total of 0 changes.

42. Executing OPT_MERGE pass (detect identical cells).
Finding identical cells in module `\ascon_top'.
Removed a total of 0 cells.

43. Executing OPT_DFF pass (perform DFF optimizations).

44. Executing OPT_CLEAN pass (remove unused cells and wires).
Finding unused cells or wires in module \ascon_top..

45. Executing OPT_EXPR pass (perform const folding).
Optimizing module ascon_top.

46. Executing FSM pass (extract and optimize FSM).

46.1. Executing FSM_DETECT pass (finding FSMs in design).
Found FSM state register ascon_top.pp_inst.core_inst.reg_fsm_i.data_q.
Not marking ascon_top.spi_ctrl.bdi_valid as FSM state register:
    Users of register don't seem to benefit from recoding.
Not marking ascon_top.spi_ctrl.pend_type as FSM state register:
    Users of register don't seem to benefit from recoding.
Found FSM state register ascon_top.spi_ctrl.state.

46.2. Executing FSM_EXTRACT pass (extracting FSM from design).
Extracting FSM `\pp_inst.core_inst.reg_fsm_i.data_q' from module `\ascon_top'.
  found $adff cell for state register: $flatten\pp_inst.\core_inst.\reg_fsm_i.$procdff$10912
  root of input selection tree: \pp_inst.core_inst.fsm_d
  found reset state: 5'00001 (from async reset)
  found ctrl input: \pp_inst.core_inst.ver_tag_done
  found ctrl input: \pp_inst.core_inst.sqz_tag_done
  found ctrl input: \pp_inst.core_inst.kadd_4_done
  found ctrl input: \pp_inst.core_inst.fin_done
  found ctrl input: \pp_inst.core_inst.kadd_3_done
  found ctrl input: \pp_inst.core_inst.pro_msg_done
  found ctrl input: $flatten\pp_inst.\core_inst.$eq$/foss/designs/ascon_top_layout/src/ascon_core.sv:160$245_Y
  found ctrl input: \pp_inst.core_inst.abs_msg_done
  found ctrl input: \pp_inst.core_inst.msg_skip
  found ctrl input: \pp_inst.core_inst.dom_sep_done
  found ctrl input: \pp_inst.core_inst.pro_ad_done
  found ctrl input: $flatten\pp_inst.\core_inst.$eq$/foss/designs/ascon_top_layout/src/ascon_core.sv:159$241_Y
  found ctrl input: \pp_inst.core_inst.abs_ad_done
  found ctrl input: \pp_inst.core_inst.kadd_2_done
  found ctrl input: \pp_inst.core_inst.init_done
  found ctrl input: \pp_inst.core_inst.ld_npub_done
  found ctrl input: \pp_inst.core_inst.ld_key_done
  found ctrl input: \pp_inst.core_inst.idle_done
  found ctrl input: $flatten\pp_inst.\core_inst.$logic_or$/foss/designs/ascon_top_layout/src/ascon_core.sv:261$400_Y
  found state code: 5'00010
  found state code: 5'00011
  found state code: 5'00100
  found ctrl input: \pp_inst.core_inst.mode_enc_dec
  found state code: 5'00101
  found ctrl input: \pp_inst.core_inst.reg_flags_i.data_q [4]
  found ctrl input: $flatten\pp_inst.\core_inst.$eq$/foss/designs/ascon_top_layout/src/ascon_core.sv:118$186_Y
  found ctrl input: $flatten\pp_inst.\core_inst.$eq$/foss/designs/ascon_top_layout/src/ascon_core.sv:127$198_Y
  found state code: 5'01001
  found state code: 5'00110
  found ctrl input: $flatten\pp_inst.\core_inst.$ne$/foss/designs/ascon_top_layout/src/ascon_core.sv:159$242_Y
  found ctrl input: $flatten\pp_inst.\core_inst.$logic_and$/foss/designs/ascon_top_layout/src/ascon_core.sv:283$405_Y
  found state code: 5'01000
  found state code: 5'00111
  found ctrl input: \pp_inst.core_inst.reg_flags_i.data_q [7]
  found ctrl input: \pp_inst.core_inst.reg_flags_i.data_q [6]
  found state code: 5'01010
  found state code: 5'01101
  found state code: 5'01100
  found state code: 5'01011
  found ctrl input: \pp_inst.core_inst.reg_flags_i.data_q [5]
  found state code: 5'01110
  found state code: 5'01111
  found ctrl input: $flatten\pp_inst.\core_inst.$eq$/foss/designs/ascon_top_layout/src/ascon_core.sv:105$160_Y
  found state code: 5'10000
  found state code: 5'10001
  found ctrl output: $flatten\pp_inst.\core_inst.$eq$/foss/designs/ascon_top_layout/src/ascon_core.sv:108$162_Y
  found ctrl output: $flatten\pp_inst.\core_inst.$eq$/foss/designs/ascon_top_layout/src/ascon_core.sv:109$165_Y
  found ctrl output: $flatten\pp_inst.\core_inst.$eq$/foss/designs/ascon_top_layout/src/ascon_core.sv:111$170_Y
  found ctrl output: \pp_inst.core_inst.init
  found ctrl output: $flatten\pp_inst.\core_inst.$eq$/foss/designs/ascon_top_layout/src/ascon_core.sv:115$181_Y
  found ctrl output: $flatten\pp_inst.\core_inst.$eq$/foss/designs/ascon_top_layout/src/ascon_core.sv:118$185_Y
  found ctrl output: \pp_inst.core_inst.pro_ad
  found ctrl output: \pp_inst.core_inst.dom_sep_done
  found ctrl output: $flatten\pp_inst.\core_inst.$eq$/foss/designs/ascon_top_layout/src/ascon_core.sv:127$197_Y
  found ctrl output: \pp_inst.core_inst.pro_msg
  found ctrl output: \pp_inst.core_inst.kadd_3_done
  found ctrl output: \pp_inst.core_inst.fin
  found ctrl output: \pp_inst.core_inst.kadd_4_done
  found ctrl output: $flatten\pp_inst.\core_inst.$eq$/foss/designs/ascon_top_layout/src/ascon_core.sv:150$221_Y
  found ctrl output: $flatten\pp_inst.\core_inst.$eq$/foss/designs/ascon_top_layout/src/ascon_core.sv:152$226_Y
  found ctrl output: $flatten\pp_inst.\core_inst.$eq$/foss/designs/ascon_top_layout/src/ascon_core.sv:159$241_Y
  found ctrl output: $flatten\pp_inst.\core_inst.$eq$/foss/designs/ascon_top_layout/src/ascon_core.sv:160$245_Y
  ctrl inputs: { \pp_inst.core_inst.reg_flags_i.data_q [7:4] $flatten\pp_inst.\core_inst.$logic_and$/foss/designs/ascon_top_layout/src/ascon_core.sv:283$405_Y $flatten\pp_inst.\core_inst.$logic_or$/foss/designs/ascon_top_layout/src/ascon_core.sv:261$400_Y $flatten\pp_inst.\core_inst.$ne$/foss/designs/ascon_top_layout/src/ascon_core.sv:159$242_Y $flatten\pp_inst.\core_inst.$eq$/foss/designs/ascon_top_layout/src/ascon_core.sv:127$198_Y $flatten\pp_inst.\core_inst.$eq$/foss/designs/ascon_top_layout/src/ascon_core.sv:118$186_Y $flatten\pp_inst.\core_inst.$eq$/foss/designs/ascon_top_layout/src/ascon_core.sv:105$160_Y \pp_inst.core_inst.ver_tag_done \pp_inst.core_inst.sqz_tag_done \pp_inst.core_inst.fin_done \pp_inst.core_inst.msg_skip \pp_inst.core_inst.pro_msg_done \pp_inst.core_inst.abs_msg_done \pp_inst.core_inst.pro_ad_done \pp_inst.core_inst.abs_ad_done \pp_inst.core_inst.kadd_2_done \pp_inst.core_inst.init_done \pp_inst.core_inst.ld_npub_done \pp_inst.core_inst.ld_key_done \pp_inst.core_inst.idle_done \pp_inst.core_inst.mode_enc_dec }
  ctrl outputs: { $flatten\pp_inst.\core_inst.$eq$/foss/designs/ascon_top_layout/src/ascon_core.sv:160$245_Y $flatten\pp_inst.\core_inst.$eq$/foss/designs/ascon_top_layout/src/ascon_core.sv:159$241_Y $flatten\pp_inst.\core_inst.$eq$/foss/designs/ascon_top_layout/src/ascon_core.sv:152$226_Y $flatten\pp_inst.\core_inst.$eq$/foss/designs/ascon_top_layout/src/ascon_core.sv:150$221_Y $flatten\pp_inst.\core_inst.$eq$/foss/designs/ascon_top_layout/src/ascon_core.sv:127$197_Y $flatten\pp_inst.\core_inst.$eq$/foss/designs/ascon_top_layout/src/ascon_core.sv:118$185_Y $flatten\pp_inst.\core_inst.$eq$/foss/designs/ascon_top_layout/src/ascon_core.sv:115$181_Y $flatten\pp_inst.\core_inst.$eq$/foss/designs/ascon_top_layout/src/ascon_core.sv:111$170_Y $flatten\pp_inst.\core_inst.$eq$/foss/designs/ascon_top_layout/src/ascon_core.sv:109$165_Y $flatten\pp_inst.\core_inst.$eq$/foss/designs/ascon_top_layout/src/ascon_core.sv:108$162_Y \pp_inst.core_inst.kadd_4_done \pp_inst.core_inst.fin \pp_inst.core_inst.kadd_3_done \pp_inst.core_inst.pro_msg \pp_inst.core_inst.dom_sep_done \pp_inst.core_inst.pro_ad \pp_inst.core_inst.init \pp_inst.core_inst.fsm_d }
  transition:    5'10000 24'----------0000000000000- ->    5'10000 22'0001000000000000010000
  transition:    5'10000 24'-----0----0000000000001- ->    5'10000 22'0001000000000000010000
  transition:    5'10000 24'-----1----0000000000001- ->    5'00010 22'0001000000000000000010
  transition:    5'10000 24'----------000000000001-- ->    5'00011 22'0001000000000000000011
  transition:    5'10000 24'----------00000000001--- ->    5'00100 22'0001000000000000000100
  transition:    5'10000 24'----------00000000010000 ->    5'10000 22'0001000000000000010000
  transition:    5'10000 24'-----0----00000000010010 ->    5'10000 22'0001000000000000010000
  transition:    5'10000 24'-----1----00000000010010 ->    5'00010 22'0001000000000000000010
  transition:    5'10000 24'----------000000000101-0 ->    5'00011 22'0001000000000000000011
  transition:    5'10000 24'----------00000000011--0 ->    5'00100 22'0001000000000000000100
  transition:    5'10000 24'----------0000000001---1 ->    5'00101 22'0001000000000000000101
  transition:    5'10000 24'---0---00-0000000010000- ->    5'10000 22'0001000000000000010000
  transition:    5'10000 24'---0-0-00-0000000010001- ->    5'10000 22'0001000000000000010000
  transition:    5'10000 24'---0-1-00-0000000010001- ->    5'00010 22'0001000000000000000010
  transition:    5'10000 24'---0---00-000000001001-- ->    5'00011 22'0001000000000000000011
  transition:    5'10000 24'---0---00-00000000101--- ->    5'00100 22'0001000000000000000100
  transition:    5'10000 24'---0---00-00000000110000 ->    5'10000 22'0001000000000000010000
  transition:    5'10000 24'---0-0-00-00000000110010 ->    5'10000 22'0001000000000000010000
  transition:    5'10000 24'---0-1-00-00000000110010 ->    5'00010 22'0001000000000000000010
  transition:    5'10000 24'---0---00-000000001101-0 ->    5'00011 22'0001000000000000000011
  transition:    5'10000 24'---0---00-00000000111--0 ->    5'00100 22'0001000000000000000100
  transition:    5'10000 24'---0---00-0000000011---1 ->    5'00101 22'0001000000000000000101
  transition:    5'10000 24'---0---10-000000001----- ->    5'01001 22'0001000000000000001001
  transition:    5'10000 24'---0----1-000000001----- ->    5'00110 22'0001000000000000000110
  transition:    5'10000 24'---1------000000001----- ->    5'01001 22'0001000000000000001001
  transition:    5'10000 24'----0-0---00000001------ ->    5'01000 22'0001000000000000001000
  transition:    5'10000 24'----1-0---00000001------ ->    5'00111 22'0001000000000000000111
  transition:    5'10000 24'------1---00000001------ ->    5'01000 22'0001000000000000001000
  transition:    5'10000 24'0---------0000001------- ->    5'00110 22'0001000000000000000110
  transition:    5'10000 24'10--------0000001------- ->    5'00111 22'0001000000000000000111
  transition:    5'10000 24'11--------00000010000000 ->    5'10000 22'0001000000000000010000
  transition:    5'10000 24'11---0----00000010000010 ->    5'10000 22'0001000000000000010000
  transition:    5'10000 24'11---1----00000010000010 ->    5'00010 22'0001000000000000000010
  transition:    5'10000 24'11--------000000100001-0 ->    5'00011 22'0001000000000000000011
  transition:    5'10000 24'11--------00000010001--0 ->    5'00100 22'0001000000000000000100
  transition:    5'10000 24'11--------00000010010000 ->    5'10000 22'0001000000000000010000
  transition:    5'10000 24'11---0----00000010010010 ->    5'10000 22'0001000000000000010000
  transition:    5'10000 24'11---1----00000010010010 ->    5'00010 22'0001000000000000000010
  transition:    5'10000 24'11--------000000100101-0 ->    5'00011 22'0001000000000000000011
  transition:    5'10000 24'11--------00000010011--0 ->    5'00100 22'0001000000000000000100
  transition:    5'10000 24'11-0---00-00000010100000 ->    5'10000 22'0001000000000000010000
  transition:    5'10000 24'11-0-0-00-00000010100010 ->    5'10000 22'0001000000000000010000
  transition:    5'10000 24'11-0-1-00-00000010100010 ->    5'00010 22'0001000000000000000010
  transition:    5'10000 24'11-0---00-000000101001-0 ->    5'00011 22'0001000000000000000011
  transition:    5'10000 24'11-0---00-00000010101--0 ->    5'00100 22'0001000000000000000100
  transition:    5'10000 24'11-0---00-00000010110000 ->    5'10000 22'0001000000000000010000
  transition:    5'10000 24'11-0-0-00-00000010110010 ->    5'10000 22'0001000000000000010000
  transition:    5'10000 24'11-0-1-00-00000010110010 ->    5'00010 22'0001000000000000000010
  transition:    5'10000 24'11-0---00-000000101101-0 ->    5'00011 22'0001000000000000000011
  transition:    5'10000 24'11-0---00-00000010111--0 ->    5'00100 22'0001000000000000000100
  transition:    5'10000 24'11-0---10-000000101----0 ->    5'01001 22'0001000000000000001001
  transition:    5'10000 24'11-0----1-000000101----0 ->    5'00110 22'0001000000000000000110
  transition:    5'10000 24'11-1------000000101----0 ->    5'01001 22'0001000000000000001001
  transition:    5'10000 24'11--0-0---00000011-----0 ->    5'01000 22'0001000000000000001000
  transition:    5'10000 24'11--1-0---00000011-----0 ->    5'00111 22'0001000000000000000111
  transition:    5'10000 24'11----1---00000011-----0 ->    5'01000 22'0001000000000000001000
  transition:    5'10000 24'11--------0000001------1 ->    5'01001 22'0001000000000000001001
  transition:    5'10000 24'----------000100-------- ->    5'01101 22'0001000000000000001101
  transition:    5'10000 24'----0-0---000-01-------- ->    5'01100 22'0001000000000000001100
  transition:    5'10000 24'----1-0---000-01-------- ->    5'01011 22'0001000000000000001011
  transition:    5'10000 24'------1---000-01-------- ->    5'01101 22'0001000000000000001101
  transition:    5'10000 24'---0------000-1--------- ->    5'01010 22'0001000000000000001010
  transition:    5'10000 24'--01------000-1--------- ->    5'01011 22'0001000000000000001011
  transition:    5'10000 24'--11------0000100000000- ->    5'10000 22'0001000000000000010000
  transition:    5'10000 24'--11-0----0000100000001- ->    5'10000 22'0001000000000000010000
  transition:    5'10000 24'--11-1----0000100000001- ->    5'00010 22'0001000000000000000010
  transition:    5'10000 24'--11------000010000001-- ->    5'00011 22'0001000000000000000011
  transition:    5'10000 24'--11------00001000001--- ->    5'00100 22'0001000000000000000100
  transition:    5'10000 24'--11------00001000010000 ->    5'10000 22'0001000000000000010000
  transition:    5'10000 24'--11-0----00001000010010 ->    5'10000 22'0001000000000000010000
  transition:    5'10000 24'--11-1----00001000010010 ->    5'00010 22'0001000000000000000010
  transition:    5'10000 24'--11------000010000101-0 ->    5'00011 22'0001000000000000000011
  transition:    5'10000 24'--11------00001000011--0 ->    5'00100 22'0001000000000000000100
  transition:    5'10000 24'--11------0000100001---1 ->    5'00101 22'0001000000000000000101
  transition:    5'10000 24'--11------000010001----- ->    5'01001 22'0001000000000000001001
  transition:    5'10000 24'--110-0---00001001------ ->    5'01000 22'0001000000000000001000
  transition:    5'10000 24'--111-0---00001001------ ->    5'00111 22'0001000000000000000111
  transition:    5'10000 24'--11--1---00001001------ ->    5'01000 22'0001000000000000001000
  transition:    5'10000 24'0-11------0000101------- ->    5'00110 22'0001000000000000000110
  transition:    5'10000 24'1011------0000101------- ->    5'00111 22'0001000000000000000111
  transition:    5'10000 24'1111------00001010000000 ->    5'10000 22'0001000000000000010000
  transition:    5'10000 24'1111-0----00001010000010 ->    5'10000 22'0001000000000000010000
  transition:    5'10000 24'1111-1----00001010000010 ->    5'00010 22'0001000000000000000010
  transition:    5'10000 24'1111------000010100001-0 ->    5'00011 22'0001000000000000000011
  transition:    5'10000 24'1111------00001010001--0 ->    5'00100 22'0001000000000000000100
  transition:    5'10000 24'1111------00001010010000 ->    5'10000 22'0001000000000000010000
  transition:    5'10000 24'1111-0----00001010010010 ->    5'10000 22'0001000000000000010000
  transition:    5'10000 24'1111-1----00001010010010 ->    5'00010 22'0001000000000000000010
  transition:    5'10000 24'1111------000010100101-0 ->    5'00011 22'0001000000000000000011
  transition:    5'10000 24'1111------00001010011--0 ->    5'00100 22'0001000000000000000100
  transition:    5'10000 24'1111------000010101----0 ->    5'01001 22'0001000000000000001001
  transition:    5'10000 24'11110-0---00001011-----0 ->    5'01000 22'0001000000000000001000
  transition:    5'10000 24'11111-0---00001011-----0 ->    5'00111 22'0001000000000000000111
  transition:    5'10000 24'1111--1---00001011-----0 ->    5'01000 22'0001000000000000001000
  transition:    5'10000 24'1111------0000101------1 ->    5'01001 22'0001000000000000001001
  transition:    5'10000 24'--11------000110-------- ->    5'01101 22'0001000000000000001101
  transition:    5'10000 24'--110-0---000-11-------- ->    5'01100 22'0001000000000000001100
  transition:    5'10000 24'--111-0---000-11-------- ->    5'01011 22'0001000000000000001011
  transition:    5'10000 24'--11--1---000-11-------- ->    5'01101 22'0001000000000000001101
  transition:    5'10000 24'----------001----------- ->    5'01111 22'0001000000000000001111
  transition:    5'10000 24'----------01------------ ->    5'00001 22'0001000000000000000001
  transition:    5'10000 24'----------1------------- ->    5'00001 22'0001000000000000000001
  transition:    5'01000 24'----------0000000000000- ->    5'01000 22'0000000000000001001000
  transition:    5'01000 24'-----0----0000000000001- ->    5'01000 22'0000000000000001001000
  transition:    5'01000 24'-----1----0000000000001- ->    5'00010 22'0000000000000001000010
  transition:    5'01000 24'----------000000000001-- ->    5'00011 22'0000000000000001000011
  transition:    5'01000 24'----------00000000001--- ->    5'00100 22'0000000000000001000100
  transition:    5'01000 24'----------00000000010000 ->    5'01000 22'0000000000000001001000
  transition:    5'01000 24'-----0----00000000010010 ->    5'01000 22'0000000000000001001000
  transition:    5'01000 24'-----1----00000000010010 ->    5'00010 22'0000000000000001000010
  transition:    5'01000 24'----------000000000101-0 ->    5'00011 22'0000000000000001000011
  transition:    5'01000 24'----------00000000011--0 ->    5'00100 22'0000000000000001000100
  transition:    5'01000 24'----------0000000001---1 ->    5'00101 22'0000000000000001000101
  transition:    5'01000 24'---0---00-0000000010000- ->    5'01000 22'0000000000000001001000
  transition:    5'01000 24'---0-0-00-0000000010001- ->    5'01000 22'0000000000000001001000
  transition:    5'01000 24'---0-1-00-0000000010001- ->    5'00010 22'0000000000000001000010
  transition:    5'01000 24'---0---00-000000001001-- ->    5'00011 22'0000000000000001000011
  transition:    5'01000 24'---0---00-00000000101--- ->    5'00100 22'0000000000000001000100
  transition:    5'01000 24'---0---00-00000000110000 ->    5'01000 22'0000000000000001001000
  transition:    5'01000 24'---0-0-00-00000000110010 ->    5'01000 22'0000000000000001001000
  transition:    5'01000 24'---0-1-00-00000000110010 ->    5'00010 22'0000000000000001000010
  transition:    5'01000 24'---0---00-000000001101-0 ->    5'00011 22'0000000000000001000011
  transition:    5'01000 24'---0---00-00000000111--0 ->    5'00100 22'0000000000000001000100
  transition:    5'01000 24'---0---00-0000000011---1 ->    5'00101 22'0000000000000001000101
  transition:    5'01000 24'---0---10-000000001----- ->    5'01001 22'0000000000000001001001
  transition:    5'01000 24'---0----1-000000001----- ->    5'00110 22'0000000000000001000110
  transition:    5'01000 24'---1------000000001----- ->    5'01001 22'0000000000000001001001
  transition:    5'01000 24'----0-0---00000001------ ->    5'01000 22'0000000000000001001000
  transition:    5'01000 24'----1-0---00000001------ ->    5'00111 22'0000000000000001000111
  transition:    5'01000 24'------1---00000001------ ->    5'01000 22'0000000000000001001000
  transition:    5'01000 24'0---------0000001------- ->    5'00110 22'0000000000000001000110
  transition:    5'01000 24'10--------0000001------- ->    5'00111 22'0000000000000001000111
  transition:    5'01000 24'11--------00000010000000 ->    5'01000 22'0000000000000001001000
  transition:    5'01000 24'11---0----00000010000010 ->    5'01000 22'0000000000000001001000
  transition:    5'01000 24'11---1----00000010000010 ->    5'00010 22'0000000000000001000010
  transition:    5'01000 24'11--------000000100001-0 ->    5'00011 22'0000000000000001000011
  transition:    5'01000 24'11--------00000010001--0 ->    5'00100 22'0000000000000001000100
  transition:    5'01000 24'11--------00000010010000 ->    5'01000 22'0000000000000001001000
  transition:    5'01000 24'11---0----00000010010010 ->    5'01000 22'0000000000000001001000
  transition:    5'01000 24'11---1----00000010010010 ->    5'00010 22'0000000000000001000010
  transition:    5'01000 24'11--------000000100101-0 ->    5'00011 22'0000000000000001000011
  transition:    5'01000 24'11--------00000010011--0 ->    5'00100 22'0000000000000001000100
  transition:    5'01000 24'11-0---00-00000010100000 ->    5'01000 22'0000000000000001001000
  transition:    5'01000 24'11-0-0-00-00000010100010 ->    5'01000 22'0000000000000001001000
  transition:    5'01000 24'11-0-1-00-00000010100010 ->    5'00010 22'0000000000000001000010
  transition:    5'01000 24'11-0---00-000000101001-0 ->    5'00011 22'0000000000000001000011
  transition:    5'01000 24'11-0---00-00000010101--0 ->    5'00100 22'0000000000000001000100
  transition:    5'01000 24'11-0---00-00000010110000 ->    5'01000 22'0000000000000001001000
  transition:    5'01000 24'11-0-0-00-00000010110010 ->    5'01000 22'0000000000000001001000
  transition:    5'01000 24'11-0-1-00-00000010110010 ->    5'00010 22'0000000000000001000010
  transition:    5'01000 24'11-0---00-000000101101-0 ->    5'00011 22'0000000000000001000011
  transition:    5'01000 24'11-0---00-00000010111--0 ->    5'00100 22'0000000000000001000100
  transition:    5'01000 24'11-0---10-000000101----0 ->    5'01001 22'0000000000000001001001
  transition:    5'01000 24'11-0----1-000000101----0 ->    5'00110 22'0000000000000001000110
  transition:    5'01000 24'11-1------000000101----0 ->    5'01001 22'0000000000000001001001
  transition:    5'01000 24'11--0-0---00000011-----0 ->    5'01000 22'0000000000000001001000
  transition:    5'01000 24'11--1-0---00000011-----0 ->    5'00111 22'0000000000000001000111
  transition:    5'01000 24'11----1---00000011-----0 ->    5'01000 22'0000000000000001001000
  transition:    5'01000 24'11--------0000001------1 ->    5'01001 22'0000000000000001001001
  transition:    5'01000 24'----------000100-------- ->    5'01101 22'0000000000000001001101
  transition:    5'01000 24'----0-0---000-01-------- ->    5'01100 22'0000000000000001001100
  transition:    5'01000 24'----1-0---000-01-------- ->    5'01011 22'0000000000000001001011
  transition:    5'01000 24'------1---000-01-------- ->    5'01101 22'0000000000000001001101
  transition:    5'01000 24'---0------000-1--------- ->    5'01010 22'0000000000000001001010
  transition:    5'01000 24'--01------000-1--------- ->    5'01011 22'0000000000000001001011
  transition:    5'01000 24'--11------0000100000000- ->    5'01000 22'0000000000000001001000
  transition:    5'01000 24'--11-0----0000100000001- ->    5'01000 22'0000000000000001001000
  transition:    5'01000 24'--11-1----0000100000001- ->    5'00010 22'0000000000000001000010
  transition:    5'01000 24'--11------000010000001-- ->    5'00011 22'0000000000000001000011
  transition:    5'01000 24'--11------00001000001--- ->    5'00100 22'0000000000000001000100
  transition:    5'01000 24'--11------00001000010000 ->    5'01000 22'0000000000000001001000
  transition:    5'01000 24'--11-0----00001000010010 ->    5'01000 22'0000000000000001001000
  transition:    5'01000 24'--11-1----00001000010010 ->    5'00010 22'0000000000000001000010
  transition:    5'01000 24'--11------000010000101-0 ->    5'00011 22'0000000000000001000011
  transition:    5'01000 24'--11------00001000011--0 ->    5'00100 22'0000000000000001000100
  transition:    5'01000 24'--11------0000100001---1 ->    5'00101 22'0000000000000001000101
  transition:    5'01000 24'--11------000010001----- ->    5'01001 22'0000000000000001001001
  transition:    5'01000 24'--110-0---00001001------ ->    5'01000 22'0000000000000001001000
  transition:    5'01000 24'--111-0---00001001------ ->    5'00111 22'0000000000000001000111
  transition:    5'01000 24'--11--1---00001001------ ->    5'01000 22'0000000000000001001000
  transition:    5'01000 24'0-11------0000101------- ->    5'00110 22'0000000000000001000110
  transition:    5'01000 24'1011------0000101------- ->    5'00111 22'0000000000000001000111
  transition:    5'01000 24'1111------00001010000000 ->    5'01000 22'0000000000000001001000
  transition:    5'01000 24'1111-0----00001010000010 ->    5'01000 22'0000000000000001001000
  transition:    5'01000 24'1111-1----00001010000010 ->    5'00010 22'0000000000000001000010
  transition:    5'01000 24'1111------000010100001-0 ->    5'00011 22'0000000000000001000011
  transition:    5'01000 24'1111------00001010001--0 ->    5'00100 22'0000000000000001000100
  transition:    5'01000 24'1111------00001010010000 ->    5'01000 22'0000000000000001001000
  transition:    5'01000 24'1111-0----00001010010010 ->    5'01000 22'0000000000000001001000
  transition:    5'01000 24'1111-1----00001010010010 ->    5'00010 22'0000000000000001000010
  transition:    5'01000 24'1111------000010100101-0 ->    5'00011 22'0000000000000001000011
  transition:    5'01000 24'1111------00001010011--0 ->    5'00100 22'0000000000000001000100
  transition:    5'01000 24'1111------000010101----0 ->    5'01001 22'0000000000000001001001
  transition:    5'01000 24'11110-0---00001011-----0 ->    5'01000 22'0000000000000001001000
  transition:    5'01000 24'11111-0---00001011-----0 ->    5'00111 22'0000000000000001000111
  transition:    5'01000 24'1111--1---00001011-----0 ->    5'01000 22'0000000000000001001000
  transition:    5'01000 24'1111------0000101------1 ->    5'01001 22'0000000000000001001001
  transition:    5'01000 24'--11------000110-------- ->    5'01101 22'0000000000000001001101
  transition:    5'01000 24'--110-0---000-11-------- ->    5'01100 22'0000000000000001001100
  transition:    5'01000 24'--111-0---000-11-------- ->    5'01011 22'0000000000000001001011
  transition:    5'01000 24'--11--1---000-11-------- ->    5'01101 22'0000000000000001001101
  transition:    5'01000 24'----------001----------- ->    5'01111 22'0000000000000001001111
  transition:    5'01000 24'----------01------------ ->    5'00001 22'0000000000000001000001
  transition:    5'01000 24'----------1------------- ->    5'00001 22'0000000000000001000001
  transition:    5'00100 24'----------0000000000000- ->    5'00100 22'0000000000000000100100
  transition:    5'00100 24'-----0----0000000000001- ->    5'00100 22'0000000000000000100100
  transition:    5'00100 24'-----1----0000000000001- ->    5'00010 22'0000000000000000100010
  transition:    5'00100 24'----------000000000001-- ->    5'00011 22'0000000000000000100011
  transition:    5'00100 24'----------00000000001--- ->    5'00100 22'0000000000000000100100
  transition:    5'00100 24'----------00000000010000 ->    5'00100 22'0000000000000000100100
  transition:    5'00100 24'-----0----00000000010010 ->    5'00100 22'0000000000000000100100
  transition:    5'00100 24'-----1----00000000010010 ->    5'00010 22'0000000000000000100010
  transition:    5'00100 24'----------000000000101-0 ->    5'00011 22'0000000000000000100011
  transition:    5'00100 24'----------00000000011--0 ->    5'00100 22'0000000000000000100100
  transition:    5'00100 24'----------0000000001---1 ->    5'00101 22'0000000000000000100101
  transition:    5'00100 24'---0---00-0000000010000- ->    5'00100 22'0000000000000000100100
  transition:    5'00100 24'---0-0-00-0000000010001- ->    5'00100 22'0000000000000000100100
  transition:    5'00100 24'---0-1-00-0000000010001- ->    5'00010 22'0000000000000000100010
  transition:    5'00100 24'---0---00-000000001001-- ->    5'00011 22'0000000000000000100011
  transition:    5'00100 24'---0---00-00000000101--- ->    5'00100 22'0000000000000000100100
  transition:    5'00100 24'---0---00-00000000110000 ->    5'00100 22'0000000000000000100100
  transition:    5'00100 24'---0-0-00-00000000110010 ->    5'00100 22'0000000000000000100100
  transition:    5'00100 24'---0-1-00-00000000110010 ->    5'00010 22'0000000000000000100010
  transition:    5'00100 24'---0---00-000000001101-0 ->    5'00011 22'0000000000000000100011
  transition:    5'00100 24'---0---00-00000000111--0 ->    5'00100 22'0000000000000000100100
  transition:    5'00100 24'---0---00-0000000011---1 ->    5'00101 22'0000000000000000100101
  transition:    5'00100 24'---0---10-000000001----- ->    5'01001 22'0000000000000000101001
  transition:    5'00100 24'---0----1-000000001----- ->    5'00110 22'0000000000000000100110
  transition:    5'00100 24'---1------000000001----- ->    5'01001 22'0000000000000000101001
  transition:    5'00100 24'----0-0---00000001------ ->    5'01000 22'0000000000000000101000
  transition:    5'00100 24'----1-0---00000001------ ->    5'00111 22'0000000000000000100111
  transition:    5'00100 24'------1---00000001------ ->    5'01000 22'0000000000000000101000
  transition:    5'00100 24'0---------0000001------- ->    5'00110 22'0000000000000000100110
  transition:    5'00100 24'10--------0000001------- ->    5'00111 22'0000000000000000100111
  transition:    5'00100 24'11--------00000010000000 ->    5'00100 22'0000000000000000100100
  transition:    5'00100 24'11---0----00000010000010 ->    5'00100 22'0000000000000000100100
  transition:    5'00100 24'11---1----00000010000010 ->    5'00010 22'0000000000000000100010
  transition:    5'00100 24'11--------000000100001-0 ->    5'00011 22'0000000000000000100011
  transition:    5'00100 24'11--------00000010001--0 ->    5'00100 22'0000000000000000100100
  transition:    5'00100 24'11--------00000010010000 ->    5'00100 22'0000000000000000100100
  transition:    5'00100 24'11---0----00000010010010 ->    5'00100 22'0000000000000000100100
  transition:    5'00100 24'11---1----00000010010010 ->    5'00010 22'0000000000000000100010
  transition:    5'00100 24'11--------000000100101-0 ->    5'00011 22'0000000000000000100011
  transition:    5'00100 24'11--------00000010011--0 ->    5'00100 22'0000000000000000100100
  transition:    5'00100 24'11-0---00-00000010100000 ->    5'00100 22'0000000000000000100100
  transition:    5'00100 24'11-0-0-00-00000010100010 ->    5'00100 22'0000000000000000100100
  transition:    5'00100 24'11-0-1-00-00000010100010 ->    5'00010 22'0000000000000000100010
  transition:    5'00100 24'11-0---00-000000101001-0 ->    5'00011 22'0000000000000000100011
  transition:    5'00100 24'11-0---00-00000010101--0 ->    5'00100 22'0000000000000000100100
  transition:    5'00100 24'11-0---00-00000010110000 ->    5'00100 22'0000000000000000100100
  transition:    5'00100 24'11-0-0-00-00000010110010 ->    5'00100 22'0000000000000000100100
  transition:    5'00100 24'11-0-1-00-00000010110010 ->    5'00010 22'0000000000000000100010
  transition:    5'00100 24'11-0---00-000000101101-0 ->    5'00011 22'0000000000000000100011
  transition:    5'00100 24'11-0---00-00000010111--0 ->    5'00100 22'0000000000000000100100
  transition:    5'00100 24'11-0---10-000000101----0 ->    5'01001 22'0000000000000000101001
  transition:    5'00100 24'11-0----1-000000101----0 ->    5'00110 22'0000000000000000100110
  transition:    5'00100 24'11-1------000000101----0 ->    5'01001 22'0000000000000000101001
  transition:    5'00100 24'11--0-0---00000011-----0 ->    5'01000 22'0000000000000000101000
  transition:    5'00100 24'11--1-0---00000011-----0 ->    5'00111 22'0000000000000000100111
  transition:    5'00100 24'11----1---00000011-----0 ->    5'01000 22'0000000000000000101000
  transition:    5'00100 24'11--------0000001------1 ->    5'01001 22'0000000000000000101001
  transition:    5'00100 24'----------000100-------- ->    5'01101 22'0000000000000000101101
  transition:    5'00100 24'----0-0---000-01-------- ->    5'01100 22'0000000000000000101100
  transition:    5'00100 24'----1-0---000-01-------- ->    5'01011 22'0000000000000000101011
  transition:    5'00100 24'------1---000-01-------- ->    5'01101 22'0000000000000000101101
  transition:    5'00100 24'---0------000-1--------- ->    5'01010 22'0000000000000000101010
  transition:    5'00100 24'--01------000-1--------- ->    5'01011 22'0000000000000000101011
  transition:    5'00100 24'--11------0000100000000- ->    5'00100 22'0000000000000000100100
  transition:    5'00100 24'--11-0----0000100000001- ->    5'00100 22'0000000000000000100100
  transition:    5'00100 24'--11-1----0000100000001- ->    5'00010 22'0000000000000000100010
  transition:    5'00100 24'--11------000010000001-- ->    5'00011 22'0000000000000000100011
  transition:    5'00100 24'--11------00001000001--- ->    5'00100 22'0000000000000000100100
  transition:    5'00100 24'--11------00001000010000 ->    5'00100 22'0000000000000000100100
  transition:    5'00100 24'--11-0----00001000010010 ->    5'00100 22'0000000000000000100100
  transition:    5'00100 24'--11-1----00001000010010 ->    5'00010 22'0000000000000000100010
  transition:    5'00100 24'--11------000010000101-0 ->    5'00011 22'0000000000000000100011
  transition:    5'00100 24'--11------00001000011--0 ->    5'00100 22'0000000000000000100100
  transition:    5'00100 24'--11------0000100001---1 ->    5'00101 22'0000000000000000100101
  transition:    5'00100 24'--11------000010001----- ->    5'01001 22'0000000000000000101001
  transition:    5'00100 24'--110-0---00001001------ ->    5'01000 22'0000000000000000101000
  transition:    5'00100 24'--111-0---00001001------ ->    5'00111 22'0000000000000000100111
  transition:    5'00100 24'--11--1---00001001------ ->    5'01000 22'0000000000000000101000
  transition:    5'00100 24'0-11------0000101------- ->    5'00110 22'0000000000000000100110
  transition:    5'00100 24'1011------0000101------- ->    5'00111 22'0000000000000000100111
  transition:    5'00100 24'1111------00001010000000 ->    5'00100 22'0000000000000000100100
  transition:    5'00100 24'1111-0----00001010000010 ->    5'00100 22'0000000000000000100100
  transition:    5'00100 24'1111-1----00001010000010 ->    5'00010 22'0000000000000000100010
  transition:    5'00100 24'1111------000010100001-0 ->    5'00011 22'0000000000000000100011
  transition:    5'00100 24'1111------00001010001--0 ->    5'00100 22'0000000000000000100100
  transition:    5'00100 24'1111------00001010010000 ->    5'00100 22'0000000000000000100100
  transition:    5'00100 24'1111-0----00001010010010 ->    5'00100 22'0000000000000000100100
  transition:    5'00100 24'1111-1----00001010010010 ->    5'00010 22'0000000000000000100010
  transition:    5'00100 24'1111------000010100101-0 ->    5'00011 22'0000000000000000100011
  transition:    5'00100 24'1111------00001010011--0 ->    5'00100 22'0000000000000000100100
  transition:    5'00100 24'1111------000010101----0 ->    5'01001 22'0000000000000000101001
  transition:    5'00100 24'11110-0---00001011-----0 ->    5'01000 22'0000000000000000101000
  transition:    5'00100 24'11111-0---00001011-----0 ->    5'00111 22'0000000000000000100111
  transition:    5'00100 24'1111--1---00001011-----0 ->    5'01000 22'0000000000000000101000
  transition:    5'00100 24'1111------0000101------1 ->    5'01001 22'0000000000000000101001
  transition:    5'00100 24'--11------000110-------- ->    5'01101 22'0000000000000000101101
  transition:    5'00100 24'--110-0---000-11-------- ->    5'01100 22'0000000000000000101100
  transition:    5'00100 24'--111-0---000-11-------- ->    5'01011 22'0000000000000000101011
  transition:    5'00100 24'--11--1---000-11-------- ->    5'01101 22'0000000000000000101101
  transition:    5'00100 24'----------001----------- ->    5'01111 22'0000000000000000101111
  transition:    5'00100 24'----------01------------ ->    5'00001 22'0000000000000000100001
  transition:    5'00100 24'----------1------------- ->    5'00001 22'0000000000000000100001
  transition:    5'01100 24'----------0000000000000- ->    5'01100 22'0000000000000100001100
  transition:    5'01100 24'-----0----0000000000001- ->    5'01100 22'0000000000000100001100
  transition:    5'01100 24'-----1----0000000000001- ->    5'00010 22'0000000000000100000010
  transition:    5'01100 24'----------000000000001-- ->    5'00011 22'0000000000000100000011
  transition:    5'01100 24'----------00000000001--- ->    5'00100 22'0000000000000100000100
  transition:    5'01100 24'----------00000000010000 ->    5'01100 22'0000000000000100001100
  transition:    5'01100 24'-----0----00000000010010 ->    5'01100 22'0000000000000100001100
  transition:    5'01100 24'-----1----00000000010010 ->    5'00010 22'0000000000000100000010
  transition:    5'01100 24'----------000000000101-0 ->    5'00011 22'0000000000000100000011
  transition:    5'01100 24'----------00000000011--0 ->    5'00100 22'0000000000000100000100
  transition:    5'01100 24'----------0000000001---1 ->    5'00101 22'0000000000000100000101
  transition:    5'01100 24'---0---00-0000000010000- ->    5'01100 22'0000000000000100001100
  transition:    5'01100 24'---0-0-00-0000000010001- ->    5'01100 22'0000000000000100001100
  transition:    5'01100 24'---0-1-00-0000000010001- ->    5'00010 22'0000000000000100000010
  transition:    5'01100 24'---0---00-000000001001-- ->    5'00011 22'0000000000000100000011
  transition:    5'01100 24'---0---00-00000000101--- ->    5'00100 22'0000000000000100000100
  transition:    5'01100 24'---0---00-00000000110000 ->    5'01100 22'0000000000000100001100
  transition:    5'01100 24'---0-0-00-00000000110010 ->    5'01100 22'0000000000000100001100
  transition:    5'01100 24'---0-1-00-00000000110010 ->    5'00010 22'0000000000000100000010
  transition:    5'01100 24'---0---00-000000001101-0 ->    5'00011 22'0000000000000100000011
  transition:    5'01100 24'---0---00-00000000111--0 ->    5'00100 22'0000000000000100000100
  transition:    5'01100 24'---0---00-0000000011---1 ->    5'00101 22'0000000000000100000101
  transition:    5'01100 24'---0---10-000000001----- ->    5'01001 22'0000000000000100001001
  transition:    5'01100 24'---0----1-000000001----- ->    5'00110 22'0000000000000100000110
  transition:    5'01100 24'---1------000000001----- ->    5'01001 22'0000000000000100001001
  transition:    5'01100 24'----0-0---00000001------ ->    5'01000 22'0000000000000100001000
  transition:    5'01100 24'----1-0---00000001------ ->    5'00111 22'0000000000000100000111
  transition:    5'01100 24'------1---00000001------ ->    5'01000 22'0000000000000100001000
  transition:    5'01100 24'0---------0000001------- ->    5'00110 22'0000000000000100000110
  transition:    5'01100 24'10--------0000001------- ->    5'00111 22'0000000000000100000111
  transition:    5'01100 24'11--------00000010000000 ->    5'01100 22'0000000000000100001100
  transition:    5'01100 24'11---0----00000010000010 ->    5'01100 22'0000000000000100001100
  transition:    5'01100 24'11---1----00000010000010 ->    5'00010 22'0000000000000100000010
  transition:    5'01100 24'11--------000000100001-0 ->    5'00011 22'0000000000000100000011
  transition:    5'01100 24'11--------00000010001--0 ->    5'00100 22'0000000000000100000100
  transition:    5'01100 24'11--------00000010010000 ->    5'01100 22'0000000000000100001100
  transition:    5'01100 24'11---0----00000010010010 ->    5'01100 22'0000000000000100001100
  transition:    5'01100 24'11---1----00000010010010 ->    5'00010 22'0000000000000100000010
  transition:    5'01100 24'11--------000000100101-0 ->    5'00011 22'0000000000000100000011
  transition:    5'01100 24'11--------00000010011--0 ->    5'00100 22'0000000000000100000100
  transition:    5'01100 24'11-0---00-00000010100000 ->    5'01100 22'0000000000000100001100
  transition:    5'01100 24'11-0-0-00-00000010100010 ->    5'01100 22'0000000000000100001100
  transition:    5'01100 24'11-0-1-00-00000010100010 ->    5'00010 22'0000000000000100000010
  transition:    5'01100 24'11-0---00-000000101001-0 ->    5'00011 22'0000000000000100000011
  transition:    5'01100 24'11-0---00-00000010101--0 ->    5'00100 22'0000000000000100000100
  transition:    5'01100 24'11-0---00-00000010110000 ->    5'01100 22'0000000000000100001100
  transition:    5'01100 24'11-0-0-00-00000010110010 ->    5'01100 22'0000000000000100001100
  transition:    5'01100 24'11-0-1-00-00000010110010 ->    5'00010 22'0000000000000100000010
  transition:    5'01100 24'11-0---00-000000101101-0 ->    5'00011 22'0000000000000100000011
  transition:    5'01100 24'11-0---00-00000010111--0 ->    5'00100 22'0000000000000100000100
  transition:    5'01100 24'11-0---10-000000101----0 ->    5'01001 22'0000000000000100001001
  transition:    5'01100 24'11-0----1-000000101----0 ->    5'00110 22'0000000000000100000110
  transition:    5'01100 24'11-1------000000101----0 ->    5'01001 22'0000000000000100001001
  transition:    5'01100 24'11--0-0---00000011-----0 ->    5'01000 22'0000000000000100001000
  transition:    5'01100 24'11--1-0---00000011-----0 ->    5'00111 22'0000000000000100000111
  transition:    5'01100 24'11----1---00000011-----0 ->    5'01000 22'0000000000000100001000
  transition:    5'01100 24'11--------0000001------1 ->    5'01001 22'0000000000000100001001
  transition:    5'01100 24'----------000100-------- ->    5'01101 22'0000000000000100001101
  transition:    5'01100 24'----0-0---000-01-------- ->    5'01100 22'0000000000000100001100
  transition:    5'01100 24'----1-0---000-01-------- ->    5'01011 22'0000000000000100001011
  transition:    5'01100 24'------1---000-01-------- ->    5'01101 22'0000000000000100001101
  transition:    5'01100 24'---0------000-1--------- ->    5'01010 22'0000000000000100001010
  transition:    5'01100 24'--01------000-1--------- ->    5'01011 22'0000000000000100001011
  transition:    5'01100 24'--11------0000100000000- ->    5'01100 22'0000000000000100001100
  transition:    5'01100 24'--11-0----0000100000001- ->    5'01100 22'0000000000000100001100
  transition:    5'01100 24'--11-1----0000100000001- ->    5'00010 22'0000000000000100000010
  transition:    5'01100 24'--11------000010000001-- ->    5'00011 22'0000000000000100000011
  transition:    5'01100 24'--11------00001000001--- ->    5'00100 22'0000000000000100000100
  transition:    5'01100 24'--11------00001000010000 ->    5'01100 22'0000000000000100001100
  transition:    5'01100 24'--11-0----00001000010010 ->    5'01100 22'0000000000000100001100
  transition:    5'01100 24'--11-1----00001000010010 ->    5'00010 22'0000000000000100000010
  transition:    5'01100 24'--11------000010000101-0 ->    5'00011 22'0000000000000100000011
  transition:    5'01100 24'--11------00001000011--0 ->    5'00100 22'0000000000000100000100
  transition:    5'01100 24'--11------0000100001---1 ->    5'00101 22'0000000000000100000101
  transition:    5'01100 24'--11------000010001----- ->    5'01001 22'0000000000000100001001
  transition:    5'01100 24'--110-0---00001001------ ->    5'01000 22'0000000000000100001000
  transition:    5'01100 24'--111-0---00001001------ ->    5'00111 22'0000000000000100000111
  transition:    5'01100 24'--11--1---00001001------ ->    5'01000 22'0000000000000100001000
  transition:    5'01100 24'0-11------0000101------- ->    5'00110 22'0000000000000100000110
  transition:    5'01100 24'1011------0000101------- ->    5'00111 22'0000000000000100000111
  transition:    5'01100 24'1111------00001010000000 ->    5'01100 22'0000000000000100001100
  transition:    5'01100 24'1111-0----00001010000010 ->    5'01100 22'0000000000000100001100
  transition:    5'01100 24'1111-1----00001010000010 ->    5'00010 22'0000000000000100000010
  transition:    5'01100 24'1111------000010100001-0 ->    5'00011 22'0000000000000100000011
  transition:    5'01100 24'1111------00001010001--0 ->    5'00100 22'0000000000000100000100
  transition:    5'01100 24'1111------00001010010000 ->    5'01100 22'0000000000000100001100
  transition:    5'01100 24'1111-0----00001010010010 ->    5'01100 22'0000000000000100001100
  transition:    5'01100 24'1111-1----00001010010010 ->    5'00010 22'0000000000000100000010
  transition:    5'01100 24'1111------000010100101-0 ->    5'00011 22'0000000000000100000011
  transition:    5'01100 24'1111------00001010011--0 ->    5'00100 22'0000000000000100000100
  transition:    5'01100 24'1111------000010101----0 ->    5'01001 22'0000000000000100001001
  transition:    5'01100 24'11110-0---00001011-----0 ->    5'01000 22'0000000000000100001000
  transition:    5'01100 24'11111-0---00001011-----0 ->    5'00111 22'0000000000000100000111
  transition:    5'01100 24'1111--1---00001011-----0 ->    5'01000 22'0000000000000100001000
  transition:    5'01100 24'1111------0000101------1 ->    5'01001 22'0000000000000100001001
  transition:    5'01100 24'--11------000110-------- ->    5'01101 22'0000000000000100001101
  transition:    5'01100 24'--110-0---000-11-------- ->    5'01100 22'0000000000000100001100
  transition:    5'01100 24'--111-0---000-11-------- ->    5'01011 22'0000000000000100001011
  transition:    5'01100 24'--11--1---000-11-------- ->    5'01101 22'0000000000000100001101
  transition:    5'01100 24'----------001----------- ->    5'01111 22'0000000000000100001111
  transition:    5'01100 24'----------01------------ ->    5'00001 22'0000000000000100000001
  transition:    5'01100 24'----------1------------- ->    5'00001 22'0000000000000100000001
  transition:    5'00010 24'----------0000000000000- ->    5'00010 22'0000000010000000000010
  transition:    5'00010 24'-----0----0000000000001- ->    5'00010 22'0000000010000000000010
  transition:    5'00010 24'-----1----0000000000001- ->    5'00010 22'0000000010000000000010
  transition:    5'00010 24'----------000000000001-- ->    5'00011 22'0000000010000000000011
  transition:    5'00010 24'----------00000000001--- ->    5'00100 22'0000000010000000000100
  transition:    5'00010 24'----------00000000010000 ->    5'00010 22'0000000010000000000010
  transition:    5'00010 24'-----0----00000000010010 ->    5'00010 22'0000000010000000000010
  transition:    5'00010 24'-----1----00000000010010 ->    5'00010 22'0000000010000000000010
  transition:    5'00010 24'----------000000000101-0 ->    5'00011 22'0000000010000000000011
  transition:    5'00010 24'----------00000000011--0 ->    5'00100 22'0000000010000000000100
  transition:    5'00010 24'----------0000000001---1 ->    5'00101 22'0000000010000000000101
  transition:    5'00010 24'---0---00-0000000010000- ->    5'00010 22'0000000010000000000010
  transition:    5'00010 24'---0-0-00-0000000010001- ->    5'00010 22'0000000010000000000010
  transition:    5'00010 24'---0-1-00-0000000010001- ->    5'00010 22'0000000010000000000010
  transition:    5'00010 24'---0---00-000000001001-- ->    5'00011 22'0000000010000000000011
  transition:    5'00010 24'---0---00-00000000101--- ->    5'00100 22'0000000010000000000100
  transition:    5'00010 24'---0---00-00000000110000 ->    5'00010 22'0000000010000000000010
  transition:    5'00010 24'---0-0-00-00000000110010 ->    5'00010 22'0000000010000000000010
  transition:    5'00010 24'---0-1-00-00000000110010 ->    5'00010 22'0000000010000000000010
  transition:    5'00010 24'---0---00-000000001101-0 ->    5'00011 22'0000000010000000000011
  transition:    5'00010 24'---0---00-00000000111--0 ->    5'00100 22'0000000010000000000100
  transition:    5'00010 24'---0---00-0000000011---1 ->    5'00101 22'0000000010000000000101
  transition:    5'00010 24'---0---10-000000001----- ->    5'01001 22'0000000010000000001001
  transition:    5'00010 24'---0----1-000000001----- ->    5'00110 22'0000000010000000000110
  transition:    5'00010 24'---1------000000001----- ->    5'01001 22'0000000010000000001001
  transition:    5'00010 24'----0-0---00000001------ ->    5'01000 22'0000000010000000001000
  transition:    5'00010 24'----1-0---00000001------ ->    5'00111 22'0000000010000000000111
  transition:    5'00010 24'------1---00000001------ ->    5'01000 22'0000000010000000001000
  transition:    5'00010 24'0---------0000001------- ->    5'00110 22'0000000010000000000110
  transition:    5'00010 24'10--------0000001------- ->    5'00111 22'0000000010000000000111
  transition:    5'00010 24'11--------00000010000000 ->    5'00010 22'0000000010000000000010
  transition:    5'00010 24'11---0----00000010000010 ->    5'00010 22'0000000010000000000010
  transition:    5'00010 24'11---1----00000010000010 ->    5'00010 22'0000000010000000000010
  transition:    5'00010 24'11--------000000100001-0 ->    5'00011 22'0000000010000000000011
  transition:    5'00010 24'11--------00000010001--0 ->    5'00100 22'0000000010000000000100
  transition:    5'00010 24'11--------00000010010000 ->    5'00010 22'0000000010000000000010
  transition:    5'00010 24'11---0----00000010010010 ->    5'00010 22'0000000010000000000010
  transition:    5'00010 24'11---1----00000010010010 ->    5'00010 22'0000000010000000000010
  transition:    5'00010 24'11--------000000100101-0 ->    5'00011 22'0000000010000000000011
  transition:    5'00010 24'11--------00000010011--0 ->    5'00100 22'0000000010000000000100
  transition:    5'00010 24'11-0---00-00000010100000 ->    5'00010 22'0000000010000000000010
  transition:    5'00010 24'11-0-0-00-00000010100010 ->    5'00010 22'0000000010000000000010
  transition:    5'00010 24'11-0-1-00-00000010100010 ->    5'00010 22'0000000010000000000010
  transition:    5'00010 24'11-0---00-000000101001-0 ->    5'00011 22'0000000010000000000011
  transition:    5'00010 24'11-0---00-00000010101--0 ->    5'00100 22'0000000010000000000100
  transition:    5'00010 24'11-0---00-00000010110000 ->    5'00010 22'0000000010000000000010
  transition:    5'00010 24'11-0-0-00-00000010110010 ->    5'00010 22'0000000010000000000010
  transition:    5'00010 24'11-0-1-00-00000010110010 ->    5'00010 22'0000000010000000000010
  transition:    5'00010 24'11-0---00-000000101101-0 ->    5'00011 22'0000000010000000000011
  transition:    5'00010 24'11-0---00-00000010111--0 ->    5'00100 22'0000000010000000000100
  transition:    5'00010 24'11-0---10-000000101----0 ->    5'01001 22'0000000010000000001001
  transition:    5'00010 24'11-0----1-000000101----0 ->    5'00110 22'0000000010000000000110
  transition:    5'00010 24'11-1------000000101----0 ->    5'01001 22'0000000010000000001001
  transition:    5'00010 24'11--0-0---00000011-----0 ->    5'01000 22'0000000010000000001000
  transition:    5'00010 24'11--1-0---00000011-----0 ->    5'00111 22'0000000010000000000111
  transition:    5'00010 24'11----1---00000011-----0 ->    5'01000 22'0000000010000000001000
  transition:    5'00010 24'11--------0000001------1 ->    5'01001 22'0000000010000000001001
  transition:    5'00010 24'----------000100-------- ->    5'01101 22'0000000010000000001101
  transition:    5'00010 24'----0-0---000-01-------- ->    5'01100 22'0000000010000000001100
  transition:    5'00010 24'----1-0---000-01-------- ->    5'01011 22'0000000010000000001011
  transition:    5'00010 24'------1---000-01-------- ->    5'01101 22'0000000010000000001101
  transition:    5'00010 24'---0------000-1--------- ->    5'01010 22'0000000010000000001010
  transition:    5'00010 24'--01------000-1--------- ->    5'01011 22'0000000010000000001011
  transition:    5'00010 24'--11------0000100000000- ->    5'00010 22'0000000010000000000010
  transition:    5'00010 24'--11-0----0000100000001- ->    5'00010 22'0000000010000000000010
  transition:    5'00010 24'--11-1----0000100000001- ->    5'00010 22'0000000010000000000010
  transition:    5'00010 24'--11------000010000001-- ->    5'00011 22'0000000010000000000011
  transition:    5'00010 24'--11------00001000001--- ->    5'00100 22'0000000010000000000100
  transition:    5'00010 24'--11------00001000010000 ->    5'00010 22'0000000010000000000010
  transition:    5'00010 24'--11-0----00001000010010 ->    5'00010 22'0000000010000000000010
  transition:    5'00010 24'--11-1----00001000010010 ->    5'00010 22'0000000010000000000010
  transition:    5'00010 24'--11------000010000101-0 ->    5'00011 22'0000000010000000000011
  transition:    5'00010 24'--11------00001000011--0 ->    5'00100 22'0000000010000000000100
  transition:    5'00010 24'--11------0000100001---1 ->    5'00101 22'0000000010000000000101
  transition:    5'00010 24'--11------000010001----- ->    5'01001 22'0000000010000000001001
  transition:    5'00010 24'--110-0---00001001------ ->    5'01000 22'0000000010000000001000
  transition:    5'00010 24'--111-0---00001001------ ->    5'00111 22'0000000010000000000111
  transition:    5'00010 24'--11--1---00001001------ ->    5'01000 22'0000000010000000001000
  transition:    5'00010 24'0-11------0000101------- ->    5'00110 22'0000000010000000000110
  transition:    5'00010 24'1011------0000101------- ->    5'00111 22'0000000010000000000111
  transition:    5'00010 24'1111------00001010000000 ->    5'00010 22'0000000010000000000010
  transition:    5'00010 24'1111-0----00001010000010 ->    5'00010 22'0000000010000000000010
  transition:    5'00010 24'1111-1----00001010000010 ->    5'00010 22'0000000010000000000010
  transition:    5'00010 24'1111------000010100001-0 ->    5'00011 22'0000000010000000000011
  transition:    5'00010 24'1111------00001010001--0 ->    5'00100 22'0000000010000000000100
  transition:    5'00010 24'1111------00001010010000 ->    5'00010 22'0000000010000000000010
  transition:    5'00010 24'1111-0----00001010010010 ->    5'00010 22'0000000010000000000010
  transition:    5'00010 24'1111-1----00001010010010 ->    5'00010 22'0000000010000000000010
  transition:    5'00010 24'1111------000010100101-0 ->    5'00011 22'0000000010000000000011
  transition:    5'00010 24'1111------00001010011--0 ->    5'00100 22'0000000010000000000100
  transition:    5'00010 24'1111------000010101----0 ->    5'01001 22'0000000010000000001001
  transition:    5'00010 24'11110-0---00001011-----0 ->    5'01000 22'0000000010000000001000
  transition:    5'00010 24'11111-0---00001011-----0 ->    5'00111 22'0000000010000000000111
  transition:    5'00010 24'1111--1---00001011-----0 ->    5'01000 22'0000000010000000001000
  transition:    5'00010 24'1111------0000101------1 ->    5'01001 22'0000000010000000001001
  transition:    5'00010 24'--11------000110-------- ->    5'01101 22'0000000010000000001101
  transition:    5'00010 24'--110-0---000-11-------- ->    5'01100 22'0000000010000000001100
  transition:    5'00010 24'--111-0---000-11-------- ->    5'01011 22'0000000010000000001011
  transition:    5'00010 24'--11--1---000-11-------- ->    5'01101 22'0000000010000000001101
  transition:    5'00010 24'----------001----------- ->    5'01111 22'0000000010000000001111
  transition:    5'00010 24'----------01------------ ->    5'00001 22'0000000010000000000001
  transition:    5'00010 24'----------1------------- ->    5'00001 22'0000000010000000000001
  transition:    5'01010 24'----------0000000000000- ->    5'01010 22'0000100000000000001010
  transition:    5'01010 24'-----0----0000000000001- ->    5'01010 22'0000100000000000001010
  transition:    5'01010 24'-----1----0000000000001- ->    5'00010 22'0000100000000000000010
  transition:    5'01010 24'----------000000000001-- ->    5'00011 22'0000100000000000000011
  transition:    5'01010 24'----------00000000001--- ->    5'00100 22'0000100000000000000100
  transition:    5'01010 24'----------00000000010000 ->    5'01010 22'0000100000000000001010
  transition:    5'01010 24'-----0----00000000010010 ->    5'01010 22'0000100000000000001010
  transition:    5'01010 24'-----1----00000000010010 ->    5'00010 22'0000100000000000000010
  transition:    5'01010 24'----------000000000101-0 ->    5'00011 22'0000100000000000000011
  transition:    5'01010 24'----------00000000011--0 ->    5'00100 22'0000100000000000000100
  transition:    5'01010 24'----------0000000001---1 ->    5'00101 22'0000100000000000000101
  transition:    5'01010 24'---0---00-0000000010000- ->    5'01010 22'0000100000000000001010
  transition:    5'01010 24'---0-0-00-0000000010001- ->    5'01010 22'0000100000000000001010
  transition:    5'01010 24'---0-1-00-0000000010001- ->    5'00010 22'0000100000000000000010
  transition:    5'01010 24'---0---00-000000001001-- ->    5'00011 22'0000100000000000000011
  transition:    5'01010 24'---0---00-00000000101--- ->    5'00100 22'0000100000000000000100
  transition:    5'01010 24'---0---00-00000000110000 ->    5'01010 22'0000100000000000001010
  transition:    5'01010 24'---0-0-00-00000000110010 ->    5'01010 22'0000100000000000001010
  transition:    5'01010 24'---0-1-00-00000000110010 ->    5'00010 22'0000100000000000000010
  transition:    5'01010 24'---0---00-000000001101-0 ->    5'00011 22'0000100000000000000011
  transition:    5'01010 24'---0---00-00000000111--0 ->    5'00100 22'0000100000000000000100
  transition:    5'01010 24'---0---00-0000000011---1 ->    5'00101 22'0000100000000000000101
  transition:    5'01010 24'---0---10-000000001----- ->    5'01001 22'0000100000000000001001
  transition:    5'01010 24'---0----1-000000001----- ->    5'00110 22'0000100000000000000110
  transition:    5'01010 24'---1------000000001----- ->    5'01001 22'0000100000000000001001
  transition:    5'01010 24'----0-0---00000001------ ->    5'01000 22'0000100000000000001000
  transition:    5'01010 24'----1-0---00000001------ ->    5'00111 22'0000100000000000000111
  transition:    5'01010 24'------1---00000001------ ->    5'01000 22'0000100000000000001000
  transition:    5'01010 24'0---------0000001------- ->    5'00110 22'0000100000000000000110
  transition:    5'01010 24'10--------0000001------- ->    5'00111 22'0000100000000000000111
  transition:    5'01010 24'11--------00000010000000 ->    5'01010 22'0000100000000000001010
  transition:    5'01010 24'11---0----00000010000010 ->    5'01010 22'0000100000000000001010
  transition:    5'01010 24'11---1----00000010000010 ->    5'00010 22'0000100000000000000010
  transition:    5'01010 24'11--------000000100001-0 ->    5'00011 22'0000100000000000000011
  transition:    5'01010 24'11--------00000010001--0 ->    5'00100 22'0000100000000000000100
  transition:    5'01010 24'11--------00000010010000 ->    5'01010 22'0000100000000000001010
  transition:    5'01010 24'11---0----00000010010010 ->    5'01010 22'0000100000000000001010
  transition:    5'01010 24'11---1----00000010010010 ->    5'00010 22'0000100000000000000010
  transition:    5'01010 24'11--------000000100101-0 ->    5'00011 22'0000100000000000000011
  transition:    5'01010 24'11--------00000010011--0 ->    5'00100 22'0000100000000000000100
  transition:    5'01010 24'11-0---00-00000010100000 ->    5'01010 22'0000100000000000001010
  transition:    5'01010 24'11-0-0-00-00000010100010 ->    5'01010 22'0000100000000000001010
  transition:    5'01010 24'11-0-1-00-00000010100010 ->    5'00010 22'0000100000000000000010
  transition:    5'01010 24'11-0---00-000000101001-0 ->    5'00011 22'0000100000000000000011
  transition:    5'01010 24'11-0---00-00000010101--0 ->    5'00100 22'0000100000000000000100
  transition:    5'01010 24'11-0---00-00000010110000 ->    5'01010 22'0000100000000000001010
  transition:    5'01010 24'11-0-0-00-00000010110010 ->    5'01010 22'0000100000000000001010
  transition:    5'01010 24'11-0-1-00-00000010110010 ->    5'00010 22'0000100000000000000010
  transition:    5'01010 24'11-0---00-000000101101-0 ->    5'00011 22'0000100000000000000011
  transition:    5'01010 24'11-0---00-00000010111--0 ->    5'00100 22'0000100000000000000100
  transition:    5'01010 24'11-0---10-000000101----0 ->    5'01001 22'0000100000000000001001
  transition:    5'01010 24'11-0----1-000000101----0 ->    5'00110 22'0000100000000000000110
  transition:    5'01010 24'11-1------000000101----0 ->    5'01001 22'0000100000000000001001
  transition:    5'01010 24'11--0-0---00000011-----0 ->    5'01000 22'0000100000000000001000
  transition:    5'01010 24'11--1-0---00000011-----0 ->    5'00111 22'0000100000000000000111
  transition:    5'01010 24'11----1---00000011-----0 ->    5'01000 22'0000100000000000001000
  transition:    5'01010 24'11--------0000001------1 ->    5'01001 22'0000100000000000001001
  transition:    5'01010 24'----------000100-------- ->    5'01101 22'0000100000000000001101
  transition:    5'01010 24'----0-0---000-01-------- ->    5'01100 22'0000100000000000001100
  transition:    5'01010 24'----1-0---000-01-------- ->    5'01011 22'0000100000000000001011
  transition:    5'01010 24'------1---000-01-------- ->    5'01101 22'0000100000000000001101
  transition:    5'01010 24'---0------000-1--------- ->    5'01010 22'0000100000000000001010
  transition:    5'01010 24'--01------000-1--------- ->    5'01011 22'0000100000000000001011
  transition:    5'01010 24'--11------0000100000000- ->    5'01010 22'0000100000000000001010
  transition:    5'01010 24'--11-0----0000100000001- ->    5'01010 22'0000100000000000001010
  transition:    5'01010 24'--11-1----0000100000001- ->    5'00010 22'0000100000000000000010
  transition:    5'01010 24'--11------000010000001-- ->    5'00011 22'0000100000000000000011
  transition:    5'01010 24'--11------00001000001--- ->    5'00100 22'0000100000000000000100
  transition:    5'01010 24'--11------00001000010000 ->    5'01010 22'0000100000000000001010
  transition:    5'01010 24'--11-0----00001000010010 ->    5'01010 22'0000100000000000001010
  transition:    5'01010 24'--11-1----00001000010010 ->    5'00010 22'0000100000000000000010
  transition:    5'01010 24'--11------000010000101-0 ->    5'00011 22'0000100000000000000011
  transition:    5'01010 24'--11------00001000011--0 ->    5'00100 22'0000100000000000000100
  transition:    5'01010 24'--11------0000100001---1 ->    5'00101 22'0000100000000000000101
  transition:    5'01010 24'--11------000010001----- ->    5'01001 22'0000100000000000001001
  transition:    5'01010 24'--110-0---00001001------ ->    5'01000 22'0000100000000000001000
  transition:    5'01010 24'--111-0---00001001------ ->    5'00111 22'0000100000000000000111
  transition:    5'01010 24'--11--1---00001001------ ->    5'01000 22'0000100000000000001000
  transition:    5'01010 24'0-11------0000101------- ->    5'00110 22'0000100000000000000110
  transition:    5'01010 24'1011------0000101------- ->    5'00111 22'0000100000000000000111
  transition:    5'01010 24'1111------00001010000000 ->    5'01010 22'0000100000000000001010
  transition:    5'01010 24'1111-0----00001010000010 ->    5'01010 22'0000100000000000001010
  transition:    5'01010 24'1111-1----00001010000010 ->    5'00010 22'0000100000000000000010
  transition:    5'01010 24'1111------000010100001-0 ->    5'00011 22'0000100000000000000011
  transition:    5'01010 24'1111------00001010001--0 ->    5'00100 22'0000100000000000000100
  transition:    5'01010 24'1111------00001010010000 ->    5'01010 22'0000100000000000001010
  transition:    5'01010 24'1111-0----00001010010010 ->    5'01010 22'0000100000000000001010
  transition:    5'01010 24'1111-1----00001010010010 ->    5'00010 22'0000100000000000000010
  transition:    5'01010 24'1111------000010100101-0 ->    5'00011 22'0000100000000000000011
  transition:    5'01010 24'1111------00001010011--0 ->    5'00100 22'0000100000000000000100
  transition:    5'01010 24'1111------000010101----0 ->    5'01001 22'0000100000000000001001
  transition:    5'01010 24'11110-0---00001011-----0 ->    5'01000 22'0000100000000000001000
  transition:    5'01010 24'11111-0---00001011-----0 ->    5'00111 22'0000100000000000000111
  transition:    5'01010 24'1111--1---00001011-----0 ->    5'01000 22'0000100000000000001000
  transition:    5'01010 24'1111------0000101------1 ->    5'01001 22'0000100000000000001001
  transition:    5'01010 24'--11------000110-------- ->    5'01101 22'0000100000000000001101
  transition:    5'01010 24'--110-0---000-11-------- ->    5'01100 22'0000100000000000001100
  transition:    5'01010 24'--111-0---000-11-------- ->    5'01011 22'0000100000000000001011
  transition:    5'01010 24'--11--1---000-11-------- ->    5'01101 22'0000100000000000001101
  transition:    5'01010 24'----------001----------- ->    5'01111 22'0000100000000000001111
  transition:    5'01010 24'----------01------------ ->    5'00001 22'0000100000000000000001
  transition:    5'01010 24'----------1------------- ->    5'00001 22'0000100000000000000001
  transition:    5'00110 24'----------0000000000000- ->    5'00110 22'0000010000000000000110
  transition:    5'00110 24'-----0----0000000000001- ->    5'00110 22'0000010000000000000110
  transition:    5'00110 24'-----1----0000000000001- ->    5'00010 22'0000010000000000000010
  transition:    5'00110 24'----------000000000001-- ->    5'00011 22'0000010000000000000011
  transition:    5'00110 24'----------00000000001--- ->    5'00100 22'0000010000000000000100
  transition:    5'00110 24'----------00000000010000 ->    5'00110 22'0000010000000000000110
  transition:    5'00110 24'-----0----00000000010010 ->    5'00110 22'0000010000000000000110
  transition:    5'00110 24'-----1----00000000010010 ->    5'00010 22'0000010000000000000010
  transition:    5'00110 24'----------000000000101-0 ->    5'00011 22'0000010000000000000011
  transition:    5'00110 24'----------00000000011--0 ->    5'00100 22'0000010000000000000100
  transition:    5'00110 24'----------0000000001---1 ->    5'00101 22'0000010000000000000101
  transition:    5'00110 24'---0---00-0000000010000- ->    5'00110 22'0000010000000000000110
  transition:    5'00110 24'---0-0-00-0000000010001- ->    5'00110 22'0000010000000000000110
  transition:    5'00110 24'---0-1-00-0000000010001- ->    5'00010 22'0000010000000000000010
  transition:    5'00110 24'---0---00-000000001001-- ->    5'00011 22'0000010000000000000011
  transition:    5'00110 24'---0---00-00000000101--- ->    5'00100 22'0000010000000000000100
  transition:    5'00110 24'---0---00-00000000110000 ->    5'00110 22'0000010000000000000110
  transition:    5'00110 24'---0-0-00-00000000110010 ->    5'00110 22'0000010000000000000110
  transition:    5'00110 24'---0-1-00-00000000110010 ->    5'00010 22'0000010000000000000010
  transition:    5'00110 24'---0---00-000000001101-0 ->    5'00011 22'0000010000000000000011
  transition:    5'00110 24'---0---00-00000000111--0 ->    5'00100 22'0000010000000000000100
  transition:    5'00110 24'---0---00-0000000011---1 ->    5'00101 22'0000010000000000000101
  transition:    5'00110 24'---0---10-000000001----- ->    5'01001 22'0000010000000000001001
  transition:    5'00110 24'---0----1-000000001----- ->    5'00110 22'0000010000000000000110
  transition:    5'00110 24'---1------000000001----- ->    5'01001 22'0000010000000000001001
  transition:    5'00110 24'----0-0---00000001------ ->    5'01000 22'0000010000000000001000
  transition:    5'00110 24'----1-0---00000001------ ->    5'00111 22'0000010000000000000111
  transition:    5'00110 24'------1---00000001------ ->    5'01000 22'0000010000000000001000
  transition:    5'00110 24'0---------0000001------- ->    5'00110 22'0000010000000000000110
  transition:    5'00110 24'10--------0000001------- ->    5'00111 22'0000010000000000000111
  transition:    5'00110 24'11--------00000010000000 ->    5'00110 22'0000010000000000000110
  transition:    5'00110 24'11---0----00000010000010 ->    5'00110 22'0000010000000000000110
  transition:    5'00110 24'11---1----00000010000010 ->    5'00010 22'0000010000000000000010
  transition:    5'00110 24'11--------000000100001-0 ->    5'00011 22'0000010000000000000011
  transition:    5'00110 24'11--------00000010001--0 ->    5'00100 22'0000010000000000000100
  transition:    5'00110 24'11--------00000010010000 ->    5'00110 22'0000010000000000000110
  transition:    5'00110 24'11---0----00000010010010 ->    5'00110 22'0000010000000000000110
  transition:    5'00110 24'11---1----00000010010010 ->    5'00010 22'0000010000000000000010
  transition:    5'00110 24'11--------000000100101-0 ->    5'00011 22'0000010000000000000011
  transition:    5'00110 24'11--------00000010011--0 ->    5'00100 22'0000010000000000000100
  transition:    5'00110 24'11-0---00-00000010100000 ->    5'00110 22'0000010000000000000110
  transition:    5'00110 24'11-0-0-00-00000010100010 ->    5'00110 22'0000010000000000000110
  transition:    5'00110 24'11-0-1-00-00000010100010 ->    5'00010 22'0000010000000000000010
  transition:    5'00110 24'11-0---00-000000101001-0 ->    5'00011 22'0000010000000000000011
  transition:    5'00110 24'11-0---00-00000010101--0 ->    5'00100 22'0000010000000000000100
  transition:    5'00110 24'11-0---00-00000010110000 ->    5'00110 22'0000010000000000000110
  transition:    5'00110 24'11-0-0-00-00000010110010 ->    5'00110 22'0000010000000000000110
  transition:    5'00110 24'11-0-1-00-00000010110010 ->    5'00010 22'0000010000000000000010
  transition:    5'00110 24'11-0---00-000000101101-0 ->    5'00011 22'0000010000000000000011
  transition:    5'00110 24'11-0---00-00000010111--0 ->    5'00100 22'0000010000000000000100
  transition:    5'00110 24'11-0---10-000000101----0 ->    5'01001 22'0000010000000000001001
  transition:    5'00110 24'11-0----1-000000101----0 ->    5'00110 22'0000010000000000000110
  transition:    5'00110 24'11-1------000000101----0 ->    5'01001 22'0000010000000000001001
  transition:    5'00110 24'11--0-0---00000011-----0 ->    5'01000 22'0000010000000000001000
  transition:    5'00110 24'11--1-0---00000011-----0 ->    5'00111 22'0000010000000000000111
  transition:    5'00110 24'11----1---00000011-----0 ->    5'01000 22'0000010000000000001000
  transition:    5'00110 24'11--------0000001------1 ->    5'01001 22'0000010000000000001001
  transition:    5'00110 24'----------000100-------- ->    5'01101 22'0000010000000000001101
  transition:    5'00110 24'----0-0---000-01-------- ->    5'01100 22'0000010000000000001100
  transition:    5'00110 24'----1-0---000-01-------- ->    5'01011 22'0000010000000000001011
  transition:    5'00110 24'------1---000-01-------- ->    5'01101 22'0000010000000000001101
  transition:    5'00110 24'---0------000-1--------- ->    5'01010 22'0000010000000000001010
  transition:    5'00110 24'--01------000-1--------- ->    5'01011 22'0000010000000000001011
  transition:    5'00110 24'--11------0000100000000- ->    5'00110 22'0000010000000000000110
  transition:    5'00110 24'--11-0----0000100000001- ->    5'00110 22'0000010000000000000110
  transition:    5'00110 24'--11-1----0000100000001- ->    5'00010 22'0000010000000000000010
  transition:    5'00110 24'--11------000010000001-- ->    5'00011 22'0000010000000000000011
  transition:    5'00110 24'--11------00001000001--- ->    5'00100 22'0000010000000000000100
  transition:    5'00110 24'--11------00001000010000 ->    5'00110 22'0000010000000000000110
  transition:    5'00110 24'--11-0----00001000010010 ->    5'00110 22'0000010000000000000110
  transition:    5'00110 24'--11-1----00001000010010 ->    5'00010 22'0000010000000000000010
  transition:    5'00110 24'--11------000010000101-0 ->    5'00011 22'0000010000000000000011
  transition:    5'00110 24'--11------00001000011--0 ->    5'00100 22'0000010000000000000100
  transition:    5'00110 24'--11------0000100001---1 ->    5'00101 22'0000010000000000000101
  transition:    5'00110 24'--11------000010001----- ->    5'01001 22'0000010000000000001001
  transition:    5'00110 24'--110-0---00001001------ ->    5'01000 22'0000010000000000001000
  transition:    5'00110 24'--111-0---00001001------ ->    5'00111 22'0000010000000000000111
  transition:    5'00110 24'--11--1---00001001------ ->    5'01000 22'0000010000000000001000
  transition:    5'00110 24'0-11------0000101------- ->    5'00110 22'0000010000000000000110
  transition:    5'00110 24'1011------0000101------- ->    5'00111 22'0000010000000000000111
  transition:    5'00110 24'1111------00001010000000 ->    5'00110 22'0000010000000000000110
  transition:    5'00110 24'1111-0----00001010000010 ->    5'00110 22'0000010000000000000110
  transition:    5'00110 24'1111-1----00001010000010 ->    5'00010 22'0000010000000000000010
  transition:    5'00110 24'1111------000010100001-0 ->    5'00011 22'0000010000000000000011
  transition:    5'00110 24'1111------00001010001--0 ->    5'00100 22'0000010000000000000100
  transition:    5'00110 24'1111------00001010010000 ->    5'00110 22'0000010000000000000110
  transition:    5'00110 24'1111-0----00001010010010 ->    5'00110 22'0000010000000000000110
  transition:    5'00110 24'1111-1----00001010010010 ->    5'00010 22'0000010000000000000010
  transition:    5'00110 24'1111------000010100101-0 ->    5'00011 22'0000010000000000000011
  transition:    5'00110 24'1111------00001010011--0 ->    5'00100 22'0000010000000000000100
  transition:    5'00110 24'1111------000010101----0 ->    5'01001 22'0000010000000000001001
  transition:    5'00110 24'11110-0---00001011-----0 ->    5'01000 22'0000010000000000001000
  transition:    5'00110 24'11111-0---00001011-----0 ->    5'00111 22'0000010000000000000111
  transition:    5'00110 24'1111--1---00001011-----0 ->    5'01000 22'0000010000000000001000
  transition:    5'00110 24'1111------0000101------1 ->    5'01001 22'0000010000000000001001
  transition:    5'00110 24'--11------000110-------- ->    5'01101 22'0000010000000000001101
  transition:    5'00110 24'--110-0---000-11-------- ->    5'01100 22'0000010000000000001100
  transition:    5'00110 24'--111-0---000-11-------- ->    5'01011 22'0000010000000000001011
  transition:    5'00110 24'--11--1---000-11-------- ->    5'01101 22'0000010000000000001101
  transition:    5'00110 24'----------001----------- ->    5'01111 22'0000010000000000001111
  transition:    5'00110 24'----------01------------ ->    5'00001 22'0000010000000000000001
  transition:    5'00110 24'----------1------------- ->    5'00001 22'0000010000000000000001
  transition:    5'01110 24'----------0000000000000- ->    5'01110 22'0000000000010000001110
  transition:    5'01110 24'-----0----0000000000001- ->    5'01110 22'0000000000010000001110
  transition:    5'01110 24'-----1----0000000000001- ->    5'00010 22'0000000000010000000010
  transition:    5'01110 24'----------000000000001-- ->    5'00011 22'0000000000010000000011
  transition:    5'01110 24'----------00000000001--- ->    5'00100 22'0000000000010000000100
  transition:    5'01110 24'----------00000000010000 ->    5'01110 22'0000000000010000001110
  transition:    5'01110 24'-----0----00000000010010 ->    5'01110 22'0000000000010000001110
  transition:    5'01110 24'-----1----00000000010010 ->    5'00010 22'0000000000010000000010
  transition:    5'01110 24'----------000000000101-0 ->    5'00011 22'0000000000010000000011
  transition:    5'01110 24'----------00000000011--0 ->    5'00100 22'0000000000010000000100
  transition:    5'01110 24'----------0000000001---1 ->    5'00101 22'0000000000010000000101
  transition:    5'01110 24'---0---00-0000000010000- ->    5'01110 22'0000000000010000001110
  transition:    5'01110 24'---0-0-00-0000000010001- ->    5'01110 22'0000000000010000001110
  transition:    5'01110 24'---0-1-00-0000000010001- ->    5'00010 22'0000000000010000000010
  transition:    5'01110 24'---0---00-000000001001-- ->    5'00011 22'0000000000010000000011
  transition:    5'01110 24'---0---00-00000000101--- ->    5'00100 22'0000000000010000000100
  transition:    5'01110 24'---0---00-00000000110000 ->    5'01110 22'0000000000010000001110
  transition:    5'01110 24'---0-0-00-00000000110010 ->    5'01110 22'0000000000010000001110
  transition:    5'01110 24'---0-1-00-00000000110010 ->    5'00010 22'0000000000010000000010
  transition:    5'01110 24'---0---00-000000001101-0 ->    5'00011 22'0000000000010000000011
  transition:    5'01110 24'---0---00-00000000111--0 ->    5'00100 22'0000000000010000000100
  transition:    5'01110 24'---0---00-0000000011---1 ->    5'00101 22'0000000000010000000101
  transition:    5'01110 24'---0---10-000000001----- ->    5'01001 22'0000000000010000001001
  transition:    5'01110 24'---0----1-000000001----- ->    5'00110 22'0000000000010000000110
  transition:    5'01110 24'---1------000000001----- ->    5'01001 22'0000000000010000001001
  transition:    5'01110 24'----0-0---00000001------ ->    5'01000 22'0000000000010000001000
  transition:    5'01110 24'----1-0---00000001------ ->    5'00111 22'0000000000010000000111
  transition:    5'01110 24'------1---00000001------ ->    5'01000 22'0000000000010000001000
  transition:    5'01110 24'0---------0000001------- ->    5'00110 22'0000000000010000000110
  transition:    5'01110 24'10--------0000001------- ->    5'00111 22'0000000000010000000111
  transition:    5'01110 24'11--------00000010000000 ->    5'01110 22'0000000000010000001110
  transition:    5'01110 24'11---0----00000010000010 ->    5'01110 22'0000000000010000001110
  transition:    5'01110 24'11---1----00000010000010 ->    5'00010 22'0000000000010000000010
  transition:    5'01110 24'11--------000000100001-0 ->    5'00011 22'0000000000010000000011
  transition:    5'01110 24'11--------00000010001--0 ->    5'00100 22'0000000000010000000100
  transition:    5'01110 24'11--------00000010010000 ->    5'01110 22'0000000000010000001110
  transition:    5'01110 24'11---0----00000010010010 ->    5'01110 22'0000000000010000001110
  transition:    5'01110 24'11---1----00000010010010 ->    5'00010 22'0000000000010000000010
  transition:    5'01110 24'11--------000000100101-0 ->    5'00011 22'0000000000010000000011
  transition:    5'01110 24'11--------00000010011--0 ->    5'00100 22'0000000000010000000100
  transition:    5'01110 24'11-0---00-00000010100000 ->    5'01110 22'0000000000010000001110
  transition:    5'01110 24'11-0-0-00-00000010100010 ->    5'01110 22'0000000000010000001110
  transition:    5'01110 24'11-0-1-00-00000010100010 ->    5'00010 22'0000000000010000000010
  transition:    5'01110 24'11-0---00-000000101001-0 ->    5'00011 22'0000000000010000000011
  transition:    5'01110 24'11-0---00-00000010101--0 ->    5'00100 22'0000000000010000000100
  transition:    5'01110 24'11-0---00-00000010110000 ->    5'01110 22'0000000000010000001110
  transition:    5'01110 24'11-0-0-00-00000010110010 ->    5'01110 22'0000000000010000001110
  transition:    5'01110 24'11-0-1-00-00000010110010 ->    5'00010 22'0000000000010000000010
  transition:    5'01110 24'11-0---00-000000101101-0 ->    5'00011 22'0000000000010000000011
  transition:    5'01110 24'11-0---00-00000010111--0 ->    5'00100 22'0000000000010000000100
  transition:    5'01110 24'11-0---10-000000101----0 ->    5'01001 22'0000000000010000001001
  transition:    5'01110 24'11-0----1-000000101----0 ->    5'00110 22'0000000000010000000110
  transition:    5'01110 24'11-1------000000101----0 ->    5'01001 22'0000000000010000001001
  transition:    5'01110 24'11--0-0---00000011-----0 ->    5'01000 22'0000000000010000001000
  transition:    5'01110 24'11--1-0---00000011-----0 ->    5'00111 22'0000000000010000000111
  transition:    5'01110 24'11----1---00000011-----0 ->    5'01000 22'0000000000010000001000
  transition:    5'01110 24'11--------0000001------1 ->    5'01001 22'0000000000010000001001
  transition:    5'01110 24'----------000100-------- ->    5'01101 22'0000000000010000001101
  transition:    5'01110 24'----0-0---000-01-------- ->    5'01100 22'0000000000010000001100
  transition:    5'01110 24'----1-0---000-01-------- ->    5'01011 22'0000000000010000001011
  transition:    5'01110 24'------1---000-01-------- ->    5'01101 22'0000000000010000001101
  transition:    5'01110 24'---0------000-1--------- ->    5'01010 22'0000000000010000001010
  transition:    5'01110 24'--01------000-1--------- ->    5'01011 22'0000000000010000001011
  transition:    5'01110 24'--11------0000100000000- ->    5'01110 22'0000000000010000001110
  transition:    5'01110 24'--11-0----0000100000001- ->    5'01110 22'0000000000010000001110
  transition:    5'01110 24'--11-1----0000100000001- ->    5'00010 22'0000000000010000000010
  transition:    5'01110 24'--11------000010000001-- ->    5'00011 22'0000000000010000000011
  transition:    5'01110 24'--11------00001000001--- ->    5'00100 22'0000000000010000000100
  transition:    5'01110 24'--11------00001000010000 ->    5'01110 22'0000000000010000001110
  transition:    5'01110 24'--11-0----00001000010010 ->    5'01110 22'0000000000010000001110
  transition:    5'01110 24'--11-1----00001000010010 ->    5'00010 22'0000000000010000000010
  transition:    5'01110 24'--11------000010000101-0 ->    5'00011 22'0000000000010000000011
  transition:    5'01110 24'--11------00001000011--0 ->    5'00100 22'0000000000010000000100
  transition:    5'01110 24'--11------0000100001---1 ->    5'00101 22'0000000000010000000101
  transition:    5'01110 24'--11------000010001----- ->    5'01001 22'0000000000010000001001
  transition:    5'01110 24'--110-0---00001001------ ->    5'01000 22'0000000000010000001000
  transition:    5'01110 24'--111-0---00001001------ ->    5'00111 22'0000000000010000000111
  transition:    5'01110 24'--11--1---00001001------ ->    5'01000 22'0000000000010000001000
  transition:    5'01110 24'0-11------0000101------- ->    5'00110 22'0000000000010000000110
  transition:    5'01110 24'1011------0000101------- ->    5'00111 22'0000000000010000000111
  transition:    5'01110 24'1111------00001010000000 ->    5'01110 22'0000000000010000001110
  transition:    5'01110 24'1111-0----00001010000010 ->    5'01110 22'0000000000010000001110
  transition:    5'01110 24'1111-1----00001010000010 ->    5'00010 22'0000000000010000000010
  transition:    5'01110 24'1111------000010100001-0 ->    5'00011 22'0000000000010000000011
  transition:    5'01110 24'1111------00001010001--0 ->    5'00100 22'0000000000010000000100
  transition:    5'01110 24'1111------00001010010000 ->    5'01110 22'0000000000010000001110
  transition:    5'01110 24'1111-0----00001010010010 ->    5'01110 22'0000000000010000001110
  transition:    5'01110 24'1111-1----00001010010010 ->    5'00010 22'0000000000010000000010
  transition:    5'01110 24'1111------000010100101-0 ->    5'00011 22'0000000000010000000011
  transition:    5'01110 24'1111------00001010011--0 ->    5'00100 22'0000000000010000000100
  transition:    5'01110 24'1111------000010101----0 ->    5'01001 22'0000000000010000001001
  transition:    5'01110 24'11110-0---00001011-----0 ->    5'01000 22'0000000000010000001000
  transition:    5'01110 24'11111-0---00001011-----0 ->    5'00111 22'0000000000010000000111
  transition:    5'01110 24'1111--1---00001011-----0 ->    5'01000 22'0000000000010000001000
  transition:    5'01110 24'1111------0000101------1 ->    5'01001 22'0000000000010000001001
  transition:    5'01110 24'--11------000110-------- ->    5'01101 22'0000000000010000001101
  transition:    5'01110 24'--110-0---000-11-------- ->    5'01100 22'0000000000010000001100
  transition:    5'01110 24'--111-0---000-11-------- ->    5'01011 22'0000000000010000001011
  transition:    5'01110 24'--11--1---000-11-------- ->    5'01101 22'0000000000010000001101
  transition:    5'01110 24'----------001----------- ->    5'01111 22'0000000000010000001111
  transition:    5'01110 24'----------01------------ ->    5'00001 22'0000000000010000000001
  transition:    5'01110 24'----------1------------- ->    5'00001 22'0000000000010000000001
  transition:    5'00001 24'----------0000000000000- ->    5'00001 22'0000000001000000000001
  transition:    5'00001 24'-----0----0000000000001- ->    5'00001 22'0000000001000000000001
  transition:    5'00001 24'-----1----0000000000001- ->    5'00010 22'0000000001000000000010
  transition:    5'00001 24'----------000000000001-- ->    5'00011 22'0000000001000000000011
  transition:    5'00001 24'----------00000000001--- ->    5'00100 22'0000000001000000000100
  transition:    5'00001 24'----------00000000010000 ->    5'00001 22'0000000001000000000001
  transition:    5'00001 24'-----0----00000000010010 ->    5'00001 22'0000000001000000000001
  transition:    5'00001 24'-----1----00000000010010 ->    5'00010 22'0000000001000000000010
  transition:    5'00001 24'----------000000000101-0 ->    5'00011 22'0000000001000000000011
  transition:    5'00001 24'----------00000000011--0 ->    5'00100 22'0000000001000000000100
  transition:    5'00001 24'----------0000000001---1 ->    5'00101 22'0000000001000000000101
  transition:    5'00001 24'---0---00-0000000010000- ->    5'00001 22'0000000001000000000001
  transition:    5'00001 24'---0-0-00-0000000010001- ->    5'00001 22'0000000001000000000001
  transition:    5'00001 24'---0-1-00-0000000010001- ->    5'00010 22'0000000001000000000010
  transition:    5'00001 24'---0---00-000000001001-- ->    5'00011 22'0000000001000000000011
  transition:    5'00001 24'---0---00-00000000101--- ->    5'00100 22'0000000001000000000100
  transition:    5'00001 24'---0---00-00000000110000 ->    5'00001 22'0000000001000000000001
  transition:    5'00001 24'---0-0-00-00000000110010 ->    5'00001 22'0000000001000000000001
  transition:    5'00001 24'---0-1-00-00000000110010 ->    5'00010 22'0000000001000000000010
  transition:    5'00001 24'---0---00-000000001101-0 ->    5'00011 22'0000000001000000000011
  transition:    5'00001 24'---0---00-00000000111--0 ->    5'00100 22'0000000001000000000100
  transition:    5'00001 24'---0---00-0000000011---1 ->    5'00101 22'0000000001000000000101
  transition:    5'00001 24'---0---10-000000001----- ->    5'01001 22'0000000001000000001001
  transition:    5'00001 24'---0----1-000000001----- ->    5'00110 22'0000000001000000000110
  transition:    5'00001 24'---1------000000001----- ->    5'01001 22'0000000001000000001001
  transition:    5'00001 24'----0-0---00000001------ ->    5'01000 22'0000000001000000001000
  transition:    5'00001 24'----1-0---00000001------ ->    5'00111 22'0000000001000000000111
  transition:    5'00001 24'------1---00000001------ ->    5'01000 22'0000000001000000001000
  transition:    5'00001 24'0---------0000001------- ->    5'00110 22'0000000001000000000110
  transition:    5'00001 24'10--------0000001------- ->    5'00111 22'0000000001000000000111
  transition:    5'00001 24'11--------00000010000000 ->    5'00001 22'0000000001000000000001
  transition:    5'00001 24'11---0----00000010000010 ->    5'00001 22'0000000001000000000001
  transition:    5'00001 24'11---1----00000010000010 ->    5'00010 22'0000000001000000000010
  transition:    5'00001 24'11--------000000100001-0 ->    5'00011 22'0000000001000000000011
  transition:    5'00001 24'11--------00000010001--0 ->    5'00100 22'0000000001000000000100
  transition:    5'00001 24'11--------00000010010000 ->    5'00001 22'0000000001000000000001
  transition:    5'00001 24'11---0----00000010010010 ->    5'00001 22'0000000001000000000001
  transition:    5'00001 24'11---1----00000010010010 ->    5'00010 22'0000000001000000000010
  transition:    5'00001 24'11--------000000100101-0 ->    5'00011 22'0000000001000000000011
  transition:    5'00001 24'11--------00000010011--0 ->    5'00100 22'0000000001000000000100
  transition:    5'00001 24'11-0---00-00000010100000 ->    5'00001 22'0000000001000000000001
  transition:    5'00001 24'11-0-0-00-00000010100010 ->    5'00001 22'0000000001000000000001
  transition:    5'00001 24'11-0-1-00-00000010100010 ->    5'00010 22'0000000001000000000010
  transition:    5'00001 24'11-0---00-000000101001-0 ->    5'00011 22'0000000001000000000011
  transition:    5'00001 24'11-0---00-00000010101--0 ->    5'00100 22'0000000001000000000100
  transition:    5'00001 24'11-0---00-00000010110000 ->    5'00001 22'0000000001000000000001
  transition:    5'00001 24'11-0-0-00-00000010110010 ->    5'00001 22'0000000001000000000001
  transition:    5'00001 24'11-0-1-00-00000010110010 ->    5'00010 22'0000000001000000000010
  transition:    5'00001 24'11-0---00-000000101101-0 ->    5'00011 22'0000000001000000000011
  transition:    5'00001 24'11-0---00-00000010111--0 ->    5'00100 22'0000000001000000000100
  transition:    5'00001 24'11-0---10-000000101----0 ->    5'01001 22'0000000001000000001001
  transition:    5'00001 24'11-0----1-000000101----0 ->    5'00110 22'0000000001000000000110
  transition:    5'00001 24'11-1------000000101----0 ->    5'01001 22'0000000001000000001001
  transition:    5'00001 24'11--0-0---00000011-----0 ->    5'01000 22'0000000001000000001000
  transition:    5'00001 24'11--1-0---00000011-----0 ->    5'00111 22'0000000001000000000111
  transition:    5'00001 24'11----1---00000011-----0 ->    5'01000 22'0000000001000000001000
  transition:    5'00001 24'11--------0000001------1 ->    5'01001 22'0000000001000000001001
  transition:    5'00001 24'----------000100-------- ->    5'01101 22'0000000001000000001101
  transition:    5'00001 24'----0-0---000-01-------- ->    5'01100 22'0000000001000000001100
  transition:    5'00001 24'----1-0---000-01-------- ->    5'01011 22'0000000001000000001011
  transition:    5'00001 24'------1---000-01-------- ->    5'01101 22'0000000001000000001101
  transition:    5'00001 24'---0------000-1--------- ->    5'01010 22'0000000001000000001010
  transition:    5'00001 24'--01------000-1--------- ->    5'01011 22'0000000001000000001011
  transition:    5'00001 24'--11------0000100000000- ->    5'00001 22'0000000001000000000001
  transition:    5'00001 24'--11-0----0000100000001- ->    5'00001 22'0000000001000000000001
  transition:    5'00001 24'--11-1----0000100000001- ->    5'00010 22'0000000001000000000010
  transition:    5'00001 24'--11------000010000001-- ->    5'00011 22'0000000001000000000011
  transition:    5'00001 24'--11------00001000001--- ->    5'00100 22'0000000001000000000100
  transition:    5'00001 24'--11------00001000010000 ->    5'00001 22'0000000001000000000001
  transition:    5'00001 24'--11-0----00001000010010 ->    5'00001 22'0000000001000000000001
  transition:    5'00001 24'--11-1----00001000010010 ->    5'00010 22'0000000001000000000010
  transition:    5'00001 24'--11------000010000101-0 ->    5'00011 22'0000000001000000000011
  transition:    5'00001 24'--11------00001000011--0 ->    5'00100 22'0000000001000000000100
  transition:    5'00001 24'--11------0000100001---1 ->    5'00101 22'0000000001000000000101
  transition:    5'00001 24'--11------000010001----- ->    5'01001 22'0000000001000000001001
  transition:    5'00001 24'--110-0---00001001------ ->    5'01000 22'0000000001000000001000
  transition:    5'00001 24'--111-0---00001001------ ->    5'00111 22'0000000001000000000111
  transition:    5'00001 24'--11--1---00001001------ ->    5'01000 22'0000000001000000001000
  transition:    5'00001 24'0-11------0000101------- ->    5'00110 22'0000000001000000000110
  transition:    5'00001 24'1011------0000101------- ->    5'00111 22'0000000001000000000111
  transition:    5'00001 24'1111------00001010000000 ->    5'00001 22'0000000001000000000001
  transition:    5'00001 24'1111-0----00001010000010 ->    5'00001 22'0000000001000000000001
  transition:    5'00001 24'1111-1----00001010000010 ->    5'00010 22'0000000001000000000010
  transition:    5'00001 24'1111------000010100001-0 ->    5'00011 22'0000000001000000000011
  transition:    5'00001 24'1111------00001010001--0 ->    5'00100 22'0000000001000000000100
  transition:    5'00001 24'1111------00001010010000 ->    5'00001 22'0000000001000000000001
  transition:    5'00001 24'1111-0----00001010010010 ->    5'00001 22'0000000001000000000001
  transition:    5'00001 24'1111-1----00001010010010 ->    5'00010 22'0000000001000000000010
  transition:    5'00001 24'1111------000010100101-0 ->    5'00011 22'0000000001000000000011
  transition:    5'00001 24'1111------00001010011--0 ->    5'00100 22'0000000001000000000100
  transition:    5'00001 24'1111------000010101----0 ->    5'01001 22'0000000001000000001001
  transition:    5'00001 24'11110-0---00001011-----0 ->    5'01000 22'0000000001000000001000
  transition:    5'00001 24'11111-0---00001011-----0 ->    5'00111 22'0000000001000000000111
  transition:    5'00001 24'1111--1---00001011-----0 ->    5'01000 22'0000000001000000001000
  transition:    5'00001 24'1111------0000101------1 ->    5'01001 22'0000000001000000001001
  transition:    5'00001 24'--11------000110-------- ->    5'01101 22'0000000001000000001101
  transition:    5'00001 24'--110-0---000-11-------- ->    5'01100 22'0000000001000000001100
  transition:    5'00001 24'--111-0---000-11-------- ->    5'01011 22'0000000001000000001011
  transition:    5'00001 24'--11--1---000-11-------- ->    5'01101 22'0000000001000000001101
  transition:    5'00001 24'----------001----------- ->    5'01111 22'0000000001000000001111
  transition:    5'00001 24'----------01------------ ->    5'00001 22'0000000001000000000001
  transition:    5'00001 24'----------1------------- ->    5'00001 22'0000000001000000000001
  transition:    5'10001 24'----------0000000000000- ->    5'10001 22'0010000000000000010001
  transition:    5'10001 24'-----0----0000000000001- ->    5'10001 22'0010000000000000010001
  transition:    5'10001 24'-----1----0000000000001- ->    5'00010 22'0010000000000000000010
  transition:    5'10001 24'----------000000000001-- ->    5'00011 22'0010000000000000000011
  transition:    5'10001 24'----------00000000001--- ->    5'00100 22'0010000000000000000100
  transition:    5'10001 24'----------00000000010000 ->    5'10001 22'0010000000000000010001
  transition:    5'10001 24'-----0----00000000010010 ->    5'10001 22'0010000000000000010001
  transition:    5'10001 24'-----1----00000000010010 ->    5'00010 22'0010000000000000000010
  transition:    5'10001 24'----------000000000101-0 ->    5'00011 22'0010000000000000000011
  transition:    5'10001 24'----------00000000011--0 ->    5'00100 22'0010000000000000000100
  transition:    5'10001 24'----------0000000001---1 ->    5'00101 22'0010000000000000000101
  transition:    5'10001 24'---0---00-0000000010000- ->    5'10001 22'0010000000000000010001
  transition:    5'10001 24'---0-0-00-0000000010001- ->    5'10001 22'0010000000000000010001
  transition:    5'10001 24'---0-1-00-0000000010001- ->    5'00010 22'0010000000000000000010
  transition:    5'10001 24'---0---00-000000001001-- ->    5'00011 22'0010000000000000000011
  transition:    5'10001 24'---0---00-00000000101--- ->    5'00100 22'0010000000000000000100
  transition:    5'10001 24'---0---00-00000000110000 ->    5'10001 22'0010000000000000010001
  transition:    5'10001 24'---0-0-00-00000000110010 ->    5'10001 22'0010000000000000010001
  transition:    5'10001 24'---0-1-00-00000000110010 ->    5'00010 22'0010000000000000000010
  transition:    5'10001 24'---0---00-000000001101-0 ->    5'00011 22'0010000000000000000011
  transition:    5'10001 24'---0---00-00000000111--0 ->    5'00100 22'0010000000000000000100
  transition:    5'10001 24'---0---00-0000000011---1 ->    5'00101 22'0010000000000000000101
  transition:    5'10001 24'---0---10-000000001----- ->    5'01001 22'0010000000000000001001
  transition:    5'10001 24'---0----1-000000001----- ->    5'00110 22'0010000000000000000110
  transition:    5'10001 24'---1------000000001----- ->    5'01001 22'0010000000000000001001
  transition:    5'10001 24'----0-0---00000001------ ->    5'01000 22'0010000000000000001000
  transition:    5'10001 24'----1-0---00000001------ ->    5'00111 22'0010000000000000000111
  transition:    5'10001 24'------1---00000001------ ->    5'01000 22'0010000000000000001000
  transition:    5'10001 24'0---------0000001------- ->    5'00110 22'0010000000000000000110
  transition:    5'10001 24'10--------0000001------- ->    5'00111 22'0010000000000000000111
  transition:    5'10001 24'11--------00000010000000 ->    5'10001 22'0010000000000000010001
  transition:    5'10001 24'11---0----00000010000010 ->    5'10001 22'0010000000000000010001
  transition:    5'10001 24'11---1----00000010000010 ->    5'00010 22'0010000000000000000010
  transition:    5'10001 24'11--------000000100001-0 ->    5'00011 22'0010000000000000000011
  transition:    5'10001 24'11--------00000010001--0 ->    5'00100 22'0010000000000000000100
  transition:    5'10001 24'11--------00000010010000 ->    5'10001 22'0010000000000000010001
  transition:    5'10001 24'11---0----00000010010010 ->    5'10001 22'0010000000000000010001
  transition:    5'10001 24'11---1----00000010010010 ->    5'00010 22'0010000000000000000010
  transition:    5'10001 24'11--------000000100101-0 ->    5'00011 22'0010000000000000000011
  transition:    5'10001 24'11--------00000010011--0 ->    5'00100 22'0010000000000000000100
  transition:    5'10001 24'11-0---00-00000010100000 ->    5'10001 22'0010000000000000010001
  transition:    5'10001 24'11-0-0-00-00000010100010 ->    5'10001 22'0010000000000000010001
  transition:    5'10001 24'11-0-1-00-00000010100010 ->    5'00010 22'0010000000000000000010
  transition:    5'10001 24'11-0---00-000000101001-0 ->    5'00011 22'0010000000000000000011
  transition:    5'10001 24'11-0---00-00000010101--0 ->    5'00100 22'0010000000000000000100
  transition:    5'10001 24'11-0---00-00000010110000 ->    5'10001 22'0010000000000000010001
  transition:    5'10001 24'11-0-0-00-00000010110010 ->    5'10001 22'0010000000000000010001
  transition:    5'10001 24'11-0-1-00-00000010110010 ->    5'00010 22'0010000000000000000010
  transition:    5'10001 24'11-0---00-000000101101-0 ->    5'00011 22'0010000000000000000011
  transition:    5'10001 24'11-0---00-00000010111--0 ->    5'00100 22'0010000000000000000100
  transition:    5'10001 24'11-0---10-000000101----0 ->    5'01001 22'0010000000000000001001
  transition:    5'10001 24'11-0----1-000000101----0 ->    5'00110 22'0010000000000000000110
  transition:    5'10001 24'11-1------000000101----0 ->    5'01001 22'0010000000000000001001
  transition:    5'10001 24'11--0-0---00000011-----0 ->    5'01000 22'0010000000000000001000
  transition:    5'10001 24'11--1-0---00000011-----0 ->    5'00111 22'0010000000000000000111
  transition:    5'10001 24'11----1---00000011-----0 ->    5'01000 22'0010000000000000001000
  transition:    5'10001 24'11--------0000001------1 ->    5'01001 22'0010000000000000001001
  transition:    5'10001 24'----------000100-------- ->    5'01101 22'0010000000000000001101
  transition:    5'10001 24'----0-0---000-01-------- ->    5'01100 22'0010000000000000001100
  transition:    5'10001 24'----1-0---000-01-------- ->    5'01011 22'0010000000000000001011
  transition:    5'10001 24'------1---000-01-------- ->    5'01101 22'0010000000000000001101
  transition:    5'10001 24'---0------000-1--------- ->    5'01010 22'0010000000000000001010
  transition:    5'10001 24'--01------000-1--------- ->    5'01011 22'0010000000000000001011
  transition:    5'10001 24'--11------0000100000000- ->    5'10001 22'0010000000000000010001
  transition:    5'10001 24'--11-0----0000100000001- ->    5'10001 22'0010000000000000010001
  transition:    5'10001 24'--11-1----0000100000001- ->    5'00010 22'0010000000000000000010
  transition:    5'10001 24'--11------000010000001-- ->    5'00011 22'0010000000000000000011
  transition:    5'10001 24'--11------00001000001--- ->    5'00100 22'0010000000000000000100
  transition:    5'10001 24'--11------00001000010000 ->    5'10001 22'0010000000000000010001
  transition:    5'10001 24'--11-0----00001000010010 ->    5'10001 22'0010000000000000010001
  transition:    5'10001 24'--11-1----00001000010010 ->    5'00010 22'0010000000000000000010
  transition:    5'10001 24'--11------000010000101-0 ->    5'00011 22'0010000000000000000011
  transition:    5'10001 24'--11------00001000011--0 ->    5'00100 22'0010000000000000000100
  transition:    5'10001 24'--11------0000100001---1 ->    5'00101 22'0010000000000000000101
  transition:    5'10001 24'--11------000010001----- ->    5'01001 22'0010000000000000001001
  transition:    5'10001 24'--110-0---00001001------ ->    5'01000 22'0010000000000000001000
  transition:    5'10001 24'--111-0---00001001------ ->    5'00111 22'0010000000000000000111
  transition:    5'10001 24'--11--1---00001001------ ->    5'01000 22'0010000000000000001000
  transition:    5'10001 24'0-11------0000101------- ->    5'00110 22'0010000000000000000110
  transition:    5'10001 24'1011------0000101------- ->    5'00111 22'0010000000000000000111
  transition:    5'10001 24'1111------00001010000000 ->    5'10001 22'0010000000000000010001
  transition:    5'10001 24'1111-0----00001010000010 ->    5'10001 22'0010000000000000010001
  transition:    5'10001 24'1111-1----00001010000010 ->    5'00010 22'0010000000000000000010
  transition:    5'10001 24'1111------000010100001-0 ->    5'00011 22'0010000000000000000011
  transition:    5'10001 24'1111------00001010001--0 ->    5'00100 22'0010000000000000000100
  transition:    5'10001 24'1111------00001010010000 ->    5'10001 22'0010000000000000010001
  transition:    5'10001 24'1111-0----00001010010010 ->    5'10001 22'0010000000000000010001
  transition:    5'10001 24'1111-1----00001010010010 ->    5'00010 22'0010000000000000000010
  transition:    5'10001 24'1111------000010100101-0 ->    5'00011 22'0010000000000000000011
  transition:    5'10001 24'1111------00001010011--0 ->    5'00100 22'0010000000000000000100
  transition:    5'10001 24'1111------000010101----0 ->    5'01001 22'0010000000000000001001
  transition:    5'10001 24'11110-0---00001011-----0 ->    5'01000 22'0010000000000000001000
  transition:    5'10001 24'11111-0---00001011-----0 ->    5'00111 22'0010000000000000000111
  transition:    5'10001 24'1111--1---00001011-----0 ->    5'01000 22'0010000000000000001000
  transition:    5'10001 24'1111------0000101------1 ->    5'01001 22'0010000000000000001001
  transition:    5'10001 24'--11------000110-------- ->    5'01101 22'0010000000000000001101
  transition:    5'10001 24'--110-0---000-11-------- ->    5'01100 22'0010000000000000001100
  transition:    5'10001 24'--111-0---000-11-------- ->    5'01011 22'0010000000000000001011
  transition:    5'10001 24'--11--1---000-11-------- ->    5'01101 22'0010000000000000001101
  transition:    5'10001 24'----------001----------- ->    5'01111 22'0010000000000000001111
  transition:    5'10001 24'----------01------------ ->    5'00001 22'0010000000000000000001
  transition:    5'10001 24'----------1------------- ->    5'00001 22'0010000000000000000001
  transition:    5'01001 24'---0------000000-------- ->    5'01010 22'0000000000000010001010
  transition:    5'01001 24'---1------000000-------- ->    5'01101 22'0000000000000010001101
  transition:    5'01001 24'----------000100-------- ->    5'01101 22'0000000000000010001101
  transition:    5'01001 24'----0-0---000-01-------- ->    5'01100 22'0000000000000010001100
  transition:    5'01001 24'----1-0---000-01-------- ->    5'01011 22'0000000000000010001011
  transition:    5'01001 24'------1---000-01-------- ->    5'01101 22'0000000000000010001101
  transition:    5'01001 24'---0------000-1--------- ->    5'01010 22'0000000000000010001010
  transition:    5'01001 24'--01------000-1--------- ->    5'01011 22'0000000000000010001011
  transition:    5'01001 24'--11------000010-------- ->    5'01101 22'0000000000000010001101
  transition:    5'01001 24'--11------000110-------- ->    5'01101 22'0000000000000010001101
  transition:    5'01001 24'--110-0---000-11-------- ->    5'01100 22'0000000000000010001100
  transition:    5'01001 24'--111-0---000-11-------- ->    5'01011 22'0000000000000010001011
  transition:    5'01001 24'--11--1---000-11-------- ->    5'01101 22'0000000000000010001101
  transition:    5'01001 24'----------001----------- ->    5'01111 22'0000000000000010001111
  transition:    5'01001 24'----------01------------ ->    5'00001 22'0000000000000010000001
  transition:    5'01001 24'----------1------------- ->    5'00001 22'0000000000000010000001
  transition:    5'00101 24'----------0000000000000- ->    5'00101 22'0000001000000000000101
  transition:    5'00101 24'-----0----0000000000001- ->    5'00101 22'0000001000000000000101
  transition:    5'00101 24'-----1----0000000000001- ->    5'00010 22'0000001000000000000010
  transition:    5'00101 24'----------000000000001-- ->    5'00011 22'0000001000000000000011
  transition:    5'00101 24'----------00000000001--- ->    5'00100 22'0000001000000000000100
  transition:    5'00101 24'----------00000000010000 ->    5'00101 22'0000001000000000000101
  transition:    5'00101 24'-----0----00000000010010 ->    5'00101 22'0000001000000000000101
  transition:    5'00101 24'-----1----00000000010010 ->    5'00010 22'0000001000000000000010
  transition:    5'00101 24'----------000000000101-0 ->    5'00011 22'0000001000000000000011
  transition:    5'00101 24'----------00000000011--0 ->    5'00100 22'0000001000000000000100
  transition:    5'00101 24'----------0000000001---1 ->    5'00101 22'0000001000000000000101
  transition:    5'00101 24'---0---00-0000000010000- ->    5'00101 22'0000001000000000000101
  transition:    5'00101 24'---0-0-00-0000000010001- ->    5'00101 22'0000001000000000000101
  transition:    5'00101 24'---0-1-00-0000000010001- ->    5'00010 22'0000001000000000000010
  transition:    5'00101 24'---0---00-000000001001-- ->    5'00011 22'0000001000000000000011
  transition:    5'00101 24'---0---00-00000000101--- ->    5'00100 22'0000001000000000000100
  transition:    5'00101 24'---0---00-00000000110000 ->    5'00101 22'0000001000000000000101
  transition:    5'00101 24'---0-0-00-00000000110010 ->    5'00101 22'0000001000000000000101
  transition:    5'00101 24'---0-1-00-00000000110010 ->    5'00010 22'0000001000000000000010
  transition:    5'00101 24'---0---00-000000001101-0 ->    5'00011 22'0000001000000000000011
  transition:    5'00101 24'---0---00-00000000111--0 ->    5'00100 22'0000001000000000000100
  transition:    5'00101 24'---0---00-0000000011---1 ->    5'00101 22'0000001000000000000101
  transition:    5'00101 24'---0---10-000000001----- ->    5'01001 22'0000001000000000001001
  transition:    5'00101 24'---0----1-000000001----- ->    5'00110 22'0000001000000000000110
  transition:    5'00101 24'---1------000000001----- ->    5'01001 22'0000001000000000001001
  transition:    5'00101 24'----0-0---00000001------ ->    5'01000 22'0000001000000000001000
  transition:    5'00101 24'----1-0---00000001------ ->    5'00111 22'0000001000000000000111
  transition:    5'00101 24'------1---00000001------ ->    5'01000 22'0000001000000000001000
  transition:    5'00101 24'0---------0000001------- ->    5'00110 22'0000001000000000000110
  transition:    5'00101 24'10--------0000001------- ->    5'00111 22'0000001000000000000111
  transition:    5'00101 24'11--------00000010000000 ->    5'00101 22'0000001000000000000101
  transition:    5'00101 24'11---0----00000010000010 ->    5'00101 22'0000001000000000000101
  transition:    5'00101 24'11---1----00000010000010 ->    5'00010 22'0000001000000000000010
  transition:    5'00101 24'11--------000000100001-0 ->    5'00011 22'0000001000000000000011
  transition:    5'00101 24'11--------00000010001--0 ->    5'00100 22'0000001000000000000100
  transition:    5'00101 24'11--------00000010010000 ->    5'00101 22'0000001000000000000101
  transition:    5'00101 24'11---0----00000010010010 ->    5'00101 22'0000001000000000000101
  transition:    5'00101 24'11---1----00000010010010 ->    5'00010 22'0000001000000000000010
  transition:    5'00101 24'11--------000000100101-0 ->    5'00011 22'0000001000000000000011
  transition:    5'00101 24'11--------00000010011--0 ->    5'00100 22'0000001000000000000100
  transition:    5'00101 24'11-0---00-00000010100000 ->    5'00101 22'0000001000000000000101
  transition:    5'00101 24'11-0-0-00-00000010100010 ->    5'00101 22'0000001000000000000101
  transition:    5'00101 24'11-0-1-00-00000010100010 ->    5'00010 22'0000001000000000000010
  transition:    5'00101 24'11-0---00-000000101001-0 ->    5'00011 22'0000001000000000000011
  transition:    5'00101 24'11-0---00-00000010101--0 ->    5'00100 22'0000001000000000000100
  transition:    5'00101 24'11-0---00-00000010110000 ->    5'00101 22'0000001000000000000101
  transition:    5'00101 24'11-0-0-00-00000010110010 ->    5'00101 22'0000001000000000000101
  transition:    5'00101 24'11-0-1-00-00000010110010 ->    5'00010 22'0000001000000000000010
  transition:    5'00101 24'11-0---00-000000101101-0 ->    5'00011 22'0000001000000000000011
  transition:    5'00101 24'11-0---00-00000010111--0 ->    5'00100 22'0000001000000000000100
  transition:    5'00101 24'11-0---10-000000101----0 ->    5'01001 22'0000001000000000001001
  transition:    5'00101 24'11-0----1-000000101----0 ->    5'00110 22'0000001000000000000110
  transition:    5'00101 24'11-1------000000101----0 ->    5'01001 22'0000001000000000001001
  transition:    5'00101 24'11--0-0---00000011-----0 ->    5'01000 22'0000001000000000001000
  transition:    5'00101 24'11--1-0---00000011-----0 ->    5'00111 22'0000001000000000000111
  transition:    5'00101 24'11----1---00000011-----0 ->    5'01000 22'0000001000000000001000
  transition:    5'00101 24'11--------0000001------1 ->    5'01001 22'0000001000000000001001
  transition:    5'00101 24'----------000100-------- ->    5'01101 22'0000001000000000001101
  transition:    5'00101 24'----0-0---000-01-------- ->    5'01100 22'0000001000000000001100
  transition:    5'00101 24'----1-0---000-01-------- ->    5'01011 22'0000001000000000001011
  transition:    5'00101 24'------1---000-01-------- ->    5'01101 22'0000001000000000001101
  transition:    5'00101 24'---0------000-1--------- ->    5'01010 22'0000001000000000001010
  transition:    5'00101 24'--01------000-1--------- ->    5'01011 22'0000001000000000001011
  transition:    5'00101 24'--11------0000100000000- ->    5'00101 22'0000001000000000000101
  transition:    5'00101 24'--11-0----0000100000001- ->    5'00101 22'0000001000000000000101
  transition:    5'00101 24'--11-1----0000100000001- ->    5'00010 22'0000001000000000000010
  transition:    5'00101 24'--11------000010000001-- ->    5'00011 22'0000001000000000000011
  transition:    5'00101 24'--11------00001000001--- ->    5'00100 22'0000001000000000000100
  transition:    5'00101 24'--11------00001000010000 ->    5'00101 22'0000001000000000000101
  transition:    5'00101 24'--11-0----00001000010010 ->    5'00101 22'0000001000000000000101
  transition:    5'00101 24'--11-1----00001000010010 ->    5'00010 22'0000001000000000000010
  transition:    5'00101 24'--11------000010000101-0 ->    5'00011 22'0000001000000000000011
  transition:    5'00101 24'--11------00001000011--0 ->    5'00100 22'0000001000000000000100
  transition:    5'00101 24'--11------0000100001---1 ->    5'00101 22'0000001000000000000101
  transition:    5'00101 24'--11------000010001----- ->    5'01001 22'0000001000000000001001
  transition:    5'00101 24'--110-0---00001001------ ->    5'01000 22'0000001000000000001000
  transition:    5'00101 24'--111-0---00001001------ ->    5'00111 22'0000001000000000000111
  transition:    5'00101 24'--11--1---00001001------ ->    5'01000 22'0000001000000000001000
  transition:    5'00101 24'0-11------0000101------- ->    5'00110 22'0000001000000000000110
  transition:    5'00101 24'1011------0000101------- ->    5'00111 22'0000001000000000000111
  transition:    5'00101 24'1111------00001010000000 ->    5'00101 22'0000001000000000000101
  transition:    5'00101 24'1111-0----00001010000010 ->    5'00101 22'0000001000000000000101
  transition:    5'00101 24'1111-1----00001010000010 ->    5'00010 22'0000001000000000000010
  transition:    5'00101 24'1111------000010100001-0 ->    5'00011 22'0000001000000000000011
  transition:    5'00101 24'1111------00001010001--0 ->    5'00100 22'0000001000000000000100
  transition:    5'00101 24'1111------00001010010000 ->    5'00101 22'0000001000000000000101
  transition:    5'00101 24'1111-0----00001010010010 ->    5'00101 22'0000001000000000000101
  transition:    5'00101 24'1111-1----00001010010010 ->    5'00010 22'0000001000000000000010
  transition:    5'00101 24'1111------000010100101-0 ->    5'00011 22'0000001000000000000011
  transition:    5'00101 24'1111------00001010011--0 ->    5'00100 22'0000001000000000000100
  transition:    5'00101 24'1111------000010101----0 ->    5'01001 22'0000001000000000001001
  transition:    5'00101 24'11110-0---00001011-----0 ->    5'01000 22'0000001000000000001000
  transition:    5'00101 24'11111-0---00001011-----0 ->    5'00111 22'0000001000000000000111
  transition:    5'00101 24'1111--1---00001011-----0 ->    5'01000 22'0000001000000000001000
  transition:    5'00101 24'1111------0000101------1 ->    5'01001 22'0000001000000000001001
  transition:    5'00101 24'--11------000110-------- ->    5'01101 22'0000001000000000001101
  transition:    5'00101 24'--110-0---000-11-------- ->    5'01100 22'0000001000000000001100
  transition:    5'00101 24'--111-0---000-11-------- ->    5'01011 22'0000001000000000001011
  transition:    5'00101 24'--11--1---000-11-------- ->    5'01101 22'0000001000000000001101
  transition:    5'00101 24'----------001----------- ->    5'01111 22'0000001000000000001111
  transition:    5'00101 24'----------01------------ ->    5'00001 22'0000001000000000000001
  transition:    5'00101 24'----------1------------- ->    5'00001 22'0000001000000000000001
  transition:    5'01101 24'----------000----------- ->    5'01110 22'0000000000001000001110
  transition:    5'01101 24'----------001----------- ->    5'01111 22'0000000000001000001111
  transition:    5'01101 24'----------01------------ ->    5'00001 22'0000000000001000000001
  transition:    5'01101 24'----------1------------- ->    5'00001 22'0000000000001000000001
  transition:    5'00011 24'----------0000000000000- ->    5'00011 22'0000000100000000000011
  transition:    5'00011 24'-----0----0000000000001- ->    5'00011 22'0000000100000000000011
  transition:    5'00011 24'-----1----0000000000001- ->    5'00010 22'0000000100000000000010
  transition:    5'00011 24'----------000000000001-- ->    5'00011 22'0000000100000000000011
  transition:    5'00011 24'----------00000000001--- ->    5'00100 22'0000000100000000000100
  transition:    5'00011 24'----------00000000010000 ->    5'00011 22'0000000100000000000011
  transition:    5'00011 24'-----0----00000000010010 ->    5'00011 22'0000000100000000000011
  transition:    5'00011 24'-----1----00000000010010 ->    5'00010 22'0000000100000000000010
  transition:    5'00011 24'----------000000000101-0 ->    5'00011 22'0000000100000000000011
  transition:    5'00011 24'----------00000000011--0 ->    5'00100 22'0000000100000000000100
  transition:    5'00011 24'----------0000000001---1 ->    5'00101 22'0000000100000000000101
  transition:    5'00011 24'---0---00-0000000010000- ->    5'00011 22'0000000100000000000011
  transition:    5'00011 24'---0-0-00-0000000010001- ->    5'00011 22'0000000100000000000011
  transition:    5'00011 24'---0-1-00-0000000010001- ->    5'00010 22'0000000100000000000010
  transition:    5'00011 24'---0---00-000000001001-- ->    5'00011 22'0000000100000000000011
  transition:    5'00011 24'---0---00-00000000101--- ->    5'00100 22'0000000100000000000100
  transition:    5'00011 24'---0---00-00000000110000 ->    5'00011 22'0000000100000000000011
  transition:    5'00011 24'---0-0-00-00000000110010 ->    5'00011 22'0000000100000000000011
  transition:    5'00011 24'---0-1-00-00000000110010 ->    5'00010 22'0000000100000000000010
  transition:    5'00011 24'---0---00-000000001101-0 ->    5'00011 22'0000000100000000000011
  transition:    5'00011 24'---0---00-00000000111--0 ->    5'00100 22'0000000100000000000100
  transition:    5'00011 24'---0---00-0000000011---1 ->    5'00101 22'0000000100000000000101
  transition:    5'00011 24'---0---10-000000001----- ->    5'01001 22'0000000100000000001001
  transition:    5'00011 24'---0----1-000000001----- ->    5'00110 22'0000000100000000000110
  transition:    5'00011 24'---1------000000001----- ->    5'01001 22'0000000100000000001001
  transition:    5'00011 24'----0-0---00000001------ ->    5'01000 22'0000000100000000001000
  transition:    5'00011 24'----1-0---00000001------ ->    5'00111 22'0000000100000000000111
  transition:    5'00011 24'------1---00000001------ ->    5'01000 22'0000000100000000001000
  transition:    5'00011 24'0---------0000001------- ->    5'00110 22'0000000100000000000110
  transition:    5'00011 24'10--------0000001------- ->    5'00111 22'0000000100000000000111
  transition:    5'00011 24'11--------00000010000000 ->    5'00011 22'0000000100000000000011
  transition:    5'00011 24'11---0----00000010000010 ->    5'00011 22'0000000100000000000011
  transition:    5'00011 24'11---1----00000010000010 ->    5'00010 22'0000000100000000000010
  transition:    5'00011 24'11--------000000100001-0 ->    5'00011 22'0000000100000000000011
  transition:    5'00011 24'11--------00000010001--0 ->    5'00100 22'0000000100000000000100
  transition:    5'00011 24'11--------00000010010000 ->    5'00011 22'0000000100000000000011
  transition:    5'00011 24'11---0----00000010010010 ->    5'00011 22'0000000100000000000011
  transition:    5'00011 24'11---1----00000010010010 ->    5'00010 22'0000000100000000000010
  transition:    5'00011 24'11--------000000100101-0 ->    5'00011 22'0000000100000000000011
  transition:    5'00011 24'11--------00000010011--0 ->    5'00100 22'0000000100000000000100
  transition:    5'00011 24'11-0---00-00000010100000 ->    5'00011 22'0000000100000000000011
  transition:    5'00011 24'11-0-0-00-00000010100010 ->    5'00011 22'0000000100000000000011
  transition:    5'00011 24'11-0-1-00-00000010100010 ->    5'00010 22'0000000100000000000010
  transition:    5'00011 24'11-0---00-000000101001-0 ->    5'00011 22'0000000100000000000011
  transition:    5'00011 24'11-0---00-00000010101--0 ->    5'00100 22'0000000100000000000100
  transition:    5'00011 24'11-0---00-00000010110000 ->    5'00011 22'0000000100000000000011
  transition:    5'00011 24'11-0-0-00-00000010110010 ->    5'00011 22'0000000100000000000011
  transition:    5'00011 24'11-0-1-00-00000010110010 ->    5'00010 22'0000000100000000000010
  transition:    5'00011 24'11-0---00-000000101101-0 ->    5'00011 22'0000000100000000000011
  transition:    5'00011 24'11-0---00-00000010111--0 ->    5'00100 22'0000000100000000000100
  transition:    5'00011 24'11-0---10-000000101----0 ->    5'01001 22'0000000100000000001001
  transition:    5'00011 24'11-0----1-000000101----0 ->    5'00110 22'0000000100000000000110
  transition:    5'00011 24'11-1------000000101----0 ->    5'01001 22'0000000100000000001001
  transition:    5'00011 24'11--0-0---00000011-----0 ->    5'01000 22'0000000100000000001000
  transition:    5'00011 24'11--1-0---00000011-----0 ->    5'00111 22'0000000100000000000111
  transition:    5'00011 24'11----1---00000011-----0 ->    5'01000 22'0000000100000000001000
  transition:    5'00011 24'11--------0000001------1 ->    5'01001 22'0000000100000000001001
  transition:    5'00011 24'----------000100-------- ->    5'01101 22'0000000100000000001101
  transition:    5'00011 24'----0-0---000-01-------- ->    5'01100 22'0000000100000000001100
  transition:    5'00011 24'----1-0---000-01-------- ->    5'01011 22'0000000100000000001011
  transition:    5'00011 24'------1---000-01-------- ->    5'01101 22'0000000100000000001101
  transition:    5'00011 24'---0------000-1--------- ->    5'01010 22'0000000100000000001010
  transition:    5'00011 24'--01------000-1--------- ->    5'01011 22'0000000100000000001011
  transition:    5'00011 24'--11------0000100000000- ->    5'00011 22'0000000100000000000011
  transition:    5'00011 24'--11-0----0000100000001- ->    5'00011 22'0000000100000000000011
  transition:    5'00011 24'--11-1----0000100000001- ->    5'00010 22'0000000100000000000010
  transition:    5'00011 24'--11------000010000001-- ->    5'00011 22'0000000100000000000011
  transition:    5'00011 24'--11------00001000001--- ->    5'00100 22'0000000100000000000100
  transition:    5'00011 24'--11------00001000010000 ->    5'00011 22'0000000100000000000011
  transition:    5'00011 24'--11-0----00001000010010 ->    5'00011 22'0000000100000000000011
  transition:    5'00011 24'--11-1----00001000010010 ->    5'00010 22'0000000100000000000010
  transition:    5'00011 24'--11------000010000101-0 ->    5'00011 22'0000000100000000000011
  transition:    5'00011 24'--11------00001000011--0 ->    5'00100 22'0000000100000000000100
  transition:    5'00011 24'--11------0000100001---1 ->    5'00101 22'0000000100000000000101
  transition:    5'00011 24'--11------000010001----- ->    5'01001 22'0000000100000000001001
  transition:    5'00011 24'--110-0---00001001------ ->    5'01000 22'0000000100000000001000
  transition:    5'00011 24'--111-0---00001001------ ->    5'00111 22'0000000100000000000111
  transition:    5'00011 24'--11--1---00001001------ ->    5'01000 22'0000000100000000001000
  transition:    5'00011 24'0-11------0000101------- ->    5'00110 22'0000000100000000000110
  transition:    5'00011 24'1011------0000101------- ->    5'00111 22'0000000100000000000111
  transition:    5'00011 24'1111------00001010000000 ->    5'00011 22'0000000100000000000011
  transition:    5'00011 24'1111-0----00001010000010 ->    5'00011 22'0000000100000000000011
  transition:    5'00011 24'1111-1----00001010000010 ->    5'00010 22'0000000100000000000010
  transition:    5'00011 24'1111------000010100001-0 ->    5'00011 22'0000000100000000000011
  transition:    5'00011 24'1111------00001010001--0 ->    5'00100 22'0000000100000000000100
  transition:    5'00011 24'1111------00001010010000 ->    5'00011 22'0000000100000000000011
  transition:    5'00011 24'1111-0----00001010010010 ->    5'00011 22'0000000100000000000011
  transition:    5'00011 24'1111-1----00001010010010 ->    5'00010 22'0000000100000000000010
  transition:    5'00011 24'1111------000010100101-0 ->    5'00011 22'0000000100000000000011
  transition:    5'00011 24'1111------00001010011--0 ->    5'00100 22'0000000100000000000100
  transition:    5'00011 24'1111------000010101----0 ->    5'01001 22'0000000100000000001001
  transition:    5'00011 24'11110-0---00001011-----0 ->    5'01000 22'0000000100000000001000
  transition:    5'00011 24'11111-0---00001011-----0 ->    5'00111 22'0000000100000000000111
  transition:    5'00011 24'1111--1---00001011-----0 ->    5'01000 22'0000000100000000001000
  transition:    5'00011 24'1111------0000101------1 ->    5'01001 22'0000000100000000001001
  transition:    5'00011 24'--11------000110-------- ->    5'01101 22'0000000100000000001101
  transition:    5'00011 24'--110-0---000-11-------- ->    5'01100 22'0000000100000000001100
  transition:    5'00011 24'--111-0---000-11-------- ->    5'01011 22'0000000100000000001011
  transition:    5'00011 24'--11--1---000-11-------- ->    5'01101 22'0000000100000000001101
  transition:    5'00011 24'----------001----------- ->    5'01111 22'0000000100000000001111
  transition:    5'00011 24'----------01------------ ->    5'00001 22'0000000100000000000001
  transition:    5'00011 24'----------1------------- ->    5'00001 22'0000000100000000000001
  transition:    5'01011 24'----------000-0--------- ->    5'01101 22'1000000000000000001101
  transition:    5'01011 24'---0------000-1--------- ->    5'01010 22'1000000000000000001010
  transition:    5'01011 24'--01------000-1--------- ->    5'01011 22'1000000000000000001011
  transition:    5'01011 24'--11------000-1--------- ->    5'01101 22'1000000000000000001101
  transition:    5'01011 24'----------001----------- ->    5'01111 22'1000000000000000001111
  transition:    5'01011 24'----------01------------ ->    5'00001 22'1000000000000000000001
  transition:    5'01011 24'----------1------------- ->    5'00001 22'1000000000000000000001
  transition:    5'00111 24'----------0000000------- ->    5'01000 22'0100000000000000001000
  transition:    5'00111 24'0---------0000001------- ->    5'00110 22'0100000000000000000110
  transition:    5'00111 24'10--------0000001------- ->    5'00111 22'0100000000000000000111
  transition:    5'00111 24'11--------0000001------0 ->    5'01000 22'0100000000000000001000
  transition:    5'00111 24'11--------0000001------1 ->    5'01001 22'0100000000000000001001
  transition:    5'00111 24'----------000100-------- ->    5'01101 22'0100000000000000001101
  transition:    5'00111 24'----0-0---000-01-------- ->    5'01100 22'0100000000000000001100
  transition:    5'00111 24'----1-0---000-01-------- ->    5'01011 22'0100000000000000001011
  transition:    5'00111 24'------1---000-01-------- ->    5'01101 22'0100000000000000001101
  transition:    5'00111 24'---0------000-1--------- ->    5'01010 22'0100000000000000001010
  transition:    5'00111 24'--01------000-1--------- ->    5'01011 22'0100000000000000001011
  transition:    5'00111 24'--11------0000100------- ->    5'01000 22'0100000000000000001000
  transition:    5'00111 24'0-11------0000101------- ->    5'00110 22'0100000000000000000110
  transition:    5'00111 24'1011------0000101------- ->    5'00111 22'0100000000000000000111
  transition:    5'00111 24'1111------0000101------0 ->    5'01000 22'0100000000000000001000
  transition:    5'00111 24'1111------0000101------1 ->    5'01001 22'0100000000000000001001
  transition:    5'00111 24'--11------000110-------- ->    5'01101 22'0100000000000000001101
  transition:    5'00111 24'--110-0---000-11-------- ->    5'01100 22'0100000000000000001100
  transition:    5'00111 24'--111-0---000-11-------- ->    5'01011 22'0100000000000000001011
  transition:    5'00111 24'--11--1---000-11-------- ->    5'01101 22'0100000000000000001101
  transition:    5'00111 24'----------001----------- ->    5'01111 22'0100000000000000001111
  transition:    5'00111 24'----------01------------ ->    5'00001 22'0100000000000000000001
  transition:    5'00111 24'----------1------------- ->    5'00001 22'0100000000000000000001
  transition:    5'01111 24'---------000------------ ->    5'10000 22'0000000000100000010000
  transition:    5'01111 24'---------100------------ ->    5'10001 22'0000000000100000010001
  transition:    5'01111 24'----------01------------ ->    5'00001 22'0000000000100000000001
  transition:    5'01111 24'----------1------------- ->    5'00001 22'0000000000100000000001
Extracting FSM `\spi_ctrl.state' from module `\ascon_top'.
  found $adff cell for state register: $flatten\spi_ctrl.$procdff$9856
  root of input selection tree: $flatten\spi_ctrl.$0\state[3:0]
  found reset state: 4'0000 (from async reset)
  found ctrl input: \spi_ctrl.cs_rise
  found ctrl input: $flatten\spi_ctrl.$eq$/foss/designs/ascon_top_layout/src/spi_controller.sv:257$102_Y
  found ctrl input: $flatten\spi_ctrl.$procmux$861_CMP
  found ctrl input: \spi_phy.rx_valid
  found ctrl input: $flatten\spi_ctrl.$procmux$837_CMP
  found ctrl input: $flatten\spi_ctrl.$eq$/foss/designs/ascon_top_layout/src/spi_controller.sv:257$104_Y
  found ctrl input: $flatten\spi_ctrl.$procmux$839_CMP
  found ctrl input: $flatten\spi_ctrl.$procmux$840_CMP
  found ctrl input: $flatten\spi_ctrl.$procmux$841_CMP
  found ctrl input: $flatten\spi_ctrl.$procmux$842_CMP
  found ctrl input: $flatten\spi_ctrl.$procmux$843_CMP
  found ctrl input: $flatten\spi_ctrl.$procmux$844_CMP
  found state code: 4'1001
  found state code: 4'1000
  found state code: 4'0010
  found state code: 4'0111
  found state code: 4'0110
  found state code: 4'0101
  found state code: 4'0100
  found state code: 4'0011
  found ctrl input: \cs_n
  found state code: 4'0001
  found ctrl output: $flatten\spi_ctrl.$procmux$861_CMP
  found ctrl output: $flatten\spi_ctrl.$eq$/foss/designs/ascon_top_layout/src/spi_controller.sv:295$124_Y
  found ctrl output: $flatten\spi_ctrl.$eq$/foss/designs/ascon_top_layout/src/spi_controller.sv:294$118_Y
  found ctrl output: $flatten\spi_ctrl.$eq$/foss/designs/ascon_top_layout/src/spi_controller.sv:294$117_Y
  found ctrl output: $flatten\spi_ctrl.$eq$/foss/designs/ascon_top_layout/src/spi_controller.sv:278$109_Y
  found ctrl output: $flatten\spi_ctrl.$eq$/foss/designs/ascon_top_layout/src/spi_controller.sv:257$102_Y
  found ctrl output: $flatten\spi_ctrl.$eq$/foss/designs/ascon_top_layout/src/spi_controller.sv:247$100_Y
  found ctrl output: $flatten\spi_ctrl.$eq$/foss/designs/ascon_top_layout/src/spi_controller.sv:156$88_Y
  found ctrl output: $flatten\spi_ctrl.$eq$/foss/designs/ascon_top_layout/src/spi_controller.sv:156$87_Y
  found ctrl output: $flatten\spi_ctrl.$eq$/foss/designs/ascon_top_layout/src/spi_controller.sv:127$79_Y
  ctrl inputs: { \spi_ctrl.cs_rise $flatten\spi_ctrl.$eq$/foss/designs/ascon_top_layout/src/spi_controller.sv:257$104_Y $flatten\spi_ctrl.$procmux$837_CMP $flatten\spi_ctrl.$procmux$839_CMP $flatten\spi_ctrl.$procmux$840_CMP $flatten\spi_ctrl.$procmux$841_CMP $flatten\spi_ctrl.$procmux$842_CMP $flatten\spi_ctrl.$procmux$843_CMP $flatten\spi_ctrl.$procmux$844_CMP \spi_phy.rx_valid \cs_n }
  ctrl outputs: { $flatten\spi_ctrl.$eq$/foss/designs/ascon_top_layout/src/spi_controller.sv:127$79_Y $flatten\spi_ctrl.$eq$/foss/designs/ascon_top_layout/src/spi_controller.sv:156$87_Y $flatten\spi_ctrl.$eq$/foss/designs/ascon_top_layout/src/spi_controller.sv:156$88_Y $flatten\spi_ctrl.$0\state[3:0] $flatten\spi_ctrl.$eq$/foss/designs/ascon_top_layout/src/spi_controller.sv:247$100_Y $flatten\spi_ctrl.$eq$/foss/designs/ascon_top_layout/src/spi_controller.sv:257$102_Y $flatten\spi_ctrl.$eq$/foss/designs/ascon_top_layout/src/spi_controller.sv:278$109_Y $flatten\spi_ctrl.$eq$/foss/designs/ascon_top_layout/src/spi_controller.sv:294$117_Y $flatten\spi_ctrl.$eq$/foss/designs/ascon_top_layout/src/spi_controller.sv:294$118_Y $flatten\spi_ctrl.$eq$/foss/designs/ascon_top_layout/src/spi_controller.sv:295$124_Y $flatten\spi_ctrl.$procmux$861_CMP }
  transition:     4'0000 11'0---------0 ->     4'0001 14'00000010000001
  transition:     4'0000 11'0---------1 ->     4'0000 14'00000000000001
  transition:     4'0000 11'1---------- ->     4'0000 14'00000000000001
  transition:     4'1000 11'0---------- ->     4'1000 14'01010000000000
  transition:     4'1000 11'1---------- ->     4'0000 14'01000000000000
  transition:     4'0100 11'0---------- ->     4'0100 14'00001000000100
  transition:     4'0100 11'1---------- ->     4'0000 14'00000000000100
  transition:     4'0010 11'0---------- ->     4'0010 14'00000101000000
  transition:     4'0010 11'1---------- ->     4'0000 14'00000001000000
  transition:     4'0110 11'0---------- ->     4'0110 14'00101100000000
  transition:     4'0110 11'1---------- ->     4'0000 14'00100000000000
  transition:     4'0001 11'0--------0- ->     4'0001 14'00000010100000
  transition:     4'0001 11'0000000001- ->     4'0000 14'00000000100000
  transition:     4'0001 11'0-------11- ->     4'0011 14'00000110100000
  transition:     4'0001 11'0------1-1- ->     4'0100 14'00001000100000
  transition:     4'0001 11'0-----1--1- ->     4'0101 14'00001010100000
  transition:     4'0001 11'0----1---1- ->     4'0110 14'00001100100000
  transition:     4'0001 11'0---1----1- ->     4'0111 14'00001110100000
  transition:     4'0001 11'0--1-----1- ->     4'0010 14'00000100100000
  transition:     4'0001 11'01-------1- ->     4'1000 14'00010000100000
  transition:     4'0001 11'0-1------1- ->     4'1001 14'00010010100000
  transition:     4'0001 11'1---------- ->     4'0000 14'00000000100000
  transition:     4'1001 11'0---------- ->     4'1001 14'10010010000000
  transition:     4'1001 11'1---------- ->     4'0000 14'10000000000000
  transition:     4'0101 11'0---------- ->     4'0101 14'00001010010000
  transition:     4'0101 11'1---------- ->     4'0000 14'00000000010000
  transition:     4'0011 11'0---------- ->     4'0011 14'00000110001000
  transition:     4'0011 11'1---------- ->     4'0000 14'00000000001000
  transition:     4'0111 11'0---------- ->     4'0111 14'00001110000010
  transition:     4'0111 11'1---------- ->     4'0000 14'00000000000010

46.3. Executing FSM_OPT pass (simple optimizations of FSMs).
Optimizing FSM `$fsm$\spi_ctrl.state$10969' from module `\ascon_top'.
Optimizing FSM `$fsm$\pp_inst.core_inst.reg_fsm_i.data_q$10950' from module `\ascon_top'.
  Merging pattern 24'11--------00000010000000 and 24'11--------00000010010000 from group (0 0 22'0001000000000000010000).
  Merging pattern 24'1111------00001010000000 and 24'1111------00001010010000 from group (0 0 22'0001000000000000010000).
  Merging pattern 24'11-0---00-00000010100000 and 24'11-0---00-00000010110000 from group (0 0 22'0001000000000000010000).
  Merging pattern 24'11--------00000010010000 and 24'11--------00000010000000 from group (0 0 22'0001000000000000010000).
  Merging pattern 24'1111------00001010010000 and 24'1111------00001010000000 from group (0 0 22'0001000000000000010000).
  Merging pattern 24'11-0---00-00000010110000 and 24'11-0---00-00000010100000 from group (0 0 22'0001000000000000010000).
  Merging pattern 24'11---0----00000010000010 and 24'11---0----00000010010010 from group (0 0 22'0001000000000000010000).
  Merging pattern 24'1111-0----00001010000010 and 24'1111-0----00001010010010 from group (0 0 22'0001000000000000010000).
  Merging pattern 24'11-0-0-00-00000010100010 and 24'11-0-0-00-00000010110010 from group (0 0 22'0001000000000000010000).
  Merging pattern 24'11---0----00000010010010 and 24'11---0----00000010000010 from group (0 0 22'0001000000000000010000).
  Merging pattern 24'1111-0----00001010010010 and 24'1111-0----00001010000010 from group (0 0 22'0001000000000000010000).
  Merging pattern 24'11-0-0-00-00000010110010 and 24'11-0-0-00-00000010100010 from group (0 0 22'0001000000000000010000).
  Merging pattern 24'11--------00000010001--0 and 24'11--------00000010011--0 from group (0 2 22'0001000000000000000100).
  Merging pattern 24'1111------00001010001--0 and 24'1111------00001010011--0 from group (0 2 22'0001000000000000000100).
  Merging pattern 24'11-0---00-00000010101--0 and 24'11-0---00-00000010111--0 from group (0 2 22'0001000000000000000100).
  Merging pattern 24'11--------00000010011--0 and 24'11--------00000010001--0 from group (0 2 22'0001000000000000000100).
  Merging pattern 24'1111------00001010011--0 and 24'1111------00001010001--0 from group (0 2 22'0001000000000000000100).
  Merging pattern 24'11-0---00-00000010111--0 and 24'11-0---00-00000010101--0 from group (0 2 22'0001000000000000000100).
  Merging pattern 24'11---1----00000010000010 and 24'11---1----00000010010010 from group (0 4 22'0001000000000000000010).
  Merging pattern 24'1111-1----00001010000010 and 24'1111-1----00001010010010 from group (0 4 22'0001000000000000000010).
  Merging pattern 24'11-0-1-00-00000010100010 and 24'11-0-1-00-00000010110010 from group (0 4 22'0001000000000000000010).
  Merging pattern 24'11---1----00000010010010 and 24'11---1----00000010000010 from group (0 4 22'0001000000000000000010).
  Merging pattern 24'1111-1----00001010010010 and 24'1111-1----00001010000010 from group (0 4 22'0001000000000000000010).
  Merging pattern 24'11-0-1-00-00000010110010 and 24'11-0-1-00-00000010100010 from group (0 4 22'0001000000000000000010).
  Merging pattern 24'11--------000000100001-0 and 24'11--------000000100101-0 from group (0 13 22'0001000000000000000011).
  Merging pattern 24'1111------000010100001-0 and 24'1111------000010100101-0 from group (0 13 22'0001000000000000000011).
  Merging pattern 24'11-0---00-000000101001-0 and 24'11-0---00-000000101101-0 from group (0 13 22'0001000000000000000011).
  Merging pattern 24'11--------000000100101-0 and 24'11--------000000100001-0 from group (0 13 22'0001000000000000000011).
  Merging pattern 24'1111------000010100101-0 and 24'1111------000010100001-0 from group (0 13 22'0001000000000000000011).
  Merging pattern 24'11-0---00-000000101101-0 and 24'11-0---00-000000101001-0 from group (0 13 22'0001000000000000000011).
  Merging pattern 24'11--------00000010000000 and 24'11--------00000010010000 from group (1 1 22'0000000000000001001000).
  Merging pattern 24'1111------00001010000000 and 24'1111------00001010010000 from group (1 1 22'0000000000000001001000).
  Merging pattern 24'11-0---00-00000010100000 and 24'11-0---00-00000010110000 from group (1 1 22'0000000000000001001000).
  Merging pattern 24'11--------00000010010000 and 24'11--------00000010000000 from group (1 1 22'0000000000000001001000).
  Merging pattern 24'1111------00001010010000 and 24'1111------00001010000000 from group (1 1 22'0000000000000001001000).
  Merging pattern 24'11-0---00-00000010110000 and 24'11-0---00-00000010100000 from group (1 1 22'0000000000000001001000).
  Merging pattern 24'11---0----00000010000010 and 24'11---0----00000010010010 from group (1 1 22'0000000000000001001000).
  Merging pattern 24'1111-0----00001010000010 and 24'1111-0----00001010010010 from group (1 1 22'0000000000000001001000).
  Merging pattern 24'11-0-0-00-00000010100010 and 24'11-0-0-00-00000010110010 from group (1 1 22'0000000000000001001000).
  Merging pattern 24'11---0----00000010010010 and 24'11---0----00000010000010 from group (1 1 22'0000000000000001001000).
  Merging pattern 24'1111-0----00001010010010 and 24'1111-0----00001010000010 from group (1 1 22'0000000000000001001000).
  Merging pattern 24'11-0-0-00-00000010110010 and 24'11-0-0-00-00000010100010 from group (1 1 22'0000000000000001001000).
  Merging pattern 24'11--------00000010001--0 and 24'11--------00000010011--0 from group (1 2 22'0000000000000001000100).
  Merging pattern 24'1111------00001010001--0 and 24'1111------00001010011--0 from group (1 2 22'0000000000000001000100).
  Merging pattern 24'11-0---00-00000010101--0 and 24'11-0---00-00000010111--0 from group (1 2 22'0000000000000001000100).
  Merging pattern 24'11--------00000010011--0 and 24'11--------00000010001--0 from group (1 2 22'0000000000000001000100).
  Merging pattern 24'1111------00001010011--0 and 24'1111------00001010001--0 from group (1 2 22'0000000000000001000100).
  Merging pattern 24'11-0---00-00000010111--0 and 24'11-0---00-00000010101--0 from group (1 2 22'0000000000000001000100).
  Merging pattern 24'11---1----00000010000010 and 24'11---1----00000010010010 from group (1 4 22'0000000000000001000010).
  Merging pattern 24'1111-1----00001010000010 and 24'1111-1----00001010010010 from group (1 4 22'0000000000000001000010).
  Merging pattern 24'11-0-1-00-00000010100010 and 24'11-0-1-00-00000010110010 from group (1 4 22'0000000000000001000010).
  Merging pattern 24'11---1----00000010010010 and 24'11---1----00000010000010 from group (1 4 22'0000000000000001000010).
  Merging pattern 24'1111-1----00001010010010 and 24'1111-1----00001010000010 from group (1 4 22'0000000000000001000010).
  Merging pattern 24'11-0-1-00-00000010110010 and 24'11-0-1-00-00000010100010 from group (1 4 22'0000000000000001000010).
  Merging pattern 24'11--------000000100001-0 and 24'11--------000000100101-0 from group (1 13 22'0000000000000001000011).
  Merging pattern 24'1111------000010100001-0 and 24'1111------000010100101-0 from group (1 13 22'0000000000000001000011).
  Merging pattern 24'11-0---00-000000101001-0 and 24'11-0---00-000000101101-0 from group (1 13 22'0000000000000001000011).
  Merging pattern 24'11--------000000100101-0 and 24'11--------000000100001-0 from group (1 13 22'0000000000000001000011).
  Merging pattern 24'1111------000010100101-0 and 24'1111------000010100001-0 from group (1 13 22'0000000000000001000011).
  Merging pattern 24'11-0---00-000000101101-0 and 24'11-0---00-000000101001-0 from group (1 13 22'0000000000000001000011).
  Merging pattern 24'11--------00000010000000 and 24'11--------00000010010000 from group (2 2 22'0000000000000000100100).
  Merging pattern 24'1111------00001010000000 and 24'1111------00001010010000 from group (2 2 22'0000000000000000100100).
  Merging pattern 24'11-0---00-00000010100000 and 24'11-0---00-00000010110000 from group (2 2 22'0000000000000000100100).
  Merging pattern 24'11--------00000010010000 and 24'11--------00000010000000 from group (2 2 22'0000000000000000100100).
  Merging pattern 24'1111------00001010010000 and 24'1111------00001010000000 from group (2 2 22'0000000000000000100100).
  Merging pattern 24'11-0---00-00000010110000 and 24'11-0---00-00000010100000 from group (2 2 22'0000000000000000100100).
  Merging pattern 24'11---0----00000010000010 and 24'11---0----00000010010010 from group (2 2 22'0000000000000000100100).
  Merging pattern 24'1111-0----00001010000010 and 24'1111-0----00001010010010 from group (2 2 22'0000000000000000100100).
  Merging pattern 24'11-0-0-00-00000010100010 and 24'11-0-0-00-00000010110010 from group (2 2 22'0000000000000000100100).
  Merging pattern 24'11---0----00000010010010 and 24'11---0----00000010000010 from group (2 2 22'0000000000000000100100).
  Merging pattern 24'1111-0----00001010010010 and 24'1111-0----00001010000010 from group (2 2 22'0000000000000000100100).
  Merging pattern 24'11-0-0-00-00000010110010 and 24'11-0-0-00-00000010100010 from group (2 2 22'0000000000000000100100).
  Merging pattern 24'11--------00000010001--0 and 24'11--------00000010011--0 from group (2 2 22'0000000000000000100100).
  Merging pattern 24'1111------00001010001--0 and 24'1111------00001010011--0 from group (2 2 22'0000000000000000100100).
  Merging pattern 24'11-0---00-00000010101--0 and 24'11-0---00-00000010111--0 from group (2 2 22'0000000000000000100100).
  Merging pattern 24'11--------00000010011--0 and 24'11--------00000010001--0 from group (2 2 22'0000000000000000100100).
  Merging pattern 24'1111------00001010011--0 and 24'1111------00001010001--0 from group (2 2 22'0000000000000000100100).
  Merging pattern 24'11-0---00-00000010111--0 and 24'11-0---00-00000010101--0 from group (2 2 22'0000000000000000100100).
  Merging pattern 24'11---1----00000010000010 and 24'11---1----00000010010010 from group (2 4 22'0000000000000000100010).
  Merging pattern 24'1111-1----00001010000010 and 24'1111-1----00001010010010 from group (2 4 22'0000000000000000100010).
  Merging pattern 24'11-0-1-00-00000010100010 and 24'11-0-1-00-00000010110010 from group (2 4 22'0000000000000000100010).
  Merging pattern 24'11---1----00000010010010 and 24'11---1----00000010000010 from group (2 4 22'0000000000000000100010).
  Merging pattern 24'1111-1----00001010010010 and 24'1111-1----00001010000010 from group (2 4 22'0000000000000000100010).
  Merging pattern 24'11-0-1-00-00000010110010 and 24'11-0-1-00-00000010100010 from group (2 4 22'0000000000000000100010).
  Merging pattern 24'11--------000000100001-0 and 24'11--------000000100101-0 from group (2 13 22'0000000000000000100011).
  Merging pattern 24'1111------000010100001-0 and 24'1111------000010100101-0 from group (2 13 22'0000000000000000100011).
  Merging pattern 24'11-0---00-000000101001-0 and 24'11-0---00-000000101101-0 from group (2 13 22'0000000000000000100011).
  Merging pattern 24'11--------000000100101-0 and 24'11--------000000100001-0 from group (2 13 22'0000000000000000100011).
  Merging pattern 24'1111------000010100101-0 and 24'1111------000010100001-0 from group (2 13 22'0000000000000000100011).
  Merging pattern 24'11-0---00-000000101101-0 and 24'11-0---00-000000101001-0 from group (2 13 22'0000000000000000100011).
  Merging pattern 24'11--------00000010001--0 and 24'11--------00000010011--0 from group (3 2 22'0000000000000100000100).
  Merging pattern 24'1111------00001010001--0 and 24'1111------00001010011--0 from group (3 2 22'0000000000000100000100).
  Merging pattern 24'11-0---00-00000010101--0 and 24'11-0---00-00000010111--0 from group (3 2 22'0000000000000100000100).
  Merging pattern 24'11--------00000010011--0 and 24'11--------00000010001--0 from group (3 2 22'0000000000000100000100).
  Merging pattern 24'1111------00001010011--0 and 24'1111------00001010001--0 from group (3 2 22'0000000000000100000100).
  Merging pattern 24'11-0---00-00000010111--0 and 24'11-0---00-00000010101--0 from group (3 2 22'0000000000000100000100).
  Merging pattern 24'11--------00000010000000 and 24'11--------00000010010000 from group (3 3 22'0000000000000100001100).
  Merging pattern 24'1111------00001010000000 and 24'1111------00001010010000 from group (3 3 22'0000000000000100001100).
  Merging pattern 24'11-0---00-00000010100000 and 24'11-0---00-00000010110000 from group (3 3 22'0000000000000100001100).
  Merging pattern 24'11--------00000010010000 and 24'11--------00000010000000 from group (3 3 22'0000000000000100001100).
  Merging pattern 24'1111------00001010010000 and 24'1111------00001010000000 from group (3 3 22'0000000000000100001100).
  Merging pattern 24'11-0---00-00000010110000 and 24'11-0---00-00000010100000 from group (3 3 22'0000000000000100001100).
  Merging pattern 24'11---0----00000010000010 and 24'11---0----00000010010010 from group (3 3 22'0000000000000100001100).
  Merging pattern 24'1111-0----00001010000010 and 24'1111-0----00001010010010 from group (3 3 22'0000000000000100001100).
  Merging pattern 24'11-0-0-00-00000010100010 and 24'11-0-0-00-00000010110010 from group (3 3 22'0000000000000100001100).
  Merging pattern 24'11---0----00000010010010 and 24'11---0----00000010000010 from group (3 3 22'0000000000000100001100).
  Merging pattern 24'1111-0----00001010010010 and 24'1111-0----00001010000010 from group (3 3 22'0000000000000100001100).
  Merging pattern 24'11-0-0-00-00000010110010 and 24'11-0-0-00-00000010100010 from group (3 3 22'0000000000000100001100).
  Merging pattern 24'11---1----00000010000010 and 24'11---1----00000010010010 from group (3 4 22'0000000000000100000010).
  Merging pattern 24'1111-1----00001010000010 and 24'1111-1----00001010010010 from group (3 4 22'0000000000000100000010).
  Merging pattern 24'11-0-1-00-00000010100010 and 24'11-0-1-00-00000010110010 from group (3 4 22'0000000000000100000010).
  Merging pattern 24'11---1----00000010010010 and 24'11---1----00000010000010 from group (3 4 22'0000000000000100000010).
  Merging pattern 24'1111-1----00001010010010 and 24'1111-1----00001010000010 from group (3 4 22'0000000000000100000010).
  Merging pattern 24'11-0-1-00-00000010110010 and 24'11-0-1-00-00000010100010 from group (3 4 22'0000000000000100000010).
  Merging pattern 24'11--------000000100001-0 and 24'11--------000000100101-0 from group (3 13 22'0000000000000100000011).
  Merging pattern 24'1111------000010100001-0 and 24'1111------000010100101-0 from group (3 13 22'0000000000000100000011).
  Merging pattern 24'11-0---00-000000101001-0 and 24'11-0---00-000000101101-0 from group (3 13 22'0000000000000100000011).
  Merging pattern 24'11--------000000100101-0 and 24'11--------000000100001-0 from group (3 13 22'0000000000000100000011).
  Merging pattern 24'1111------000010100101-0 and 24'1111------000010100001-0 from group (3 13 22'0000000000000100000011).
  Merging pattern 24'11-0---00-000000101101-0 and 24'11-0---00-000000101001-0 from group (3 13 22'0000000000000100000011).
  Merging pattern 24'11--------00000010001--0 and 24'11--------00000010011--0 from group (4 2 22'0000000010000000000100).
  Merging pattern 24'1111------00001010001--0 and 24'1111------00001010011--0 from group (4 2 22'0000000010000000000100).
  Merging pattern 24'11-0---00-00000010101--0 and 24'11-0---00-00000010111--0 from group (4 2 22'0000000010000000000100).
  Merging pattern 24'11--------00000010011--0 and 24'11--------00000010001--0 from group (4 2 22'0000000010000000000100).
  Merging pattern 24'1111------00001010011--0 and 24'1111------00001010001--0 from group (4 2 22'0000000010000000000100).
  Merging pattern 24'11-0---00-00000010111--0 and 24'11-0---00-00000010101--0 from group (4 2 22'0000000010000000000100).
  Merging pattern 24'11--------00000010000000 and 24'11--------00000010010000 from group (4 4 22'0000000010000000000010).
  Merging pattern 24'1111------00001010000000 and 24'1111------00001010010000 from group (4 4 22'0000000010000000000010).
  Merging pattern 24'11-0---00-00000010100000 and 24'11-0---00-00000010110000 from group (4 4 22'0000000010000000000010).
  Merging pattern 24'11--------00000010010000 and 24'11--------00000010000000 from group (4 4 22'0000000010000000000010).
  Merging pattern 24'1111------00001010010000 and 24'1111------00001010000000 from group (4 4 22'0000000010000000000010).
  Merging pattern 24'11-0---00-00000010110000 and 24'11-0---00-00000010100000 from group (4 4 22'0000000010000000000010).
  Merging pattern 24'11---0----00000010000010 and 24'11---0----00000010010010 from group (4 4 22'0000000010000000000010).
  Merging pattern 24'11---1----00000010000010 and 24'11---1----00000010010010 from group (4 4 22'0000000010000000000010).
  Merging pattern 24'1111-0----00001010000010 and 24'1111-0----00001010010010 from group (4 4 22'0000000010000000000010).
  Merging pattern 24'1111-1----00001010000010 and 24'1111-1----00001010010010 from group (4 4 22'0000000010000000000010).
  Merging pattern 24'11-0-0-00-00000010100010 and 24'11-0-0-00-00000010110010 from group (4 4 22'0000000010000000000010).
  Merging pattern 24'11-0-1-00-00000010100010 and 24'11-0-1-00-00000010110010 from group (4 4 22'0000000010000000000010).
  Merging pattern 24'11---0----00000010010010 and 24'11---0----00000010000010 from group (4 4 22'0000000010000000000010).
  Merging pattern 24'11---1----00000010010010 and 24'11---1----00000010000010 from group (4 4 22'0000000010000000000010).
  Merging pattern 24'1111-0----00001010010010 and 24'1111-0----00001010000010 from group (4 4 22'0000000010000000000010).
  Merging pattern 24'1111-1----00001010010010 and 24'1111-1----00001010000010 from group (4 4 22'0000000010000000000010).
  Merging pattern 24'11-0-0-00-00000010110010 and 24'11-0-0-00-00000010100010 from group (4 4 22'0000000010000000000010).
  Merging pattern 24'11-0-1-00-00000010110010 and 24'11-0-1-00-00000010100010 from group (4 4 22'0000000010000000000010).
  Merging pattern 24'-----0----00000000010010 and 24'-----1----00000000010010 from group (4 4 22'0000000010000000000010).
  Merging pattern 24'-----1----00000000010010 and 24'-----0----00000000010010 from group (4 4 22'0000000010000000000010).
  Merging pattern 24'--11-0----00001000010010 and 24'--11-1----00001000010010 from group (4 4 22'0000000010000000000010).
  Merging pattern 24'--11-1----00001000010010 and 24'--11-0----00001000010010 from group (4 4 22'0000000010000000000010).
  Merging pattern 24'---0-0-00-00000000110010 and 24'---0-1-00-00000000110010 from group (4 4 22'0000000010000000000010).
  Merging pattern 24'---0-1-00-00000000110010 and 24'---0-0-00-00000000110010 from group (4 4 22'0000000010000000000010).
  Merging pattern 24'11---0----000000100-0010 and 24'11---1----000000100-0010 from group (4 4 22'0000000010000000000010).
  Merging pattern 24'11---1----000000100-0010 and 24'11---0----000000100-0010 from group (4 4 22'0000000010000000000010).
  Merging pattern 24'1111-0----000010100-0010 and 24'1111-1----000010100-0010 from group (4 4 22'0000000010000000000010).
  Merging pattern 24'1111-1----000010100-0010 and 24'1111-0----000010100-0010 from group (4 4 22'0000000010000000000010).
  Merging pattern 24'11-0-0-00-000000101-0010 and 24'11-0-1-00-000000101-0010 from group (4 4 22'0000000010000000000010).
  Merging pattern 24'11-0-1-00-000000101-0010 and 24'11-0-0-00-000000101-0010 from group (4 4 22'0000000010000000000010).
  Merging pattern 24'-----0----0000000000001- and 24'-----1----0000000000001- from group (4 4 22'0000000010000000000010).
  Merging pattern 24'-----1----0000000000001- and 24'-----0----0000000000001- from group (4 4 22'0000000010000000000010).
  Merging pattern 24'--11-0----0000100000001- and 24'--11-1----0000100000001- from group (4 4 22'0000000010000000000010).
  Merging pattern 24'--11-1----0000100000001- and 24'--11-0----0000100000001- from group (4 4 22'0000000010000000000010).
  Merging pattern 24'---0-0-00-0000000010001- and 24'---0-1-00-0000000010001- from group (4 4 22'0000000010000000000010).
  Merging pattern 24'---0-1-00-0000000010001- and 24'---0-0-00-0000000010001- from group (4 4 22'0000000010000000000010).
  Merging pattern 24'----------00000000010000 and 24'----------00000000010010 from group (4 4 22'0000000010000000000010).
  Merging pattern 24'--11------00001000010000 and 24'--11------00001000010010 from group (4 4 22'0000000010000000000010).
  Merging pattern 24'---0---00-00000000110000 and 24'---0---00-00000000110010 from group (4 4 22'0000000010000000000010).
  Merging pattern 24'11--------000000100-0000 and 24'11--------000000100-0010 from group (4 4 22'0000000010000000000010).
  Merging pattern 24'1111------000010100-0000 and 24'1111------000010100-0010 from group (4 4 22'0000000010000000000010).
  Merging pattern 24'11-0---00-000000101-0000 and 24'11-0---00-000000101-0010 from group (4 4 22'0000000010000000000010).
  Merging pattern 24'----------00000000010010 and 24'----------00000000010000 from group (4 4 22'0000000010000000000010).
  Merging pattern 24'--11------00001000010010 and 24'--11------00001000010000 from group (4 4 22'0000000010000000000010).
  Merging pattern 24'---0---00-00000000110010 and 24'---0---00-00000000110000 from group (4 4 22'0000000010000000000010).
  Merging pattern 24'11--------000000100-0010 and 24'11--------000000100-0000 from group (4 4 22'0000000010000000000010).
  Merging pattern 24'1111------000010100-0010 and 24'1111------000010100-0000 from group (4 4 22'0000000010000000000010).
  Merging pattern 24'11-0---00-000000101-0010 and 24'11-0---00-000000101-0000 from group (4 4 22'0000000010000000000010).
  Merging pattern 24'----------0000000000000- and 24'----------0000000000001- from group (4 4 22'0000000010000000000010).
  Merging pattern 24'--11------0000100000000- and 24'--11------0000100000001- from group (4 4 22'0000000010000000000010).
  Merging pattern 24'---0---00-0000000010000- and 24'---0---00-0000000010001- from group (4 4 22'0000000010000000000010).
  Merging pattern 24'----------0000000000001- and 24'----------0000000000000- from group (4 4 22'0000000010000000000010).
  Merging pattern 24'--11------0000100000001- and 24'--11------0000100000000- from group (4 4 22'0000000010000000000010).
  Merging pattern 24'---0---00-0000000010001- and 24'---0---00-0000000010000- from group (4 4 22'0000000010000000000010).
  Merging pattern 24'11--------000000100001-0 and 24'11--------000000100101-0 from group (4 13 22'0000000010000000000011).
  Merging pattern 24'1111------000010100001-0 and 24'1111------000010100101-0 from group (4 13 22'0000000010000000000011).
  Merging pattern 24'11-0---00-000000101001-0 and 24'11-0---00-000000101101-0 from group (4 13 22'0000000010000000000011).
  Merging pattern 24'11--------000000100101-0 and 24'11--------000000100001-0 from group (4 13 22'0000000010000000000011).
  Merging pattern 24'1111------000010100101-0 and 24'1111------000010100001-0 from group (4 13 22'0000000010000000000011).
  Merging pattern 24'11-0---00-000000101101-0 and 24'11-0---00-000000101001-0 from group (4 13 22'0000000010000000000011).
  Merging pattern 24'11--------00000010001--0 and 24'11--------00000010011--0 from group (5 2 22'0000100000000000000100).
  Merging pattern 24'1111------00001010001--0 and 24'1111------00001010011--0 from group (5 2 22'0000100000000000000100).
  Merging pattern 24'11-0---00-00000010101--0 and 24'11-0---00-00000010111--0 from group (5 2 22'0000100000000000000100).
  Merging pattern 24'11--------00000010011--0 and 24'11--------00000010001--0 from group (5 2 22'0000100000000000000100).
  Merging pattern 24'1111------00001010011--0 and 24'1111------00001010001--0 from group (5 2 22'0000100000000000000100).
  Merging pattern 24'11-0---00-00000010111--0 and 24'11-0---00-00000010101--0 from group (5 2 22'0000100000000000000100).
  Merging pattern 24'11---1----00000010000010 and 24'11---1----00000010010010 from group (5 4 22'0000100000000000000010).
  Merging pattern 24'1111-1----00001010000010 and 24'1111-1----00001010010010 from group (5 4 22'0000100000000000000010).
  Merging pattern 24'11-0-1-00-00000010100010 and 24'11-0-1-00-00000010110010 from group (5 4 22'0000100000000000000010).
  Merging pattern 24'11---1----00000010010010 and 24'11---1----00000010000010 from group (5 4 22'0000100000000000000010).
  Merging pattern 24'1111-1----00001010010010 and 24'1111-1----00001010000010 from group (5 4 22'0000100000000000000010).
  Merging pattern 24'11-0-1-00-00000010110010 and 24'11-0-1-00-00000010100010 from group (5 4 22'0000100000000000000010).
  Merging pattern 24'11--------00000010000000 and 24'11--------00000010010000 from group (5 5 22'0000100000000000001010).
  Merging pattern 24'1111------00001010000000 and 24'1111------00001010010000 from group (5 5 22'0000100000000000001010).
  Merging pattern 24'11-0---00-00000010100000 and 24'11-0---00-00000010110000 from group (5 5 22'0000100000000000001010).
  Merging pattern 24'11--------00000010010000 and 24'11--------00000010000000 from group (5 5 22'0000100000000000001010).
  Merging pattern 24'1111------00001010010000 and 24'1111------00001010000000 from group (5 5 22'0000100000000000001010).
  Merging pattern 24'11-0---00-00000010110000 and 24'11-0---00-00000010100000 from group (5 5 22'0000100000000000001010).
  Merging pattern 24'11---0----00000010000010 and 24'11---0----00000010010010 from group (5 5 22'0000100000000000001010).
  Merging pattern 24'1111-0----00001010000010 and 24'1111-0----00001010010010 from group (5 5 22'0000100000000000001010).
  Merging pattern 24'11-0-0-00-00000010100010 and 24'11-0-0-00-00000010110010 from group (5 5 22'0000100000000000001010).
  Merging pattern 24'11---0----00000010010010 and 24'11---0----00000010000010 from group (5 5 22'0000100000000000001010).
  Merging pattern 24'1111-0----00001010010010 and 24'1111-0----00001010000010 from group (5 5 22'0000100000000000001010).
  Merging pattern 24'11-0-0-00-00000010110010 and 24'11-0-0-00-00000010100010 from group (5 5 22'0000100000000000001010).
  Merging pattern 24'11--------000000100001-0 and 24'11--------000000100101-0 from group (5 13 22'0000100000000000000011).
  Merging pattern 24'1111------000010100001-0 and 24'1111------000010100101-0 from group (5 13 22'0000100000000000000011).
  Merging pattern 24'11-0---00-000000101001-0 and 24'11-0---00-000000101101-0 from group (5 13 22'0000100000000000000011).
  Merging pattern 24'11--------000000100101-0 and 24'11--------000000100001-0 from group (5 13 22'0000100000000000000011).
  Merging pattern 24'1111------000010100101-0 and 24'1111------000010100001-0 from group (5 13 22'0000100000000000000011).
  Merging pattern 24'11-0---00-000000101101-0 and 24'11-0---00-000000101001-0 from group (5 13 22'0000100000000000000011).
  Merging pattern 24'11--------00000010001--0 and 24'11--------00000010011--0 from group (6 2 22'0000010000000000000100).
  Merging pattern 24'1111------00001010001--0 and 24'1111------00001010011--0 from group (6 2 22'0000010000000000000100).
  Merging pattern 24'11-0---00-00000010101--0 and 24'11-0---00-00000010111--0 from group (6 2 22'0000010000000000000100).
  Merging pattern 24'11--------00000010011--0 and 24'11--------00000010001--0 from group (6 2 22'0000010000000000000100).
  Merging pattern 24'1111------00001010011--0 and 24'1111------00001010001--0 from group (6 2 22'0000010000000000000100).
  Merging pattern 24'11-0---00-00000010111--0 and 24'11-0---00-00000010101--0 from group (6 2 22'0000010000000000000100).
  Merging pattern 24'11---1----00000010000010 and 24'11---1----00000010010010 from group (6 4 22'0000010000000000000010).
  Merging pattern 24'1111-1----00001010000010 and 24'1111-1----00001010010010 from group (6 4 22'0000010000000000000010).
  Merging pattern 24'11-0-1-00-00000010100010 and 24'11-0-1-00-00000010110010 from group (6 4 22'0000010000000000000010).
  Merging pattern 24'11---1----00000010010010 and 24'11---1----00000010000010 from group (6 4 22'0000010000000000000010).
  Merging pattern 24'1111-1----00001010010010 and 24'1111-1----00001010000010 from group (6 4 22'0000010000000000000010).
  Merging pattern 24'11-0-1-00-00000010110010 and 24'11-0-1-00-00000010100010 from group (6 4 22'0000010000000000000010).
  Merging pattern 24'11--------00000010000000 and 24'11--------00000010010000 from group (6 6 22'0000010000000000000110).
  Merging pattern 24'1111------00001010000000 and 24'1111------00001010010000 from group (6 6 22'0000010000000000000110).
  Merging pattern 24'11-0---00-00000010100000 and 24'11-0---00-00000010110000 from group (6 6 22'0000010000000000000110).
  Merging pattern 24'11--------00000010010000 and 24'11--------00000010000000 from group (6 6 22'0000010000000000000110).
  Merging pattern 24'1111------00001010010000 and 24'1111------00001010000000 from group (6 6 22'0000010000000000000110).
  Merging pattern 24'11-0---00-00000010110000 and 24'11-0---00-00000010100000 from group (6 6 22'0000010000000000000110).
  Merging pattern 24'11---0----00000010000010 and 24'11---0----00000010010010 from group (6 6 22'0000010000000000000110).
  Merging pattern 24'1111-0----00001010000010 and 24'1111-0----00001010010010 from group (6 6 22'0000010000000000000110).
  Merging pattern 24'11-0-0-00-00000010100010 and 24'11-0-0-00-00000010110010 from group (6 6 22'0000010000000000000110).
  Merging pattern 24'11---0----00000010010010 and 24'11---0----00000010000010 from group (6 6 22'0000010000000000000110).
  Merging pattern 24'1111-0----00001010010010 and 24'1111-0----00001010000010 from group (6 6 22'0000010000000000000110).
  Merging pattern 24'11-0-0-00-00000010110010 and 24'11-0-0-00-00000010100010 from group (6 6 22'0000010000000000000110).
  Merging pattern 24'11--------000000100001-0 and 24'11--------000000100101-0 from group (6 13 22'0000010000000000000011).
  Merging pattern 24'1111------000010100001-0 and 24'1111------000010100101-0 from group (6 13 22'0000010000000000000011).
  Merging pattern 24'11-0---00-000000101001-0 and 24'11-0---00-000000101101-0 from group (6 13 22'0000010000000000000011).
  Merging pattern 24'11--------000000100101-0 and 24'11--------000000100001-0 from group (6 13 22'0000010000000000000011).
  Merging pattern 24'1111------000010100101-0 and 24'1111------000010100001-0 from group (6 13 22'0000010000000000000011).
  Merging pattern 24'11-0---00-000000101101-0 and 24'11-0---00-000000101001-0 from group (6 13 22'0000010000000000000011).
  Merging pattern 24'11--------00000010001--0 and 24'11--------00000010011--0 from group (7 2 22'0000000000010000000100).
  Merging pattern 24'1111------00001010001--0 and 24'1111------00001010011--0 from group (7 2 22'0000000000010000000100).
  Merging pattern 24'11-0---00-00000010101--0 and 24'11-0---00-00000010111--0 from group (7 2 22'0000000000010000000100).
  Merging pattern 24'11--------00000010011--0 and 24'11--------00000010001--0 from group (7 2 22'0000000000010000000100).
  Merging pattern 24'1111------00001010011--0 and 24'1111------00001010001--0 from group (7 2 22'0000000000010000000100).
  Merging pattern 24'11-0---00-00000010111--0 and 24'11-0---00-00000010101--0 from group (7 2 22'0000000000010000000100).
  Merging pattern 24'11---1----00000010000010 and 24'11---1----00000010010010 from group (7 4 22'0000000000010000000010).
  Merging pattern 24'1111-1----00001010000010 and 24'1111-1----00001010010010 from group (7 4 22'0000000000010000000010).
  Merging pattern 24'11-0-1-00-00000010100010 and 24'11-0-1-00-00000010110010 from group (7 4 22'0000000000010000000010).
  Merging pattern 24'11---1----00000010010010 and 24'11---1----00000010000010 from group (7 4 22'0000000000010000000010).
  Merging pattern 24'1111-1----00001010010010 and 24'1111-1----00001010000010 from group (7 4 22'0000000000010000000010).
  Merging pattern 24'11-0-1-00-00000010110010 and 24'11-0-1-00-00000010100010 from group (7 4 22'0000000000010000000010).
  Merging pattern 24'11--------00000010000000 and 24'11--------00000010010000 from group (7 7 22'0000000000010000001110).
  Merging pattern 24'1111------00001010000000 and 24'1111------00001010010000 from group (7 7 22'0000000000010000001110).
  Merging pattern 24'11-0---00-00000010100000 and 24'11-0---00-00000010110000 from group (7 7 22'0000000000010000001110).
  Merging pattern 24'11--------00000010010000 and 24'11--------00000010000000 from group (7 7 22'0000000000010000001110).
  Merging pattern 24'1111------00001010010000 and 24'1111------00001010000000 from group (7 7 22'0000000000010000001110).
  Merging pattern 24'11-0---00-00000010110000 and 24'11-0---00-00000010100000 from group (7 7 22'0000000000010000001110).
  Merging pattern 24'11---0----00000010000010 and 24'11---0----00000010010010 from group (7 7 22'0000000000010000001110).
  Merging pattern 24'1111-0----00001010000010 and 24'1111-0----00001010010010 from group (7 7 22'0000000000010000001110).
  Merging pattern 24'11-0-0-00-00000010100010 and 24'11-0-0-00-00000010110010 from group (7 7 22'0000000000010000001110).
  Merging pattern 24'11---0----00000010010010 and 24'11---0----00000010000010 from group (7 7 22'0000000000010000001110).
  Merging pattern 24'1111-0----00001010010010 and 24'1111-0----00001010000010 from group (7 7 22'0000000000010000001110).
  Merging pattern 24'11-0-0-00-00000010110010 and 24'11-0-0-00-00000010100010 from group (7 7 22'0000000000010000001110).
  Merging pattern 24'11--------000000100001-0 and 24'11--------000000100101-0 from group (7 13 22'0000000000010000000011).
  Merging pattern 24'1111------000010100001-0 and 24'1111------000010100101-0 from group (7 13 22'0000000000010000000011).
  Merging pattern 24'11-0---00-000000101001-0 and 24'11-0---00-000000101101-0 from group (7 13 22'0000000000010000000011).
  Merging pattern 24'11--------000000100101-0 and 24'11--------000000100001-0 from group (7 13 22'0000000000010000000011).
  Merging pattern 24'1111------000010100101-0 and 24'1111------000010100001-0 from group (7 13 22'0000000000010000000011).
  Merging pattern 24'11-0---00-000000101101-0 and 24'11-0---00-000000101001-0 from group (7 13 22'0000000000010000000011).
  Merging pattern 24'11--------00000010001--0 and 24'11--------00000010011--0 from group (8 2 22'0000000001000000000100).
  Merging pattern 24'1111------00001010001--0 and 24'1111------00001010011--0 from group (8 2 22'0000000001000000000100).
  Merging pattern 24'11-0---00-00000010101--0 and 24'11-0---00-00000010111--0 from group (8 2 22'0000000001000000000100).
  Merging pattern 24'11--------00000010011--0 and 24'11--------00000010001--0 from group (8 2 22'0000000001000000000100).
  Merging pattern 24'1111------00001010011--0 and 24'1111------00001010001--0 from group (8 2 22'0000000001000000000100).
  Merging pattern 24'11-0---00-00000010111--0 and 24'11-0---00-00000010101--0 from group (8 2 22'0000000001000000000100).
  Merging pattern 24'11---1----00000010000010 and 24'11---1----00000010010010 from group (8 4 22'0000000001000000000010).
  Merging pattern 24'1111-1----00001010000010 and 24'1111-1----00001010010010 from group (8 4 22'0000000001000000000010).
  Merging pattern 24'11-0-1-00-00000010100010 and 24'11-0-1-00-00000010110010 from group (8 4 22'0000000001000000000010).
  Merging pattern 24'11---1----00000010010010 and 24'11---1----00000010000010 from group (8 4 22'0000000001000000000010).
  Merging pattern 24'1111-1----00001010010010 and 24'1111-1----00001010000010 from group (8 4 22'0000000001000000000010).
  Merging pattern 24'11-0-1-00-00000010110010 and 24'11-0-1-00-00000010100010 from group (8 4 22'0000000001000000000010).
  Merging pattern 24'11--------00000010000000 and 24'11--------00000010010000 from group (8 8 22'0000000001000000000001).
  Merging pattern 24'1111------00001010000000 and 24'1111------00001010010000 from group (8 8 22'0000000001000000000001).
  Merging pattern 24'11-0---00-00000010100000 and 24'11-0---00-00000010110000 from group (8 8 22'0000000001000000000001).
  Merging pattern 24'11--------00000010010000 and 24'11--------00000010000000 from group (8 8 22'0000000001000000000001).
  Merging pattern 24'1111------00001010010000 and 24'1111------00001010000000 from group (8 8 22'0000000001000000000001).
  Merging pattern 24'11-0---00-00000010110000 and 24'11-0---00-00000010100000 from group (8 8 22'0000000001000000000001).
  Merging pattern 24'11---0----00000010000010 and 24'11---0----00000010010010 from group (8 8 22'0000000001000000000001).
  Merging pattern 24'1111-0----00001010000010 and 24'1111-0----00001010010010 from group (8 8 22'0000000001000000000001).
  Merging pattern 24'11-0-0-00-00000010100010 and 24'11-0-0-00-00000010110010 from group (8 8 22'0000000001000000000001).
  Merging pattern 24'11---0----00000010010010 and 24'11---0----00000010000010 from group (8 8 22'0000000001000000000001).
  Merging pattern 24'1111-0----00001010010010 and 24'1111-0----00001010000010 from group (8 8 22'0000000001000000000001).
  Merging pattern 24'11-0-0-00-00000010110010 and 24'11-0-0-00-00000010100010 from group (8 8 22'0000000001000000000001).
  Merging pattern 24'11--------000000100001-0 and 24'11--------000000100101-0 from group (8 13 22'0000000001000000000011).
  Merging pattern 24'1111------000010100001-0 and 24'1111------000010100101-0 from group (8 13 22'0000000001000000000011).
  Merging pattern 24'11-0---00-000000101001-0 and 24'11-0---00-000000101101-0 from group (8 13 22'0000000001000000000011).
  Merging pattern 24'11--------000000100101-0 and 24'11--------000000100001-0 from group (8 13 22'0000000001000000000011).
  Merging pattern 24'1111------000010100101-0 and 24'1111------000010100001-0 from group (8 13 22'0000000001000000000011).
  Merging pattern 24'11-0---00-000000101101-0 and 24'11-0---00-000000101001-0 from group (8 13 22'0000000001000000000011).
  Merging pattern 24'11--------00000010001--0 and 24'11--------00000010011--0 from group (9 2 22'0010000000000000000100).
  Merging pattern 24'1111------00001010001--0 and 24'1111------00001010011--0 from group (9 2 22'0010000000000000000100).
  Merging pattern 24'11-0---00-00000010101--0 and 24'11-0---00-00000010111--0 from group (9 2 22'0010000000000000000100).
  Merging pattern 24'11--------00000010011--0 and 24'11--------00000010001--0 from group (9 2 22'0010000000000000000100).
  Merging pattern 24'1111------00001010011--0 and 24'1111------00001010001--0 from group (9 2 22'0010000000000000000100).
  Merging pattern 24'11-0---00-00000010111--0 and 24'11-0---00-00000010101--0 from group (9 2 22'0010000000000000000100).
  Merging pattern 24'11---1----00000010000010 and 24'11---1----00000010010010 from group (9 4 22'0010000000000000000010).
  Merging pattern 24'1111-1----00001010000010 and 24'1111-1----00001010010010 from group (9 4 22'0010000000000000000010).
  Merging pattern 24'11-0-1-00-00000010100010 and 24'11-0-1-00-00000010110010 from group (9 4 22'0010000000000000000010).
  Merging pattern 24'11---1----00000010010010 and 24'11---1----00000010000010 from group (9 4 22'0010000000000000000010).
  Merging pattern 24'1111-1----00001010010010 and 24'1111-1----00001010000010 from group (9 4 22'0010000000000000000010).
  Merging pattern 24'11-0-1-00-00000010110010 and 24'11-0-1-00-00000010100010 from group (9 4 22'0010000000000000000010).
  Merging pattern 24'11--------00000010000000 and 24'11--------00000010010000 from group (9 9 22'0010000000000000010001).
  Merging pattern 24'1111------00001010000000 and 24'1111------00001010010000 from group (9 9 22'0010000000000000010001).
  Merging pattern 24'11-0---00-00000010100000 and 24'11-0---00-00000010110000 from group (9 9 22'0010000000000000010001).
  Merging pattern 24'11--------00000010010000 and 24'11--------00000010000000 from group (9 9 22'0010000000000000010001).
  Merging pattern 24'1111------00001010010000 and 24'1111------00001010000000 from group (9 9 22'0010000000000000010001).
  Merging pattern 24'11-0---00-00000010110000 and 24'11-0---00-00000010100000 from group (9 9 22'0010000000000000010001).
  Merging pattern 24'11---0----00000010000010 and 24'11---0----00000010010010 from group (9 9 22'0010000000000000010001).
  Merging pattern 24'1111-0----00001010000010 and 24'1111-0----00001010010010 from group (9 9 22'0010000000000000010001).
  Merging pattern 24'11-0-0-00-00000010100010 and 24'11-0-0-00-00000010110010 from group (9 9 22'0010000000000000010001).
  Merging pattern 24'11---0----00000010010010 and 24'11---0----00000010000010 from group (9 9 22'0010000000000000010001).
  Merging pattern 24'1111-0----00001010010010 and 24'1111-0----00001010000010 from group (9 9 22'0010000000000000010001).
  Merging pattern 24'11-0-0-00-00000010110010 and 24'11-0-0-00-00000010100010 from group (9 9 22'0010000000000000010001).
  Merging pattern 24'11--------000000100001-0 and 24'11--------000000100101-0 from group (9 13 22'0010000000000000000011).
  Merging pattern 24'1111------000010100001-0 and 24'1111------000010100101-0 from group (9 13 22'0010000000000000000011).
  Merging pattern 24'11-0---00-000000101001-0 and 24'11-0---00-000000101101-0 from group (9 13 22'0010000000000000000011).
  Merging pattern 24'11--------000000100101-0 and 24'11--------000000100001-0 from group (9 13 22'0010000000000000000011).
  Merging pattern 24'1111------000010100101-0 and 24'1111------000010100001-0 from group (9 13 22'0010000000000000000011).
  Merging pattern 24'11-0---00-000000101101-0 and 24'11-0---00-000000101001-0 from group (9 13 22'0010000000000000000011).
  Merging pattern 24'--11------000010-------- and 24'--11------000110-------- from group (10 12 22'0000000000000010001101).
  Merging pattern 24'--11------000110-------- and 24'--11------000010-------- from group (10 12 22'0000000000000010001101).
  Merging pattern 24'11--------00000010001--0 and 24'11--------00000010011--0 from group (11 2 22'0000001000000000000100).
  Merging pattern 24'1111------00001010001--0 and 24'1111------00001010011--0 from group (11 2 22'0000001000000000000100).
  Merging pattern 24'11-0---00-00000010101--0 and 24'11-0---00-00000010111--0 from group (11 2 22'0000001000000000000100).
  Merging pattern 24'11--------00000010011--0 and 24'11--------00000010001--0 from group (11 2 22'0000001000000000000100).
  Merging pattern 24'1111------00001010011--0 and 24'1111------00001010001--0 from group (11 2 22'0000001000000000000100).
  Merging pattern 24'11-0---00-00000010111--0 and 24'11-0---00-00000010101--0 from group (11 2 22'0000001000000000000100).
  Merging pattern 24'11---1----00000010000010 and 24'11---1----00000010010010 from group (11 4 22'0000001000000000000010).
  Merging pattern 24'1111-1----00001010000010 and 24'1111-1----00001010010010 from group (11 4 22'0000001000000000000010).
  Merging pattern 24'11-0-1-00-00000010100010 and 24'11-0-1-00-00000010110010 from group (11 4 22'0000001000000000000010).
  Merging pattern 24'11---1----00000010010010 and 24'11---1----00000010000010 from group (11 4 22'0000001000000000000010).
  Merging pattern 24'1111-1----00001010010010 and 24'1111-1----00001010000010 from group (11 4 22'0000001000000000000010).
  Merging pattern 24'11-0-1-00-00000010110010 and 24'11-0-1-00-00000010100010 from group (11 4 22'0000001000000000000010).
  Merging pattern 24'11--------00000010000000 and 24'11--------00000010010000 from group (11 11 22'0000001000000000000101).
  Merging pattern 24'1111------00001010000000 and 24'1111------00001010010000 from group (11 11 22'0000001000000000000101).
  Merging pattern 24'11-0---00-00000010100000 and 24'11-0---00-00000010110000 from group (11 11 22'0000001000000000000101).
  Merging pattern 24'11--------00000010010000 and 24'11--------00000010000000 from group (11 11 22'0000001000000000000101).
  Merging pattern 24'1111------00001010010000 and 24'1111------00001010000000 from group (11 11 22'0000001000000000000101).
  Merging pattern 24'11-0---00-00000010110000 and 24'11-0---00-00000010100000 from group (11 11 22'0000001000000000000101).
  Merging pattern 24'11---0----00000010000010 and 24'11---0----00000010010010 from group (11 11 22'0000001000000000000101).
  Merging pattern 24'1111-0----00001010000010 and 24'1111-0----00001010010010 from group (11 11 22'0000001000000000000101).
  Merging pattern 24'11-0-0-00-00000010100010 and 24'11-0-0-00-00000010110010 from group (11 11 22'0000001000000000000101).
  Merging pattern 24'11---0----00000010010010 and 24'11---0----00000010000010 from group (11 11 22'0000001000000000000101).
  Merging pattern 24'1111-0----00001010010010 and 24'1111-0----00001010000010 from group (11 11 22'0000001000000000000101).
  Merging pattern 24'11-0-0-00-00000010110010 and 24'11-0-0-00-00000010100010 from group (11 11 22'0000001000000000000101).
  Merging pattern 24'11--------000000100001-0 and 24'11--------000000100101-0 from group (11 13 22'0000001000000000000011).
  Merging pattern 24'1111------000010100001-0 and 24'1111------000010100101-0 from group (11 13 22'0000001000000000000011).
  Merging pattern 24'11-0---00-000000101001-0 and 24'11-0---00-000000101101-0 from group (11 13 22'0000001000000000000011).
  Merging pattern 24'11--------000000100101-0 and 24'11--------000000100001-0 from group (11 13 22'0000001000000000000011).
  Merging pattern 24'1111------000010100101-0 and 24'1111------000010100001-0 from group (11 13 22'0000001000000000000011).
  Merging pattern 24'11-0---00-000000101101-0 and 24'11-0---00-000000101001-0 from group (11 13 22'0000001000000000000011).
  Merging pattern 24'11--------00000010001--0 and 24'11--------00000010011--0 from group (13 2 22'0000000100000000000100).
  Merging pattern 24'1111------00001010001--0 and 24'1111------00001010011--0 from group (13 2 22'0000000100000000000100).
  Merging pattern 24'11-0---00-00000010101--0 and 24'11-0---00-00000010111--0 from group (13 2 22'0000000100000000000100).
  Merging pattern 24'11--------00000010011--0 and 24'11--------00000010001--0 from group (13 2 22'0000000100000000000100).
  Merging pattern 24'1111------00001010011--0 and 24'1111------00001010001--0 from group (13 2 22'0000000100000000000100).
  Merging pattern 24'11-0---00-00000010111--0 and 24'11-0---00-00000010101--0 from group (13 2 22'0000000100000000000100).
  Merging pattern 24'11---1----00000010000010 and 24'11---1----00000010010010 from group (13 4 22'0000000100000000000010).
  Merging pattern 24'1111-1----00001010000010 and 24'1111-1----00001010010010 from group (13 4 22'0000000100000000000010).
  Merging pattern 24'11-0-1-00-00000010100010 and 24'11-0-1-00-00000010110010 from group (13 4 22'0000000100000000000010).
  Merging pattern 24'11---1----00000010010010 and 24'11---1----00000010000010 from group (13 4 22'0000000100000000000010).
  Merging pattern 24'1111-1----00001010010010 and 24'1111-1----00001010000010 from group (13 4 22'0000000100000000000010).
  Merging pattern 24'11-0-1-00-00000010110010 and 24'11-0-1-00-00000010100010 from group (13 4 22'0000000100000000000010).
  Merging pattern 24'11--------00000010000000 and 24'11--------00000010010000 from group (13 13 22'0000000100000000000011).
  Merging pattern 24'1111------00001010000000 and 24'1111------00001010010000 from group (13 13 22'0000000100000000000011).
  Merging pattern 24'11-0---00-00000010100000 and 24'11-0---00-00000010110000 from group (13 13 22'0000000100000000000011).
  Merging pattern 24'11--------00000010010000 and 24'11--------00000010000000 from group (13 13 22'0000000100000000000011).
  Merging pattern 24'1111------00001010010000 and 24'1111------00001010000000 from group (13 13 22'0000000100000000000011).
  Merging pattern 24'11-0---00-00000010110000 and 24'11-0---00-00000010100000 from group (13 13 22'0000000100000000000011).
  Merging pattern 24'11---0----00000010000010 and 24'11---0----00000010010010 from group (13 13 22'0000000100000000000011).
  Merging pattern 24'1111-0----00001010000010 and 24'1111-0----00001010010010 from group (13 13 22'0000000100000000000011).
  Merging pattern 24'11-0-0-00-00000010100010 and 24'11-0-0-00-00000010110010 from group (13 13 22'0000000100000000000011).
  Merging pattern 24'11---0----00000010010010 and 24'11---0----00000010000010 from group (13 13 22'0000000100000000000011).
  Merging pattern 24'1111-0----00001010010010 and 24'1111-0----00001010000010 from group (13 13 22'0000000100000000000011).
  Merging pattern 24'11-0-0-00-00000010110010 and 24'11-0-0-00-00000010100010 from group (13 13 22'0000000100000000000011).
  Merging pattern 24'11--------000000100001-0 and 24'11--------000000100101-0 from group (13 13 22'0000000100000000000011).
  Merging pattern 24'1111------000010100001-0 and 24'1111------000010100101-0 from group (13 13 22'0000000100000000000011).
  Merging pattern 24'11-0---00-000000101001-0 and 24'11-0---00-000000101101-0 from group (13 13 22'0000000100000000000011).
  Merging pattern 24'11--------000000100101-0 and 24'11--------000000100001-0 from group (13 13 22'0000000100000000000011).
  Merging pattern 24'1111------000010100101-0 and 24'1111------000010100001-0 from group (13 13 22'0000000100000000000011).
  Merging pattern 24'11-0---00-000000101101-0 and 24'11-0---00-000000101001-0 from group (13 13 22'0000000100000000000011).

46.4. Executing OPT_CLEAN pass (remove unused cells and wires).
Finding unused cells or wires in module \ascon_top..
Removed 68 unused cells and 70 unused wires.
<suppressed ~72 debug messages>

46.5. Executing FSM_OPT pass (simple optimizations of FSMs).
Optimizing FSM `$fsm$\pp_inst.core_inst.reg_fsm_i.data_q$10950' from module `\ascon_top'.
Optimizing FSM `$fsm$\spi_ctrl.state$10969' from module `\ascon_top'.
  Removing unused output signal $flatten\spi_ctrl.$procmux$861_CMP.
  Removing unused output signal $flatten\spi_ctrl.$0\state[3:0] [0].
  Removing unused output signal $flatten\spi_ctrl.$0\state[3:0] [1].
  Removing unused output signal $flatten\spi_ctrl.$0\state[3:0] [2].
  Removing unused output signal $flatten\spi_ctrl.$0\state[3:0] [3].

46.6. Executing FSM_RECODE pass (re-assigning FSM state encoding).
Recoding FSM `$fsm$\pp_inst.core_inst.reg_fsm_i.data_q$10950' from module `\ascon_top' using `auto' encoding:
  mapping auto encoding to `one-hot` for this FSM.
  10000 -> ---------------1-
  01000 -> --------------1--
  00100 -> -------------1---
  01100 -> ------------1----
  00010 -> -----------1-----
  01010 -> ----------1------
  00110 -> ---------1-------
  01110 -> --------1--------
  00001 -> ----------------1
  10001 -> -------1---------
  01001 -> ------1----------
  00101 -> -----1-----------
  01101 -> ----1------------
  00011 -> ---1-------------
  01011 -> --1--------------
  00111 -> -1---------------
  01111 -> 1----------------
Recoding FSM `$fsm$\spi_ctrl.state$10969' from module `\ascon_top' using `auto' encoding:
  mapping auto encoding to `one-hot` for this FSM.
  0000 -> ---------1
  1000 -> --------1-
  0100 -> -------1--
  0010 -> ------1---
  0110 -> -----1----
  0001 -> ----1-----
  1001 -> ---1------
  0101 -> --1-------
  0011 -> -1--------
  0111 -> 1---------

46.7. Executing FSM_INFO pass (dumping all available information on FSM cells).

FSM `$fsm$\pp_inst.core_inst.reg_fsm_i.data_q$10950' from module `ascon_top':
-------------------------------------

  Information on FSM $fsm$\pp_inst.core_inst.reg_fsm_i.data_q$10950 (\pp_inst.core_inst.reg_fsm_i.data_q):

  Number of input signals:   24
  Number of output signals:  22
  Number of state bits:      17

  Input signals:
    0: \pp_inst.core_inst.mode_enc_dec
    1: \pp_inst.core_inst.idle_done
    2: \pp_inst.core_inst.ld_key_done
    3: \pp_inst.core_inst.ld_npub_done
    4: \pp_inst.core_inst.init_done
    5: \pp_inst.core_inst.kadd_2_done
    6: \pp_inst.core_inst.abs_ad_done
    7: \pp_inst.core_inst.pro_ad_done
    8: \pp_inst.core_inst.abs_msg_done
    9: \pp_inst.core_inst.pro_msg_done
   10: \pp_inst.core_inst.msg_skip
   11: \pp_inst.core_inst.fin_done
   12: \pp_inst.core_inst.sqz_tag_done
   13: \pp_inst.core_inst.ver_tag_done
   14: $flatten\pp_inst.\core_inst.$eq$/foss/designs/ascon_top_layout/src/ascon_core.sv:105$160_Y
   15: $flatten\pp_inst.\core_inst.$eq$/foss/designs/ascon_top_layout/src/ascon_core.sv:118$186_Y
   16: $flatten\pp_inst.\core_inst.$eq$/foss/designs/ascon_top_layout/src/ascon_core.sv:127$198_Y
   17: $flatten\pp_inst.\core_inst.$ne$/foss/designs/ascon_top_layout/src/ascon_core.sv:159$242_Y
   18: $flatten\pp_inst.\core_inst.$logic_or$/foss/designs/ascon_top_layout/src/ascon_core.sv:261$400_Y
   19: $flatten\pp_inst.\core_inst.$logic_and$/foss/designs/ascon_top_layout/src/ascon_core.sv:283$405_Y
   20: \pp_inst.core_inst.reg_flags_i.data_q [4]
   21: \pp_inst.core_inst.reg_flags_i.data_q [5]
   22: \pp_inst.core_inst.reg_flags_i.data_q [6]
   23: \pp_inst.core_inst.reg_flags_i.data_q [7]

  Output signals:
    0: \pp_inst.core_inst.fsm_d [0]
    1: \pp_inst.core_inst.fsm_d [1]
    2: \pp_inst.core_inst.fsm_d [2]
    3: \pp_inst.core_inst.fsm_d [3]
    4: \pp_inst.core_inst.fsm_d [4]
    5: \pp_inst.core_inst.init
    6: \pp_inst.core_inst.pro_ad
    7: \pp_inst.core_inst.dom_sep_done
    8: \pp_inst.core_inst.pro_msg
    9: \pp_inst.core_inst.kadd_3_done
   10: \pp_inst.core_inst.fin
   11: \pp_inst.core_inst.kadd_4_done
   12: $flatten\pp_inst.\core_inst.$eq$/foss/designs/ascon_top_layout/src/ascon_core.sv:108$162_Y
   13: $flatten\pp_inst.\core_inst.$eq$/foss/designs/ascon_top_layout/src/ascon_core.sv:109$165_Y
   14: $flatten\pp_inst.\core_inst.$eq$/foss/designs/ascon_top_layout/src/ascon_core.sv:111$170_Y
   15: $flatten\pp_inst.\core_inst.$eq$/foss/designs/ascon_top_layout/src/ascon_core.sv:115$181_Y
   16: $flatten\pp_inst.\core_inst.$eq$/foss/designs/ascon_top_layout/src/ascon_core.sv:118$185_Y
   17: $flatten\pp_inst.\core_inst.$eq$/foss/designs/ascon_top_layout/src/ascon_core.sv:127$197_Y
   18: $flatten\pp_inst.\core_inst.$eq$/foss/designs/ascon_top_layout/src/ascon_core.sv:150$221_Y
   19: $flatten\pp_inst.\core_inst.$eq$/foss/designs/ascon_top_layout/src/ascon_core.sv:152$226_Y
   20: $flatten\pp_inst.\core_inst.$eq$/foss/designs/ascon_top_layout/src/ascon_core.sv:159$241_Y
   21: $flatten\pp_inst.\core_inst.$eq$/foss/designs/ascon_top_layout/src/ascon_core.sv:160$245_Y

  State encoding:
    0: 17'---------------1-
    1: 17'--------------1--
    2: 17'-------------1---
    3: 17'------------1----
    4: 17'-----------1-----
    5: 17'----------1------
    6: 17'---------1-------
    7: 17'--------1--------
    8: 17'----------------1  <RESET STATE>
    9: 17'-------1---------
   10: 17'------1----------
   11: 17'-----1-----------
   12: 17'----1------------
   13: 17'---1-------------
   14: 17'--1--------------
   15: 17'-1---------------
   16: 17'1----------------

  Transition Table (state_in, ctrl_in, state_out, ctrl_out):
      0:     0 24'----------00000000010000   ->     0 22'0001000000000000010000
      1:     0 24'--11------00001000010000   ->     0 22'0001000000000000010000
      2:     0 24'---0---00-00000000110000   ->     0 22'0001000000000000010000
      3:     0 24'11--------000000100-0000   ->     0 22'0001000000000000010000
      4:     0 24'1111------000010100-0000   ->     0 22'0001000000000000010000
      5:     0 24'11-0---00-000000101-0000   ->     0 22'0001000000000000010000
      6:     0 24'-----0----00000000010010   ->     0 22'0001000000000000010000
      7:     0 24'--11-0----00001000010010   ->     0 22'0001000000000000010000
      8:     0 24'---0-0-00-00000000110010   ->     0 22'0001000000000000010000
      9:     0 24'11---0----000000100-0010   ->     0 22'0001000000000000010000
     10:     0 24'1111-0----000010100-0010   ->     0 22'0001000000000000010000
     11:     0 24'11-0-0-00-000000101-0010   ->     0 22'0001000000000000010000
     12:     0 24'----------0000000000000-   ->     0 22'0001000000000000010000
     13:     0 24'--11------0000100000000-   ->     0 22'0001000000000000010000
     14:     0 24'---0---00-0000000010000-   ->     0 22'0001000000000000010000
     15:     0 24'-----0----0000000000001-   ->     0 22'0001000000000000010000
     16:     0 24'--11-0----0000100000001-   ->     0 22'0001000000000000010000
     17:     0 24'---0-0-00-0000000010001-   ->     0 22'0001000000000000010000
     18:     0 24'11--0-0---00000011-----0   ->     1 22'0001000000000000001000
     19:     0 24'11----1---00000011-----0   ->     1 22'0001000000000000001000
     20:     0 24'11110-0---00001011-----0   ->     1 22'0001000000000000001000
     21:     0 24'1111--1---00001011-----0   ->     1 22'0001000000000000001000
     22:     0 24'----0-0---00000001------   ->     1 22'0001000000000000001000
     23:     0 24'------1---00000001------   ->     1 22'0001000000000000001000
     24:     0 24'--110-0---00001001------   ->     1 22'0001000000000000001000
     25:     0 24'--11--1---00001001------   ->     1 22'0001000000000000001000
     26:     0 24'----------00000000011--0   ->     2 22'0001000000000000000100
     27:     0 24'--11------00001000011--0   ->     2 22'0001000000000000000100
     28:     0 24'---0---00-00000000111--0   ->     2 22'0001000000000000000100
     29:     0 24'11--------000000100-1--0   ->     2 22'0001000000000000000100
     30:     0 24'1111------000010100-1--0   ->     2 22'0001000000000000000100
     31:     0 24'11-0---00-000000101-1--0   ->     2 22'0001000000000000000100
     32:     0 24'----------00000000001---   ->     2 22'0001000000000000000100
     33:     0 24'--11------00001000001---   ->     2 22'0001000000000000000100
     34:     0 24'---0---00-00000000101---   ->     2 22'0001000000000000000100
     35:     0 24'----0-0---000-01--------   ->     3 22'0001000000000000001100
     36:     0 24'--110-0---000-11--------   ->     3 22'0001000000000000001100
     37:     0 24'-----1----00000000010010   ->     4 22'0001000000000000000010
     38:     0 24'--11-1----00001000010010   ->     4 22'0001000000000000000010
     39:     0 24'---0-1-00-00000000110010   ->     4 22'0001000000000000000010
     40:     0 24'11---1----000000100-0010   ->     4 22'0001000000000000000010
     41:     0 24'1111-1----000010100-0010   ->     4 22'0001000000000000000010
     42:     0 24'11-0-1-00-000000101-0010   ->     4 22'0001000000000000000010
     43:     0 24'-----1----0000000000001-   ->     4 22'0001000000000000000010
     44:     0 24'--11-1----0000100000001-   ->     4 22'0001000000000000000010
     45:     0 24'---0-1-00-0000000010001-   ->     4 22'0001000000000000000010
     46:     0 24'---0------000-1---------   ->     5 22'0001000000000000001010
     47:     0 24'11-0----1-000000101----0   ->     6 22'0001000000000000000110
     48:     0 24'---0----1-000000001-----   ->     6 22'0001000000000000000110
     49:     0 24'0---------0000001-------   ->     6 22'0001000000000000000110
     50:     0 24'0-11------0000101-------   ->     6 22'0001000000000000000110
     51:     0 24'----------01------------   ->     8 22'0001000000000000000001
     52:     0 24'----------1-------------   ->     8 22'0001000000000000000001
     53:     0 24'11-0---10-000000101----0   ->    10 22'0001000000000000001001
     54:     0 24'11-1------000000101----0   ->    10 22'0001000000000000001001
     55:     0 24'1111------000010101----0   ->    10 22'0001000000000000001001
     56:     0 24'11--------0000001------1   ->    10 22'0001000000000000001001
     57:     0 24'1111------0000101------1   ->    10 22'0001000000000000001001
     58:     0 24'---0---10-000000001-----   ->    10 22'0001000000000000001001
     59:     0 24'---1------000000001-----   ->    10 22'0001000000000000001001
     60:     0 24'--11------000010001-----   ->    10 22'0001000000000000001001
     61:     0 24'----------0000000001---1   ->    11 22'0001000000000000000101
     62:     0 24'--11------0000100001---1   ->    11 22'0001000000000000000101
     63:     0 24'---0---00-0000000011---1   ->    11 22'0001000000000000000101
     64:     0 24'----------000100--------   ->    12 22'0001000000000000001101
     65:     0 24'--11------000110--------   ->    12 22'0001000000000000001101
     66:     0 24'------1---000-01--------   ->    12 22'0001000000000000001101
     67:     0 24'--11--1---000-11--------   ->    12 22'0001000000000000001101
     68:     0 24'----------000000000101-0   ->    13 22'0001000000000000000011
     69:     0 24'--11------000010000101-0   ->    13 22'0001000000000000000011
     70:     0 24'---0---00-000000001101-0   ->    13 22'0001000000000000000011
     71:     0 24'11--------000000100-01-0   ->    13 22'0001000000000000000011
     72:     0 24'1111------000010100-01-0   ->    13 22'0001000000000000000011
     73:     0 24'11-0---00-000000101-01-0   ->    13 22'0001000000000000000011
     74:     0 24'----------000000000001--   ->    13 22'0001000000000000000011
     75:     0 24'--11------000010000001--   ->    13 22'0001000000000000000011
     76:     0 24'---0---00-000000001001--   ->    13 22'0001000000000000000011
     77:     0 24'----1-0---000-01--------   ->    14 22'0001000000000000001011
     78:     0 24'--111-0---000-11--------   ->    14 22'0001000000000000001011
     79:     0 24'--01------000-1---------   ->    14 22'0001000000000000001011
     80:     0 24'11--1-0---00000011-----0   ->    15 22'0001000000000000000111
     81:     0 24'11111-0---00001011-----0   ->    15 22'0001000000000000000111
     82:     0 24'----1-0---00000001------   ->    15 22'0001000000000000000111
     83:     0 24'--111-0---00001001------   ->    15 22'0001000000000000000111
     84:     0 24'10--------0000001-------   ->    15 22'0001000000000000000111
     85:     0 24'1011------0000101-------   ->    15 22'0001000000000000000111
     86:     0 24'----------001-----------   ->    16 22'0001000000000000001111
     87:     1 24'----------00000000010000   ->     1 22'0000000000000001001000
     88:     1 24'--11------00001000010000   ->     1 22'0000000000000001001000
     89:     1 24'---0---00-00000000110000   ->     1 22'0000000000000001001000
     90:     1 24'11--------000000100-0000   ->     1 22'0000000000000001001000
     91:     1 24'1111------000010100-0000   ->     1 22'0000000000000001001000
     92:     1 24'11-0---00-000000101-0000   ->     1 22'0000000000000001001000
     93:     1 24'-----0----00000000010010   ->     1 22'0000000000000001001000
     94:     1 24'--11-0----00001000010010   ->     1 22'0000000000000001001000
     95:     1 24'---0-0-00-00000000110010   ->     1 22'0000000000000001001000
     96:     1 24'11---0----000000100-0010   ->     1 22'0000000000000001001000
     97:     1 24'1111-0----000010100-0010   ->     1 22'0000000000000001001000
     98:     1 24'11-0-0-00-000000101-0010   ->     1 22'0000000000000001001000
     99:     1 24'11--0-0---00000011-----0   ->     1 22'0000000000000001001000
    100:     1 24'11----1---00000011-----0   ->     1 22'0000000000000001001000
    101:     1 24'11110-0---00001011-----0   ->     1 22'0000000000000001001000
    102:     1 24'1111--1---00001011-----0   ->     1 22'0000000000000001001000
    103:     1 24'----------0000000000000-   ->     1 22'0000000000000001001000
    104:     1 24'--11------0000100000000-   ->     1 22'0000000000000001001000
    105:     1 24'---0---00-0000000010000-   ->     1 22'0000000000000001001000
    106:     1 24'-----0----0000000000001-   ->     1 22'0000000000000001001000
    107:     1 24'--11-0----0000100000001-   ->     1 22'0000000000000001001000
    108:     1 24'---0-0-00-0000000010001-   ->     1 22'0000000000000001001000
    109:     1 24'----0-0---00000001------   ->     1 22'0000000000000001001000
    110:     1 24'------1---00000001------   ->     1 22'0000000000000001001000
    111:     1 24'--110-0---00001001------   ->     1 22'0000000000000001001000
    112:     1 24'--11--1---00001001------   ->     1 22'0000000000000001001000
    113:     1 24'----------00000000011--0   ->     2 22'0000000000000001000100
    114:     1 24'--11------00001000011--0   ->     2 22'0000000000000001000100
    115:     1 24'---0---00-00000000111--0   ->     2 22'0000000000000001000100
    116:     1 24'11--------000000100-1--0   ->     2 22'0000000000000001000100
    117:     1 24'1111------000010100-1--0   ->     2 22'0000000000000001000100
    118:     1 24'11-0---00-000000101-1--0   ->     2 22'0000000000000001000100
    119:     1 24'----------00000000001---   ->     2 22'0000000000000001000100
    120:     1 24'--11------00001000001---   ->     2 22'0000000000000001000100
    121:     1 24'---0---00-00000000101---   ->     2 22'0000000000000001000100
    122:     1 24'----0-0---000-01--------   ->     3 22'0000000000000001001100
    123:     1 24'--110-0---000-11--------   ->     3 22'0000000000000001001100
    124:     1 24'-----1----00000000010010   ->     4 22'0000000000000001000010
    125:     1 24'--11-1----00001000010010   ->     4 22'0000000000000001000010
    126:     1 24'---0-1-00-00000000110010   ->     4 22'0000000000000001000010
    127:     1 24'11---1----000000100-0010   ->     4 22'0000000000000001000010
    128:     1 24'1111-1----000010100-0010   ->     4 22'0000000000000001000010
    129:     1 24'11-0-1-00-000000101-0010   ->     4 22'0000000000000001000010
    130:     1 24'-----1----0000000000001-   ->     4 22'0000000000000001000010
    131:     1 24'--11-1----0000100000001-   ->     4 22'0000000000000001000010
    132:     1 24'---0-1-00-0000000010001-   ->     4 22'0000000000000001000010
    133:     1 24'---0------000-1---------   ->     5 22'0000000000000001001010
    134:     1 24'11-0----1-000000101----0   ->     6 22'0000000000000001000110
    135:     1 24'---0----1-000000001-----   ->     6 22'0000000000000001000110
    136:     1 24'0---------0000001-------   ->     6 22'0000000000000001000110
    137:     1 24'0-11------0000101-------   ->     6 22'0000000000000001000110
    138:     1 24'----------01------------   ->     8 22'0000000000000001000001
    139:     1 24'----------1-------------   ->     8 22'0000000000000001000001
    140:     1 24'11-0---10-000000101----0   ->    10 22'0000000000000001001001
    141:     1 24'11-1------000000101----0   ->    10 22'0000000000000001001001
    142:     1 24'1111------000010101----0   ->    10 22'0000000000000001001001
    143:     1 24'11--------0000001------1   ->    10 22'0000000000000001001001
    144:     1 24'1111------0000101------1   ->    10 22'0000000000000001001001
    145:     1 24'---0---10-000000001-----   ->    10 22'0000000000000001001001
    146:     1 24'---1------000000001-----   ->    10 22'0000000000000001001001
    147:     1 24'--11------000010001-----   ->    10 22'0000000000000001001001
    148:     1 24'----------0000000001---1   ->    11 22'0000000000000001000101
    149:     1 24'--11------0000100001---1   ->    11 22'0000000000000001000101
    150:     1 24'---0---00-0000000011---1   ->    11 22'0000000000000001000101
    151:     1 24'----------000100--------   ->    12 22'0000000000000001001101
    152:     1 24'--11------000110--------   ->    12 22'0000000000000001001101
    153:     1 24'------1---000-01--------   ->    12 22'0000000000000001001101
    154:     1 24'--11--1---000-11--------   ->    12 22'0000000000000001001101
    155:     1 24'----------000000000101-0   ->    13 22'0000000000000001000011
    156:     1 24'--11------000010000101-0   ->    13 22'0000000000000001000011
    157:     1 24'---0---00-000000001101-0   ->    13 22'0000000000000001000011
    158:     1 24'11--------000000100-01-0   ->    13 22'0000000000000001000011
    159:     1 24'1111------000010100-01-0   ->    13 22'0000000000000001000011
    160:     1 24'11-0---00-000000101-01-0   ->    13 22'0000000000000001000011
    161:     1 24'----------000000000001--   ->    13 22'0000000000000001000011
    162:     1 24'--11------000010000001--   ->    13 22'0000000000000001000011
    163:     1 24'---0---00-000000001001--   ->    13 22'0000000000000001000011
    164:     1 24'----1-0---000-01--------   ->    14 22'0000000000000001001011
    165:     1 24'--111-0---000-11--------   ->    14 22'0000000000000001001011
    166:     1 24'--01------000-1---------   ->    14 22'0000000000000001001011
    167:     1 24'11--1-0---00000011-----0   ->    15 22'0000000000000001000111
    168:     1 24'11111-0---00001011-----0   ->    15 22'0000000000000001000111
    169:     1 24'----1-0---00000001------   ->    15 22'0000000000000001000111
    170:     1 24'--111-0---00001001------   ->    15 22'0000000000000001000111
    171:     1 24'10--------0000001-------   ->    15 22'0000000000000001000111
    172:     1 24'1011------0000101-------   ->    15 22'0000000000000001000111
    173:     1 24'----------001-----------   ->    16 22'0000000000000001001111
    174:     2 24'11--0-0---00000011-----0   ->     1 22'0000000000000000101000
    175:     2 24'11----1---00000011-----0   ->     1 22'0000000000000000101000
    176:     2 24'11110-0---00001011-----0   ->     1 22'0000000000000000101000
    177:     2 24'1111--1---00001011-----0   ->     1 22'0000000000000000101000
    178:     2 24'----0-0---00000001------   ->     1 22'0000000000000000101000
    179:     2 24'------1---00000001------   ->     1 22'0000000000000000101000
    180:     2 24'--110-0---00001001------   ->     1 22'0000000000000000101000
    181:     2 24'--11--1---00001001------   ->     1 22'0000000000000000101000
    182:     2 24'----------00000000010000   ->     2 22'0000000000000000100100
    183:     2 24'--11------00001000010000   ->     2 22'0000000000000000100100
    184:     2 24'---0---00-00000000110000   ->     2 22'0000000000000000100100
    185:     2 24'11--------000000100-0000   ->     2 22'0000000000000000100100
    186:     2 24'1111------000010100-0000   ->     2 22'0000000000000000100100
    187:     2 24'11-0---00-000000101-0000   ->     2 22'0000000000000000100100
    188:     2 24'-----0----00000000010010   ->     2 22'0000000000000000100100
    189:     2 24'--11-0----00001000010010   ->     2 22'0000000000000000100100
    190:     2 24'---0-0-00-00000000110010   ->     2 22'0000000000000000100100
    191:     2 24'11---0----000000100-0010   ->     2 22'0000000000000000100100
    192:     2 24'1111-0----000010100-0010   ->     2 22'0000000000000000100100
    193:     2 24'11-0-0-00-000000101-0010   ->     2 22'0000000000000000100100
    194:     2 24'----------00000000011--0   ->     2 22'0000000000000000100100
    195:     2 24'--11------00001000011--0   ->     2 22'0000000000000000100100
    196:     2 24'---0---00-00000000111--0   ->     2 22'0000000000000000100100
    197:     2 24'11--------000000100-1--0   ->     2 22'0000000000000000100100
    198:     2 24'1111------000010100-1--0   ->     2 22'0000000000000000100100
    199:     2 24'11-0---00-000000101-1--0   ->     2 22'0000000000000000100100
    200:     2 24'----------0000000000000-   ->     2 22'0000000000000000100100
    201:     2 24'--11------0000100000000-   ->     2 22'0000000000000000100100
    202:     2 24'---0---00-0000000010000-   ->     2 22'0000000000000000100100
    203:     2 24'-----0----0000000000001-   ->     2 22'0000000000000000100100
    204:     2 24'--11-0----0000100000001-   ->     2 22'0000000000000000100100
    205:     2 24'---0-0-00-0000000010001-   ->     2 22'0000000000000000100100
    206:     2 24'----------00000000001---   ->     2 22'0000000000000000100100
    207:     2 24'--11------00001000001---   ->     2 22'0000000000000000100100
    208:     2 24'---0---00-00000000101---   ->     2 22'0000000000000000100100
    209:     2 24'----0-0---000-01--------   ->     3 22'0000000000000000101100
    210:     2 24'--110-0---000-11--------   ->     3 22'0000000000000000101100
    211:     2 24'-----1----00000000010010   ->     4 22'0000000000000000100010
    212:     2 24'--11-1----00001000010010   ->     4 22'0000000000000000100010
    213:     2 24'---0-1-00-00000000110010   ->     4 22'0000000000000000100010
    214:     2 24'11---1----000000100-0010   ->     4 22'0000000000000000100010
    215:     2 24'1111-1----000010100-0010   ->     4 22'0000000000000000100010
    216:     2 24'11-0-1-00-000000101-0010   ->     4 22'0000000000000000100010
    217:     2 24'-----1----0000000000001-   ->     4 22'0000000000000000100010
    218:     2 24'--11-1----0000100000001-   ->     4 22'0000000000000000100010
    219:     2 24'---0-1-00-0000000010001-   ->     4 22'0000000000000000100010
    220:     2 24'---0------000-1---------   ->     5 22'0000000000000000101010
    221:     2 24'11-0----1-000000101----0   ->     6 22'0000000000000000100110
    222:     2 24'---0----1-000000001-----   ->     6 22'0000000000000000100110
    223:     2 24'0---------0000001-------   ->     6 22'0000000000000000100110
    224:     2 24'0-11------0000101-------   ->     6 22'0000000000000000100110
    225:     2 24'----------01------------   ->     8 22'0000000000000000100001
    226:     2 24'----------1-------------   ->     8 22'0000000000000000100001
    227:     2 24'11-0---10-000000101----0   ->    10 22'0000000000000000101001
    228:     2 24'11-1------000000101----0   ->    10 22'0000000000000000101001
    229:     2 24'1111------000010101----0   ->    10 22'0000000000000000101001
    230:     2 24'11--------0000001------1   ->    10 22'0000000000000000101001
    231:     2 24'1111------0000101------1   ->    10 22'0000000000000000101001
    232:     2 24'---0---10-000000001-----   ->    10 22'0000000000000000101001
    233:     2 24'---1------000000001-----   ->    10 22'0000000000000000101001
    234:     2 24'--11------000010001-----   ->    10 22'0000000000000000101001
    235:     2 24'----------0000000001---1   ->    11 22'0000000000000000100101
    236:     2 24'--11------0000100001---1   ->    11 22'0000000000000000100101
    237:     2 24'---0---00-0000000011---1   ->    11 22'0000000000000000100101
    238:     2 24'----------000100--------   ->    12 22'0000000000000000101101
    239:     2 24'--11------000110--------   ->    12 22'0000000000000000101101
    240:     2 24'------1---000-01--------   ->    12 22'0000000000000000101101
    241:     2 24'--11--1---000-11--------   ->    12 22'0000000000000000101101
    242:     2 24'----------000000000101-0   ->    13 22'0000000000000000100011
    243:     2 24'--11------000010000101-0   ->    13 22'0000000000000000100011
    244:     2 24'---0---00-000000001101-0   ->    13 22'0000000000000000100011
    245:     2 24'11--------000000100-01-0   ->    13 22'0000000000000000100011
    246:     2 24'1111------000010100-01-0   ->    13 22'0000000000000000100011
    247:     2 24'11-0---00-000000101-01-0   ->    13 22'0000000000000000100011
    248:     2 24'----------000000000001--   ->    13 22'0000000000000000100011
    249:     2 24'--11------000010000001--   ->    13 22'0000000000000000100011
    250:     2 24'---0---00-000000001001--   ->    13 22'0000000000000000100011
    251:     2 24'----1-0---000-01--------   ->    14 22'0000000000000000101011
    252:     2 24'--111-0---000-11--------   ->    14 22'0000000000000000101011
    253:     2 24'--01------000-1---------   ->    14 22'0000000000000000101011
    254:     2 24'11--1-0---00000011-----0   ->    15 22'0000000000000000100111
    255:     2 24'11111-0---00001011-----0   ->    15 22'0000000000000000100111
    256:     2 24'----1-0---00000001------   ->    15 22'0000000000000000100111
    257:     2 24'--111-0---00001001------   ->    15 22'0000000000000000100111
    258:     2 24'10--------0000001-------   ->    15 22'0000000000000000100111
    259:     2 24'1011------0000101-------   ->    15 22'0000000000000000100111
    260:     2 24'----------001-----------   ->    16 22'0000000000000000101111
    261:     3 24'11--0-0---00000011-----0   ->     1 22'0000000000000100001000
    262:     3 24'11----1---00000011-----0   ->     1 22'0000000000000100001000
    263:     3 24'11110-0---00001011-----0   ->     1 22'0000000000000100001000
    264:     3 24'1111--1---00001011-----0   ->     1 22'0000000000000100001000
    265:     3 24'----0-0---00000001------   ->     1 22'0000000000000100001000
    266:     3 24'------1---00000001------   ->     1 22'0000000000000100001000
    267:     3 24'--110-0---00001001------   ->     1 22'0000000000000100001000
    268:     3 24'--11--1---00001001------   ->     1 22'0000000000000100001000
    269:     3 24'----------00000000011--0   ->     2 22'0000000000000100000100
    270:     3 24'--11------00001000011--0   ->     2 22'0000000000000100000100
    271:     3 24'---0---00-00000000111--0   ->     2 22'0000000000000100000100
    272:     3 24'11--------000000100-1--0   ->     2 22'0000000000000100000100
    273:     3 24'1111------000010100-1--0   ->     2 22'0000000000000100000100
    274:     3 24'11-0---00-000000101-1--0   ->     2 22'0000000000000100000100
    275:     3 24'----------00000000001---   ->     2 22'0000000000000100000100
    276:     3 24'--11------00001000001---   ->     2 22'0000000000000100000100
    277:     3 24'---0---00-00000000101---   ->     2 22'0000000000000100000100
    278:     3 24'----------00000000010000   ->     3 22'0000000000000100001100
    279:     3 24'--11------00001000010000   ->     3 22'0000000000000100001100
    280:     3 24'---0---00-00000000110000   ->     3 22'0000000000000100001100
    281:     3 24'11--------000000100-0000   ->     3 22'0000000000000100001100
    282:     3 24'1111------000010100-0000   ->     3 22'0000000000000100001100
    283:     3 24'11-0---00-000000101-0000   ->     3 22'0000000000000100001100
    284:     3 24'-----0----00000000010010   ->     3 22'0000000000000100001100
    285:     3 24'--11-0----00001000010010   ->     3 22'0000000000000100001100
    286:     3 24'---0-0-00-00000000110010   ->     3 22'0000000000000100001100
    287:     3 24'11---0----000000100-0010   ->     3 22'0000000000000100001100
    288:     3 24'1111-0----000010100-0010   ->     3 22'0000000000000100001100
    289:     3 24'11-0-0-00-000000101-0010   ->     3 22'0000000000000100001100
    290:     3 24'----------0000000000000-   ->     3 22'0000000000000100001100
    291:     3 24'--11------0000100000000-   ->     3 22'0000000000000100001100
    292:     3 24'---0---00-0000000010000-   ->     3 22'0000000000000100001100
    293:     3 24'-----0----0000000000001-   ->     3 22'0000000000000100001100
    294:     3 24'--11-0----0000100000001-   ->     3 22'0000000000000100001100
    295:     3 24'---0-0-00-0000000010001-   ->     3 22'0000000000000100001100
    296:     3 24'----0-0---000-01--------   ->     3 22'0000000000000100001100
    297:     3 24'--110-0---000-11--------   ->     3 22'0000000000000100001100
    298:     3 24'-----1----00000000010010   ->     4 22'0000000000000100000010
    299:     3 24'--11-1----00001000010010   ->     4 22'0000000000000100000010
    300:     3 24'---0-1-00-00000000110010   ->     4 22'0000000000000100000010
    301:     3 24'11---1----000000100-0010   ->     4 22'0000000000000100000010
    302:     3 24'1111-1----000010100-0010   ->     4 22'0000000000000100000010
    303:     3 24'11-0-1-00-000000101-0010   ->     4 22'0000000000000100000010
    304:     3 24'-----1----0000000000001-   ->     4 22'0000000000000100000010
    305:     3 24'--11-1----0000100000001-   ->     4 22'0000000000000100000010
    306:     3 24'---0-1-00-0000000010001-   ->     4 22'0000000000000100000010
    307:     3 24'---0------000-1---------   ->     5 22'0000000000000100001010
    308:     3 24'11-0----1-000000101----0   ->     6 22'0000000000000100000110
    309:     3 24'---0----1-000000001-----   ->     6 22'0000000000000100000110
    310:     3 24'0---------0000001-------   ->     6 22'0000000000000100000110
    311:     3 24'0-11------0000101-------   ->     6 22'0000000000000100000110
    312:     3 24'----------01------------   ->     8 22'0000000000000100000001
    313:     3 24'----------1-------------   ->     8 22'0000000000000100000001
    314:     3 24'11-0---10-000000101----0   ->    10 22'0000000000000100001001
    315:     3 24'11-1------000000101----0   ->    10 22'0000000000000100001001
    316:     3 24'1111------000010101----0   ->    10 22'0000000000000100001001
    317:     3 24'11--------0000001------1   ->    10 22'0000000000000100001001
    318:     3 24'1111------0000101------1   ->    10 22'0000000000000100001001
    319:     3 24'---0---10-000000001-----   ->    10 22'0000000000000100001001
    320:     3 24'---1------000000001-----   ->    10 22'0000000000000100001001
    321:     3 24'--11------000010001-----   ->    10 22'0000000000000100001001
    322:     3 24'----------0000000001---1   ->    11 22'0000000000000100000101
    323:     3 24'--11------0000100001---1   ->    11 22'0000000000000100000101
    324:     3 24'---0---00-0000000011---1   ->    11 22'0000000000000100000101
    325:     3 24'----------000100--------   ->    12 22'0000000000000100001101
    326:     3 24'--11------000110--------   ->    12 22'0000000000000100001101
    327:     3 24'------1---000-01--------   ->    12 22'0000000000000100001101
    328:     3 24'--11--1---000-11--------   ->    12 22'0000000000000100001101
    329:     3 24'----------000000000101-0   ->    13 22'0000000000000100000011
    330:     3 24'--11------000010000101-0   ->    13 22'0000000000000100000011
    331:     3 24'---0---00-000000001101-0   ->    13 22'0000000000000100000011
    332:     3 24'11--------000000100-01-0   ->    13 22'0000000000000100000011
    333:     3 24'1111------000010100-01-0   ->    13 22'0000000000000100000011
    334:     3 24'11-0---00-000000101-01-0   ->    13 22'0000000000000100000011
    335:     3 24'----------000000000001--   ->    13 22'0000000000000100000011
    336:     3 24'--11------000010000001--   ->    13 22'0000000000000100000011
    337:     3 24'---0---00-000000001001--   ->    13 22'0000000000000100000011
    338:     3 24'----1-0---000-01--------   ->    14 22'0000000000000100001011
    339:     3 24'--111-0---000-11--------   ->    14 22'0000000000000100001011
    340:     3 24'--01------000-1---------   ->    14 22'0000000000000100001011
    341:     3 24'11--1-0---00000011-----0   ->    15 22'0000000000000100000111
    342:     3 24'11111-0---00001011-----0   ->    15 22'0000000000000100000111
    343:     3 24'----1-0---00000001------   ->    15 22'0000000000000100000111
    344:     3 24'--111-0---00001001------   ->    15 22'0000000000000100000111
    345:     3 24'10--------0000001-------   ->    15 22'0000000000000100000111
    346:     3 24'1011------0000101-------   ->    15 22'0000000000000100000111
    347:     3 24'----------001-----------   ->    16 22'0000000000000100001111
    348:     4 24'11--0-0---00000011-----0   ->     1 22'0000000010000000001000
    349:     4 24'11----1---00000011-----0   ->     1 22'0000000010000000001000
    350:     4 24'11110-0---00001011-----0   ->     1 22'0000000010000000001000
    351:     4 24'1111--1---00001011-----0   ->     1 22'0000000010000000001000
    352:     4 24'----0-0---00000001------   ->     1 22'0000000010000000001000
    353:     4 24'------1---00000001------   ->     1 22'0000000010000000001000
    354:     4 24'--110-0---00001001------   ->     1 22'0000000010000000001000
    355:     4 24'--11--1---00001001------   ->     1 22'0000000010000000001000
    356:     4 24'----------00000000011--0   ->     2 22'0000000010000000000100
    357:     4 24'--11------00001000011--0   ->     2 22'0000000010000000000100
    358:     4 24'---0---00-00000000111--0   ->     2 22'0000000010000000000100
    359:     4 24'11--------000000100-1--0   ->     2 22'0000000010000000000100
    360:     4 24'1111------000010100-1--0   ->     2 22'0000000010000000000100
    361:     4 24'11-0---00-000000101-1--0   ->     2 22'0000000010000000000100
    362:     4 24'----------00000000001---   ->     2 22'0000000010000000000100
    363:     4 24'--11------00001000001---   ->     2 22'0000000010000000000100
    364:     4 24'---0---00-00000000101---   ->     2 22'0000000010000000000100
    365:     4 24'----0-0---000-01--------   ->     3 22'0000000010000000001100
    366:     4 24'--110-0---000-11--------   ->     3 22'0000000010000000001100
    367:     4 24'----------000000000100-0   ->     4 22'0000000010000000000010
    368:     4 24'--11------000010000100-0   ->     4 22'0000000010000000000010
    369:     4 24'---0---00-000000001100-0   ->     4 22'0000000010000000000010
    370:     4 24'11--------000000100-00-0   ->     4 22'0000000010000000000010
    371:     4 24'1111------000010100-00-0   ->     4 22'0000000010000000000010
    372:     4 24'11-0---00-000000101-00-0   ->     4 22'0000000010000000000010
    373:     4 24'----------000000000000--   ->     4 22'0000000010000000000010
    374:     4 24'--11------000010000000--   ->     4 22'0000000010000000000010
    375:     4 24'---0---00-000000001000--   ->     4 22'0000000010000000000010
    376:     4 24'---0------000-1---------   ->     5 22'0000000010000000001010
    377:     4 24'11-0----1-000000101----0   ->     6 22'0000000010000000000110
    378:     4 24'---0----1-000000001-----   ->     6 22'0000000010000000000110
    379:     4 24'0---------0000001-------   ->     6 22'0000000010000000000110
    380:     4 24'0-11------0000101-------   ->     6 22'0000000010000000000110
    381:     4 24'----------01------------   ->     8 22'0000000010000000000001
    382:     4 24'----------1-------------   ->     8 22'0000000010000000000001
    383:     4 24'11-0---10-000000101----0   ->    10 22'0000000010000000001001
    384:     4 24'11-1------000000101----0   ->    10 22'0000000010000000001001
    385:     4 24'1111------000010101----0   ->    10 22'0000000010000000001001
    386:     4 24'11--------0000001------1   ->    10 22'0000000010000000001001
    387:     4 24'1111------0000101------1   ->    10 22'0000000010000000001001
    388:     4 24'---0---10-000000001-----   ->    10 22'0000000010000000001001
    389:     4 24'---1------000000001-----   ->    10 22'0000000010000000001001
    390:     4 24'--11------000010001-----   ->    10 22'0000000010000000001001
    391:     4 24'----------0000000001---1   ->    11 22'0000000010000000000101
    392:     4 24'--11------0000100001---1   ->    11 22'0000000010000000000101
    393:     4 24'---0---00-0000000011---1   ->    11 22'0000000010000000000101
    394:     4 24'----------000100--------   ->    12 22'0000000010000000001101
    395:     4 24'--11------000110--------   ->    12 22'0000000010000000001101
    396:     4 24'------1---000-01--------   ->    12 22'0000000010000000001101
    397:     4 24'--11--1---000-11--------   ->    12 22'0000000010000000001101
    398:     4 24'----------000000000101-0   ->    13 22'0000000010000000000011
    399:     4 24'--11------000010000101-0   ->    13 22'0000000010000000000011
    400:     4 24'---0---00-000000001101-0   ->    13 22'0000000010000000000011
    401:     4 24'11--------000000100-01-0   ->    13 22'0000000010000000000011
    402:     4 24'1111------000010100-01-0   ->    13 22'0000000010000000000011
    403:     4 24'11-0---00-000000101-01-0   ->    13 22'0000000010000000000011
    404:     4 24'----------000000000001--   ->    13 22'0000000010000000000011
    405:     4 24'--11------000010000001--   ->    13 22'0000000010000000000011
    406:     4 24'---0---00-000000001001--   ->    13 22'0000000010000000000011
    407:     4 24'----1-0---000-01--------   ->    14 22'0000000010000000001011
    408:     4 24'--111-0---000-11--------   ->    14 22'0000000010000000001011
    409:     4 24'--01------000-1---------   ->    14 22'0000000010000000001011
    410:     4 24'11--1-0---00000011-----0   ->    15 22'0000000010000000000111
    411:     4 24'11111-0---00001011-----0   ->    15 22'0000000010000000000111
    412:     4 24'----1-0---00000001------   ->    15 22'0000000010000000000111
    413:     4 24'--111-0---00001001------   ->    15 22'0000000010000000000111
    414:     4 24'10--------0000001-------   ->    15 22'0000000010000000000111
    415:     4 24'1011------0000101-------   ->    15 22'0000000010000000000111
    416:     4 24'----------001-----------   ->    16 22'0000000010000000001111
    417:     5 24'11--0-0---00000011-----0   ->     1 22'0000100000000000001000
    418:     5 24'11----1---00000011-----0   ->     1 22'0000100000000000001000
    419:     5 24'11110-0---00001011-----0   ->     1 22'0000100000000000001000
    420:     5 24'1111--1---00001011-----0   ->     1 22'0000100000000000001000
    421:     5 24'----0-0---00000001------   ->     1 22'0000100000000000001000
    422:     5 24'------1---00000001------   ->     1 22'0000100000000000001000
    423:     5 24'--110-0---00001001------   ->     1 22'0000100000000000001000
    424:     5 24'--11--1---00001001------   ->     1 22'0000100000000000001000
    425:     5 24'----------00000000011--0   ->     2 22'0000100000000000000100
    426:     5 24'--11------00001000011--0   ->     2 22'0000100000000000000100
    427:     5 24'---0---00-00000000111--0   ->     2 22'0000100000000000000100
    428:     5 24'11--------000000100-1--0   ->     2 22'0000100000000000000100
    429:     5 24'1111------000010100-1--0   ->     2 22'0000100000000000000100
    430:     5 24'11-0---00-000000101-1--0   ->     2 22'0000100000000000000100
    431:     5 24'----------00000000001---   ->     2 22'0000100000000000000100
    432:     5 24'--11------00001000001---   ->     2 22'0000100000000000000100
    433:     5 24'---0---00-00000000101---   ->     2 22'0000100000000000000100
    434:     5 24'----0-0---000-01--------   ->     3 22'0000100000000000001100
    435:     5 24'--110-0---000-11--------   ->     3 22'0000100000000000001100
    436:     5 24'-----1----00000000010010   ->     4 22'0000100000000000000010
    437:     5 24'--11-1----00001000010010   ->     4 22'0000100000000000000010
    438:     5 24'---0-1-00-00000000110010   ->     4 22'0000100000000000000010
    439:     5 24'11---1----000000100-0010   ->     4 22'0000100000000000000010
    440:     5 24'1111-1----000010100-0010   ->     4 22'0000100000000000000010
    441:     5 24'11-0-1-00-000000101-0010   ->     4 22'0000100000000000000010
    442:     5 24'-----1----0000000000001-   ->     4 22'0000100000000000000010
    443:     5 24'--11-1----0000100000001-   ->     4 22'0000100000000000000010
    444:     5 24'---0-1-00-0000000010001-   ->     4 22'0000100000000000000010
    445:     5 24'----------00000000010000   ->     5 22'0000100000000000001010
    446:     5 24'--11------00001000010000   ->     5 22'0000100000000000001010
    447:     5 24'---0---00-00000000110000   ->     5 22'0000100000000000001010
    448:     5 24'11--------000000100-0000   ->     5 22'0000100000000000001010
    449:     5 24'1111------000010100-0000   ->     5 22'0000100000000000001010
    450:     5 24'11-0---00-000000101-0000   ->     5 22'0000100000000000001010
    451:     5 24'-----0----00000000010010   ->     5 22'0000100000000000001010
    452:     5 24'--11-0----00001000010010   ->     5 22'0000100000000000001010
    453:     5 24'---0-0-00-00000000110010   ->     5 22'0000100000000000001010
    454:     5 24'11---0----000000100-0010   ->     5 22'0000100000000000001010
    455:     5 24'1111-0----000010100-0010   ->     5 22'0000100000000000001010
    456:     5 24'11-0-0-00-000000101-0010   ->     5 22'0000100000000000001010
    457:     5 24'----------0000000000000-   ->     5 22'0000100000000000001010
    458:     5 24'--11------0000100000000-   ->     5 22'0000100000000000001010
    459:     5 24'---0---00-0000000010000-   ->     5 22'0000100000000000001010
    460:     5 24'-----0----0000000000001-   ->     5 22'0000100000000000001010
    461:     5 24'--11-0----0000100000001-   ->     5 22'0000100000000000001010
    462:     5 24'---0-0-00-0000000010001-   ->     5 22'0000100000000000001010
    463:     5 24'---0------000-1---------   ->     5 22'0000100000000000001010
    464:     5 24'11-0----1-000000101----0   ->     6 22'0000100000000000000110
    465:     5 24'---0----1-000000001-----   ->     6 22'0000100000000000000110
    466:     5 24'0---------0000001-------   ->     6 22'0000100000000000000110
    467:     5 24'0-11------0000101-------   ->     6 22'0000100000000000000110
    468:     5 24'----------01------------   ->     8 22'0000100000000000000001
    469:     5 24'----------1-------------   ->     8 22'0000100000000000000001
    470:     5 24'11-0---10-000000101----0   ->    10 22'0000100000000000001001
    471:     5 24'11-1------000000101----0   ->    10 22'0000100000000000001001
    472:     5 24'1111------000010101----0   ->    10 22'0000100000000000001001
    473:     5 24'11--------0000001------1   ->    10 22'0000100000000000001001
    474:     5 24'1111------0000101------1   ->    10 22'0000100000000000001001
    475:     5 24'---0---10-000000001-----   ->    10 22'0000100000000000001001
    476:     5 24'---1------000000001-----   ->    10 22'0000100000000000001001
    477:     5 24'--11------000010001-----   ->    10 22'0000100000000000001001
    478:     5 24'----------0000000001---1   ->    11 22'0000100000000000000101
    479:     5 24'--11------0000100001---1   ->    11 22'0000100000000000000101
    480:     5 24'---0---00-0000000011---1   ->    11 22'0000100000000000000101
    481:     5 24'----------000100--------   ->    12 22'0000100000000000001101
    482:     5 24'--11------000110--------   ->    12 22'0000100000000000001101
    483:     5 24'------1---000-01--------   ->    12 22'0000100000000000001101
    484:     5 24'--11--1---000-11--------   ->    12 22'0000100000000000001101
    485:     5 24'----------000000000101-0   ->    13 22'0000100000000000000011
    486:     5 24'--11------000010000101-0   ->    13 22'0000100000000000000011
    487:     5 24'---0---00-000000001101-0   ->    13 22'0000100000000000000011
    488:     5 24'11--------000000100-01-0   ->    13 22'0000100000000000000011
    489:     5 24'1111------000010100-01-0   ->    13 22'0000100000000000000011
    490:     5 24'11-0---00-000000101-01-0   ->    13 22'0000100000000000000011
    491:     5 24'----------000000000001--   ->    13 22'0000100000000000000011
    492:     5 24'--11------000010000001--   ->    13 22'0000100000000000000011
    493:     5 24'---0---00-000000001001--   ->    13 22'0000100000000000000011
    494:     5 24'----1-0---000-01--------   ->    14 22'0000100000000000001011
    495:     5 24'--111-0---000-11--------   ->    14 22'0000100000000000001011
    496:     5 24'--01------000-1---------   ->    14 22'0000100000000000001011
    497:     5 24'11--1-0---00000011-----0   ->    15 22'0000100000000000000111
    498:     5 24'11111-0---00001011-----0   ->    15 22'0000100000000000000111
    499:     5 24'----1-0---00000001------   ->    15 22'0000100000000000000111
    500:     5 24'--111-0---00001001------   ->    15 22'0000100000000000000111
    501:     5 24'10--------0000001-------   ->    15 22'0000100000000000000111
    502:     5 24'1011------0000101-------   ->    15 22'0000100000000000000111
    503:     5 24'----------001-----------   ->    16 22'0000100000000000001111
    504:     6 24'11--0-0---00000011-----0   ->     1 22'0000010000000000001000
    505:     6 24'11----1---00000011-----0   ->     1 22'0000010000000000001000
    506:     6 24'11110-0---00001011-----0   ->     1 22'0000010000000000001000
    507:     6 24'1111--1---00001011-----0   ->     1 22'0000010000000000001000
    508:     6 24'----0-0---00000001------   ->     1 22'0000010000000000001000
    509:     6 24'------1---00000001------   ->     1 22'0000010000000000001000
    510:     6 24'--110-0---00001001------   ->     1 22'0000010000000000001000
    511:     6 24'--11--1---00001001------   ->     1 22'0000010000000000001000
    512:     6 24'----------00000000011--0   ->     2 22'0000010000000000000100
    513:     6 24'--11------00001000011--0   ->     2 22'0000010000000000000100
    514:     6 24'---0---00-00000000111--0   ->     2 22'0000010000000000000100
    515:     6 24'11--------000000100-1--0   ->     2 22'0000010000000000000100
    516:     6 24'1111------000010100-1--0   ->     2 22'0000010000000000000100
    517:     6 24'11-0---00-000000101-1--0   ->     2 22'0000010000000000000100
    518:     6 24'----------00000000001---   ->     2 22'0000010000000000000100
    519:     6 24'--11------00001000001---   ->     2 22'0000010000000000000100
    520:     6 24'---0---00-00000000101---   ->     2 22'0000010000000000000100
    521:     6 24'----0-0---000-01--------   ->     3 22'0000010000000000001100
    522:     6 24'--110-0---000-11--------   ->     3 22'0000010000000000001100
    523:     6 24'-----1----00000000010010   ->     4 22'0000010000000000000010
    524:     6 24'--11-1----00001000010010   ->     4 22'0000010000000000000010
    525:     6 24'---0-1-00-00000000110010   ->     4 22'0000010000000000000010
    526:     6 24'11---1----000000100-0010   ->     4 22'0000010000000000000010
    527:     6 24'1111-1----000010100-0010   ->     4 22'0000010000000000000010
    528:     6 24'11-0-1-00-000000101-0010   ->     4 22'0000010000000000000010
    529:     6 24'-----1----0000000000001-   ->     4 22'0000010000000000000010
    530:     6 24'--11-1----0000100000001-   ->     4 22'0000010000000000000010
    531:     6 24'---0-1-00-0000000010001-   ->     4 22'0000010000000000000010
    532:     6 24'---0------000-1---------   ->     5 22'0000010000000000001010
    533:     6 24'----------00000000010000   ->     6 22'0000010000000000000110
    534:     6 24'--11------00001000010000   ->     6 22'0000010000000000000110
    535:     6 24'---0---00-00000000110000   ->     6 22'0000010000000000000110
    536:     6 24'11--------000000100-0000   ->     6 22'0000010000000000000110
    537:     6 24'1111------000010100-0000   ->     6 22'0000010000000000000110
    538:     6 24'11-0---00-000000101-0000   ->     6 22'0000010000000000000110
    539:     6 24'-----0----00000000010010   ->     6 22'0000010000000000000110
    540:     6 24'--11-0----00001000010010   ->     6 22'0000010000000000000110
    541:     6 24'---0-0-00-00000000110010   ->     6 22'0000010000000000000110
    542:     6 24'11---0----000000100-0010   ->     6 22'0000010000000000000110
    543:     6 24'1111-0----000010100-0010   ->     6 22'0000010000000000000110
    544:     6 24'11-0-0-00-000000101-0010   ->     6 22'0000010000000000000110
    545:     6 24'11-0----1-000000101----0   ->     6 22'0000010000000000000110
    546:     6 24'----------0000000000000-   ->     6 22'0000010000000000000110
    547:     6 24'--11------0000100000000-   ->     6 22'0000010000000000000110
    548:     6 24'---0---00-0000000010000-   ->     6 22'0000010000000000000110
    549:     6 24'-----0----0000000000001-   ->     6 22'0000010000000000000110
    550:     6 24'--11-0----0000100000001-   ->     6 22'0000010000000000000110
    551:     6 24'---0-0-00-0000000010001-   ->     6 22'0000010000000000000110
    552:     6 24'---0----1-000000001-----   ->     6 22'0000010000000000000110
    553:     6 24'0---------0000001-------   ->     6 22'0000010000000000000110
    554:     6 24'0-11------0000101-------   ->     6 22'0000010000000000000110
    555:     6 24'----------01------------   ->     8 22'0000010000000000000001
    556:     6 24'----------1-------------   ->     8 22'0000010000000000000001
    557:     6 24'11-0---10-000000101----0   ->    10 22'0000010000000000001001
    558:     6 24'11-1------000000101----0   ->    10 22'0000010000000000001001
    559:     6 24'1111------000010101----0   ->    10 22'0000010000000000001001
    560:     6 24'11--------0000001------1   ->    10 22'0000010000000000001001
    561:     6 24'1111------0000101------1   ->    10 22'0000010000000000001001
    562:     6 24'---0---10-000000001-----   ->    10 22'0000010000000000001001
    563:     6 24'---1------000000001-----   ->    10 22'0000010000000000001001
    564:     6 24'--11------000010001-----   ->    10 22'0000010000000000001001
    565:     6 24'----------0000000001---1   ->    11 22'0000010000000000000101
    566:     6 24'--11------0000100001---1   ->    11 22'0000010000000000000101
    567:     6 24'---0---00-0000000011---1   ->    11 22'0000010000000000000101
    568:     6 24'----------000100--------   ->    12 22'0000010000000000001101
    569:     6 24'--11------000110--------   ->    12 22'0000010000000000001101
    570:     6 24'------1---000-01--------   ->    12 22'0000010000000000001101
    571:     6 24'--11--1---000-11--------   ->    12 22'0000010000000000001101
    572:     6 24'----------000000000101-0   ->    13 22'0000010000000000000011
    573:     6 24'--11------000010000101-0   ->    13 22'0000010000000000000011
    574:     6 24'---0---00-000000001101-0   ->    13 22'0000010000000000000011
    575:     6 24'11--------000000100-01-0   ->    13 22'0000010000000000000011
    576:     6 24'1111------000010100-01-0   ->    13 22'0000010000000000000011
    577:     6 24'11-0---00-000000101-01-0   ->    13 22'0000010000000000000011
    578:     6 24'----------000000000001--   ->    13 22'0000010000000000000011
    579:     6 24'--11------000010000001--   ->    13 22'0000010000000000000011
    580:     6 24'---0---00-000000001001--   ->    13 22'0000010000000000000011
    581:     6 24'----1-0---000-01--------   ->    14 22'0000010000000000001011
    582:     6 24'--111-0---000-11--------   ->    14 22'0000010000000000001011
    583:     6 24'--01------000-1---------   ->    14 22'0000010000000000001011
    584:     6 24'11--1-0---00000011-----0   ->    15 22'0000010000000000000111
    585:     6 24'11111-0---00001011-----0   ->    15 22'0000010000000000000111
    586:     6 24'----1-0---00000001------   ->    15 22'0000010000000000000111
    587:     6 24'--111-0---00001001------   ->    15 22'0000010000000000000111
    588:     6 24'10--------0000001-------   ->    15 22'0000010000000000000111
    589:     6 24'1011------0000101-------   ->    15 22'0000010000000000000111
    590:     6 24'----------001-----------   ->    16 22'0000010000000000001111
    591:     7 24'11--0-0---00000011-----0   ->     1 22'0000000000010000001000
    592:     7 24'11----1---00000011-----0   ->     1 22'0000000000010000001000
    593:     7 24'11110-0---00001011-----0   ->     1 22'0000000000010000001000
    594:     7 24'1111--1---00001011-----0   ->     1 22'0000000000010000001000
    595:     7 24'----0-0---00000001------   ->     1 22'0000000000010000001000
    596:     7 24'------1---00000001------   ->     1 22'0000000000010000001000
    597:     7 24'--110-0---00001001------   ->     1 22'0000000000010000001000
    598:     7 24'--11--1---00001001------   ->     1 22'0000000000010000001000
    599:     7 24'----------00000000011--0   ->     2 22'0000000000010000000100
    600:     7 24'--11------00001000011--0   ->     2 22'0000000000010000000100
    601:     7 24'---0---00-00000000111--0   ->     2 22'0000000000010000000100
    602:     7 24'11--------000000100-1--0   ->     2 22'0000000000010000000100
    603:     7 24'1111------000010100-1--0   ->     2 22'0000000000010000000100
    604:     7 24'11-0---00-000000101-1--0   ->     2 22'0000000000010000000100
    605:     7 24'----------00000000001---   ->     2 22'0000000000010000000100
    606:     7 24'--11------00001000001---   ->     2 22'0000000000010000000100
    607:     7 24'---0---00-00000000101---   ->     2 22'0000000000010000000100
    608:     7 24'----0-0---000-01--------   ->     3 22'0000000000010000001100
    609:     7 24'--110-0---000-11--------   ->     3 22'0000000000010000001100
    610:     7 24'-----1----00000000010010   ->     4 22'0000000000010000000010
    611:     7 24'--11-1----00001000010010   ->     4 22'0000000000010000000010
    612:     7 24'---0-1-00-00000000110010   ->     4 22'0000000000010000000010
    613:     7 24'11---1----000000100-0010   ->     4 22'0000000000010000000010
    614:     7 24'1111-1----000010100-0010   ->     4 22'0000000000010000000010
    615:     7 24'11-0-1-00-000000101-0010   ->     4 22'0000000000010000000010
    616:     7 24'-----1----0000000000001-   ->     4 22'0000000000010000000010
    617:     7 24'--11-1----0000100000001-   ->     4 22'0000000000010000000010
    618:     7 24'---0-1-00-0000000010001-   ->     4 22'0000000000010000000010
    619:     7 24'---0------000-1---------   ->     5 22'0000000000010000001010
    620:     7 24'11-0----1-000000101----0   ->     6 22'0000000000010000000110
    621:     7 24'---0----1-000000001-----   ->     6 22'0000000000010000000110
    622:     7 24'0---------0000001-------   ->     6 22'0000000000010000000110
    623:     7 24'0-11------0000101-------   ->     6 22'0000000000010000000110
    624:     7 24'----------00000000010000   ->     7 22'0000000000010000001110
    625:     7 24'--11------00001000010000   ->     7 22'0000000000010000001110
    626:     7 24'---0---00-00000000110000   ->     7 22'0000000000010000001110
    627:     7 24'11--------000000100-0000   ->     7 22'0000000000010000001110
    628:     7 24'1111------000010100-0000   ->     7 22'0000000000010000001110
    629:     7 24'11-0---00-000000101-0000   ->     7 22'0000000000010000001110
    630:     7 24'-----0----00000000010010   ->     7 22'0000000000010000001110
    631:     7 24'--11-0----00001000010010   ->     7 22'0000000000010000001110
    632:     7 24'---0-0-00-00000000110010   ->     7 22'0000000000010000001110
    633:     7 24'11---0----000000100-0010   ->     7 22'0000000000010000001110
    634:     7 24'1111-0----000010100-0010   ->     7 22'0000000000010000001110
    635:     7 24'11-0-0-00-000000101-0010   ->     7 22'0000000000010000001110
    636:     7 24'----------0000000000000-   ->     7 22'0000000000010000001110
    637:     7 24'--11------0000100000000-   ->     7 22'0000000000010000001110
    638:     7 24'---0---00-0000000010000-   ->     7 22'0000000000010000001110
    639:     7 24'-----0----0000000000001-   ->     7 22'0000000000010000001110
    640:     7 24'--11-0----0000100000001-   ->     7 22'0000000000010000001110
    641:     7 24'---0-0-00-0000000010001-   ->     7 22'0000000000010000001110
    642:     7 24'----------01------------   ->     8 22'0000000000010000000001
    643:     7 24'----------1-------------   ->     8 22'0000000000010000000001
    644:     7 24'11-0---10-000000101----0   ->    10 22'0000000000010000001001
    645:     7 24'11-1------000000101----0   ->    10 22'0000000000010000001001
    646:     7 24'1111------000010101----0   ->    10 22'0000000000010000001001
    647:     7 24'11--------0000001------1   ->    10 22'0000000000010000001001
    648:     7 24'1111------0000101------1   ->    10 22'0000000000010000001001
    649:     7 24'---0---10-000000001-----   ->    10 22'0000000000010000001001
    650:     7 24'---1------000000001-----   ->    10 22'0000000000010000001001
    651:     7 24'--11------000010001-----   ->    10 22'0000000000010000001001
    652:     7 24'----------0000000001---1   ->    11 22'0000000000010000000101
    653:     7 24'--11------0000100001---1   ->    11 22'0000000000010000000101
    654:     7 24'---0---00-0000000011---1   ->    11 22'0000000000010000000101
    655:     7 24'----------000100--------   ->    12 22'0000000000010000001101
    656:     7 24'--11------000110--------   ->    12 22'0000000000010000001101
    657:     7 24'------1---000-01--------   ->    12 22'0000000000010000001101
    658:     7 24'--11--1---000-11--------   ->    12 22'0000000000010000001101
    659:     7 24'----------000000000101-0   ->    13 22'0000000000010000000011
    660:     7 24'--11------000010000101-0   ->    13 22'0000000000010000000011
    661:     7 24'---0---00-000000001101-0   ->    13 22'0000000000010000000011
    662:     7 24'11--------000000100-01-0   ->    13 22'0000000000010000000011
    663:     7 24'1111------000010100-01-0   ->    13 22'0000000000010000000011
    664:     7 24'11-0---00-000000101-01-0   ->    13 22'0000000000010000000011
    665:     7 24'----------000000000001--   ->    13 22'0000000000010000000011
    666:     7 24'--11------000010000001--   ->    13 22'0000000000010000000011
    667:     7 24'---0---00-000000001001--   ->    13 22'0000000000010000000011
    668:     7 24'----1-0---000-01--------   ->    14 22'0000000000010000001011
    669:     7 24'--111-0---000-11--------   ->    14 22'0000000000010000001011
    670:     7 24'--01------000-1---------   ->    14 22'0000000000010000001011
    671:     7 24'11--1-0---00000011-----0   ->    15 22'0000000000010000000111
    672:     7 24'11111-0---00001011-----0   ->    15 22'0000000000010000000111
    673:     7 24'----1-0---00000001------   ->    15 22'0000000000010000000111
    674:     7 24'--111-0---00001001------   ->    15 22'0000000000010000000111
    675:     7 24'10--------0000001-------   ->    15 22'0000000000010000000111
    676:     7 24'1011------0000101-------   ->    15 22'0000000000010000000111
    677:     7 24'----------001-----------   ->    16 22'0000000000010000001111
    678:     8 24'11--0-0---00000011-----0   ->     1 22'0000000001000000001000
    679:     8 24'11----1---00000011-----0   ->     1 22'0000000001000000001000
    680:     8 24'11110-0---00001011-----0   ->     1 22'0000000001000000001000
    681:     8 24'1111--1---00001011-----0   ->     1 22'0000000001000000001000
    682:     8 24'----0-0---00000001------   ->     1 22'0000000001000000001000
    683:     8 24'------1---00000001------   ->     1 22'0000000001000000001000
    684:     8 24'--110-0---00001001------   ->     1 22'0000000001000000001000
    685:     8 24'--11--1---00001001------   ->     1 22'0000000001000000001000
    686:     8 24'----------00000000011--0   ->     2 22'0000000001000000000100
    687:     8 24'--11------00001000011--0   ->     2 22'0000000001000000000100
    688:     8 24'---0---00-00000000111--0   ->     2 22'0000000001000000000100
    689:     8 24'11--------000000100-1--0   ->     2 22'0000000001000000000100
    690:     8 24'1111------000010100-1--0   ->     2 22'0000000001000000000100
    691:     8 24'11-0---00-000000101-1--0   ->     2 22'0000000001000000000100
    692:     8 24'----------00000000001---   ->     2 22'0000000001000000000100
    693:     8 24'--11------00001000001---   ->     2 22'0000000001000000000100
    694:     8 24'---0---00-00000000101---   ->     2 22'0000000001000000000100
    695:     8 24'----0-0---000-01--------   ->     3 22'0000000001000000001100
    696:     8 24'--110-0---000-11--------   ->     3 22'0000000001000000001100
    697:     8 24'-----1----00000000010010   ->     4 22'0000000001000000000010
    698:     8 24'--11-1----00001000010010   ->     4 22'0000000001000000000010
    699:     8 24'---0-1-00-00000000110010   ->     4 22'0000000001000000000010
    700:     8 24'11---1----000000100-0010   ->     4 22'0000000001000000000010
    701:     8 24'1111-1----000010100-0010   ->     4 22'0000000001000000000010
    702:     8 24'11-0-1-00-000000101-0010   ->     4 22'0000000001000000000010
    703:     8 24'-----1----0000000000001-   ->     4 22'0000000001000000000010
    704:     8 24'--11-1----0000100000001-   ->     4 22'0000000001000000000010
    705:     8 24'---0-1-00-0000000010001-   ->     4 22'0000000001000000000010
    706:     8 24'---0------000-1---------   ->     5 22'0000000001000000001010
    707:     8 24'11-0----1-000000101----0   ->     6 22'0000000001000000000110
    708:     8 24'---0----1-000000001-----   ->     6 22'0000000001000000000110
    709:     8 24'0---------0000001-------   ->     6 22'0000000001000000000110
    710:     8 24'0-11------0000101-------   ->     6 22'0000000001000000000110
    711:     8 24'----------00000000010000   ->     8 22'0000000001000000000001
    712:     8 24'--11------00001000010000   ->     8 22'0000000001000000000001
    713:     8 24'---0---00-00000000110000   ->     8 22'0000000001000000000001
    714:     8 24'11--------000000100-0000   ->     8 22'0000000001000000000001
    715:     8 24'1111------000010100-0000   ->     8 22'0000000001000000000001
    716:     8 24'11-0---00-000000101-0000   ->     8 22'0000000001000000000001
    717:     8 24'-----0----00000000010010   ->     8 22'0000000001000000000001
    718:     8 24'--11-0----00001000010010   ->     8 22'0000000001000000000001
    719:     8 24'---0-0-00-00000000110010   ->     8 22'0000000001000000000001
    720:     8 24'11---0----000000100-0010   ->     8 22'0000000001000000000001
    721:     8 24'1111-0----000010100-0010   ->     8 22'0000000001000000000001
    722:     8 24'11-0-0-00-000000101-0010   ->     8 22'0000000001000000000001
    723:     8 24'----------0000000000000-   ->     8 22'0000000001000000000001
    724:     8 24'--11------0000100000000-   ->     8 22'0000000001000000000001
    725:     8 24'---0---00-0000000010000-   ->     8 22'0000000001000000000001
    726:     8 24'-----0----0000000000001-   ->     8 22'0000000001000000000001
    727:     8 24'--11-0----0000100000001-   ->     8 22'0000000001000000000001
    728:     8 24'---0-0-00-0000000010001-   ->     8 22'0000000001000000000001
    729:     8 24'----------01------------   ->     8 22'0000000001000000000001
    730:     8 24'----------1-------------   ->     8 22'0000000001000000000001
    731:     8 24'11-0---10-000000101----0   ->    10 22'0000000001000000001001
    732:     8 24'11-1------000000101----0   ->    10 22'0000000001000000001001
    733:     8 24'1111------000010101----0   ->    10 22'0000000001000000001001
    734:     8 24'11--------0000001------1   ->    10 22'0000000001000000001001
    735:     8 24'1111------0000101------1   ->    10 22'0000000001000000001001
    736:     8 24'---0---10-000000001-----   ->    10 22'0000000001000000001001
    737:     8 24'---1------000000001-----   ->    10 22'0000000001000000001001
    738:     8 24'--11------000010001-----   ->    10 22'0000000001000000001001
    739:     8 24'----------0000000001---1   ->    11 22'0000000001000000000101
    740:     8 24'--11------0000100001---1   ->    11 22'0000000001000000000101
    741:     8 24'---0---00-0000000011---1   ->    11 22'0000000001000000000101
    742:     8 24'----------000100--------   ->    12 22'0000000001000000001101
    743:     8 24'--11------000110--------   ->    12 22'0000000001000000001101
    744:     8 24'------1---000-01--------   ->    12 22'0000000001000000001101
    745:     8 24'--11--1---000-11--------   ->    12 22'0000000001000000001101
    746:     8 24'----------000000000101-0   ->    13 22'0000000001000000000011
    747:     8 24'--11------000010000101-0   ->    13 22'0000000001000000000011
    748:     8 24'---0---00-000000001101-0   ->    13 22'0000000001000000000011
    749:     8 24'11--------000000100-01-0   ->    13 22'0000000001000000000011
    750:     8 24'1111------000010100-01-0   ->    13 22'0000000001000000000011
    751:     8 24'11-0---00-000000101-01-0   ->    13 22'0000000001000000000011
    752:     8 24'----------000000000001--   ->    13 22'0000000001000000000011
    753:     8 24'--11------000010000001--   ->    13 22'0000000001000000000011
    754:     8 24'---0---00-000000001001--   ->    13 22'0000000001000000000011
    755:     8 24'----1-0---000-01--------   ->    14 22'0000000001000000001011
    756:     8 24'--111-0---000-11--------   ->    14 22'0000000001000000001011
    757:     8 24'--01------000-1---------   ->    14 22'0000000001000000001011
    758:     8 24'11--1-0---00000011-----0   ->    15 22'0000000001000000000111
    759:     8 24'11111-0---00001011-----0   ->    15 22'0000000001000000000111
    760:     8 24'----1-0---00000001------   ->    15 22'0000000001000000000111
    761:     8 24'--111-0---00001001------   ->    15 22'0000000001000000000111
    762:     8 24'10--------0000001-------   ->    15 22'0000000001000000000111
    763:     8 24'1011------0000101-------   ->    15 22'0000000001000000000111
    764:     8 24'----------001-----------   ->    16 22'0000000001000000001111
    765:     9 24'11--0-0---00000011-----0   ->     1 22'0010000000000000001000
    766:     9 24'11----1---00000011-----0   ->     1 22'0010000000000000001000
    767:     9 24'11110-0---00001011-----0   ->     1 22'0010000000000000001000
    768:     9 24'1111--1---00001011-----0   ->     1 22'0010000000000000001000
    769:     9 24'----0-0---00000001------   ->     1 22'0010000000000000001000
    770:     9 24'------1---00000001------   ->     1 22'0010000000000000001000
    771:     9 24'--110-0---00001001------   ->     1 22'0010000000000000001000
    772:     9 24'--11--1---00001001------   ->     1 22'0010000000000000001000
    773:     9 24'----------00000000011--0   ->     2 22'0010000000000000000100
    774:     9 24'--11------00001000011--0   ->     2 22'0010000000000000000100
    775:     9 24'---0---00-00000000111--0   ->     2 22'0010000000000000000100
    776:     9 24'11--------000000100-1--0   ->     2 22'0010000000000000000100
    777:     9 24'1111------000010100-1--0   ->     2 22'0010000000000000000100
    778:     9 24'11-0---00-000000101-1--0   ->     2 22'0010000000000000000100
    779:     9 24'----------00000000001---   ->     2 22'0010000000000000000100
    780:     9 24'--11------00001000001---   ->     2 22'0010000000000000000100
    781:     9 24'---0---00-00000000101---   ->     2 22'0010000000000000000100
    782:     9 24'----0-0---000-01--------   ->     3 22'0010000000000000001100
    783:     9 24'--110-0---000-11--------   ->     3 22'0010000000000000001100
    784:     9 24'-----1----00000000010010   ->     4 22'0010000000000000000010
    785:     9 24'--11-1----00001000010010   ->     4 22'0010000000000000000010
    786:     9 24'---0-1-00-00000000110010   ->     4 22'0010000000000000000010
    787:     9 24'11---1----000000100-0010   ->     4 22'0010000000000000000010
    788:     9 24'1111-1----000010100-0010   ->     4 22'0010000000000000000010
    789:     9 24'11-0-1-00-000000101-0010   ->     4 22'0010000000000000000010
    790:     9 24'-----1----0000000000001-   ->     4 22'0010000000000000000010
    791:     9 24'--11-1----0000100000001-   ->     4 22'0010000000000000000010
    792:     9 24'---0-1-00-0000000010001-   ->     4 22'0010000000000000000010
    793:     9 24'---0------000-1---------   ->     5 22'0010000000000000001010
    794:     9 24'11-0----1-000000101----0   ->     6 22'0010000000000000000110
    795:     9 24'---0----1-000000001-----   ->     6 22'0010000000000000000110
    796:     9 24'0---------0000001-------   ->     6 22'0010000000000000000110
    797:     9 24'0-11------0000101-------   ->     6 22'0010000000000000000110
    798:     9 24'----------01------------   ->     8 22'0010000000000000000001
    799:     9 24'----------1-------------   ->     8 22'0010000000000000000001
    800:     9 24'----------00000000010000   ->     9 22'0010000000000000010001
    801:     9 24'--11------00001000010000   ->     9 22'0010000000000000010001
    802:     9 24'---0---00-00000000110000   ->     9 22'0010000000000000010001
    803:     9 24'11--------000000100-0000   ->     9 22'0010000000000000010001
    804:     9 24'1111------000010100-0000   ->     9 22'0010000000000000010001
    805:     9 24'11-0---00-000000101-0000   ->     9 22'0010000000000000010001
    806:     9 24'-----0----00000000010010   ->     9 22'0010000000000000010001
    807:     9 24'--11-0----00001000010010   ->     9 22'0010000000000000010001
    808:     9 24'---0-0-00-00000000110010   ->     9 22'0010000000000000010001
    809:     9 24'11---0----000000100-0010   ->     9 22'0010000000000000010001
    810:     9 24'1111-0----000010100-0010   ->     9 22'0010000000000000010001
    811:     9 24'11-0-0-00-000000101-0010   ->     9 22'0010000000000000010001
    812:     9 24'----------0000000000000-   ->     9 22'0010000000000000010001
    813:     9 24'--11------0000100000000-   ->     9 22'0010000000000000010001
    814:     9 24'---0---00-0000000010000-   ->     9 22'0010000000000000010001
    815:     9 24'-----0----0000000000001-   ->     9 22'0010000000000000010001
    816:     9 24'--11-0----0000100000001-   ->     9 22'0010000000000000010001
    817:     9 24'---0-0-00-0000000010001-   ->     9 22'0010000000000000010001
    818:     9 24'11-0---10-000000101----0   ->    10 22'0010000000000000001001
    819:     9 24'11-1------000000101----0   ->    10 22'0010000000000000001001
    820:     9 24'1111------000010101----0   ->    10 22'0010000000000000001001
    821:     9 24'11--------0000001------1   ->    10 22'0010000000000000001001
    822:     9 24'1111------0000101------1   ->    10 22'0010000000000000001001
    823:     9 24'---0---10-000000001-----   ->    10 22'0010000000000000001001
    824:     9 24'---1------000000001-----   ->    10 22'0010000000000000001001
    825:     9 24'--11------000010001-----   ->    10 22'0010000000000000001001
    826:     9 24'----------0000000001---1   ->    11 22'0010000000000000000101
    827:     9 24'--11------0000100001---1   ->    11 22'0010000000000000000101
    828:     9 24'---0---00-0000000011---1   ->    11 22'0010000000000000000101
    829:     9 24'----------000100--------   ->    12 22'0010000000000000001101
    830:     9 24'--11------000110--------   ->    12 22'0010000000000000001101
    831:     9 24'------1---000-01--------   ->    12 22'0010000000000000001101
    832:     9 24'--11--1---000-11--------   ->    12 22'0010000000000000001101
    833:     9 24'----------000000000101-0   ->    13 22'0010000000000000000011
    834:     9 24'--11------000010000101-0   ->    13 22'0010000000000000000011
    835:     9 24'---0---00-000000001101-0   ->    13 22'0010000000000000000011
    836:     9 24'11--------000000100-01-0   ->    13 22'0010000000000000000011
    837:     9 24'1111------000010100-01-0   ->    13 22'0010000000000000000011
    838:     9 24'11-0---00-000000101-01-0   ->    13 22'0010000000000000000011
    839:     9 24'----------000000000001--   ->    13 22'0010000000000000000011
    840:     9 24'--11------000010000001--   ->    13 22'0010000000000000000011
    841:     9 24'---0---00-000000001001--   ->    13 22'0010000000000000000011
    842:     9 24'----1-0---000-01--------   ->    14 22'0010000000000000001011
    843:     9 24'--111-0---000-11--------   ->    14 22'0010000000000000001011
    844:     9 24'--01------000-1---------   ->    14 22'0010000000000000001011
    845:     9 24'11--1-0---00000011-----0   ->    15 22'0010000000000000000111
    846:     9 24'11111-0---00001011-----0   ->    15 22'0010000000000000000111
    847:     9 24'----1-0---00000001------   ->    15 22'0010000000000000000111
    848:     9 24'--111-0---00001001------   ->    15 22'0010000000000000000111
    849:     9 24'10--------0000001-------   ->    15 22'0010000000000000000111
    850:     9 24'1011------0000101-------   ->    15 22'0010000000000000000111
    851:     9 24'----------001-----------   ->    16 22'0010000000000000001111
    852:    10 24'----0-0---000-01--------   ->     3 22'0000000000000010001100
    853:    10 24'--110-0---000-11--------   ->     3 22'0000000000000010001100
    854:    10 24'---0------000000--------   ->     5 22'0000000000000010001010
    855:    10 24'---0------000-1---------   ->     5 22'0000000000000010001010
    856:    10 24'----------01------------   ->     8 22'0000000000000010000001
    857:    10 24'----------1-------------   ->     8 22'0000000000000010000001
    858:    10 24'---1------000000--------   ->    12 22'0000000000000010001101
    859:    10 24'----------000100--------   ->    12 22'0000000000000010001101
    860:    10 24'--11------000-10--------   ->    12 22'0000000000000010001101
    861:    10 24'------1---000-01--------   ->    12 22'0000000000000010001101
    862:    10 24'--11--1---000-11--------   ->    12 22'0000000000000010001101
    863:    10 24'----1-0---000-01--------   ->    14 22'0000000000000010001011
    864:    10 24'--111-0---000-11--------   ->    14 22'0000000000000010001011
    865:    10 24'--01------000-1---------   ->    14 22'0000000000000010001011
    866:    10 24'----------001-----------   ->    16 22'0000000000000010001111
    867:    11 24'11--0-0---00000011-----0   ->     1 22'0000001000000000001000
    868:    11 24'11----1---00000011-----0   ->     1 22'0000001000000000001000
    869:    11 24'11110-0---00001011-----0   ->     1 22'0000001000000000001000
    870:    11 24'1111--1---00001011-----0   ->     1 22'0000001000000000001000
    871:    11 24'----0-0---00000001------   ->     1 22'0000001000000000001000
    872:    11 24'------1---00000001------   ->     1 22'0000001000000000001000
    873:    11 24'--110-0---00001001------   ->     1 22'0000001000000000001000
    874:    11 24'--11--1---00001001------   ->     1 22'0000001000000000001000
    875:    11 24'----------00000000011--0   ->     2 22'0000001000000000000100
    876:    11 24'--11------00001000011--0   ->     2 22'0000001000000000000100
    877:    11 24'---0---00-00000000111--0   ->     2 22'0000001000000000000100
    878:    11 24'11--------000000100-1--0   ->     2 22'0000001000000000000100
    879:    11 24'1111------000010100-1--0   ->     2 22'0000001000000000000100
    880:    11 24'11-0---00-000000101-1--0   ->     2 22'0000001000000000000100
    881:    11 24'----------00000000001---   ->     2 22'0000001000000000000100
    882:    11 24'--11------00001000001---   ->     2 22'0000001000000000000100
    883:    11 24'---0---00-00000000101---   ->     2 22'0000001000000000000100
    884:    11 24'----0-0---000-01--------   ->     3 22'0000001000000000001100
    885:    11 24'--110-0---000-11--------   ->     3 22'0000001000000000001100
    886:    11 24'-----1----00000000010010   ->     4 22'0000001000000000000010
    887:    11 24'--11-1----00001000010010   ->     4 22'0000001000000000000010
    888:    11 24'---0-1-00-00000000110010   ->     4 22'0000001000000000000010
    889:    11 24'11---1----000000100-0010   ->     4 22'0000001000000000000010
    890:    11 24'1111-1----000010100-0010   ->     4 22'0000001000000000000010
    891:    11 24'11-0-1-00-000000101-0010   ->     4 22'0000001000000000000010
    892:    11 24'-----1----0000000000001-   ->     4 22'0000001000000000000010
    893:    11 24'--11-1----0000100000001-   ->     4 22'0000001000000000000010
    894:    11 24'---0-1-00-0000000010001-   ->     4 22'0000001000000000000010
    895:    11 24'---0------000-1---------   ->     5 22'0000001000000000001010
    896:    11 24'11-0----1-000000101----0   ->     6 22'0000001000000000000110
    897:    11 24'---0----1-000000001-----   ->     6 22'0000001000000000000110
    898:    11 24'0---------0000001-------   ->     6 22'0000001000000000000110
    899:    11 24'0-11------0000101-------   ->     6 22'0000001000000000000110
    900:    11 24'----------01------------   ->     8 22'0000001000000000000001
    901:    11 24'----------1-------------   ->     8 22'0000001000000000000001
    902:    11 24'11-0---10-000000101----0   ->    10 22'0000001000000000001001
    903:    11 24'11-1------000000101----0   ->    10 22'0000001000000000001001
    904:    11 24'1111------000010101----0   ->    10 22'0000001000000000001001
    905:    11 24'11--------0000001------1   ->    10 22'0000001000000000001001
    906:    11 24'1111------0000101------1   ->    10 22'0000001000000000001001
    907:    11 24'---0---10-000000001-----   ->    10 22'0000001000000000001001
    908:    11 24'---1------000000001-----   ->    10 22'0000001000000000001001
    909:    11 24'--11------000010001-----   ->    10 22'0000001000000000001001
    910:    11 24'----------00000000010000   ->    11 22'0000001000000000000101
    911:    11 24'--11------00001000010000   ->    11 22'0000001000000000000101
    912:    11 24'---0---00-00000000110000   ->    11 22'0000001000000000000101
    913:    11 24'11--------000000100-0000   ->    11 22'0000001000000000000101
    914:    11 24'1111------000010100-0000   ->    11 22'0000001000000000000101
    915:    11 24'11-0---00-000000101-0000   ->    11 22'0000001000000000000101
    916:    11 24'-----0----00000000010010   ->    11 22'0000001000000000000101
    917:    11 24'--11-0----00001000010010   ->    11 22'0000001000000000000101
    918:    11 24'---0-0-00-00000000110010   ->    11 22'0000001000000000000101
    919:    11 24'11---0----000000100-0010   ->    11 22'0000001000000000000101
    920:    11 24'1111-0----000010100-0010   ->    11 22'0000001000000000000101
    921:    11 24'11-0-0-00-000000101-0010   ->    11 22'0000001000000000000101
    922:    11 24'----------0000000001---1   ->    11 22'0000001000000000000101
    923:    11 24'--11------0000100001---1   ->    11 22'0000001000000000000101
    924:    11 24'---0---00-0000000011---1   ->    11 22'0000001000000000000101
    925:    11 24'----------0000000000000-   ->    11 22'0000001000000000000101
    926:    11 24'--11------0000100000000-   ->    11 22'0000001000000000000101
    927:    11 24'---0---00-0000000010000-   ->    11 22'0000001000000000000101
    928:    11 24'-----0----0000000000001-   ->    11 22'0000001000000000000101
    929:    11 24'--11-0----0000100000001-   ->    11 22'0000001000000000000101
    930:    11 24'---0-0-00-0000000010001-   ->    11 22'0000001000000000000101
    931:    11 24'----------000100--------   ->    12 22'0000001000000000001101
    932:    11 24'--11------000110--------   ->    12 22'0000001000000000001101
    933:    11 24'------1---000-01--------   ->    12 22'0000001000000000001101
    934:    11 24'--11--1---000-11--------   ->    12 22'0000001000000000001101
    935:    11 24'----------000000000101-0   ->    13 22'0000001000000000000011
    936:    11 24'--11------000010000101-0   ->    13 22'0000001000000000000011
    937:    11 24'---0---00-000000001101-0   ->    13 22'0000001000000000000011
    938:    11 24'11--------000000100-01-0   ->    13 22'0000001000000000000011
    939:    11 24'1111------000010100-01-0   ->    13 22'0000001000000000000011
    940:    11 24'11-0---00-000000101-01-0   ->    13 22'0000001000000000000011
    941:    11 24'----------000000000001--   ->    13 22'0000001000000000000011
    942:    11 24'--11------000010000001--   ->    13 22'0000001000000000000011
    943:    11 24'---0---00-000000001001--   ->    13 22'0000001000000000000011
    944:    11 24'----1-0---000-01--------   ->    14 22'0000001000000000001011
    945:    11 24'--111-0---000-11--------   ->    14 22'0000001000000000001011
    946:    11 24'--01------000-1---------   ->    14 22'0000001000000000001011
    947:    11 24'11--1-0---00000011-----0   ->    15 22'0000001000000000000111
    948:    11 24'11111-0---00001011-----0   ->    15 22'0000001000000000000111
    949:    11 24'----1-0---00000001------   ->    15 22'0000001000000000000111
    950:    11 24'--111-0---00001001------   ->    15 22'0000001000000000000111
    951:    11 24'10--------0000001-------   ->    15 22'0000001000000000000111
    952:    11 24'1011------0000101-------   ->    15 22'0000001000000000000111
    953:    11 24'----------001-----------   ->    16 22'0000001000000000001111
    954:    12 24'----------000-----------   ->     7 22'0000000000001000001110
    955:    12 24'----------01------------   ->     8 22'0000000000001000000001
    956:    12 24'----------1-------------   ->     8 22'0000000000001000000001
    957:    12 24'----------001-----------   ->    16 22'0000000000001000001111
    958:    13 24'11--0-0---00000011-----0   ->     1 22'0000000100000000001000
    959:    13 24'11----1---00000011-----0   ->     1 22'0000000100000000001000
    960:    13 24'11110-0---00001011-----0   ->     1 22'0000000100000000001000
    961:    13 24'1111--1---00001011-----0   ->     1 22'0000000100000000001000
    962:    13 24'----0-0---00000001------   ->     1 22'0000000100000000001000
    963:    13 24'------1---00000001------   ->     1 22'0000000100000000001000
    964:    13 24'--110-0---00001001------   ->     1 22'0000000100000000001000
    965:    13 24'--11--1---00001001------   ->     1 22'0000000100000000001000
    966:    13 24'----------00000000011--0   ->     2 22'0000000100000000000100
    967:    13 24'--11------00001000011--0   ->     2 22'0000000100000000000100
    968:    13 24'---0---00-00000000111--0   ->     2 22'0000000100000000000100
    969:    13 24'11--------000000100-1--0   ->     2 22'0000000100000000000100
    970:    13 24'1111------000010100-1--0   ->     2 22'0000000100000000000100
    971:    13 24'11-0---00-000000101-1--0   ->     2 22'0000000100000000000100
    972:    13 24'----------00000000001---   ->     2 22'0000000100000000000100
    973:    13 24'--11------00001000001---   ->     2 22'0000000100000000000100
    974:    13 24'---0---00-00000000101---   ->     2 22'0000000100000000000100
    975:    13 24'----0-0---000-01--------   ->     3 22'0000000100000000001100
    976:    13 24'--110-0---000-11--------   ->     3 22'0000000100000000001100
    977:    13 24'-----1----00000000010010   ->     4 22'0000000100000000000010
    978:    13 24'--11-1----00001000010010   ->     4 22'0000000100000000000010
    979:    13 24'---0-1-00-00000000110010   ->     4 22'0000000100000000000010
    980:    13 24'11---1----000000100-0010   ->     4 22'0000000100000000000010
    981:    13 24'1111-1----000010100-0010   ->     4 22'0000000100000000000010
    982:    13 24'11-0-1-00-000000101-0010   ->     4 22'0000000100000000000010
    983:    13 24'-----1----0000000000001-   ->     4 22'0000000100000000000010
    984:    13 24'--11-1----0000100000001-   ->     4 22'0000000100000000000010
    985:    13 24'---0-1-00-0000000010001-   ->     4 22'0000000100000000000010
    986:    13 24'---0------000-1---------   ->     5 22'0000000100000000001010
    987:    13 24'11-0----1-000000101----0   ->     6 22'0000000100000000000110
    988:    13 24'---0----1-000000001-----   ->     6 22'0000000100000000000110
    989:    13 24'0---------0000001-------   ->     6 22'0000000100000000000110
    990:    13 24'0-11------0000101-------   ->     6 22'0000000100000000000110
    991:    13 24'----------01------------   ->     8 22'0000000100000000000001
    992:    13 24'----------1-------------   ->     8 22'0000000100000000000001
    993:    13 24'11-0---10-000000101----0   ->    10 22'0000000100000000001001
    994:    13 24'11-1------000000101----0   ->    10 22'0000000100000000001001
    995:    13 24'1111------000010101----0   ->    10 22'0000000100000000001001
    996:    13 24'11--------0000001------1   ->    10 22'0000000100000000001001
    997:    13 24'1111------0000101------1   ->    10 22'0000000100000000001001
    998:    13 24'---0---10-000000001-----   ->    10 22'0000000100000000001001
    999:    13 24'---1------000000001-----   ->    10 22'0000000100000000001001
   1000:    13 24'--11------000010001-----   ->    10 22'0000000100000000001001
   1001:    13 24'----------0000000001---1   ->    11 22'0000000100000000000101
   1002:    13 24'--11------0000100001---1   ->    11 22'0000000100000000000101
   1003:    13 24'---0---00-0000000011---1   ->    11 22'0000000100000000000101
   1004:    13 24'----------000100--------   ->    12 22'0000000100000000001101
   1005:    13 24'--11------000110--------   ->    12 22'0000000100000000001101
   1006:    13 24'------1---000-01--------   ->    12 22'0000000100000000001101
   1007:    13 24'--11--1---000-11--------   ->    12 22'0000000100000000001101
   1008:    13 24'----------00000000010000   ->    13 22'0000000100000000000011
   1009:    13 24'--11------00001000010000   ->    13 22'0000000100000000000011
   1010:    13 24'---0---00-00000000110000   ->    13 22'0000000100000000000011
   1011:    13 24'11--------000000100-0000   ->    13 22'0000000100000000000011
   1012:    13 24'1111------000010100-0000   ->    13 22'0000000100000000000011
   1013:    13 24'11-0---00-000000101-0000   ->    13 22'0000000100000000000011
   1014:    13 24'-----0----00000000010010   ->    13 22'0000000100000000000011
   1015:    13 24'--11-0----00001000010010   ->    13 22'0000000100000000000011
   1016:    13 24'---0-0-00-00000000110010   ->    13 22'0000000100000000000011
   1017:    13 24'11---0----000000100-0010   ->    13 22'0000000100000000000011
   1018:    13 24'1111-0----000010100-0010   ->    13 22'0000000100000000000011
   1019:    13 24'11-0-0-00-000000101-0010   ->    13 22'0000000100000000000011
   1020:    13 24'----------000000000101-0   ->    13 22'0000000100000000000011
   1021:    13 24'--11------000010000101-0   ->    13 22'0000000100000000000011
   1022:    13 24'---0---00-000000001101-0   ->    13 22'0000000100000000000011
   1023:    13 24'11--------000000100-01-0   ->    13 22'0000000100000000000011
   1024:    13 24'1111------000010100-01-0   ->    13 22'0000000100000000000011
   1025:    13 24'11-0---00-000000101-01-0   ->    13 22'0000000100000000000011
   1026:    13 24'----------0000000000000-   ->    13 22'0000000100000000000011
   1027:    13 24'--11------0000100000000-   ->    13 22'0000000100000000000011
   1028:    13 24'---0---00-0000000010000-   ->    13 22'0000000100000000000011
   1029:    13 24'-----0----0000000000001-   ->    13 22'0000000100000000000011
   1030:    13 24'--11-0----0000100000001-   ->    13 22'0000000100000000000011
   1031:    13 24'---0-0-00-0000000010001-   ->    13 22'0000000100000000000011
   1032:    13 24'----------000000000001--   ->    13 22'0000000100000000000011
   1033:    13 24'--11------000010000001--   ->    13 22'0000000100000000000011
   1034:    13 24'---0---00-000000001001--   ->    13 22'0000000100000000000011
   1035:    13 24'----1-0---000-01--------   ->    14 22'0000000100000000001011
   1036:    13 24'--111-0---000-11--------   ->    14 22'0000000100000000001011
   1037:    13 24'--01------000-1---------   ->    14 22'0000000100000000001011
   1038:    13 24'11--1-0---00000011-----0   ->    15 22'0000000100000000000111
   1039:    13 24'11111-0---00001011-----0   ->    15 22'0000000100000000000111
   1040:    13 24'----1-0---00000001------   ->    15 22'0000000100000000000111
   1041:    13 24'--111-0---00001001------   ->    15 22'0000000100000000000111
   1042:    13 24'10--------0000001-------   ->    15 22'0000000100000000000111
   1043:    13 24'1011------0000101-------   ->    15 22'0000000100000000000111
   1044:    13 24'----------001-----------   ->    16 22'0000000100000000001111
   1045:    14 24'---0------000-1---------   ->     5 22'1000000000000000001010
   1046:    14 24'----------01------------   ->     8 22'1000000000000000000001
   1047:    14 24'----------1-------------   ->     8 22'1000000000000000000001
   1048:    14 24'----------000-0---------   ->    12 22'1000000000000000001101
   1049:    14 24'--11------000-1---------   ->    12 22'1000000000000000001101
   1050:    14 24'--01------000-1---------   ->    14 22'1000000000000000001011
   1051:    14 24'----------001-----------   ->    16 22'1000000000000000001111
   1052:    15 24'11--------0000001------0   ->     1 22'0100000000000000001000
   1053:    15 24'1111------0000101------0   ->     1 22'0100000000000000001000
   1054:    15 24'----------0000000-------   ->     1 22'0100000000000000001000
   1055:    15 24'--11------0000100-------   ->     1 22'0100000000000000001000
   1056:    15 24'----0-0---000-01--------   ->     3 22'0100000000000000001100
   1057:    15 24'--110-0---000-11--------   ->     3 22'0100000000000000001100
   1058:    15 24'---0------000-1---------   ->     5 22'0100000000000000001010
   1059:    15 24'0---------0000001-------   ->     6 22'0100000000000000000110
   1060:    15 24'0-11------0000101-------   ->     6 22'0100000000000000000110
   1061:    15 24'----------01------------   ->     8 22'0100000000000000000001
   1062:    15 24'----------1-------------   ->     8 22'0100000000000000000001
   1063:    15 24'11--------0000001------1   ->    10 22'0100000000000000001001
   1064:    15 24'1111------0000101------1   ->    10 22'0100000000000000001001
   1065:    15 24'----------000100--------   ->    12 22'0100000000000000001101
   1066:    15 24'--11------000110--------   ->    12 22'0100000000000000001101
   1067:    15 24'------1---000-01--------   ->    12 22'0100000000000000001101
   1068:    15 24'--11--1---000-11--------   ->    12 22'0100000000000000001101
   1069:    15 24'----1-0---000-01--------   ->    14 22'0100000000000000001011
   1070:    15 24'--111-0---000-11--------   ->    14 22'0100000000000000001011
   1071:    15 24'--01------000-1---------   ->    14 22'0100000000000000001011
   1072:    15 24'10--------0000001-------   ->    15 22'0100000000000000000111
   1073:    15 24'1011------0000101-------   ->    15 22'0100000000000000000111
   1074:    15 24'----------001-----------   ->    16 22'0100000000000000001111
   1075:    16 24'---------000------------   ->     0 22'0000000000100000010000
   1076:    16 24'----------01------------   ->     8 22'0000000000100000000001
   1077:    16 24'----------1-------------   ->     8 22'0000000000100000000001
   1078:    16 24'---------100------------   ->     9 22'0000000000100000010001

-------------------------------------

FSM `$fsm$\spi_ctrl.state$10969' from module `ascon_top':
-------------------------------------

  Information on FSM $fsm$\spi_ctrl.state$10969 (\spi_ctrl.state):

  Number of input signals:   11
  Number of output signals:   9
  Number of state bits:      10

  Input signals:
    0: \cs_n
    1: \spi_phy.rx_valid
    2: $flatten\spi_ctrl.$procmux$844_CMP
    3: $flatten\spi_ctrl.$procmux$843_CMP
    4: $flatten\spi_ctrl.$procmux$842_CMP
    5: $flatten\spi_ctrl.$procmux$841_CMP
    6: $flatten\spi_ctrl.$procmux$840_CMP
    7: $flatten\spi_ctrl.$procmux$839_CMP
    8: $flatten\spi_ctrl.$procmux$837_CMP
    9: $flatten\spi_ctrl.$eq$/foss/designs/ascon_top_layout/src/spi_controller.sv:257$104_Y
   10: \spi_ctrl.cs_rise

  Output signals:
    0: $flatten\spi_ctrl.$eq$/foss/designs/ascon_top_layout/src/spi_controller.sv:295$124_Y
    1: $flatten\spi_ctrl.$eq$/foss/designs/ascon_top_layout/src/spi_controller.sv:294$118_Y
    2: $flatten\spi_ctrl.$eq$/foss/designs/ascon_top_layout/src/spi_controller.sv:294$117_Y
    3: $flatten\spi_ctrl.$eq$/foss/designs/ascon_top_layout/src/spi_controller.sv:278$109_Y
    4: $flatten\spi_ctrl.$eq$/foss/designs/ascon_top_layout/src/spi_controller.sv:257$102_Y
    5: $flatten\spi_ctrl.$eq$/foss/designs/ascon_top_layout/src/spi_controller.sv:247$100_Y
    6: $flatten\spi_ctrl.$eq$/foss/designs/ascon_top_layout/src/spi_controller.sv:156$88_Y
    7: $flatten\spi_ctrl.$eq$/foss/designs/ascon_top_layout/src/spi_controller.sv:156$87_Y
    8: $flatten\spi_ctrl.$eq$/foss/designs/ascon_top_layout/src/spi_controller.sv:127$79_Y

  State encoding:
    0: 10'---------1  <RESET STATE>
    1: 10'--------1-
    2: 10'-------1--
    3: 10'------1---
    4: 10'-----1----
    5: 10'----1-----
    6: 10'---1------
    7: 10'--1-------
    8: 10'-1--------
    9: 10'1---------

  Transition Table (state_in, ctrl_in, state_out, ctrl_out):
      0:     0 11'0---------1   ->     0 9'000000000
      1:     0 11'1----------   ->     0 9'000000000
      2:     0 11'0---------0   ->     5 9'000000000
      3:     1 11'1----------   ->     0 9'010000000
      4:     1 11'0----------   ->     1 9'010000000
      5:     2 11'1----------   ->     0 9'000000010
      6:     2 11'0----------   ->     2 9'000000010
      7:     3 11'1----------   ->     0 9'000100000
      8:     3 11'0----------   ->     3 9'000100000
      9:     4 11'1----------   ->     0 9'001000000
     10:     4 11'0----------   ->     4 9'001000000
     11:     5 11'0000000001-   ->     0 9'000010000
     12:     5 11'1----------   ->     0 9'000010000
     13:     5 11'01-------1-   ->     1 9'000010000
     14:     5 11'0------1-1-   ->     2 9'000010000
     15:     5 11'0--1-----1-   ->     3 9'000010000
     16:     5 11'0----1---1-   ->     4 9'000010000
     17:     5 11'0--------0-   ->     5 9'000010000
     18:     5 11'0-1------1-   ->     6 9'000010000
     19:     5 11'0-----1--1-   ->     7 9'000010000
     20:     5 11'0-------11-   ->     8 9'000010000
     21:     5 11'0---1----1-   ->     9 9'000010000
     22:     6 11'1----------   ->     0 9'100000000
     23:     6 11'0----------   ->     6 9'100000000
     24:     7 11'1----------   ->     0 9'000001000
     25:     7 11'0----------   ->     7 9'000001000
     26:     8 11'1----------   ->     0 9'000000100
     27:     8 11'0----------   ->     8 9'000000100
     28:     9 11'1----------   ->     0 9'000000001
     29:     9 11'0----------   ->     9 9'000000001

-------------------------------------

46.8. Executing FSM_MAP pass (mapping FSMs to basic logic).
Mapping FSM `$fsm$\pp_inst.core_inst.reg_fsm_i.data_q$10950' from module `\ascon_top'.
Mapping FSM `$fsm$\spi_ctrl.state$10969' from module `\ascon_top'.

47. Executing OPT_EXPR pass (perform const folding).
Optimizing module ascon_top.
<suppressed ~46 debug messages>

48. Executing OPT_MERGE pass (detect identical cells).
Finding identical cells in module `\ascon_top'.
<suppressed ~2577 debug messages>
Removed a total of 859 cells.

49. Executing OPT_MUXTREE pass (detect dead branches in mux trees).
Running muxtree optimizer on module \ascon_top..
  Creating internal representation of mux trees.
  Evaluating internal representation of mux trees.
  Analyzing evaluation results.
Removed 0 multiplexer ports.
<suppressed ~151 debug messages>

50. Executing OPT_REDUCE pass (consolidate $*mux and $reduce_* inputs).
  Optimizing cells in module \ascon_top.
Performed a total of 0 changes.

51. Executing OPT_MERGE pass (detect identical cells).
Finding identical cells in module `\ascon_top'.
Removed a total of 0 cells.

52. Executing OPT_DFF pass (perform DFF optimizations).
Adding EN signal on $flatten\spi_phy.$procdff$10891 ($adff) from module ascon_top (D = $flatten\spi_phy.$0\tx_reg[7:0], Q = \spi_phy.tx_reg).
Adding EN signal on $flatten\spi_phy.$procdff$10888 ($adff) from module ascon_top (D = { \spi_phy.rx_reg [6:0] \spi_phy.mosi_sync [1] }, Q = \spi_phy.rx_reg).
Adding EN signal on $flatten\spi_phy.$procdff$10885 ($adff) from module ascon_top (D = $flatten\spi_phy.$0\bit_cnt[2:0], Q = \spi_phy.bit_cnt).
Adding EN signal on $flatten\spi_phy.$procdff$10876 ($adff) from module ascon_top (D = { \spi_phy.rx_reg [6:0] \spi_phy.mosi_sync [1] }, Q = \spi_phy.rx_data).
Adding EN signal on $flatten\spi_phy.$procdff$10873 ($adff) from module ascon_top (D = $flatten\spi_phy.$0\miso[0:0], Q = \spi_phy.miso).
Adding EN signal on $flatten\spi_ctrl.$procdff$9868 ($adff) from module ascon_top (D = \spi_ctrl.bdo, Q = \spi_ctrl.tx_stage).
Adding EN signal on $flatten\spi_ctrl.$procdff$9853 ($adff) from module ascon_top (D = \spi_phy.rx_data [3:0], Q = \spi_ctrl.mode_reg).
Adding EN signal on $flatten\spi_ctrl.$procdff$9850 ($adff) from module ascon_top (D = $flatten\spi_ctrl.$0\pend_valid[0:0], Q = \spi_ctrl.pend_valid).
Adding EN signal on $flatten\spi_ctrl.$procdff$9847 ($adff) from module ascon_top (D = $flatten\spi_ctrl.$procmux$600_Y, Q = \spi_ctrl.pend_type).
Adding EN signal on $flatten\spi_ctrl.$procdff$9841 ($adff) from module ascon_top (D = $flatten\spi_ctrl.$procmux$638_Y, Q = \spi_ctrl.pend_word).
Adding EN signal on $flatten\spi_ctrl.$procdff$9838 ($adff) from module ascon_top (D = $flatten\spi_ctrl.$0\word_cnt[2:0], Q = \spi_ctrl.word_cnt).
Adding EN signal on $flatten\spi_ctrl.$procdff$9835 ($adff) from module ascon_top (D = $flatten\spi_ctrl.$0\byte_cnt[1:0], Q = \spi_ctrl.byte_cnt).
Adding EN signal on $flatten\spi_ctrl.$procdff$9832 ($adff) from module ascon_top (D = \spi_phy.rx_data, Q = \spi_ctrl.word_buf [23:16]).
Adding EN signal on $flatten\spi_ctrl.$procdff$9832 ($adff) from module ascon_top (D = \spi_phy.rx_data, Q = \spi_ctrl.word_buf [15:8]).
Adding EN signal on $flatten\spi_ctrl.$procdff$9832 ($adff) from module ascon_top (D = \spi_phy.rx_data, Q = \spi_ctrl.word_buf [7:0]).
Adding EN signal on $flatten\spi_ctrl.$procdff$9832 ($adff) from module ascon_top (D = \spi_ctrl.word_buf [31:24], Q = \spi_ctrl.word_buf [31:24]).
Handling D = Q on $auto$ff.cc:266:slice$13893 ($adffe) from module ascon_top (removing D path).
Adding EN signal on $flatten\spi_ctrl.$procdff$9826 ($adff) from module ascon_top (D = $flatten\spi_ctrl.$0\bdi_eot[0:0], Q = \spi_ctrl.bdi_eot).
Adding EN signal on $flatten\spi_ctrl.$procdff$9823 ($adff) from module ascon_top (D = $flatten\spi_ctrl.$0\bdi_type[3:0], Q = \spi_ctrl.bdi_type).
Adding EN signal on $flatten\spi_ctrl.$procdff$9817 ($adff) from module ascon_top (D = $flatten\spi_ctrl.$0\bdi[31:0], Q = \spi_ctrl.bdi).
Adding EN signal on $flatten\spi_ctrl.$procdff$9811 ($adff) from module ascon_top (D = { \spi_phy.rx_data \spi_ctrl.word_buf [23:0] }, Q = \spi_ctrl.key).
Adding EN signal on $flatten\pp_inst.\core_inst.\reg_state_i.$procdff$10906 ($adff) from module ascon_top (D = $flatten\pp_inst.\core_inst.$5\state_d[319:192] [126:64], Q = \pp_inst.core_inst.reg_state_i.data_q [318:256]).
Adding EN signal on $flatten\pp_inst.\core_inst.\reg_state_i.$procdff$10906 ($adff) from module ascon_top (D = $flatten\pp_inst.\core_inst.$6\state_d[63:0] [63:1], Q = \pp_inst.core_inst.reg_state_i.data_q [63:1]).
Adding EN signal on $flatten\pp_inst.\core_inst.\reg_key_i.$procdff$10903 ($adff) from module ascon_top (D = $flatten\pp_inst.\core_inst.$or$/foss/designs/ascon_top_layout/src/ascon_core.sv:0$470_Y, Q = \pp_inst.core_inst.reg_key_i.data_q).
Adding EN signal on $flatten\pp_inst.\core_inst.\reg_flags_i.$procdff$10915 ($adff) from module ascon_top (D = \spi_ctrl.mode_reg, Q = \pp_inst.core_inst.reg_flags_i.data_q [3:0]).
Adding EN signal on $flatten\pp_inst.\core_inst.\reg_flags_i.$procdff$10915 ($adff) from module ascon_top (D = \pp_inst.core_inst.ad_pad_d, Q = \pp_inst.core_inst.reg_flags_i.data_q [6]).
Adding EN signal on $flatten\pp_inst.\core_inst.\reg_flags_i.$procdff$10915 ($adff) from module ascon_top (D = \pp_inst.core_inst.msg_pad_d, Q = \pp_inst.core_inst.reg_flags_i.data_q [5]).
Adding EN signal on $flatten\pp_inst.\core_inst.\reg_flags_i.$procdff$10915 ($adff) from module ascon_top (D = { \pp_inst.core_inst.auth_d \pp_inst.core_inst.auth_valid_d }, Q = { \pp_inst.core_inst.reg_flags_i.data_q [10] \pp_inst.core_inst.reg_flags_i.data_q [8] }).
Adding EN signal on $flatten\pp_inst.\core_inst.\reg_cnt_i.$procdff$10909 ($adff) from module ascon_top (D = \pp_inst.core_inst.round_cnt_d, Q = \pp_inst.core_inst.reg_cnt_i.data_q [7:4]).
Adding EN signal on $flatten\pp_inst.\core_inst.\reg_cnt_i.$procdff$10909 ($adff) from module ascon_top (D = \pp_inst.core_inst.word_cnt_d, Q = \pp_inst.core_inst.reg_cnt_i.data_q [3:0]).
Adding EN signal on $flatten\pp_inst.$procdff$9997 ($dff) from module ascon_top (D = \pp_inst.core_bdo, Q = \pp_inst.fifo_data[20]).
Adding EN signal on $flatten\pp_inst.$procdff$9992 ($dff) from module ascon_top (D = \pp_inst.core_bdo, Q = \pp_inst.fifo_data[19]).
Adding EN signal on $flatten\pp_inst.$procdff$9987 ($dff) from module ascon_top (D = \pp_inst.core_bdo, Q = \pp_inst.fifo_data[18]).
Adding EN signal on $flatten\pp_inst.$procdff$9982 ($dff) from module ascon_top (D = \pp_inst.core_bdo, Q = \pp_inst.fifo_data[17]).
Adding EN signal on $flatten\pp_inst.$procdff$9977 ($dff) from module ascon_top (D = \pp_inst.core_bdo, Q = \pp_inst.fifo_data[16]).
Adding EN signal on $flatten\pp_inst.$procdff$9972 ($dff) from module ascon_top (D = \pp_inst.core_bdo, Q = \pp_inst.fifo_data[15]).
Adding EN signal on $flatten\pp_inst.$procdff$9967 ($dff) from module ascon_top (D = \pp_inst.core_bdo, Q = \pp_inst.fifo_data[14]).
Adding EN signal on $flatten\pp_inst.$procdff$9962 ($dff) from module ascon_top (D = \pp_inst.core_bdo, Q = \pp_inst.fifo_data[13]).
Adding EN signal on $flatten\pp_inst.$procdff$9957 ($dff) from module ascon_top (D = \pp_inst.core_bdo, Q = \pp_inst.fifo_data[12]).
Adding EN signal on $flatten\pp_inst.$procdff$9952 ($dff) from module ascon_top (D = \pp_inst.core_bdo, Q = \pp_inst.fifo_data[11]).
Adding EN signal on $flatten\pp_inst.$procdff$9947 ($dff) from module ascon_top (D = \pp_inst.core_bdo, Q = \pp_inst.fifo_data[10]).
Adding EN signal on $flatten\pp_inst.$procdff$9942 ($dff) from module ascon_top (D = \pp_inst.core_bdo, Q = \pp_inst.fifo_data[9]).
Adding EN signal on $flatten\pp_inst.$procdff$9937 ($dff) from module ascon_top (D = \pp_inst.core_bdo, Q = \pp_inst.fifo_data[8]).
Adding EN signal on $flatten\pp_inst.$procdff$9932 ($dff) from module ascon_top (D = \pp_inst.core_bdo, Q = \pp_inst.fifo_data[7]).
Adding EN signal on $flatten\pp_inst.$procdff$9927 ($dff) from module ascon_top (D = \pp_inst.core_bdo, Q = \pp_inst.fifo_data[6]).
Adding EN signal on $flatten\pp_inst.$procdff$9922 ($dff) from module ascon_top (D = \pp_inst.core_bdo, Q = \pp_inst.fifo_data[5]).
Adding EN signal on $flatten\pp_inst.$procdff$9917 ($dff) from module ascon_top (D = \pp_inst.core_bdo, Q = \pp_inst.fifo_data[4]).
Adding EN signal on $flatten\pp_inst.$procdff$9912 ($dff) from module ascon_top (D = \pp_inst.core_bdo, Q = \pp_inst.fifo_data[3]).
Adding EN signal on $flatten\pp_inst.$procdff$9907 ($dff) from module ascon_top (D = \pp_inst.core_bdo, Q = \pp_inst.fifo_data[2]).
Adding EN signal on $flatten\pp_inst.$procdff$9902 ($dff) from module ascon_top (D = \pp_inst.core_bdo, Q = \pp_inst.fifo_data[1]).
Adding EN signal on $flatten\pp_inst.$procdff$9897 ($dff) from module ascon_top (D = \pp_inst.core_bdo, Q = \pp_inst.fifo_data[0]).
Adding EN signal on $flatten\pp_inst.$procdff$9892 ($adff) from module ascon_top (D = $flatten\pp_inst.$0\wr_ptr[6:0], Q = \pp_inst.wr_ptr).
Adding EN signal on $flatten\pp_inst.$procdff$9889 ($adff) from module ascon_top (D = $flatten\pp_inst.$0\release_buffer[0:0], Q = \pp_inst.release_buffer).
Adding EN signal on $flatten\pp_inst.$procdff$9886 ($adff) from module ascon_top (D = $flatten\pp_inst.$0\flush_buffer[0:0], Q = \pp_inst.flush_buffer).
Adding EN signal on $flatten\pp_inst.$procdff$9883 ($adff) from module ascon_top (D = $flatten\pp_inst.$0\rd_ptr[6:0], Q = \pp_inst.rd_ptr).
Adding EN signal on $flatten\pp_inst.$procdff$10212 ($dff) from module ascon_top (D = \pp_inst.core_bdo, Q = \pp_inst.fifo_data[63]).
Adding EN signal on $flatten\pp_inst.$procdff$10207 ($dff) from module ascon_top (D = \pp_inst.core_bdo, Q = \pp_inst.fifo_data[62]).
Adding EN signal on $flatten\pp_inst.$procdff$10202 ($dff) from module ascon_top (D = \pp_inst.core_bdo, Q = \pp_inst.fifo_data[61]).
Adding EN signal on $flatten\pp_inst.$procdff$10197 ($dff) from module ascon_top (D = \pp_inst.core_bdo, Q = \pp_inst.fifo_data[60]).
Adding EN signal on $flatten\pp_inst.$procdff$10192 ($dff) from module ascon_top (D = \pp_inst.core_bdo, Q = \pp_inst.fifo_data[59]).
Adding EN signal on $flatten\pp_inst.$procdff$10187 ($dff) from module ascon_top (D = \pp_inst.core_bdo, Q = \pp_inst.fifo_data[58]).
Adding EN signal on $flatten\pp_inst.$procdff$10182 ($dff) from module ascon_top (D = \pp_inst.core_bdo, Q = \pp_inst.fifo_data[57]).
Adding EN signal on $flatten\pp_inst.$procdff$10177 ($dff) from module ascon_top (D = \pp_inst.core_bdo, Q = \pp_inst.fifo_data[56]).
Adding EN signal on $flatten\pp_inst.$procdff$10172 ($dff) from module ascon_top (D = \pp_inst.core_bdo, Q = \pp_inst.fifo_data[55]).
Adding EN signal on $flatten\pp_inst.$procdff$10167 ($dff) from module ascon_top (D = \pp_inst.core_bdo, Q = \pp_inst.fifo_data[54]).
Adding EN signal on $flatten\pp_inst.$procdff$10162 ($dff) from module ascon_top (D = \pp_inst.core_bdo, Q = \pp_inst.fifo_data[53]).
Adding EN signal on $flatten\pp_inst.$procdff$10157 ($dff) from module ascon_top (D = \pp_inst.core_bdo, Q = \pp_inst.fifo_data[52]).
Adding EN signal on $flatten\pp_inst.$procdff$10152 ($dff) from module ascon_top (D = \pp_inst.core_bdo, Q = \pp_inst.fifo_data[51]).
Adding EN signal on $flatten\pp_inst.$procdff$10147 ($dff) from module ascon_top (D = \pp_inst.core_bdo, Q = \pp_inst.fifo_data[50]).
Adding EN signal on $flatten\pp_inst.$procdff$10142 ($dff) from module ascon_top (D = \pp_inst.core_bdo, Q = \pp_inst.fifo_data[49]).
Adding EN signal on $flatten\pp_inst.$procdff$10137 ($dff) from module ascon_top (D = \pp_inst.core_bdo, Q = \pp_inst.fifo_data[48]).
Adding EN signal on $flatten\pp_inst.$procdff$10132 ($dff) from module ascon_top (D = \pp_inst.core_bdo, Q = \pp_inst.fifo_data[47]).
Adding EN signal on $flatten\pp_inst.$procdff$10127 ($dff) from module ascon_top (D = \pp_inst.core_bdo, Q = \pp_inst.fifo_data[46]).
Adding EN signal on $flatten\pp_inst.$procdff$10122 ($dff) from module ascon_top (D = \pp_inst.core_bdo, Q = \pp_inst.fifo_data[45]).
Adding EN signal on $flatten\pp_inst.$procdff$10117 ($dff) from module ascon_top (D = \pp_inst.core_bdo, Q = \pp_inst.fifo_data[44]).
Adding EN signal on $flatten\pp_inst.$procdff$10112 ($dff) from module ascon_top (D = \pp_inst.core_bdo, Q = \pp_inst.fifo_data[43]).
Adding EN signal on $flatten\pp_inst.$procdff$10107 ($dff) from module ascon_top (D = \pp_inst.core_bdo, Q = \pp_inst.fifo_data[42]).
Adding EN signal on $flatten\pp_inst.$procdff$10102 ($dff) from module ascon_top (D = \pp_inst.core_bdo, Q = \pp_inst.fifo_data[41]).
Adding EN signal on $flatten\pp_inst.$procdff$10097 ($dff) from module ascon_top (D = \pp_inst.core_bdo, Q = \pp_inst.fifo_data[40]).
Adding EN signal on $flatten\pp_inst.$procdff$10092 ($dff) from module ascon_top (D = \pp_inst.core_bdo, Q = \pp_inst.fifo_data[39]).
Adding EN signal on $flatten\pp_inst.$procdff$10087 ($dff) from module ascon_top (D = \pp_inst.core_bdo, Q = \pp_inst.fifo_data[38]).
Adding EN signal on $flatten\pp_inst.$procdff$10082 ($dff) from module ascon_top (D = \pp_inst.core_bdo, Q = \pp_inst.fifo_data[37]).
Adding EN signal on $flatten\pp_inst.$procdff$10077 ($dff) from module ascon_top (D = \pp_inst.core_bdo, Q = \pp_inst.fifo_data[36]).
Adding EN signal on $flatten\pp_inst.$procdff$10072 ($dff) from module ascon_top (D = \pp_inst.core_bdo, Q = \pp_inst.fifo_data[35]).
Adding EN signal on $flatten\pp_inst.$procdff$10067 ($dff) from module ascon_top (D = \pp_inst.core_bdo, Q = \pp_inst.fifo_data[34]).
Adding EN signal on $flatten\pp_inst.$procdff$10062 ($dff) from module ascon_top (D = \pp_inst.core_bdo, Q = \pp_inst.fifo_data[33]).
Adding EN signal on $flatten\pp_inst.$procdff$10057 ($dff) from module ascon_top (D = \pp_inst.core_bdo, Q = \pp_inst.fifo_data[32]).
Adding EN signal on $flatten\pp_inst.$procdff$10052 ($dff) from module ascon_top (D = \pp_inst.core_bdo, Q = \pp_inst.fifo_data[31]).
Adding EN signal on $flatten\pp_inst.$procdff$10047 ($dff) from module ascon_top (D = \pp_inst.core_bdo, Q = \pp_inst.fifo_data[30]).
Adding EN signal on $flatten\pp_inst.$procdff$10042 ($dff) from module ascon_top (D = \pp_inst.core_bdo, Q = \pp_inst.fifo_data[29]).
Adding EN signal on $flatten\pp_inst.$procdff$10037 ($dff) from module ascon_top (D = \pp_inst.core_bdo, Q = \pp_inst.fifo_data[28]).
Adding EN signal on $flatten\pp_inst.$procdff$10032 ($dff) from module ascon_top (D = \pp_inst.core_bdo, Q = \pp_inst.fifo_data[27]).
Adding EN signal on $flatten\pp_inst.$procdff$10027 ($dff) from module ascon_top (D = \pp_inst.core_bdo, Q = \pp_inst.fifo_data[26]).
Adding EN signal on $flatten\pp_inst.$procdff$10022 ($dff) from module ascon_top (D = \pp_inst.core_bdo, Q = \pp_inst.fifo_data[25]).
Adding EN signal on $flatten\pp_inst.$procdff$10017 ($dff) from module ascon_top (D = \pp_inst.core_bdo, Q = \pp_inst.fifo_data[24]).
Adding EN signal on $flatten\pp_inst.$procdff$10012 ($dff) from module ascon_top (D = \pp_inst.core_bdo, Q = \pp_inst.fifo_data[23]).
Adding EN signal on $flatten\pp_inst.$procdff$10007 ($dff) from module ascon_top (D = \pp_inst.core_bdo, Q = \pp_inst.fifo_data[22]).
Adding EN signal on $flatten\pp_inst.$procdff$10002 ($dff) from module ascon_top (D = \pp_inst.core_bdo, Q = \pp_inst.fifo_data[21]).
Setting constant 0-bit at position 0 on $auto$ff.cc:266:slice$13893 ($dlatch) from module ascon_top.
Setting constant 0-bit at position 1 on $auto$ff.cc:266:slice$13893 ($dlatch) from module ascon_top.
Setting constant 0-bit at position 2 on $auto$ff.cc:266:slice$13893 ($dlatch) from module ascon_top.
Setting constant 0-bit at position 3 on $auto$ff.cc:266:slice$13893 ($dlatch) from module ascon_top.
Setting constant 0-bit at position 4 on $auto$ff.cc:266:slice$13893 ($dlatch) from module ascon_top.
Setting constant 0-bit at position 5 on $auto$ff.cc:266:slice$13893 ($dlatch) from module ascon_top.
Setting constant 0-bit at position 6 on $auto$ff.cc:266:slice$13893 ($dlatch) from module ascon_top.
Setting constant 0-bit at position 7 on $auto$ff.cc:266:slice$13893 ($dlatch) from module ascon_top.

53. Executing OPT_CLEAN pass (remove unused cells and wires).
Finding unused cells or wires in module \ascon_top..
Removed 291 unused cells and 1177 unused wires.
<suppressed ~295 debug messages>

54. Executing OPT_EXPR pass (perform const folding).
Optimizing module ascon_top.
<suppressed ~18 debug messages>

55. Rerunning OPT passes. (Maybe there is more to do…)

56. Executing OPT_MUXTREE pass (detect dead branches in mux trees).
Running muxtree optimizer on module \ascon_top..
  Creating internal representation of mux trees.
  Evaluating internal representation of mux trees.
  Analyzing evaluation results.
Removed 0 multiplexer ports.
<suppressed ~79 debug messages>

57. Executing OPT_REDUCE pass (consolidate $*mux and $reduce_* inputs).
  Optimizing cells in module \ascon_top.
Performed a total of 0 changes.

58. Executing OPT_MERGE pass (detect identical cells).
Finding identical cells in module `\ascon_top'.
<suppressed ~465 debug messages>
Removed a total of 155 cells.

59. Executing OPT_DFF pass (perform DFF optimizations).

60. Executing OPT_CLEAN pass (remove unused cells and wires).
Finding unused cells or wires in module \ascon_top..
Removed 0 unused cells and 155 unused wires.
<suppressed ~1 debug messages>

61. Executing OPT_EXPR pass (perform const folding).
Optimizing module ascon_top.

62. Rerunning OPT passes. (Maybe there is more to do…)

63. Executing OPT_MUXTREE pass (detect dead branches in mux trees).
Running muxtree optimizer on module \ascon_top..
  Creating internal representation of mux trees.
  Evaluating internal representation of mux trees.
  Analyzing evaluation results.
Removed 0 multiplexer ports.
<suppressed ~80 debug messages>

64. Executing OPT_REDUCE pass (consolidate $*mux and $reduce_* inputs).
  Optimizing cells in module \ascon_top.
Performed a total of 0 changes.

65. Executing OPT_MERGE pass (detect identical cells).
Finding identical cells in module `\ascon_top'.
Removed a total of 0 cells.

66. Executing OPT_DFF pass (perform DFF optimizations).

67. Executing OPT_CLEAN pass (remove unused cells and wires).
Finding unused cells or wires in module \ascon_top..

68. Executing OPT_EXPR pass (perform const folding).
Optimizing module ascon_top.

69. Executing WREDUCE pass (reducing word size of cells).
Removed top 1 bits (of 8) from FF cell ascon_top.$auto$ff.cc:266:slice$13807 ($adffe).
Removed top 2 bits (of 3) from port B of cell ascon_top.$flatten\spi_phy.$add$/foss/designs/ascon_top_layout/src/spi_slave.sv:73$148 ($add).
Removed top 1 bits (of 2) from port B of cell ascon_top.$flatten\spi_phy.$eq$/foss/designs/ascon_top_layout/src/spi_slave.sv:40$143 ($eq).
Removed top 3 bits (of 8) from port B of cell ascon_top.$flatten\spi_ctrl.$procmux$844_CMP0 ($eq).
Removed top 2 bits (of 8) from port B of cell ascon_top.$flatten\spi_ctrl.$procmux$843_CMP0 ($eq).
Removed top 2 bits (of 8) from port B of cell ascon_top.$flatten\spi_ctrl.$procmux$842_CMP0 ($eq).
Removed top 1 bits (of 8) from port B of cell ascon_top.$flatten\spi_ctrl.$procmux$841_CMP0 ($eq).
Removed top 1 bits (of 8) from port B of cell ascon_top.$flatten\spi_ctrl.$procmux$840_CMP0 ($eq).
Removed top 1 bits (of 8) from port B of cell ascon_top.$flatten\spi_ctrl.$procmux$839_CMP0 ($eq).
Removed top 1 bits (of 8) from port B of cell ascon_top.$flatten\spi_ctrl.$procmux$837_CMP0 ($eq).
Removed top 1 bits (of 4) from mux cell ascon_top.$flatten\spi_ctrl.$procmux$775 ($pmux).
Removed top 31 bits (of 32) from port B of cell ascon_top.$flatten\spi_ctrl.$add$/foss/designs/ascon_top_layout/src/spi_controller.sv:352$141 ($add).
Removed top 30 bits (of 32) from port Y of cell ascon_top.$flatten\spi_ctrl.$add$/foss/designs/ascon_top_layout/src/spi_controller.sv:352$141 ($add).
Removed top 31 bits (of 32) from port B of cell ascon_top.$flatten\spi_ctrl.$add$/foss/designs/ascon_top_layout/src/spi_controller.sv:350$140 ($add).
Removed top 29 bits (of 32) from port Y of cell ascon_top.$flatten\spi_ctrl.$add$/foss/designs/ascon_top_layout/src/spi_controller.sv:350$140 ($add).
Removed top 1 bits (of 3) from port B of cell ascon_top.$flatten\spi_ctrl.$eq$/foss/designs/ascon_top_layout/src/spi_controller.sv:327$133 ($eq).
Removed top 1 bits (of 2) from port B of cell ascon_top.$flatten\spi_ctrl.$eq$/foss/designs/ascon_top_layout/src/spi_controller.sv:314$128 ($eq).
Removed top 3 bits (of 4) from mux cell ascon_top.$flatten\spi_ctrl.$ternary$/foss/designs/ascon_top_layout/src/spi_controller.sv:289$114 ($mux).
Removed top 2 bits (of 4) from port B of cell ascon_top.$flatten\spi_ctrl.$eq$/foss/designs/ascon_top_layout/src/spi_controller.sv:272$106 ($eq).
Removed top 1 bits (of 8) from port B of cell ascon_top.$flatten\spi_ctrl.$eq$/foss/designs/ascon_top_layout/src/spi_controller.sv:257$104 ($eq).
Removed top 1 bits (of 2) from port B of cell ascon_top.$flatten\spi_ctrl.$add$/foss/designs/ascon_top_layout/src/spi_controller.sv:182$92 ($add).
Removed top 1 bits (of 2) from port B of cell ascon_top.$flatten\spi_ctrl.$eq$/foss/designs/ascon_top_layout/src/spi_controller.sv:74$76 ($eq).
Removed top 1 bits (of 3) from port B of cell ascon_top.$auto$fsm_map.cc:77:implement_pattern_cache$13790 ($eq).
Removed top 1 bits (of 3) from port B of cell ascon_top.$auto$fsm_map.cc:77:implement_pattern_cache$13781 ($eq).
Removed top 1 bits (of 3) from port B of cell ascon_top.$auto$fsm_map.cc:77:implement_pattern_cache$13772 ($eq).
Removed top 1 bits (of 3) from port B of cell ascon_top.$auto$fsm_map.cc:77:implement_pattern_cache$13763 ($eq).
Removed top 1 bits (of 3) from port B of cell ascon_top.$auto$fsm_map.cc:77:implement_pattern_cache$13745 ($eq).
Removed top 1 bits (of 3) from port B of cell ascon_top.$auto$fsm_map.cc:77:implement_pattern_cache$13736 ($eq).
Removed top 1 bits (of 3) from port B of cell ascon_top.$auto$fsm_map.cc:77:implement_pattern_cache$13727 ($eq).
Removed top 1 bits (of 3) from port B of cell ascon_top.$auto$fsm_map.cc:77:implement_pattern_cache$13718 ($eq).
Removed top 9 bits (of 10) from port B of cell ascon_top.$auto$fsm_map.cc:77:implement_pattern_cache$13711 ($eq).
Removed top 1 bits (of 2) from port B of cell ascon_top.$auto$fsm_map.cc:77:implement_pattern_cache$13707 ($eq).
Removed top 12 bits (of 17) from port B of cell ascon_top.$auto$fsm_map.cc:77:implement_pattern_cache$13688 ($eq).
Removed top 13 bits (of 14) from port B of cell ascon_top.$auto$fsm_map.cc:77:implement_pattern_cache$13676 ($eq).
Removed top 11 bits (of 16) from port B of cell ascon_top.$auto$fsm_map.cc:77:implement_pattern_cache$13670 ($eq).
Removed top 12 bits (of 18) from port B of cell ascon_top.$auto$fsm_map.cc:77:implement_pattern_cache$13634 ($eq).
Removed top 10 bits (of 15) from port B of cell ascon_top.$auto$fsm_map.cc:77:implement_pattern_cache$13622 ($eq).
Removed top 11 bits (of 17) from port B of cell ascon_top.$auto$fsm_map.cc:77:implement_pattern_cache$13598 ($eq).
Removed top 9 bits (of 14) from port B of cell ascon_top.$auto$fsm_map.cc:77:implement_pattern_cache$13586 ($eq).
Removed top 2 bits (of 3) from port B of cell ascon_top.$auto$fsm_map.cc:77:implement_pattern_cache$13579 ($eq).
Removed top 1 bits (of 6) from port B of cell ascon_top.$auto$fsm_map.cc:77:implement_pattern_cache$13565 ($eq).
Removed top 4 bits (of 5) from port B of cell ascon_top.$auto$fsm_map.cc:77:implement_pattern_cache$13559 ($eq).
Removed top 6 bits (of 7) from port B of cell ascon_top.$auto$fsm_map.cc:77:implement_pattern_cache$13519 ($eq).
Removed top 3 bits (of 6) from port B of cell ascon_top.$auto$fsm_map.cc:77:implement_pattern_cache$13503 ($eq).
Removed top 9 bits (of 10) from port B of cell ascon_top.$auto$fsm_map.cc:77:implement_pattern_cache$13463 ($eq).
Removed top 1 bits (of 12) from port B of cell ascon_top.$auto$fsm_map.cc:77:implement_pattern_cache$13445 ($eq).
Removed top 1 bits (of 10) from port B of cell ascon_top.$auto$fsm_map.cc:77:implement_pattern_cache$13206 ($eq).
Removed top 7 bits (of 8) from port B of cell ascon_top.$auto$fsm_map.cc:77:implement_pattern_cache$13194 ($eq).
Removed top 1 bits (of 3) from port B of cell ascon_top.$auto$opt_dff.cc:195:make_patterns_logic$13802 ($ne).
Removed top 1 bits (of 11) from port B of cell ascon_top.$auto$fsm_map.cc:77:implement_pattern_cache$13170 ($eq).
Removed top 11 bits (of 14) from port B of cell ascon_top.$auto$fsm_map.cc:77:implement_pattern_cache$13164 ($eq).
Removed top 10 bits (of 11) from port B of cell ascon_top.$auto$fsm_map.cc:77:implement_pattern_cache$13152 ($eq).
Removed top 11 bits (of 14) from port B of cell ascon_top.$auto$fsm_map.cc:77:implement_pattern_cache$13110 ($eq).
Removed top 9 bits (of 11) from port B of cell ascon_top.$auto$fsm_map.cc:77:implement_pattern_cache$13098 ($eq).
Removed top 11 bits (of 15) from port B of cell ascon_top.$auto$fsm_map.cc:77:implement_pattern_cache$13056 ($eq).
Removed top 9 bits (of 12) from port B of cell ascon_top.$auto$fsm_map.cc:77:implement_pattern_cache$13044 ($eq).
Removed top 11 bits (of 15) from port B of cell ascon_top.$auto$fsm_map.cc:77:implement_pattern_cache$12885 ($eq).
Removed top 11 bits (of 12) from port B of cell ascon_top.$auto$fsm_map.cc:77:implement_pattern_cache$12873 ($eq).
Removed top 11 bits (of 15) from port B of cell ascon_top.$auto$fsm_map.cc:77:implement_pattern_cache$12869 ($eq).
Removed top 1 bits (of 17) from port B of cell ascon_top.$auto$fsm_map.cc:77:implement_pattern_cache$12855 ($eq).
Removed top 11 bits (of 16) from port B of cell ascon_top.$auto$fsm_map.cc:77:implement_pattern_cache$12765 ($eq).
Removed top 9 bits (of 13) from port B of cell ascon_top.$auto$fsm_map.cc:77:implement_pattern_cache$12753 ($eq).
Removed top 11 bits (of 16) from port B of cell ascon_top.$auto$fsm_map.cc:77:implement_pattern_cache$12737 ($eq).
Removed top 9 bits (of 13) from port B of cell ascon_top.$auto$fsm_map.cc:77:implement_pattern_cache$12729 ($eq).
Removed top 1 bits (of 18) from port B of cell ascon_top.$auto$fsm_map.cc:77:implement_pattern_cache$12687 ($eq).
Removed top 1 bits (of 2) from port B of cell ascon_top.$auto$fsm_map.cc:77:implement_pattern_cache$12616 ($eq).
Removed top 1 bits (of 8) from FF cell ascon_top.$auto$ff.cc:266:slice$13798 ($adffe).
Removed top 1 bits (of 3) from port B of cell ascon_top.$auto$opt_dff.cc:195:make_patterns_logic$13900 ($ne).
Removed top 3 bits (of 4) from port B of cell ascon_top.$flatten\pp_inst.\core_inst.$eq$/foss/designs/ascon_top_layout/src/ascon_core.sv:105$159 ($eq).
Removed top 2 bits (of 4) from port B of cell ascon_top.$flatten\pp_inst.\core_inst.$eq$/foss/designs/ascon_top_layout/src/ascon_core.sv:105$160 ($eq).
Removed top 3 bits (of 4) from port B of cell ascon_top.$flatten\pp_inst.\core_inst.$gt$/foss/designs/ascon_top_layout/src/ascon_core.sv:108$163 ($gt).
Removed top 2 bits (of 4) from port B of cell ascon_top.$flatten\pp_inst.\core_inst.$eq$/foss/designs/ascon_top_layout/src/ascon_core.sv:110$168 ($eq).
Removed top 3 bits (of 4) from port B of cell ascon_top.$flatten\pp_inst.\core_inst.$eq$/foss/designs/ascon_top_layout/src/ascon_core.sv:111$171 ($eq).
Removed top 31 bits (of 32) from port B of cell ascon_top.$flatten\pp_inst.\core_inst.$gt$/foss/designs/ascon_top_layout/src/ascon_core.sv:111$173 ($gt).
Removed top 3 bits (of 4) from port B of cell ascon_top.$flatten\pp_inst.\core_inst.$eq$/foss/designs/ascon_top_layout/src/ascon_core.sv:114$179 ($eq).
Removed top 2 bits (of 4) from port B of cell ascon_top.$flatten\pp_inst.\core_inst.$eq$/foss/designs/ascon_top_layout/src/ascon_core.sv:118$186 ($eq).
Removed top 2 bits (of 4) from port B of cell ascon_top.$flatten\pp_inst.\core_inst.$eq$/foss/designs/ascon_top_layout/src/ascon_core.sv:127$198 ($eq).
Removed top 1 bits (of 4) from port B of cell ascon_top.$flatten\pp_inst.\core_inst.$eq$/foss/designs/ascon_top_layout/src/ascon_core.sv:152$227 ($eq).
Removed top 1 bits (of 3) from port B of cell ascon_top.$auto$opt_dff.cc:195:make_patterns_logic$13870 ($ne).
Removed top 23 bits (of 32) from port A of cell ascon_top.$flatten\pp_inst.\core_inst.$add$/foss/designs/ascon_top_layout/src/ascon_core.sv:0$255 ($add).
Removed top 26 bits (of 32) from port B of cell ascon_top.$flatten\pp_inst.\core_inst.$add$/foss/designs/ascon_top_layout/src/ascon_core.sv:0$255 ($add).
Removed top 22 bits (of 32) from port Y of cell ascon_top.$flatten\pp_inst.\core_inst.$add$/foss/designs/ascon_top_layout/src/ascon_core.sv:0$255 ($add).
Removed top 21 bits (of 32) from port B of cell ascon_top.$flatten\pp_inst.\core_inst.$shiftx$/foss/designs/ascon_top_layout/src/ascon_core.sv:0$256 ($shiftx).
Removed top 1 bits (of 4) from port B of cell ascon_top.$flatten\pp_inst.\core_inst.$add$/foss/designs/ascon_top_layout/src/ascon_core.sv:208$300 ($add).
Removed top 24 bits (of 32) from mux cell ascon_top.$flatten\pp_inst.\core_inst.$ternary$/foss/designs/ascon_top_layout/src/functions.sv:21$302 ($mux).
Removed top 31 bits (of 32) from mux cell ascon_top.$flatten\pp_inst.\core_inst.$ternary$/foss/designs/ascon_top_layout/src/functions.sv:23$303 ($mux).
Removed top 24 bits (of 32) from mux cell ascon_top.$flatten\pp_inst.\core_inst.$ternary$/foss/designs/ascon_top_layout/src/functions.sv:23$305 ($mux).
Removed top 31 bits (of 32) from mux cell ascon_top.$flatten\pp_inst.\core_inst.$ternary$/foss/designs/ascon_top_layout/src/functions.sv:23$306 ($mux).
Removed top 24 bits (of 32) from mux cell ascon_top.$flatten\pp_inst.\core_inst.$ternary$/foss/designs/ascon_top_layout/src/functions.sv:23$308 ($mux).
Removed top 31 bits (of 32) from mux cell ascon_top.$flatten\pp_inst.\core_inst.$ternary$/foss/designs/ascon_top_layout/src/functions.sv:23$309 ($mux).
Removed top 24 bits (of 32) from mux cell ascon_top.$flatten\pp_inst.\core_inst.$ternary$/foss/designs/ascon_top_layout/src/functions.sv:23$311 ($mux).
Removed top 24 bits (of 32) from mux cell ascon_top.$flatten\pp_inst.\core_inst.$ternary$/foss/designs/ascon_top_layout/src/functions.sv:52$344 ($mux).
Removed top 24 bits (of 32) from mux cell ascon_top.$flatten\pp_inst.\core_inst.$ternary$/foss/designs/ascon_top_layout/src/functions.sv:52$346 ($mux).
Removed top 24 bits (of 32) from mux cell ascon_top.$flatten\pp_inst.\core_inst.$ternary$/foss/designs/ascon_top_layout/src/functions.sv:52$348 ($mux).
Removed top 24 bits (of 32) from mux cell ascon_top.$flatten\pp_inst.\core_inst.$ternary$/foss/designs/ascon_top_layout/src/functions.sv:52$350 ($mux).
Removed top 31 bits (of 32) from mux cell ascon_top.$flatten\pp_inst.\core_inst.$ternary$/foss/designs/ascon_top_layout/src/functions.sv:39$364 ($mux).
Removed top 24 bits (of 32) from mux cell ascon_top.$flatten\pp_inst.\core_inst.$ternary$/foss/designs/ascon_top_layout/src/functions.sv:39$366 ($mux).
Removed top 31 bits (of 32) from mux cell ascon_top.$flatten\pp_inst.\core_inst.$ternary$/foss/designs/ascon_top_layout/src/functions.sv:39$369 ($mux).
Removed top 24 bits (of 32) from mux cell ascon_top.$flatten\pp_inst.\core_inst.$ternary$/foss/designs/ascon_top_layout/src/functions.sv:39$371 ($mux).
Removed top 31 bits (of 32) from mux cell ascon_top.$flatten\pp_inst.\core_inst.$ternary$/foss/designs/ascon_top_layout/src/functions.sv:39$374 ($mux).
Removed top 24 bits (of 32) from mux cell ascon_top.$flatten\pp_inst.\core_inst.$ternary$/foss/designs/ascon_top_layout/src/functions.sv:39$376 ($mux).
Removed top 24 bits (of 32) from mux cell ascon_top.$flatten\pp_inst.\core_inst.$ternary$/foss/designs/ascon_top_layout/src/functions.sv:52$379 ($mux).
Removed top 24 bits (of 32) from mux cell ascon_top.$flatten\pp_inst.\core_inst.$ternary$/foss/designs/ascon_top_layout/src/functions.sv:52$381 ($mux).
Removed top 24 bits (of 32) from mux cell ascon_top.$flatten\pp_inst.\core_inst.$ternary$/foss/designs/ascon_top_layout/src/functions.sv:52$383 ($mux).
Removed top 24 bits (of 32) from mux cell ascon_top.$flatten\pp_inst.\core_inst.$ternary$/foss/designs/ascon_top_layout/src/functions.sv:52$385 ($mux).
Removed top 31 bits (of 32) from mux cell ascon_top.$flatten\pp_inst.\core_inst.$ternary$/foss/designs/ascon_top_layout/src/ascon_core.sv:232$387 ($mux).
Removed top 31 bits (of 32) from mux cell ascon_top.$flatten\pp_inst.\core_inst.$ternary$/foss/designs/ascon_top_layout/src/ascon_core.sv:233$390 ($mux).
Removed top 3 bits (of 4) from port B of cell ascon_top.$flatten\pp_inst.\core_inst.$eq$/foss/designs/ascon_top_layout/src/ascon_core.sv:261$398 ($eq).
Removed top 2 bits (of 4) from port B of cell ascon_top.$flatten\pp_inst.\core_inst.$ne$/foss/designs/ascon_top_layout/src/ascon_core.sv:283$404 ($ne).
Removed top 22 bits (of 33) from port A of cell ascon_top.$flatten\pp_inst.\core_inst.$neg$/foss/designs/ascon_top_layout/src/ascon_core.sv:0$427 ($neg).
Converting cell ascon_top.$flatten\pp_inst.\core_inst.$neg$/foss/designs/ascon_top_layout/src/ascon_core.sv:0$427 ($neg) from signed to unsigned.
Removed top 1 bits (of 11) from port A of cell ascon_top.$flatten\pp_inst.\core_inst.$neg$/foss/designs/ascon_top_layout/src/ascon_core.sv:0$427 ($neg).
Removed top 25 bits (of 33) from port A of cell ascon_top.$flatten\pp_inst.\core_inst.$neg$/foss/designs/ascon_top_layout/src/ascon_core.sv:0$464 ($neg).
Converting cell ascon_top.$flatten\pp_inst.\core_inst.$neg$/foss/designs/ascon_top_layout/src/ascon_core.sv:0$464 ($neg) from signed to unsigned.
Removed top 1 bits (of 8) from port A of cell ascon_top.$flatten\pp_inst.\core_inst.$neg$/foss/designs/ascon_top_layout/src/ascon_core.sv:0$464 ($neg).
Removed top 31 bits (of 32) from port B of cell ascon_top.$flatten\pp_inst.\core_inst.$add$/foss/designs/ascon_top_layout/src/ascon_core.sv:423$477 ($add).
Removed top 28 bits (of 32) from port Y of cell ascon_top.$flatten\pp_inst.\core_inst.$add$/foss/designs/ascon_top_layout/src/ascon_core.sv:423$477 ($add).
Removed top 2 bits (of 5) from port B of cell ascon_top.$flatten\pp_inst.\core_inst.$eq$/foss/designs/ascon_top_layout/src/ascon_core.sv:431$482 ($eq).
Removed top 1 bits (of 5) from port B of cell ascon_top.$flatten\pp_inst.\core_inst.$eq$/foss/designs/ascon_top_layout/src/ascon_core.sv:431$483 ($eq).
Removed top 3 bits (of 4) from port B of cell ascon_top.$flatten\pp_inst.\core_inst.$sub$/foss/designs/ascon_top_layout/src/ascon_core.sv:451$492 ($sub).
Removed top 1 bits (of 5) from port B of cell ascon_top.$flatten\pp_inst.\core_inst.$procmux$8966_CMP0 ($eq).
Removed top 1 bits (of 5) from port B of cell ascon_top.$flatten\pp_inst.\core_inst.$procmux$8967_CMP0 ($eq).
Removed top 1 bits (of 5) from port B of cell ascon_top.$flatten\pp_inst.\core_inst.$procmux$8968_CMP0 ($eq).
Removed top 2 bits (of 5) from port B of cell ascon_top.$flatten\pp_inst.\core_inst.$procmux$8969_CMP0 ($eq).
Removed top 63 bits (of 64) from mux cell ascon_top.$flatten\pp_inst.\core_inst.$procmux$9004 ($mux).
Removed top 56 bits (of 64) from port B of cell ascon_top.$flatten\pp_inst.\core_inst.\asconp_i.$xor$/foss/designs/ascon_top_layout/src/asconp.sv:42$513 ($xor).
Removed top 28 bits (of 32) from port B of cell ascon_top.$flatten\pp_inst.\core_inst.\asconp_i.$sub$/foss/designs/ascon_top_layout/src/asconp.sv:38$509 ($sub).
Removed top 28 bits (of 32) from port Y of cell ascon_top.$flatten\pp_inst.\core_inst.\asconp_i.$sub$/foss/designs/ascon_top_layout/src/asconp.sv:38$509 ($sub).
Removed top 5 bits (of 6) from port B of cell ascon_top.$flatten\pp_inst.$procmux$8725_CMP0 ($eq).
Removed top 4 bits (of 6) from port B of cell ascon_top.$flatten\pp_inst.$procmux$8655_CMP0 ($eq).
Removed top 4 bits (of 6) from port B of cell ascon_top.$flatten\pp_inst.$procmux$8586_CMP0 ($eq).
Removed top 3 bits (of 6) from port B of cell ascon_top.$flatten\pp_inst.$procmux$8518_CMP0 ($eq).
Removed top 3 bits (of 6) from port B of cell ascon_top.$flatten\pp_inst.$procmux$8451_CMP0 ($eq).
Removed top 3 bits (of 6) from port B of cell ascon_top.$flatten\pp_inst.$procmux$8385_CMP0 ($eq).
Removed top 3 bits (of 6) from port B of cell ascon_top.$flatten\pp_inst.$procmux$8320_CMP0 ($eq).
Removed top 2 bits (of 6) from port B of cell ascon_top.$flatten\pp_inst.$procmux$8256_CMP0 ($eq).
Removed top 2 bits (of 6) from port B of cell ascon_top.$flatten\pp_inst.$procmux$8193_CMP0 ($eq).
Removed top 2 bits (of 6) from port B of cell ascon_top.$flatten\pp_inst.$procmux$8131_CMP0 ($eq).
Removed top 2 bits (of 6) from port B of cell ascon_top.$flatten\pp_inst.$procmux$8070_CMP0 ($eq).
Removed top 2 bits (of 6) from port B of cell ascon_top.$flatten\pp_inst.$procmux$8010_CMP0 ($eq).
Removed top 2 bits (of 6) from port B of cell ascon_top.$flatten\pp_inst.$procmux$7951_CMP0 ($eq).
Removed top 2 bits (of 6) from port B of cell ascon_top.$flatten\pp_inst.$procmux$7893_CMP0 ($eq).
Removed top 2 bits (of 6) from port B of cell ascon_top.$flatten\pp_inst.$procmux$7836_CMP0 ($eq).
Removed top 1 bits (of 6) from port B of cell ascon_top.$flatten\pp_inst.$procmux$7780_CMP0 ($eq).
Removed top 1 bits (of 6) from port B of cell ascon_top.$flatten\pp_inst.$procmux$7725_CMP0 ($eq).
Removed top 1 bits (of 6) from port B of cell ascon_top.$flatten\pp_inst.$procmux$7671_CMP0 ($eq).
Removed top 1 bits (of 6) from port B of cell ascon_top.$flatten\pp_inst.$procmux$7618_CMP0 ($eq).
Removed top 1 bits (of 6) from port B of cell ascon_top.$flatten\pp_inst.$procmux$7566_CMP0 ($eq).
Removed top 1 bits (of 6) from port B of cell ascon_top.$flatten\pp_inst.$procmux$7515_CMP0 ($eq).
Removed top 1 bits (of 6) from port B of cell ascon_top.$flatten\pp_inst.$procmux$7465_CMP0 ($eq).
Removed top 1 bits (of 6) from port B of cell ascon_top.$flatten\pp_inst.$procmux$7416_CMP0 ($eq).
Removed top 1 bits (of 6) from port B of cell ascon_top.$flatten\pp_inst.$procmux$7368_CMP0 ($eq).
Removed top 1 bits (of 6) from port B of cell ascon_top.$flatten\pp_inst.$procmux$7321_CMP0 ($eq).
Removed top 1 bits (of 6) from port B of cell ascon_top.$flatten\pp_inst.$procmux$7275_CMP0 ($eq).
Removed top 1 bits (of 6) from port B of cell ascon_top.$flatten\pp_inst.$procmux$7230_CMP0 ($eq).
Removed top 1 bits (of 6) from port B of cell ascon_top.$flatten\pp_inst.$procmux$7186_CMP0 ($eq).
Removed top 1 bits (of 6) from port B of cell ascon_top.$flatten\pp_inst.$procmux$7143_CMP0 ($eq).
Removed top 1 bits (of 6) from port B of cell ascon_top.$flatten\pp_inst.$procmux$7101_CMP0 ($eq).
Removed top 1 bits (of 6) from port B of cell ascon_top.$flatten\pp_inst.$procmux$7060_CMP0 ($eq).
Removed top 5 bits (of 6) from port B of cell ascon_top.$flatten\pp_inst.$procmux$1133_CMP0 ($eq).
Removed top 4 bits (of 6) from port B of cell ascon_top.$flatten\pp_inst.$procmux$1132_CMP0 ($eq).
Removed top 4 bits (of 6) from port B of cell ascon_top.$flatten\pp_inst.$procmux$1131_CMP0 ($eq).
Removed top 3 bits (of 6) from port B of cell ascon_top.$flatten\pp_inst.$procmux$1130_CMP0 ($eq).
Removed top 3 bits (of 6) from port B of cell ascon_top.$flatten\pp_inst.$procmux$1129_CMP0 ($eq).
Removed top 3 bits (of 6) from port B of cell ascon_top.$flatten\pp_inst.$procmux$1128_CMP0 ($eq).
Removed top 3 bits (of 6) from port B of cell ascon_top.$flatten\pp_inst.$procmux$1127_CMP0 ($eq).
Removed top 2 bits (of 6) from port B of cell ascon_top.$flatten\pp_inst.$procmux$1126_CMP0 ($eq).
Removed top 2 bits (of 6) from port B of cell ascon_top.$flatten\pp_inst.$procmux$1125_CMP0 ($eq).
Removed top 2 bits (of 6) from port B of cell ascon_top.$flatten\pp_inst.$procmux$1124_CMP0 ($eq).
Removed top 2 bits (of 6) from port B of cell ascon_top.$flatten\pp_inst.$procmux$1123_CMP0 ($eq).
Removed top 2 bits (of 6) from port B of cell ascon_top.$flatten\pp_inst.$procmux$1122_CMP0 ($eq).
Removed top 2 bits (of 6) from port B of cell ascon_top.$flatten\pp_inst.$procmux$1121_CMP0 ($eq).
Removed top 2 bits (of 6) from port B of cell ascon_top.$flatten\pp_inst.$procmux$1120_CMP0 ($eq).
Removed top 2 bits (of 6) from port B of cell ascon_top.$flatten\pp_inst.$procmux$1119_CMP0 ($eq).
Removed top 1 bits (of 6) from port B of cell ascon_top.$flatten\pp_inst.$procmux$1118_CMP0 ($eq).
Removed top 1 bits (of 6) from port B of cell ascon_top.$flatten\pp_inst.$procmux$1117_CMP0 ($eq).
Removed top 1 bits (of 6) from port B of cell ascon_top.$flatten\pp_inst.$procmux$1116_CMP0 ($eq).
Removed top 1 bits (of 6) from port B of cell ascon_top.$flatten\pp_inst.$procmux$1115_CMP0 ($eq).
Removed top 1 bits (of 6) from port B of cell ascon_top.$flatten\pp_inst.$procmux$1114_CMP0 ($eq).
Removed top 1 bits (of 6) from port B of cell ascon_top.$flatten\pp_inst.$procmux$1113_CMP0 ($eq).
Removed top 1 bits (of 6) from port B of cell ascon_top.$flatten\pp_inst.$procmux$1112_CMP0 ($eq).
Removed top 1 bits (of 6) from port B of cell ascon_top.$flatten\pp_inst.$procmux$1111_CMP0 ($eq).
Removed top 1 bits (of 6) from port B of cell ascon_top.$flatten\pp_inst.$procmux$1110_CMP0 ($eq).
Removed top 1 bits (of 6) from port B of cell ascon_top.$flatten\pp_inst.$procmux$1109_CMP0 ($eq).
Removed top 1 bits (of 6) from port B of cell ascon_top.$flatten\pp_inst.$procmux$1108_CMP0 ($eq).
Removed top 1 bits (of 6) from port B of cell ascon_top.$flatten\pp_inst.$procmux$1107_CMP0 ($eq).
Removed top 1 bits (of 6) from port B of cell ascon_top.$flatten\pp_inst.$procmux$1106_CMP0 ($eq).
Removed top 1 bits (of 6) from port B of cell ascon_top.$flatten\pp_inst.$procmux$1105_CMP0 ($eq).
Removed top 1 bits (of 6) from port B of cell ascon_top.$flatten\pp_inst.$procmux$1104_CMP0 ($eq).
Removed top 1 bits (of 6) from port B of cell ascon_top.$flatten\pp_inst.$procmux$1103_CMP0 ($eq).
Removed top 31 bits (of 32) from port B of cell ascon_top.$flatten\pp_inst.$add$/foss/designs/ascon_top_layout/src/postprocessor_rup.sv:117$65 ($add).
Removed top 25 bits (of 32) from port Y of cell ascon_top.$flatten\pp_inst.$add$/foss/designs/ascon_top_layout/src/postprocessor_rup.sv:117$65 ($add).
Removed top 31 bits (of 32) from port B of cell ascon_top.$flatten\pp_inst.$add$/foss/designs/ascon_top_layout/src/postprocessor_rup.sv:86$53 ($add).
Removed top 25 bits (of 32) from port Y of cell ascon_top.$flatten\pp_inst.$add$/foss/designs/ascon_top_layout/src/postprocessor_rup.sv:86$53 ($add).
Removed top 25 bits (of 32) from port B of cell ascon_top.$flatten\pp_inst.$lt$/foss/designs/ascon_top_layout/src/postprocessor_rup.sv:69$23 ($lt).
Removed top 2 bits (of 4) from port B of cell ascon_top.$flatten\pp_inst.$eq$/foss/designs/ascon_top_layout/src/postprocessor_rup.sv:47$15 ($eq).
Removed top 1 bits (of 8) from mux cell ascon_top.$flatten\spi_phy.$procmux$8845 ($mux).
Removed top 1 bits (of 8) from mux cell ascon_top.$flatten\spi_phy.$procmux$8842 ($mux).
Removed top 1 bits (of 8) from mux cell ascon_top.$flatten\spi_phy.$procmux$8840 ($mux).
Removed top 1 bits (of 8) from mux cell ascon_top.$flatten\spi_phy.$procmux$8837 ($mux).
Removed top 1 bits (of 8) from mux cell ascon_top.$flatten\spi_phy.$procmux$8835 ($mux).
Removed top 25 bits (of 32) from wire ascon_top.$flatten\pp_inst.$add$/foss/designs/ascon_top_layout/src/postprocessor_rup.sv:117$65_Y.
Removed top 25 bits (of 32) from wire ascon_top.$flatten\pp_inst.$add$/foss/designs/ascon_top_layout/src/postprocessor_rup.sv:86$53_Y.
Removed top 22 bits (of 32) from wire ascon_top.$flatten\pp_inst.\core_inst.$add$/foss/designs/ascon_top_layout/src/ascon_core.sv:0$255_Y.
Removed top 28 bits (of 32) from wire ascon_top.$flatten\pp_inst.\core_inst.$add$/foss/designs/ascon_top_layout/src/ascon_core.sv:423$477_Y.
Removed top 24 bits (of 32) from wire ascon_top.$flatten\pp_inst.\core_inst.$extend$/foss/designs/ascon_top_layout/src/functions.sv:52$343_Y.
Removed top 24 bits (of 32) from wire ascon_top.$flatten\pp_inst.\core_inst.$extend$/foss/designs/ascon_top_layout/src/functions.sv:52$345_Y.
Removed top 24 bits (of 32) from wire ascon_top.$flatten\pp_inst.\core_inst.$extend$/foss/designs/ascon_top_layout/src/functions.sv:52$347_Y.
Removed top 24 bits (of 32) from wire ascon_top.$flatten\pp_inst.\core_inst.$extend$/foss/designs/ascon_top_layout/src/functions.sv:52$349_Y.
Removed top 24 bits (of 32) from wire ascon_top.$flatten\pp_inst.\core_inst.$extend$/foss/designs/ascon_top_layout/src/functions.sv:52$378_Y.
Removed top 24 bits (of 32) from wire ascon_top.$flatten\pp_inst.\core_inst.$extend$/foss/designs/ascon_top_layout/src/functions.sv:52$380_Y.
Removed top 24 bits (of 32) from wire ascon_top.$flatten\pp_inst.\core_inst.$extend$/foss/designs/ascon_top_layout/src/functions.sv:52$382_Y.
Removed top 24 bits (of 32) from wire ascon_top.$flatten\pp_inst.\core_inst.$extend$/foss/designs/ascon_top_layout/src/functions.sv:52$384_Y.
Removed top 31 bits (of 32) from wire ascon_top.$flatten\pp_inst.\core_inst.$ternary$/foss/designs/ascon_top_layout/src/ascon_core.sv:232$387_Y.
Removed top 31 bits (of 32) from wire ascon_top.$flatten\pp_inst.\core_inst.$ternary$/foss/designs/ascon_top_layout/src/ascon_core.sv:233$390_Y.
Removed top 24 bits (of 32) from wire ascon_top.$flatten\pp_inst.\core_inst.$ternary$/foss/designs/ascon_top_layout/src/functions.sv:21$302_Y.
Removed top 24 bits (of 32) from wire ascon_top.$flatten\pp_inst.\core_inst.$ternary$/foss/designs/ascon_top_layout/src/functions.sv:23$305_Y.
Removed top 24 bits (of 32) from wire ascon_top.$flatten\pp_inst.\core_inst.$ternary$/foss/designs/ascon_top_layout/src/functions.sv:23$308_Y.
Removed top 24 bits (of 32) from wire ascon_top.$flatten\pp_inst.\core_inst.$ternary$/foss/designs/ascon_top_layout/src/functions.sv:23$311_Y.
Removed top 24 bits (of 32) from wire ascon_top.$flatten\pp_inst.\core_inst.$ternary$/foss/designs/ascon_top_layout/src/functions.sv:39$364_Y.
Removed top 24 bits (of 32) from wire ascon_top.$flatten\pp_inst.\core_inst.$ternary$/foss/designs/ascon_top_layout/src/functions.sv:39$366_Y.
Removed top 24 bits (of 32) from wire ascon_top.$flatten\pp_inst.\core_inst.$ternary$/foss/designs/ascon_top_layout/src/functions.sv:39$369_Y.
Removed top 24 bits (of 32) from wire ascon_top.$flatten\pp_inst.\core_inst.$ternary$/foss/designs/ascon_top_layout/src/functions.sv:39$371_Y.
Removed top 24 bits (of 32) from wire ascon_top.$flatten\pp_inst.\core_inst.$ternary$/foss/designs/ascon_top_layout/src/functions.sv:39$374_Y.
Removed top 24 bits (of 32) from wire ascon_top.$flatten\pp_inst.\core_inst.$ternary$/foss/designs/ascon_top_layout/src/functions.sv:39$376_Y.
Removed top 24 bits (of 32) from wire ascon_top.$flatten\pp_inst.\core_inst.$ternary$/foss/designs/ascon_top_layout/src/functions.sv:52$344_Y.
Removed top 24 bits (of 32) from wire ascon_top.$flatten\pp_inst.\core_inst.$ternary$/foss/designs/ascon_top_layout/src/functions.sv:52$346_Y.
Removed top 24 bits (of 32) from wire ascon_top.$flatten\pp_inst.\core_inst.$ternary$/foss/designs/ascon_top_layout/src/functions.sv:52$379_Y.
Removed top 24 bits (of 32) from wire ascon_top.$flatten\pp_inst.\core_inst.$ternary$/foss/designs/ascon_top_layout/src/functions.sv:52$383_Y.
Removed top 29 bits (of 32) from wire ascon_top.$flatten\spi_ctrl.$add$/foss/designs/ascon_top_layout/src/spi_controller.sv:350$140_Y.
Removed top 30 bits (of 32) from wire ascon_top.$flatten\spi_ctrl.$add$/foss/designs/ascon_top_layout/src/spi_controller.sv:352$141_Y.
Removed top 1 bits (of 4) from wire ascon_top.$flatten\spi_ctrl.$procmux$775_Y.
Removed top 1 bits (of 8) from wire ascon_top.$flatten\spi_phy.$0\tx_reg[7:0].
Removed top 1 bits (of 8) from wire ascon_top.$flatten\spi_phy.$procmux$8835_Y.
Removed top 1 bits (of 8) from wire ascon_top.$flatten\spi_phy.$procmux$8837_Y.
Removed top 1 bits (of 8) from wire ascon_top.$flatten\spi_phy.$procmux$8840_Y.
Removed top 1 bits (of 8) from wire ascon_top.$flatten\spi_phy.$procmux$8842_Y.

70. Executing PEEPOPT pass (run peephole optimizers).

71. Executing OPT_CLEAN pass (remove unused cells and wires).
Finding unused cells or wires in module \ascon_top..
Removed 0 unused cells and 37 unused wires.
<suppressed ~1 debug messages>

72. Executing ALUMACC pass (create $alu and $macc cells).
Extracting $alu and $macc cells in module ascon_top:
  creating $macc model for $flatten\pp_inst.$add$/foss/designs/ascon_top_layout/src/postprocessor_rup.sv:117$65 ($add).
  creating $macc model for $flatten\pp_inst.$add$/foss/designs/ascon_top_layout/src/postprocessor_rup.sv:86$53 ($add).
  creating $macc model for $flatten\pp_inst.\core_inst.$add$/foss/designs/ascon_top_layout/src/ascon_core.sv:0$255 ($add).
  creating $macc model for $flatten\pp_inst.\core_inst.$add$/foss/designs/ascon_top_layout/src/ascon_core.sv:208$300 ($add).
  creating $macc model for $flatten\pp_inst.\core_inst.$add$/foss/designs/ascon_top_layout/src/ascon_core.sv:423$477 ($add).
  creating $macc model for $flatten\pp_inst.\core_inst.$neg$/foss/designs/ascon_top_layout/src/ascon_core.sv:0$427 ($neg).
  creating $macc model for $flatten\pp_inst.\core_inst.$neg$/foss/designs/ascon_top_layout/src/ascon_core.sv:0$464 ($neg).
  creating $macc model for $flatten\pp_inst.\core_inst.$sub$/foss/designs/ascon_top_layout/src/ascon_core.sv:451$492 ($sub).
  creating $macc model for $flatten\pp_inst.\core_inst.\asconp_i.$sub$/foss/designs/ascon_top_layout/src/asconp.sv:38$509 ($sub).
  creating $macc model for $flatten\pp_inst.\core_inst.\asconp_i.$sub$/foss/designs/ascon_top_layout/src/asconp.sv:42$512 ($sub).
  creating $macc model for $flatten\spi_ctrl.$add$/foss/designs/ascon_top_layout/src/spi_controller.sv:182$92 ($add).
  creating $macc model for $flatten\spi_ctrl.$add$/foss/designs/ascon_top_layout/src/spi_controller.sv:350$140 ($add).
  creating $macc model for $flatten\spi_ctrl.$add$/foss/designs/ascon_top_layout/src/spi_controller.sv:352$141 ($add).
  creating $macc model for $flatten\spi_phy.$add$/foss/designs/ascon_top_layout/src/spi_slave.sv:73$148 ($add).
  creating $alu model for $macc $flatten\spi_phy.$add$/foss/designs/ascon_top_layout/src/spi_slave.sv:73$148.
  creating $alu model for $macc $flatten\spi_ctrl.$add$/foss/designs/ascon_top_layout/src/spi_controller.sv:352$141.
  creating $alu model for $macc $flatten\spi_ctrl.$add$/foss/designs/ascon_top_layout/src/spi_controller.sv:350$140.
  creating $alu model for $macc $flatten\spi_ctrl.$add$/foss/designs/ascon_top_layout/src/spi_controller.sv:182$92.
  creating $alu model for $macc $flatten\pp_inst.\core_inst.\asconp_i.$sub$/foss/designs/ascon_top_layout/src/asconp.sv:42$512.
  creating $alu model for $macc $flatten\pp_inst.\core_inst.\asconp_i.$sub$/foss/designs/ascon_top_layout/src/asconp.sv:38$509.
  creating $alu model for $macc $flatten\pp_inst.\core_inst.$sub$/foss/designs/ascon_top_layout/src/ascon_core.sv:451$492.
  creating $alu model for $macc $flatten\pp_inst.\core_inst.$neg$/foss/designs/ascon_top_layout/src/ascon_core.sv:0$464.
  creating $alu model for $macc $flatten\pp_inst.\core_inst.$neg$/foss/designs/ascon_top_layout/src/ascon_core.sv:0$427.
  creating $alu model for $macc $flatten\pp_inst.\core_inst.$add$/foss/designs/ascon_top_layout/src/ascon_core.sv:423$477.
  creating $alu model for $macc $flatten\pp_inst.\core_inst.$add$/foss/designs/ascon_top_layout/src/ascon_core.sv:208$300.
  creating $alu model for $macc $flatten\pp_inst.\core_inst.$add$/foss/designs/ascon_top_layout/src/ascon_core.sv:0$255.
  creating $alu model for $macc $flatten\pp_inst.$add$/foss/designs/ascon_top_layout/src/postprocessor_rup.sv:86$53.
  creating $alu model for $macc $flatten\pp_inst.$add$/foss/designs/ascon_top_layout/src/postprocessor_rup.sv:117$65.
  creating $alu model for $flatten\pp_inst.$lt$/foss/designs/ascon_top_layout/src/postprocessor_rup.sv:116$62 ($lt): new $alu
  creating $alu model for $flatten\pp_inst.$lt$/foss/designs/ascon_top_layout/src/postprocessor_rup.sv:69$23 ($lt): new $alu
  creating $alu model for $flatten\pp_inst.\core_inst.$gt$/foss/designs/ascon_top_layout/src/ascon_core.sv:108$163 ($gt): new $alu
  creating $alu model for $flatten\pp_inst.\core_inst.$gt$/foss/designs/ascon_top_layout/src/ascon_core.sv:111$173 ($gt): new $alu
  creating $alu model for $flatten\pp_inst.$eq$/foss/designs/ascon_top_layout/src/postprocessor_rup.sv:99$56 ($eq): merged with $flatten\pp_inst.$lt$/foss/designs/ascon_top_layout/src/postprocessor_rup.sv:116$62.
  creating $alu model for $flatten\pp_inst.\core_inst.$eq$/foss/designs/ascon_top_layout/src/ascon_core.sv:114$179 ($eq): merged with $flatten\pp_inst.\core_inst.$sub$/foss/designs/ascon_top_layout/src/ascon_core.sv:451$492.
  creating $alu cell for $flatten\pp_inst.\core_inst.$gt$/foss/designs/ascon_top_layout/src/ascon_core.sv:111$173: $auto$alumacc.cc:495:replace_alu$14457
  creating $alu cell for $flatten\pp_inst.\core_inst.$gt$/foss/designs/ascon_top_layout/src/ascon_core.sv:108$163: $auto$alumacc.cc:495:replace_alu$14468
  creating $alu cell for $flatten\pp_inst.$lt$/foss/designs/ascon_top_layout/src/postprocessor_rup.sv:69$23: $auto$alumacc.cc:495:replace_alu$14479
  creating $alu cell for $flatten\pp_inst.$lt$/foss/designs/ascon_top_layout/src/postprocessor_rup.sv:116$62, $flatten\pp_inst.$eq$/foss/designs/ascon_top_layout/src/postprocessor_rup.sv:99$56: $auto$alumacc.cc:495:replace_alu$14484
  creating $alu cell for $flatten\pp_inst.$add$/foss/designs/ascon_top_layout/src/postprocessor_rup.sv:117$65: $auto$alumacc.cc:495:replace_alu$14491
  creating $alu cell for $flatten\pp_inst.$add$/foss/designs/ascon_top_layout/src/postprocessor_rup.sv:86$53: $auto$alumacc.cc:495:replace_alu$14494
  creating $alu cell for $flatten\pp_inst.\core_inst.$add$/foss/designs/ascon_top_layout/src/ascon_core.sv:0$255: $auto$alumacc.cc:495:replace_alu$14497
  creating $alu cell for $flatten\pp_inst.\core_inst.$add$/foss/designs/ascon_top_layout/src/ascon_core.sv:208$300: $auto$alumacc.cc:495:replace_alu$14500
  creating $alu cell for $flatten\pp_inst.\core_inst.$add$/foss/designs/ascon_top_layout/src/ascon_core.sv:423$477: $auto$alumacc.cc:495:replace_alu$14503
  creating $alu cell for $flatten\pp_inst.\core_inst.$neg$/foss/designs/ascon_top_layout/src/ascon_core.sv:0$427: $auto$alumacc.cc:495:replace_alu$14506
  creating $alu cell for $flatten\pp_inst.\core_inst.$neg$/foss/designs/ascon_top_layout/src/ascon_core.sv:0$464: $auto$alumacc.cc:495:replace_alu$14509
  creating $alu cell for $flatten\pp_inst.\core_inst.$sub$/foss/designs/ascon_top_layout/src/ascon_core.sv:451$492, $flatten\pp_inst.\core_inst.$eq$/foss/designs/ascon_top_layout/src/ascon_core.sv:114$179: $auto$alumacc.cc:495:replace_alu$14512
  creating $alu cell for $flatten\pp_inst.\core_inst.\asconp_i.$sub$/foss/designs/ascon_top_layout/src/asconp.sv:38$509: $auto$alumacc.cc:495:replace_alu$14517
  creating $alu cell for $flatten\pp_inst.\core_inst.\asconp_i.$sub$/foss/designs/ascon_top_layout/src/asconp.sv:42$512: $auto$alumacc.cc:495:replace_alu$14520
  creating $alu cell for $flatten\spi_ctrl.$add$/foss/designs/ascon_top_layout/src/spi_controller.sv:182$92: $auto$alumacc.cc:495:replace_alu$14523
  creating $alu cell for $flatten\spi_ctrl.$add$/foss/designs/ascon_top_layout/src/spi_controller.sv:350$140: $auto$alumacc.cc:495:replace_alu$14526
  creating $alu cell for $flatten\spi_ctrl.$add$/foss/designs/ascon_top_layout/src/spi_controller.sv:352$141: $auto$alumacc.cc:495:replace_alu$14529
  creating $alu cell for $flatten\spi_phy.$add$/foss/designs/ascon_top_layout/src/spi_slave.sv:73$148: $auto$alumacc.cc:495:replace_alu$14532
  created 18 $alu and 0 $macc cells.

73. Executing SHARE pass (SAT-based resource sharing).

74. Executing OPT_EXPR pass (perform const folding).
Optimizing module ascon_top.
<suppressed ~6 debug messages>

75. Executing OPT_MERGE pass (detect identical cells).
Finding identical cells in module `\ascon_top'.
Removed a total of 0 cells.

76. Executing OPT_MUXTREE pass (detect dead branches in mux trees).
Running muxtree optimizer on module \ascon_top..
  Creating internal representation of mux trees.
  Evaluating internal representation of mux trees.
  Analyzing evaluation results.
Removed 0 multiplexer ports.
<suppressed ~80 debug messages>

77. Executing OPT_REDUCE pass (consolidate $*mux and $reduce_* inputs).
  Optimizing cells in module \ascon_top.
Performed a total of 0 changes.

78. Executing OPT_MERGE pass (detect identical cells).
Finding identical cells in module `\ascon_top'.
<suppressed ~3 debug messages>
Removed a total of 1 cells.

79. Executing OPT_DFF pass (perform DFF optimizations).

80. Executing OPT_CLEAN pass (remove unused cells and wires).
Finding unused cells or wires in module \ascon_top..
Removed 0 unused cells and 17 unused wires.
<suppressed ~3 debug messages>

81. Executing OPT_EXPR pass (perform const folding).
Optimizing module ascon_top.

82. Rerunning OPT passes. (Maybe there is more to do…)

83. Executing OPT_MUXTREE pass (detect dead branches in mux trees).
Running muxtree optimizer on module \ascon_top..
  Creating internal representation of mux trees.
  Evaluating internal representation of mux trees.
  Analyzing evaluation results.
Removed 0 multiplexer ports.
<suppressed ~80 debug messages>

84. Executing OPT_REDUCE pass (consolidate $*mux and $reduce_* inputs).
  Optimizing cells in module \ascon_top.
Performed a total of 0 changes.

85. Executing OPT_MERGE pass (detect identical cells).
Finding identical cells in module `\ascon_top'.
Removed a total of 0 cells.

86. Executing OPT_DFF pass (perform DFF optimizations).

87. Executing OPT_CLEAN pass (remove unused cells and wires).
Finding unused cells or wires in module \ascon_top..

88. Executing OPT_EXPR pass (perform const folding).
Optimizing module ascon_top.

89. Executing MEMORY pass.

89.1. Executing OPT_MEM pass (optimize memories).
Performed a total of 0 transformations.

89.2. Executing OPT_MEM_PRIORITY pass (removing unnecessary memory write priority relations).
Performed a total of 0 transformations.

89.3. Executing OPT_MEM_FEEDBACK pass (finding memory read-to-write feedback paths).

89.4. Executing MEMORY_BMUX2ROM pass (converting muxes to ROMs).

89.5. Executing MEMORY_DFF pass (merging $dff cells to $memrd).

89.6. Executing OPT_CLEAN pass (remove unused cells and wires).
Finding unused cells or wires in module \ascon_top..

89.7. Executing MEMORY_SHARE pass (consolidating $memrd/$memwr cells).

89.8. Executing OPT_MEM_WIDEN pass (optimize memories where all ports are wide).
Performed a total of 0 transformations.

89.9. Executing OPT_CLEAN pass (remove unused cells and wires).
Finding unused cells or wires in module \ascon_top..

89.10. Executing MEMORY_COLLECT pass (generating $mem cells).

90. Executing OPT_CLEAN pass (remove unused cells and wires).
Finding unused cells or wires in module \ascon_top..

91. Executing OPT_EXPR pass (perform const folding).
Optimizing module ascon_top.
<suppressed ~90 debug messages>

92. Executing OPT_MERGE pass (detect identical cells).
Finding identical cells in module `\ascon_top'.
<suppressed ~9 debug messages>
Removed a total of 3 cells.

93. Executing OPT_DFF pass (perform DFF optimizations).

94. Executing OPT_CLEAN pass (remove unused cells and wires).
Finding unused cells or wires in module \ascon_top..
Removed 7 unused cells and 61 unused wires.
<suppressed ~9 debug messages>

95. Executing MEMORY_MAP pass (converting memories to logic and flip-flops).

96. Executing OPT_EXPR pass (perform const folding).
Optimizing module ascon_top.
<suppressed ~3 debug messages>

97. Executing OPT_MERGE pass (detect identical cells).
Finding identical cells in module `\ascon_top'.
Removed a total of 0 cells.

98. Executing OPT_MUXTREE pass (detect dead branches in mux trees).
Running muxtree optimizer on module \ascon_top..
  Creating internal representation of mux trees.
  Evaluating internal representation of mux trees.
  Analyzing evaluation results.
Removed 0 multiplexer ports.
<suppressed ~67 debug messages>

99. Executing OPT_REDUCE pass (consolidate $*mux and $reduce_* inputs).
  Optimizing cells in module \ascon_top.
    Consolidated identical input bits for $mux cell $flatten\pp_inst.\core_inst.$procmux$8965:
      Old ports: A=4'1000, B=4'1100, Y=$flatten\pp_inst.\core_inst.$1\round_cnt_d[3:0]
      New ports: A=1'0, B=1'1, Y=$flatten\pp_inst.\core_inst.$1\round_cnt_d[3:0] [2]
      New connections: { $flatten\pp_inst.\core_inst.$1\round_cnt_d[3:0] [3] $flatten\pp_inst.\core_inst.$1\round_cnt_d[3:0] [1:0] } = 3'100
    Consolidated identical input bits for $mux cell $flatten\spi_ctrl.$procmux$600:
      Old ports: A=4'0011, B=4'0010, Y=$flatten\spi_ctrl.$procmux$600_Y
      New ports: A=1'1, B=1'0, Y=$flatten\spi_ctrl.$procmux$600_Y [0]
      New connections: $flatten\spi_ctrl.$procmux$600_Y [3:1] = 3'001
  Optimizing cells in module \ascon_top.
Performed a total of 2 changes.

100. Executing OPT_MERGE pass (detect identical cells).
Finding identical cells in module `\ascon_top'.
Removed a total of 0 cells.

101. Executing OPT_SHARE pass.

102. Executing OPT_DFF pass (perform DFF optimizations).

103. Executing OPT_CLEAN pass (remove unused cells and wires).
Finding unused cells or wires in module \ascon_top..
Removed 0 unused cells and 1 unused wires.
<suppressed ~1 debug messages>

104. Executing OPT_EXPR pass (perform const folding).
Optimizing module ascon_top.
<suppressed ~2 debug messages>

105. Rerunning OPT passes. (Maybe there is more to do…)

106. Executing OPT_MUXTREE pass (detect dead branches in mux trees).
Running muxtree optimizer on module \ascon_top..
  Creating internal representation of mux trees.
  Evaluating internal representation of mux trees.
  Analyzing evaluation results.
Removed 0 multiplexer ports.
<suppressed ~66 debug messages>

107. Executing OPT_REDUCE pass (consolidate $*mux and $reduce_* inputs).
  Optimizing cells in module \ascon_top.
Performed a total of 0 changes.

108. Executing OPT_MERGE pass (detect identical cells).
Finding identical cells in module `\ascon_top'.
Removed a total of 0 cells.

109. Executing OPT_SHARE pass.

110. Executing OPT_DFF pass (perform DFF optimizations).
Setting constant 0-bit at position 2 on $auto$ff.cc:266:slice$13846 ($adffe) from module ascon_top.
Setting constant 0-bit at position 3 on $auto$ff.cc:266:slice$13846 ($adffe) from module ascon_top.

111. Executing OPT_CLEAN pass (remove unused cells and wires).
Finding unused cells or wires in module \ascon_top..
Removed 0 unused cells and 1 unused wires.
<suppressed ~1 debug messages>

112. Executing OPT_EXPR pass (perform const folding).
Optimizing module ascon_top.

113. Rerunning OPT passes. (Maybe there is more to do…)

114. Executing OPT_MUXTREE pass (detect dead branches in mux trees).
Running muxtree optimizer on module \ascon_top..
  Creating internal representation of mux trees.
  Evaluating internal representation of mux trees.
  Analyzing evaluation results.
Removed 0 multiplexer ports.
<suppressed ~66 debug messages>

115. Executing OPT_REDUCE pass (consolidate $*mux and $reduce_* inputs).
  Optimizing cells in module \ascon_top.
    Consolidated identical input bits for $mux cell $flatten\spi_ctrl.$procmux$747:
      Old ports: A={ 3'001 \spi_ctrl.state [4] }, B={ 2'00 \spi_ctrl.pend_type [1:0] }, Y=$flatten\spi_ctrl.$procmux$747_Y
      New ports: A={ 1'1 \spi_ctrl.state [4] }, B=\spi_ctrl.pend_type [1:0], Y=$flatten\spi_ctrl.$procmux$747_Y [1:0]
      New connections: $flatten\spi_ctrl.$procmux$747_Y [3:2] = 2'00
  Optimizing cells in module \ascon_top.
Performed a total of 1 changes.

116. Executing OPT_MERGE pass (detect identical cells).
Finding identical cells in module `\ascon_top'.
Removed a total of 0 cells.

117. Executing OPT_SHARE pass.

118. Executing OPT_DFF pass (perform DFF optimizations).

119. Executing OPT_CLEAN pass (remove unused cells and wires).
Finding unused cells or wires in module \ascon_top..

120. Executing OPT_EXPR pass (perform const folding).
Optimizing module ascon_top.

121. Rerunning OPT passes. (Maybe there is more to do…)

122. Executing OPT_MUXTREE pass (detect dead branches in mux trees).
Running muxtree optimizer on module \ascon_top..
  Creating internal representation of mux trees.
  Evaluating internal representation of mux trees.
  Analyzing evaluation results.
Removed 0 multiplexer ports.
<suppressed ~66 debug messages>

123. Executing OPT_REDUCE pass (consolidate $*mux and $reduce_* inputs).
  Optimizing cells in module \ascon_top.
Performed a total of 0 changes.

124. Executing OPT_MERGE pass (detect identical cells).
Finding identical cells in module `\ascon_top'.
Removed a total of 0 cells.

125. Executing OPT_SHARE pass.

126. Executing OPT_DFF pass (perform DFF optimizations).

127. Executing OPT_CLEAN pass (remove unused cells and wires).
Finding unused cells or wires in module \ascon_top..

128. Executing OPT_EXPR pass (perform const folding).
Optimizing module ascon_top.

129. Executing TECHMAP pass (map to technology primitives).

129.1. Executing Verilog-2005 frontend: /foss/tools/yosys/bin/../share/yosys/techmap.v
Parsing Verilog input from `/foss/tools/yosys/bin/../share/yosys/techmap.v' to AST representation.
Generating RTLIL representation for module `\_90_simplemap_bool_ops'.
Generating RTLIL representation for module `\_90_simplemap_reduce_ops'.
Generating RTLIL representation for module `\_90_simplemap_logic_ops'.
Generating RTLIL representation for module `\_90_simplemap_compare_ops'.
Generating RTLIL representation for module `\_90_simplemap_various'.
Generating RTLIL representation for module `\_90_simplemap_registers'.
Generating RTLIL representation for module `\_90_shift_ops_shr_shl_sshl_sshr'.
Generating RTLIL representation for module `\_90_shift_shiftx'.
Generating RTLIL representation for module `\_90_fa'.
Generating RTLIL representation for module `\_90_lcu_brent_kung'.
Generating RTLIL representation for module `\_90_alu'.
Generating RTLIL representation for module `\_90_macc'.
Generating RTLIL representation for module `\_90_alumacc'.
Generating RTLIL representation for module `\$__div_mod_u'.
Generating RTLIL representation for module `\$__div_mod_trunc'.
Generating RTLIL representation for module `\_90_div'.
Generating RTLIL representation for module `\_90_mod'.
Generating RTLIL representation for module `\$__div_mod_floor'.
Generating RTLIL representation for module `\_90_divfloor'.
Generating RTLIL representation for module `\_90_modfloor'.
Generating RTLIL representation for module `\_90_pow'.
Generating RTLIL representation for module `\_90_pmux'.
Generating RTLIL representation for module `\_90_demux'.
Generating RTLIL representation for module `\_90_lut'.
Successfully finished Verilog frontend.

129.2. Continuing TECHMAP pass.
Using extmapper simplemap for cells of type $and.
Using extmapper simplemap for cells of type $reduce_and.
Using extmapper simplemap for cells of type $adffe.
Using extmapper simplemap for cells of type $adff.
Using extmapper simplemap for cells of type $mux.
Using extmapper simplemap for cells of type $logic_not.
Using extmapper simplemap for cells of type $eq.
Using extmapper simplemap for cells of type $not.
Using extmapper simplemap for cells of type $or.
Using extmapper simplemap for cells of type $reduce_or.
Using template $paramod$85df5dc01c7df96a7d8e5f1fdf76ce9ac452af63\_90_pmux for cells of type $pmux.
Using template $paramod$3ef7d3dd227da7627a99c5e5a6a4deb817573e39\_90_alu for cells of type $alu.
Using template $paramod$175e67c02b86e96b1288b9dc100122520d7240d8\_90_alu for cells of type $alu.
Using extmapper simplemap for cells of type $logic_and.
Using extmapper simplemap for cells of type $logic_or.
Using extmapper simplemap for cells of type $reduce_bool.
Using extmapper simplemap for cells of type $xor.
Using extmapper simplemap for cells of type $ne.
Using extmapper simplemap for cells of type $dffe.
Using template $paramod$fc972a7a46956c1788f3cb5257b53c8f1df2d0cc\_90_alu for cells of type $alu.
Using template $paramod$740b056ede97228d3eae64ea2fdc81f0a33e0fe7\_90_alu for cells of type $alu.
Using template $paramod$c5c783b17ab1d780abfad8cfe6563a0a7b47a3b0\_90_pmux for cells of type $pmux.
Using template $paramod$79fc7abbb3333dbd5736999d565fd903198fb1eb\_90_alu for cells of type $alu.
Using template $paramod$bf2533632d512eac76dd186c0da49367e29b8e98\_90_pmux for cells of type $pmux.
Using template $paramod$constmap:52703bf7b1b6798ffe7705f63935cd9e91c33011$paramod$e7ae987f7831a43dbc7fde707795975c2d3b495e\_90_shift_shiftx for cells of type $shiftx.
Using template $paramod$32a7b7b86c07519b7537abc18e96f0331f97914d\_90_alu for cells of type $alu.
Using template $paramod$3e2546d640bb80c4407ce51aec1dbdbdc5bff143\_90_alu for cells of type $alu.
Using template $paramod$40ec39fdbb40e313957832362e47914160e3dfcb\_90_alu for cells of type $alu.
Using template $paramod$constmap:865881b92e6cd588e2b8a1693acc85e0e5b937f9$paramod$10e20dba43c0957eb6a4d13874b69d1206d44fb5\_90_shift_shiftx for cells of type $shift.
Using template $paramod$54d740639e1393b22262823179ff783ea9f17a35\_90_pmux for cells of type $pmux.
Analyzing pattern of constant bits for this cell:
Creating constmapped module `$paramod$constmap:9299899c5483554c9f935c3931628f101d77e8a3$paramod$10e20dba43c0957eb6a4d13874b69d1206d44fb5\_90_shift_shiftx'.

129.37. Executing OPT_MUXTREE pass (detect dead branches in mux trees).
Running muxtree optimizer on module $paramod$constmap:9299899c5483554c9f935c3931628f101d77e8a3$paramod$10e20dba43c0957eb6a4d13874b69d1206d44fb5\_90_shift_shiftx..
  Creating internal representation of mux trees.
  Evaluating internal representation of mux trees.
  Analyzing evaluation results.
    dead port 2/2 on $mux $procmux$22262.
    dead port 2/2 on $mux $procmux$22256.
    dead port 2/2 on $mux $procmux$22250.
    dead port 2/2 on $mux $procmux$22244.
    dead port 2/2 on $mux $procmux$22238.
    dead port 2/2 on $mux $procmux$22232.
    dead port 2/2 on $mux $procmux$22226.
    dead port 2/2 on $mux $procmux$22220.
    dead port 2/2 on $mux $procmux$22214.
    dead port 2/2 on $mux $procmux$22208.
Removed 10 multiplexer ports.
<suppressed ~1731 debug messages>

129.38. Executing OPT_EXPR pass (perform const folding).
Optimizing module $paramod$constmap:9299899c5483554c9f935c3931628f101d77e8a3$paramod$10e20dba43c0957eb6a4d13874b69d1206d44fb5\_90_shift_shiftx.
<suppressed ~24 debug messages>
Removed 0 unused cells and 15 unused wires.
Using template $paramod$constmap:9299899c5483554c9f935c3931628f101d77e8a3$paramod$10e20dba43c0957eb6a4d13874b69d1206d44fb5\_90_shift_shiftx for cells of type $shift.
Using template $paramod$8fabc56b80a569262acfc42757a02ca0b8e91278\_90_pmux for cells of type $pmux.
Using template $paramod$8742280fdebca84e1c87f2a86ed84f62d558f4cc\_90_alu for cells of type $alu.
Using template $paramod$constmap:31e7a8cb4f9ce0dbe560fb5b5949600ec5ac4695$paramod$ffd7c51a8e58f947c8584f942dd6e7533e5b9916\_90_shift_shiftx for cells of type $shift.
Analyzing pattern of constant bits for this cell:
Creating constmapped module `$paramod$constmap:1e96106192a1f4f5d2db5141dc4b22cc90a6fadd$paramod$ffd7c51a8e58f947c8584f942dd6e7533e5b9916\_90_shift_shiftx'.

129.48. Executing OPT_MUXTREE pass (detect dead branches in mux trees).
Running muxtree optimizer on module $paramod$constmap:1e96106192a1f4f5d2db5141dc4b22cc90a6fadd$paramod$ffd7c51a8e58f947c8584f942dd6e7533e5b9916\_90_shift_shiftx..
  Creating internal representation of mux trees.
  Evaluating internal representation of mux trees.
  Analyzing evaluation results.
    dead port 2/2 on $mux $procmux$24359.
    dead port 2/2 on $mux $procmux$24353.
    dead port 2/2 on $mux $procmux$24347.
    dead port 2/2 on $mux $procmux$24341.
    dead port 2/2 on $mux $procmux$24335.
    dead port 2/2 on $mux $procmux$24329.
    dead port 2/2 on $mux $procmux$24323.
    dead port 2/2 on $mux $procmux$24317.
Removed 8 multiplexer ports.
<suppressed ~348 debug messages>

129.49. Executing OPT_EXPR pass (perform const folding).
Optimizing module $paramod$constmap:1e96106192a1f4f5d2db5141dc4b22cc90a6fadd$paramod$ffd7c51a8e58f947c8584f942dd6e7533e5b9916\_90_shift_shiftx.
<suppressed ~26 debug messages>
Removed 0 unused cells and 13 unused wires.
Using template $paramod$constmap:1e96106192a1f4f5d2db5141dc4b22cc90a6fadd$paramod$ffd7c51a8e58f947c8584f942dd6e7533e5b9916\_90_shift_shiftx for cells of type $shift.
Using template $paramod$dcd17738bbcecd83f7938b6b79f55a32aabd6959\_90_pmux for cells of type $pmux.
Using template $paramod$103b4016182df467cceab67bcf3e18e6361ec0fd\_90_alu for cells of type $alu.
Using template $paramod$dbcdc7e8aa1a4080cea2deda6fdc8772064f4d90\_90_alu for cells of type $alu.
Using extmapper simplemap for cells of type $pos.
Using template $paramod\_90_lcu_brent_kung\WIDTH=32'00000000000000000000000000100001 for cells of type $lcu.
Using template $paramod\_90_lcu_brent_kung\WIDTH=32'00000000000000000000000000000100 for cells of type $lcu.
Using template $paramod\_90_lcu_brent_kung\WIDTH=32'00000000000000000000000000000011 for cells of type $lcu.
Using template $paramod\_90_lcu_brent_kung\WIDTH=32'00000000000000000000000000000001 for cells of type $lcu.
Using template $paramod\_90_lcu_brent_kung\WIDTH=32'00000000000000000000000000000010 for cells of type $lcu.
Using template $paramod\_90_lcu_brent_kung\WIDTH=32'00000000000000000000000000000111 for cells of type $lcu.
No more expansions possible.
<suppressed ~2071 debug messages>

130. Executing OPT_EXPR pass (perform const folding).
Optimizing module ascon_top.
<suppressed ~59593 debug messages>

131. Executing OPT_MERGE pass (detect identical cells).
Finding identical cells in module `\ascon_top'.
<suppressed ~17292 debug messages>
Removed a total of 5764 cells.

132. Executing OPT_DFF pass (perform DFF optimizations).

133. Executing OPT_CLEAN pass (remove unused cells and wires).
Finding unused cells or wires in module \ascon_top..
Removed 3173 unused cells and 3406 unused wires.
<suppressed ~3174 debug messages>

134. Executing OPT_EXPR pass (perform const folding).
Optimizing module ascon_top.
<suppressed ~146 debug messages>

135. Executing OPT_MERGE pass (detect identical cells).
Finding identical cells in module `\ascon_top'.
<suppressed ~6 debug messages>
Removed a total of 2 cells.

136. Executing OPT_DFF pass (perform DFF optimizations).

137. Executing OPT_CLEAN pass (remove unused cells and wires).
Finding unused cells or wires in module \ascon_top..
Removed 0 unused cells and 53 unused wires.
<suppressed ~1 debug messages>

138. Executing ABC pass (technology mapping using ABC).

138.1. Extracting gate netlist of module `\ascon_top' to `<abc-temp-dir>/input.blif'..
Replacing 127 occurrences of constant undef bits with constant zero bits
Extracted 16643 gates and 19442 wires to a netlist network with 2796 inputs and 759 outputs.

138.1.1. Executing ABC.
Running ABC command: "<yosys-exe-dir>/yosys-abc" -s -f <abc-temp-dir>/abc.script 2>&1
ABC: ABC command line: "source <abc-temp-dir>/abc.script".
ABC: 
ABC: + read_blif <abc-temp-dir>/input.blif 
ABC: + read_library <abc-temp-dir>/stdcells.genlib 
ABC: + strash 
ABC: + dretime 
ABC: + map 
ABC: + write_blif <abc-temp-dir>/output.blif 

138.1.2. Re-integrating ABC results.
ABC RESULTS:               AND cells:      194
ABC RESULTS:            ANDNOT cells:     4543
ABC RESULTS:               MUX cells:     2516
ABC RESULTS:              NAND cells:      170
ABC RESULTS:               NOR cells:      399
ABC RESULTS:               NOT cells:      777
ABC RESULTS:                OR cells:     6048
ABC RESULTS:             ORNOT cells:      197
ABC RESULTS:              XNOR cells:      663
ABC RESULTS:               XOR cells:      960
ABC RESULTS:        internal signals:    15887
ABC RESULTS:           input signals:     2796
ABC RESULTS:          output signals:      759
Removing temp directory.

139. Executing OPT pass (performing simple optimizations).

139.1. Executing OPT_EXPR pass (perform const folding).
Optimizing module ascon_top.
<suppressed ~779 debug messages>

139.2. Executing OPT_MERGE pass (detect identical cells).
Finding identical cells in module `\ascon_top'.
<suppressed ~18 debug messages>
Removed a total of 6 cells.

139.3. Executing OPT_DFF pass (perform DFF optimizations).

139.4. Executing OPT_CLEAN pass (remove unused cells and wires).
Finding unused cells or wires in module \ascon_top..
Removed 7 unused cells and 5264 unused wires.
<suppressed ~65 debug messages>

139.5. Finished fast OPT passes.

140. Executing HIERARCHY pass (managing design hierarchy).

140.1. Analyzing design hierarchy..
Top module:  \ascon_top

140.2. Analyzing design hierarchy..
Top module:  \ascon_top
Removed 0 unused modules.

141. Executing CHECK pass (checking for obvious problems).
Checking module ascon_top...
Found and reported 0 problems.

142. Printing statistics.

=== ascon_top ===

   Number of wires:              16440
   Number of wire bits:          22905
   Number of public wires:         262
   Number of public wire bits:    6727
   Number of ports:                  6
   Number of port bits:              6
   Number of memories:               0
   Number of memory bits:            0
   Number of processes:              0
   Number of cells:              19270
     $_ANDNOT_                    4543
     $_AND_                        192
     $_DFFE_PP0N_                   63
     $_DFFE_PP0P_                  418
     $_DFFE_PP_                   2048
     $_DFF_PP0_                    272
     $_DFF_PP1_                      5
     $_MUX_                       2516
     $_NAND_                       170
     $_NOR_                        397
     $_NOT_                        770
     $_ORNOT_                      197
     $_OR_                        6047
     $_XNOR_                       662
     $_XOR_                        960
     $scopeinfo                     10

143. Generating Graphviz representation of design.
Writing dot description to `/foss/designs/ascon_top_layout/runs/RUN_2026-08-21_17-20-50/06-yosys-synthesis/primitive_techmap.dot'.
Dumping module ascon_top to page 1.

144. Executing OPT pass (performing simple optimizations).

144.1. Executing OPT_EXPR pass (perform const folding).
Optimizing module ascon_top.

144.2. Executing OPT_MERGE pass (detect identical cells).
Finding identical cells in module `\ascon_top'.
Removed a total of 0 cells.

144.3. Executing OPT_MUXTREE pass (detect dead branches in mux trees).
Running muxtree optimizer on module \ascon_top..
  Creating internal representation of mux trees.
  No muxes found in this module.
Removed 0 multiplexer ports.

144.4. Executing OPT_REDUCE pass (consolidate $*mux and $reduce_* inputs).
  Optimizing cells in module \ascon_top.
Performed a total of 0 changes.

144.5. Executing OPT_MERGE pass (detect identical cells).
Finding identical cells in module `\ascon_top'.
Removed a total of 0 cells.

144.6. Executing OPT_DFF pass (perform DFF optimizations).

144.7. Executing OPT_CLEAN pass (remove unused cells and wires).
Finding unused cells or wires in module \ascon_top..

144.8. Executing OPT_EXPR pass (perform const folding).
Optimizing module ascon_top.

144.9. Finished OPT passes. (There is nothing left to do.)

145. Executing OPT_CLEAN pass (remove unused cells and wires).
Finding unused cells or wires in module \ascon_top..
Removed 10 unused cells and 119 unused wires.
<suppressed ~129 debug messages>
{
   "creator": "Yosys 0.54 (git sha1 db72ec3bd, g++ 13.3.0-6ubuntu2~24.04 -fPIC -O3)",
   "invocation": "stat -json -liberty /foss/designs/ascon_top_layout/runs/RUN_2026-08-21_17-20-50/tmp/715ac6e08059443898f7c64549d97bec.lib ",
   "modules": {
      "\\ascon_top": {
         "num_wires":         16321,
         "num_wire_bits":     19735,
         "num_pub_wires":     143,
         "num_pub_wire_bits": 3557,
         "num_ports":         6,
         "num_port_bits":     6,
         "num_memories":      0,
         "num_memory_bits":   0,
         "num_processes":     0,
         "num_cells":         19260,
         "num_cells_by_type": {
            "$_ANDNOT_": 4543,
            "$_AND_": 192,
            "$_DFFE_PP0N_": 63,
            "$_DFFE_PP0P_": 418,
            "$_DFFE_PP_": 2048,
            "$_DFF_PP0_": 272,
            "$_DFF_PP1_": 5,
            "$_MUX_": 2516,
            "$_NAND_": 170,
            "$_NOR_": 397,
            "$_NOT_": 770,
            "$_ORNOT_": 197,
            "$_OR_": 6047,
            "$_XNOR_": 662,
            "$_XOR_": 960
         }
      }
   },
      "design": {
         "num_wires":         16321,
         "num_wire_bits":     19735,
         "num_pub_wires":     143,
         "num_pub_wire_bits": 3557,
         "num_ports":         6,
         "num_port_bits":     6,
         "num_memories":      0,
         "num_memory_bits":   0,
         "num_processes":     0,
         "num_cells":         19260,
         "num_cells_by_type": {
            "$_ANDNOT_": 4543,
            "$_AND_": 192,
            "$_DFFE_PP0N_": 63,
            "$_DFFE_PP0P_": 418,
            "$_DFFE_PP_": 2048,
            "$_DFF_PP0_": 272,
            "$_DFF_PP1_": 5,
            "$_MUX_": 2516,
            "$_NAND_": 170,
            "$_NOR_": 397,
            "$_NOT_": 770,
            "$_ORNOT_": 197,
            "$_OR_": 6047,
            "$_XNOR_": 662,
            "$_XOR_": 960
         }
      }
}

146. Printing statistics.

=== ascon_top ===

   Number of wires:              16321
   Number of wire bits:          19735
   Number of public wires:         143
   Number of public wire bits:    3557
   Number of ports:                  6
   Number of port bits:              6
   Number of memories:               0
   Number of memory bits:            0
   Number of processes:              0
   Number of cells:              19260
     $_ANDNOT_                    4543
     $_AND_                        192
     $_DFFE_PP0N_                   63
     $_DFFE_PP0P_                  418
     $_DFFE_PP_                   2048
     $_DFF_PP0_                    272
     $_DFF_PP1_                      5
     $_MUX_                       2516
     $_NAND_                       170
     $_NOR_                        397
     $_NOT_                        770
     $_ORNOT_                      197
     $_OR_                        6047
     $_XNOR_                       662
     $_XOR_                        960

   Area for cell type $_NOT_ is unknown!
   Area for cell type $_AND_ is unknown!
   Area for cell type $_NAND_ is unknown!
   Area for cell type $_OR_ is unknown!
   Area for cell type $_NOR_ is unknown!
   Area for cell type $_XOR_ is unknown!
   Area for cell type $_XNOR_ is unknown!
   Area for cell type $_ANDNOT_ is unknown!
   Area for cell type $_ORNOT_ is unknown!
   Area for cell type $_MUX_ is unknown!
   Area for cell type $_DFFE_PP_ is unknown!
   Area for cell type $_DFF_PP0_ is unknown!
   Area for cell type $_DFF_PP1_ is unknown!
   Area for cell type $_DFFE_PP0N_ is unknown!
   Area for cell type $_DFFE_PP0P_ is unknown!

147. Executing DFFLIBMAP pass (mapping DFF cells to sequential cells from liberty file).
  cell gf180mcu_fd_sc_mcu7t5v0__dffnq_1 (noninv, pins=3, area=65.86) is a direct match for cell type $_DFF_N_.
  cell gf180mcu_fd_sc_mcu7t5v0__dffq_1 (noninv, pins=3, area=63.66) is a direct match for cell type $_DFF_P_.
  cell gf180mcu_fd_sc_mcu7t5v0__dffnrnq_1 (noninv, pins=4, area=74.64) is a direct match for cell type $_DFF_NN0_.
  cell gf180mcu_fd_sc_mcu7t5v0__dffnsnq_1 (noninv, pins=4, area=79.03) is a direct match for cell type $_DFF_NN1_.
  cell gf180mcu_fd_sc_mcu7t5v0__dffrnq_1 (noninv, pins=4, area=74.64) is a direct match for cell type $_DFF_PN0_.
  cell gf180mcu_fd_sc_mcu7t5v0__dffsnq_1 (noninv, pins=4, area=79.03) is a direct match for cell type $_DFF_PN1_.
  cell gf180mcu_fd_sc_mcu7t5v0__dffnrsnq_1 (noninv, pins=5, area=94.39) is a direct match for cell type $_DFFSR_NNN_.
  cell gf180mcu_fd_sc_mcu7t5v0__dffrsnq_1 (noninv, pins=5, area=85.61) is a direct match for cell type $_DFFSR_PNN_.
  final dff cell mappings:
    \gf180mcu_fd_sc_mcu7t5v0__dffnq_1 _DFF_N_ (.CLKN( C), .D( D), .Q( Q));
    \gf180mcu_fd_sc_mcu7t5v0__dffq_1 _DFF_P_ (.CLK( C), .D( D), .Q( Q));
    \gf180mcu_fd_sc_mcu7t5v0__dffnrnq_1 _DFF_NN0_ (.CLKN( C), .D( D), .Q( Q), .RN( R));
    \gf180mcu_fd_sc_mcu7t5v0__dffnsnq_1 _DFF_NN1_ (.CLKN( C), .D( D), .Q( Q), .SETN( R));
    unmapped dff cell: $_DFF_NP0_
    unmapped dff cell: $_DFF_NP1_
    \gf180mcu_fd_sc_mcu7t5v0__dffrnq_1 _DFF_PN0_ (.CLK( C), .D( D), .Q( Q), .RN( R));
    \gf180mcu_fd_sc_mcu7t5v0__dffsnq_1 _DFF_PN1_ (.CLK( C), .D( D), .Q( Q), .SETN( R));
    unmapped dff cell: $_DFF_PP0_
    unmapped dff cell: $_DFF_PP1_
    unmapped dff cell: $_DFFE_NN_
    unmapped dff cell: $_DFFE_NP_
    unmapped dff cell: $_DFFE_PN_
    unmapped dff cell: $_DFFE_PP_
    \gf180mcu_fd_sc_mcu7t5v0__dffnrsnq_1 _DFFSR_NNN_ (.CLKN( C), .D( D), .Q( Q), .RN( R), .SETN( S));
    unmapped dff cell: $_DFFSR_NNP_
    unmapped dff cell: $_DFFSR_NPN_
    unmapped dff cell: $_DFFSR_NPP_
    \gf180mcu_fd_sc_mcu7t5v0__dffrsnq_1 _DFFSR_PNN_ (.CLK( C), .D( D), .Q( Q), .RN( R), .SETN( S));
    unmapped dff cell: $_DFFSR_PNP_
    unmapped dff cell: $_DFFSR_PPN_
    unmapped dff cell: $_DFFSR_PPP_

147.1. Executing DFFLEGALIZE pass (convert FFs to types supported by the target).
Mapping DFF cells in module `\ascon_top':
  mapped 753 $_DFF_PN0_ cells to \gf180mcu_fd_sc_mcu7t5v0__dffrnq_1 cells.
  mapped 5 $_DFF_PN1_ cells to \gf180mcu_fd_sc_mcu7t5v0__dffsnq_1 cells.
  mapped 2048 $_DFF_P_ cells to \gf180mcu_fd_sc_mcu7t5v0__dffq_1 cells.
{
   "creator": "Yosys 0.54 (git sha1 db72ec3bd, g++ 13.3.0-6ubuntu2~24.04 -fPIC -O3)",
   "invocation": "stat -json -liberty /foss/designs/ascon_top_layout/runs/RUN_2026-08-21_17-20-50/tmp/715ac6e08059443898f7c64549d97bec.lib ",
   "modules": {
      "\\ascon_top": {
         "num_wires":         19608,
         "num_wire_bits":     23022,
         "num_pub_wires":     143,
         "num_pub_wire_bits": 3557,
         "num_ports":         6,
         "num_port_bits":     6,
         "num_memories":      0,
         "num_memory_bits":   0,
         "num_processes":     0,
         "num_cells":         22547,
         "area":              186973.964800,
         "num_cells_by_type": {
            "$_ANDNOT_": 4543,
            "$_AND_": 192,
            "$_MUX_": 5045,
            "$_NAND_": 170,
            "$_NOR_": 397,
            "$_NOT_": 1528,
            "$_ORNOT_": 197,
            "$_OR_": 6047,
            "$_XNOR_": 662,
            "$_XOR_": 960,
            "gf180mcu_fd_sc_mcu7t5v0__dffq_1": 2048,
            "gf180mcu_fd_sc_mcu7t5v0__dffrnq_1": 753,
            "gf180mcu_fd_sc_mcu7t5v0__dffsnq_1": 5
         }
      }
   },
      "design": {
         "num_wires":         19608,
         "num_wire_bits":     23022,
         "num_pub_wires":     143,
         "num_pub_wire_bits": 3557,
         "num_ports":         6,
         "num_port_bits":     6,
         "num_memories":      0,
         "num_memory_bits":   0,
         "num_processes":     0,
         "num_cells":         22547,
         "area":              186973.964800,
         "num_cells_by_type": {
            "$_ANDNOT_": 4543,
            "$_AND_": 192,
            "$_MUX_": 5045,
            "$_NAND_": 170,
            "$_NOR_": 397,
            "$_NOT_": 1528,
            "$_ORNOT_": 197,
            "$_OR_": 6047,
            "$_XNOR_": 662,
            "$_XOR_": 960,
            "gf180mcu_fd_sc_mcu7t5v0__dffq_1": 2048,
            "gf180mcu_fd_sc_mcu7t5v0__dffrnq_1": 753,
            "gf180mcu_fd_sc_mcu7t5v0__dffsnq_1": 5
         }
      }
}

148. Printing statistics.

=== ascon_top ===

   Number of wires:              19608
   Number of wire bits:          23022
   Number of public wires:         143
   Number of public wire bits:    3557
   Number of ports:                  6
   Number of port bits:              6
   Number of memories:               0
   Number of memory bits:            0
   Number of processes:              0
   Number of cells:              22547
     $_ANDNOT_                    4543
     $_AND_                        192
     $_MUX_                       5045
     $_NAND_                       170
     $_NOR_                        397
     $_NOT_                       1528
     $_ORNOT_                      197
     $_OR_                        6047
     $_XNOR_                       662
     $_XOR_                        960
     gf180mcu_fd_sc_mcu7t5v0__dffq_1   2048
     gf180mcu_fd_sc_mcu7t5v0__dffrnq_1    753
     gf180mcu_fd_sc_mcu7t5v0__dffsnq_1      5

   Area for cell type $_NOT_ is unknown!
   Area for cell type $_AND_ is unknown!
   Area for cell type $_NAND_ is unknown!
   Area for cell type $_OR_ is unknown!
   Area for cell type $_NOR_ is unknown!
   Area for cell type $_XOR_ is unknown!
   Area for cell type $_XNOR_ is unknown!
   Area for cell type $_ANDNOT_ is unknown!
   Area for cell type $_ORNOT_ is unknown!
   Area for cell type $_MUX_ is unknown!

   Chip area for module '\ascon_top': 186973.964800
     of which used for sequential elements: 186973.964800 (100.00%)

[INFO] Using generated ABC script '/foss/designs/ascon_top_layout/runs/RUN_2026-08-21_17-20-50/06-yosys-synthesis/AREA_0.abc'…

149. Executing ABC pass (technology mapping using ABC).

149.1. Extracting gate netlist of module `\ascon_top' to `/tmp/yosys-abc-xCH5hq/input.blif'..
Extracted 19741 gates and 22547 wires to a netlist network with 2805 inputs and 3556 outputs.

149.1.1. Executing ABC.
Running ABC command: "/foss/tools/yosys/bin/yosys-abc" -s -f /tmp/yosys-abc-xCH5hq/abc.script 2>&1
ABC: ABC command line: "source /tmp/yosys-abc-xCH5hq/abc.script".
ABC: 
ABC: + read_blif /tmp/yosys-abc-xCH5hq/input.blif 
ABC: + read_lib -w /foss/designs/ascon_top_layout/runs/RUN_2026-08-21_17-20-50/tmp/715ac6e08059443898f7c64549d97bec.lib 
ABC: Parsing finished successfully.  Parsing time =     0.21 sec
ABC: Scl_LibertyReadGenlib() skipped cell "gf180mcu_fd_sc_mcu7t5v0__antenna" without logic function.
ABC: Scl_LibertyReadGenlib() skipped three-state cell "gf180mcu_fd_sc_mcu7t5v0__bufz_1".
ABC: Scl_LibertyReadGenlib() skipped three-state cell "gf180mcu_fd_sc_mcu7t5v0__bufz_2".
ABC: Scl_LibertyReadGenlib() skipped three-state cell "gf180mcu_fd_sc_mcu7t5v0__bufz_3".
ABC: Scl_LibertyReadGenlib() skipped three-state cell "gf180mcu_fd_sc_mcu7t5v0__bufz_4".
ABC: Scl_LibertyReadGenlib() skipped three-state cell "gf180mcu_fd_sc_mcu7t5v0__bufz_8".
ABC: Scl_LibertyReadGenlib() skipped three-state cell "gf180mcu_fd_sc_mcu7t5v0__bufz_12".
ABC: Scl_LibertyReadGenlib() skipped three-state cell "gf180mcu_fd_sc_mcu7t5v0__bufz_16".
ABC: Scl_LibertyReadGenlib() skipped sequential cell "gf180mcu_fd_sc_mcu7t5v0__dffnq_1".
ABC: Scl_LibertyReadGenlib() skipped sequential cell "gf180mcu_fd_sc_mcu7t5v0__dffnq_2".
ABC: Scl_LibertyReadGenlib() skipped sequential cell "gf180mcu_fd_sc_mcu7t5v0__dffnq_4".
ABC: Scl_LibertyReadGenlib() skipped sequential cell "gf180mcu_fd_sc_mcu7t5v0__dffnrnq_1".
ABC: Scl_LibertyReadGenlib() skipped sequential cell "gf180mcu_fd_sc_mcu7t5v0__dffnrnq_2".
ABC: Scl_LibertyReadGenlib() skipped sequential cell "gf180mcu_fd_sc_mcu7t5v0__dffnrnq_4".
ABC: Scl_LibertyReadGenlib() skipped sequential cell "gf180mcu_fd_sc_mcu7t5v0__dffnrsnq_1".
ABC: Scl_LibertyReadGenlib() skipped sequential cell "gf180mcu_fd_sc_mcu7t5v0__dffnrsnq_2".
ABC: Scl_LibertyReadGenlib() skipped sequential cell "gf180mcu_fd_sc_mcu7t5v0__dffnrsnq_4".
ABC: Scl_LibertyReadGenlib() skipped sequential cell "gf180mcu_fd_sc_mcu7t5v0__dffnsnq_1".
ABC: Scl_LibertyReadGenlib() skipped sequential cell "gf180mcu_fd_sc_mcu7t5v0__dffnsnq_2".
ABC: Scl_LibertyReadGenlib() skipped sequential cell "gf180mcu_fd_sc_mcu7t5v0__dffnsnq_4".
ABC: Scl_LibertyReadGenlib() skipped sequential cell "gf180mcu_fd_sc_mcu7t5v0__dffq_1".
ABC: Scl_LibertyReadGenlib() skipped sequential cell "gf180mcu_fd_sc_mcu7t5v0__dffq_2".
ABC: Scl_LibertyReadGenlib() skipped sequential cell "gf180mcu_fd_sc_mcu7t5v0__dffq_4".
ABC: Scl_LibertyReadGenlib() skipped sequential cell "gf180mcu_fd_sc_mcu7t5v0__dffrnq_1".
ABC: Scl_LibertyReadGenlib() skipped sequential cell "gf180mcu_fd_sc_mcu7t5v0__dffrnq_2".
ABC: Scl_LibertyReadGenlib() skipped sequential cell "gf180mcu_fd_sc_mcu7t5v0__dffrnq_4".
ABC: Scl_LibertyReadGenlib() skipped sequential cell "gf180mcu_fd_sc_mcu7t5v0__dffrsnq_1".
ABC: Scl_LibertyReadGenlib() skipped sequential cell "gf180mcu_fd_sc_mcu7t5v0__dffrsnq_2".
ABC: Scl_LibertyReadGenlib() skipped sequential cell "gf180mcu_fd_sc_mcu7t5v0__dffrsnq_4".
ABC: Scl_LibertyReadGenlib() skipped sequential cell "gf180mcu_fd_sc_mcu7t5v0__dffsnq_1".
ABC: Scl_LibertyReadGenlib() skipped sequential cell "gf180mcu_fd_sc_mcu7t5v0__dffsnq_2".
ABC: Scl_LibertyReadGenlib() skipped sequential cell "gf180mcu_fd_sc_mcu7t5v0__dffsnq_4".
ABC: Scl_LibertyReadGenlib() skipped cell "gf180mcu_fd_sc_mcu7t5v0__endcap" without logic function.
ABC: Scl_LibertyReadGenlib() skipped cell "gf180mcu_fd_sc_mcu7t5v0__fill_1" without logic function.
ABC: Scl_LibertyReadGenlib() skipped cell "gf180mcu_fd_sc_mcu7t5v0__fill_2" without logic function.
ABC: Scl_LibertyReadGenlib() skipped cell "gf180mcu_fd_sc_mcu7t5v0__fill_4" without logic function.
ABC: Scl_LibertyReadGenlib() skipped cell "gf180mcu_fd_sc_mcu7t5v0__fill_8" without logic function.
ABC: Scl_LibertyReadGenlib() skipped cell "gf180mcu_fd_sc_mcu7t5v0__fill_16" without logic function.
ABC: Scl_LibertyReadGenlib() skipped cell "gf180mcu_fd_sc_mcu7t5v0__fill_32" without logic function.
ABC: Scl_LibertyReadGenlib() skipped cell "gf180mcu_fd_sc_mcu7t5v0__fill_64" without logic function.
ABC: Scl_LibertyReadGenlib() skipped cell "gf180mcu_fd_sc_mcu7t5v0__fillcap_4" without logic function.
ABC: Scl_LibertyReadGenlib() skipped cell "gf180mcu_fd_sc_mcu7t5v0__fillcap_8" without logic function.
ABC: Scl_LibertyReadGenlib() skipped cell "gf180mcu_fd_sc_mcu7t5v0__fillcap_16" without logic function.
ABC: Scl_LibertyReadGenlib() skipped cell "gf180mcu_fd_sc_mcu7t5v0__fillcap_32" without logic function.
ABC: Scl_LibertyReadGenlib() skipped cell "gf180mcu_fd_sc_mcu7t5v0__fillcap_64" without logic function.
ABC: Scl_LibertyReadGenlib() skipped cell "gf180mcu_fd_sc_mcu7t5v0__filltie" without logic function.
ABC: Scl_LibertyReadGenlib() skipped three-state cell "gf180mcu_fd_sc_mcu7t5v0__hold".
ABC: Scl_LibertyReadGenlib() skipped cell "gf180mcu_fd_sc_mcu7t5v0__icgtn_1" without logic function.
ABC: Scl_LibertyReadGenlib() skipped cell "gf180mcu_fd_sc_mcu7t5v0__icgtn_2" without logic function.
ABC: Scl_LibertyReadGenlib() skipped cell "gf180mcu_fd_sc_mcu7t5v0__icgtn_4" without logic function.
ABC: Scl_LibertyReadGenlib() skipped cell "gf180mcu_fd_sc_mcu7t5v0__icgtp_1" without logic function.
ABC: Scl_LibertyReadGenlib() skipped cell "gf180mcu_fd_sc_mcu7t5v0__icgtp_2" without logic function.
ABC: Scl_LibertyReadGenlib() skipped cell "gf180mcu_fd_sc_mcu7t5v0__icgtp_4" without logic function.
ABC: Scl_LibertyReadGenlib() skipped three-state cell "gf180mcu_fd_sc_mcu7t5v0__invz_1".
ABC: Scl_LibertyReadGenlib() skipped three-state cell "gf180mcu_fd_sc_mcu7t5v0__invz_2".
ABC: Scl_LibertyReadGenlib() skipped three-state cell "gf180mcu_fd_sc_mcu7t5v0__invz_3".
ABC: Scl_LibertyReadGenlib() skipped three-state cell "gf180mcu_fd_sc_mcu7t5v0__invz_4".
ABC: Scl_LibertyReadGenlib() skipped three-state cell "gf180mcu_fd_sc_mcu7t5v0__invz_8".
ABC: Scl_LibertyReadGenlib() skipped three-state cell "gf180mcu_fd_sc_mcu7t5v0__invz_12".
ABC: Scl_LibertyReadGenlib() skipped three-state cell "gf180mcu_fd_sc_mcu7t5v0__invz_16".
ABC: Scl_LibertyReadGenlib() skipped sequential cell "gf180mcu_fd_sc_mcu7t5v0__latq_1".
ABC: Scl_LibertyReadGenlib() skipped sequential cell "gf180mcu_fd_sc_mcu7t5v0__latq_2".
ABC: Scl_LibertyReadGenlib() skipped sequential cell "gf180mcu_fd_sc_mcu7t5v0__latq_4".
ABC: Scl_LibertyReadGenlib() skipped sequential cell "gf180mcu_fd_sc_mcu7t5v0__latrnq_1".
ABC: Scl_LibertyReadGenlib() skipped sequential cell "gf180mcu_fd_sc_mcu7t5v0__latrnq_2".
ABC: Scl_LibertyReadGenlib() skipped sequential cell "gf180mcu_fd_sc_mcu7t5v0__latrnq_4".
ABC: Scl_LibertyReadGenlib() skipped sequential cell "gf180mcu_fd_sc_mcu7t5v0__latrsnq_1".
ABC: Scl_LibertyReadGenlib() skipped sequential cell "gf180mcu_fd_sc_mcu7t5v0__latrsnq_2".
ABC: Scl_LibertyReadGenlib() skipped sequential cell "gf180mcu_fd_sc_mcu7t5v0__latrsnq_4".
ABC: Scl_LibertyReadGenlib() skipped sequential cell "gf180mcu_fd_sc_mcu7t5v0__latsnq_1".
ABC: Scl_LibertyReadGenlib() skipped sequential cell "gf180mcu_fd_sc_mcu7t5v0__latsnq_2".
ABC: Scl_LibertyReadGenlib() skipped sequential cell "gf180mcu_fd_sc_mcu7t5v0__latsnq_4".
ABC: Library "gf180mcu_fd_sc_mcu7t5v0__tt_025C_5v00" from "/foss/designs/ascon_top_layout/runs/RUN_2026-08-21_17-20-50/tmp/715ac6e08059443898f7c64549d97bec.lib" has 143 cells (72 skipped: 36 seq; 15 tri-state; 21 no func; 0 dont_use).  Time =     0.42 sec
ABC: Memory =   23.83 MB. Time =     0.42 sec
ABC: Warning: Detected 6 multi-output gates (for example, "gf180mcu_fd_sc_mcu7t5v0__addf_1").
ABC: + read_constr -v /foss/designs/ascon_top_layout/runs/RUN_2026-08-21_17-20-50/06-yosys-synthesis/synthesis.abc.sdc 
ABC: Setting driving cell to be "gf180mcu_fd_sc_mcu7t5v0__inv_1/ZN".
ABC: Setting output load to be 72.910004.
ABC: + source /foss/designs/ascon_top_layout/runs/RUN_2026-08-21_17-20-50/06-yosys-synthesis/AREA_0.abc 
ABC: Error: The network is combinational.
ABC: Cannot find the default PI driving cell (gf180mcu_fd_sc_mcu7t5v0__inv_1/ZN) in the library.
ABC: WireLoad = "none"  Gates =  12554 (  9.1 %)   Cap = 27.6 ff (  6.3 %)   Area =   221137.86 ( 89.0 %)   Delay = 61764.57 ps  (  0.7 %)               
ABC: Path  0 --     509 : 0    7 pi                               A =   0.00  Df =   0.0   -0.0 ps  S =   0.0 ps  Cin =  0.0 ff  Cout =  26.6 ff  Cmax =   0.0 ff  G =    0  
ABC: Path  1 --    6815 : 4  362 gf180mcu_fd_sc_mcu7t5v0__nor4_1  A =  21.95  Df =54399.6-33423.0 ps  S =98738.2 ps  Cin =  3.8 ff  Cout =1710.0 ff  Cmax =  62.2 ff  G =44731  
ABC: Path  2 --    7128 : 3    1 gf180mcu_fd_sc_mcu7t5v0__oai21_1 A =  17.56  Df =61764.6-31814.1 ps  S =25655.7 ps  Cin =  4.9 ff  Cout =  72.9 ff  Cmax = 124.5 ff  G = 1500  
ABC: Start-point = pi508 (\pp_inst.core_inst.pro_ad).  End-point = po25 ($auto$rtlil.cc:3203:MuxGate$122428).
ABC: netlist                       : i/o = 2805/ 3556  lat =    0  nd = 12554  edge =  34257  area =221146.81  delay =15.00  lev = 15
ABC: + write_blif /tmp/yosys-abc-xCH5hq/output.blif 

149.1.2. Re-integrating ABC results.
ABC RESULTS:   gf180mcu_fd_sc_mcu7t5v0__and2_1 cells:       58
ABC RESULTS:   gf180mcu_fd_sc_mcu7t5v0__and3_1 cells:        7
ABC RESULTS:   gf180mcu_fd_sc_mcu7t5v0__and4_1 cells:       20
ABC RESULTS:   gf180mcu_fd_sc_mcu7t5v0__aoi211_1 cells:      103
ABC RESULTS:   gf180mcu_fd_sc_mcu7t5v0__aoi21_1 cells:      546
ABC RESULTS:   gf180mcu_fd_sc_mcu7t5v0__aoi221_1 cells:      397
ABC RESULTS:   gf180mcu_fd_sc_mcu7t5v0__aoi222_1 cells:       70
ABC RESULTS:   gf180mcu_fd_sc_mcu7t5v0__aoi22_1 cells:     1019
ABC RESULTS:   gf180mcu_fd_sc_mcu7t5v0__clkinv_1 cells:     1144
ABC RESULTS:   gf180mcu_fd_sc_mcu7t5v0__mux2_2 cells:      270
ABC RESULTS:   gf180mcu_fd_sc_mcu7t5v0__nand2_1 cells:     2988
ABC RESULTS:   gf180mcu_fd_sc_mcu7t5v0__nand3_1 cells:      508
ABC RESULTS:   gf180mcu_fd_sc_mcu7t5v0__nand4_1 cells:      152
ABC RESULTS:   gf180mcu_fd_sc_mcu7t5v0__nor2_1 cells:      511
ABC RESULTS:   gf180mcu_fd_sc_mcu7t5v0__nor3_1 cells:      142
ABC RESULTS:   gf180mcu_fd_sc_mcu7t5v0__nor4_1 cells:       73
ABC RESULTS:   gf180mcu_fd_sc_mcu7t5v0__oai211_1 cells:      358
ABC RESULTS:   gf180mcu_fd_sc_mcu7t5v0__oai21_1 cells:     2630
ABC RESULTS:   gf180mcu_fd_sc_mcu7t5v0__oai221_1 cells:      124
ABC RESULTS:   gf180mcu_fd_sc_mcu7t5v0__oai222_1 cells:       12
ABC RESULTS:   gf180mcu_fd_sc_mcu7t5v0__oai22_1 cells:      161
ABC RESULTS:   gf180mcu_fd_sc_mcu7t5v0__oai31_1 cells:       34
ABC RESULTS:   gf180mcu_fd_sc_mcu7t5v0__oai32_1 cells:       29
ABC RESULTS:   gf180mcu_fd_sc_mcu7t5v0__oai33_1 cells:        1
ABC RESULTS:   gf180mcu_fd_sc_mcu7t5v0__or2_1 cells:       52
ABC RESULTS:   gf180mcu_fd_sc_mcu7t5v0__or3_1 cells:       18
ABC RESULTS:   gf180mcu_fd_sc_mcu7t5v0__or4_1 cells:       11
ABC RESULTS:   gf180mcu_fd_sc_mcu7t5v0__xnor2_1 cells:      186
ABC RESULTS:   gf180mcu_fd_sc_mcu7t5v0__xnor3_1 cells:       96
ABC RESULTS:   gf180mcu_fd_sc_mcu7t5v0__xor2_1 cells:      602
ABC RESULTS:   gf180mcu_fd_sc_mcu7t5v0__xor3_1 cells:      232
ABC RESULTS:        internal signals:    16186
ABC RESULTS:           input signals:     2805
ABC RESULTS:          output signals:     3556
Removing temp directory.

150. Executing SETUNDEF pass (replace undef values with defined constants).

151. Executing HILOMAP pass (mapping to constant drivers).

152. Executing SPLITNETS pass (splitting up multi-bit signals).

153. Executing OPT_CLEAN pass (remove unused cells and wires).
Finding unused cells or wires in module \ascon_top..
Removed 75 unused cells and 23091 unused wires.
<suppressed ~624 debug messages>

154. Executing INSBUF pass (insert buffer cells for connected wires).

155. Executing CHECK pass (checking for obvious problems).
Checking module ascon_top...
Found and reported 0 problems.
{
   "creator": "Yosys 0.54 (git sha1 db72ec3bd, g++ 13.3.0-6ubuntu2~24.04 -fPIC -O3)",
   "invocation": "stat -json -liberty /foss/designs/ascon_top_layout/runs/RUN_2026-08-21_17-20-50/tmp/715ac6e08059443898f7c64549d97bec.lib ",
   "modules": {
      "\\ascon_top": {
         "num_wires":         15365,
         "num_wire_bits":     15365,
         "num_pub_wires":     3009,
         "num_pub_wire_bits": 3009,
         "num_ports":         6,
         "num_port_bits":     6,
         "num_memories":      0,
         "num_memory_bits":   0,
         "num_processes":     0,
         "num_cells":         15360,
         "area":              408111.827200,
         "num_cells_by_type": {
            "gf180mcu_fd_sc_mcu7t5v0__and2_1": 58,
            "gf180mcu_fd_sc_mcu7t5v0__and3_1": 7,
            "gf180mcu_fd_sc_mcu7t5v0__and4_1": 20,
            "gf180mcu_fd_sc_mcu7t5v0__aoi211_1": 103,
            "gf180mcu_fd_sc_mcu7t5v0__aoi21_1": 546,
            "gf180mcu_fd_sc_mcu7t5v0__aoi221_1": 397,
            "gf180mcu_fd_sc_mcu7t5v0__aoi222_1": 70,
            "gf180mcu_fd_sc_mcu7t5v0__aoi22_1": 1019,
            "gf180mcu_fd_sc_mcu7t5v0__clkinv_1": 1144,
            "gf180mcu_fd_sc_mcu7t5v0__dffq_1": 2048,
            "gf180mcu_fd_sc_mcu7t5v0__dffrnq_1": 753,
            "gf180mcu_fd_sc_mcu7t5v0__dffsnq_1": 5,
            "gf180mcu_fd_sc_mcu7t5v0__mux2_2": 270,
            "gf180mcu_fd_sc_mcu7t5v0__nand2_1": 2988,
            "gf180mcu_fd_sc_mcu7t5v0__nand3_1": 508,
            "gf180mcu_fd_sc_mcu7t5v0__nand4_1": 152,
            "gf180mcu_fd_sc_mcu7t5v0__nor2_1": 511,
            "gf180mcu_fd_sc_mcu7t5v0__nor3_1": 142,
            "gf180mcu_fd_sc_mcu7t5v0__nor4_1": 73,
            "gf180mcu_fd_sc_mcu7t5v0__oai211_1": 358,
            "gf180mcu_fd_sc_mcu7t5v0__oai21_1": 2630,
            "gf180mcu_fd_sc_mcu7t5v0__oai221_1": 124,
            "gf180mcu_fd_sc_mcu7t5v0__oai222_1": 12,
            "gf180mcu_fd_sc_mcu7t5v0__oai22_1": 161,
            "gf180mcu_fd_sc_mcu7t5v0__oai31_1": 34,
            "gf180mcu_fd_sc_mcu7t5v0__oai32_1": 29,
            "gf180mcu_fd_sc_mcu7t5v0__oai33_1": 1,
            "gf180mcu_fd_sc_mcu7t5v0__or2_1": 52,
            "gf180mcu_fd_sc_mcu7t5v0__or3_1": 18,
            "gf180mcu_fd_sc_mcu7t5v0__or4_1": 11,
            "gf180mcu_fd_sc_mcu7t5v0__xnor2_1": 186,
            "gf180mcu_fd_sc_mcu7t5v0__xnor3_1": 96,
            "gf180mcu_fd_sc_mcu7t5v0__xor2_1": 602,
            "gf180mcu_fd_sc_mcu7t5v0__xor3_1": 232
         }
      }
   },
      "design": {
         "num_wires":         15365,
         "num_wire_bits":     15365,
         "num_pub_wires":     3009,
         "num_pub_wire_bits": 3009,
         "num_ports":         6,
         "num_port_bits":     6,
         "num_memories":      0,
         "num_memory_bits":   0,
         "num_processes":     0,
         "num_cells":         15360,
         "area":              408111.827200,
         "num_cells_by_type": {
            "gf180mcu_fd_sc_mcu7t5v0__and2_1": 58,
            "gf180mcu_fd_sc_mcu7t5v0__and3_1": 7,
            "gf180mcu_fd_sc_mcu7t5v0__and4_1": 20,
            "gf180mcu_fd_sc_mcu7t5v0__aoi211_1": 103,
            "gf180mcu_fd_sc_mcu7t5v0__aoi21_1": 546,
            "gf180mcu_fd_sc_mcu7t5v0__aoi221_1": 397,
            "gf180mcu_fd_sc_mcu7t5v0__aoi222_1": 70,
            "gf180mcu_fd_sc_mcu7t5v0__aoi22_1": 1019,
            "gf180mcu_fd_sc_mcu7t5v0__clkinv_1": 1144,
            "gf180mcu_fd_sc_mcu7t5v0__dffq_1": 2048,
            "gf180mcu_fd_sc_mcu7t5v0__dffrnq_1": 753,
            "gf180mcu_fd_sc_mcu7t5v0__dffsnq_1": 5,
            "gf180mcu_fd_sc_mcu7t5v0__mux2_2": 270,
            "gf180mcu_fd_sc_mcu7t5v0__nand2_1": 2988,
            "gf180mcu_fd_sc_mcu7t5v0__nand3_1": 508,
            "gf180mcu_fd_sc_mcu7t5v0__nand4_1": 152,
            "gf180mcu_fd_sc_mcu7t5v0__nor2_1": 511,
            "gf180mcu_fd_sc_mcu7t5v0__nor3_1": 142,
            "gf180mcu_fd_sc_mcu7t5v0__nor4_1": 73,
            "gf180mcu_fd_sc_mcu7t5v0__oai211_1": 358,
            "gf180mcu_fd_sc_mcu7t5v0__oai21_1": 2630,
            "gf180mcu_fd_sc_mcu7t5v0__oai221_1": 124,
            "gf180mcu_fd_sc_mcu7t5v0__oai222_1": 12,
            "gf180mcu_fd_sc_mcu7t5v0__oai22_1": 161,
            "gf180mcu_fd_sc_mcu7t5v0__oai31_1": 34,
            "gf180mcu_fd_sc_mcu7t5v0__oai32_1": 29,
            "gf180mcu_fd_sc_mcu7t5v0__oai33_1": 1,
            "gf180mcu_fd_sc_mcu7t5v0__or2_1": 52,
            "gf180mcu_fd_sc_mcu7t5v0__or3_1": 18,
            "gf180mcu_fd_sc_mcu7t5v0__or4_1": 11,
            "gf180mcu_fd_sc_mcu7t5v0__xnor2_1": 186,
            "gf180mcu_fd_sc_mcu7t5v0__xnor3_1": 96,
            "gf180mcu_fd_sc_mcu7t5v0__xor2_1": 602,
            "gf180mcu_fd_sc_mcu7t5v0__xor3_1": 232
         }
      }
}

156. Printing statistics.

=== ascon_top ===

   Number of wires:              15365
   Number of wire bits:          15365
   Number of public wires:        3009
   Number of public wire bits:    3009
   Number of ports:                  6
   Number of port bits:              6
   Number of memories:               0
   Number of memory bits:            0
   Number of processes:              0
   Number of cells:              15360
     gf180mcu_fd_sc_mcu7t5v0__and2_1     58
     gf180mcu_fd_sc_mcu7t5v0__and3_1      7
     gf180mcu_fd_sc_mcu7t5v0__and4_1     20
     gf180mcu_fd_sc_mcu7t5v0__aoi211_1    103
     gf180mcu_fd_sc_mcu7t5v0__aoi21_1    546
     gf180mcu_fd_sc_mcu7t5v0__aoi221_1    397
     gf180mcu_fd_sc_mcu7t5v0__aoi222_1     70
     gf180mcu_fd_sc_mcu7t5v0__aoi22_1   1019
     gf180mcu_fd_sc_mcu7t5v0__clkinv_1   1144
     gf180mcu_fd_sc_mcu7t5v0__dffq_1   2048
     gf180mcu_fd_sc_mcu7t5v0__dffrnq_1    753
     gf180mcu_fd_sc_mcu7t5v0__dffsnq_1      5
     gf180mcu_fd_sc_mcu7t5v0__mux2_2    270
     gf180mcu_fd_sc_mcu7t5v0__nand2_1   2988
     gf180mcu_fd_sc_mcu7t5v0__nand3_1    508
     gf180mcu_fd_sc_mcu7t5v0__nand4_1    152
     gf180mcu_fd_sc_mcu7t5v0__nor2_1    511
     gf180mcu_fd_sc_mcu7t5v0__nor3_1    142
     gf180mcu_fd_sc_mcu7t5v0__nor4_1     73
     gf180mcu_fd_sc_mcu7t5v0__oai211_1    358
     gf180mcu_fd_sc_mcu7t5v0__oai21_1   2630
     gf180mcu_fd_sc_mcu7t5v0__oai221_1    124
     gf180mcu_fd_sc_mcu7t5v0__oai222_1     12
     gf180mcu_fd_sc_mcu7t5v0__oai22_1    161
     gf180mcu_fd_sc_mcu7t5v0__oai31_1     34
     gf180mcu_fd_sc_mcu7t5v0__oai32_1     29
     gf180mcu_fd_sc_mcu7t5v0__oai33_1      1
     gf180mcu_fd_sc_mcu7t5v0__or2_1     52
     gf180mcu_fd_sc_mcu7t5v0__or3_1     18
     gf180mcu_fd_sc_mcu7t5v0__or4_1     11
     gf180mcu_fd_sc_mcu7t5v0__xnor2_1    186
     gf180mcu_fd_sc_mcu7t5v0__xnor3_1     96
     gf180mcu_fd_sc_mcu7t5v0__xor2_1    602
     gf180mcu_fd_sc_mcu7t5v0__xor3_1    232

   Chip area for module '\ascon_top': 408111.827200
     of which used for sequential elements: 186973.964800 (45.81%)

157. Executing Verilog backend.
Dumping module `\ascon_top'.

158. Executing JSON backend.
