
===========================================================================
report_checks -unconstrained
===========================================================================
======================= max_ss_125C_4v50 Corner ===================================

Startpoint: rst (input port clocked by clk)
Endpoint: _27672_ (recovery check against rising-edge clock clk)
Path Group: asynchronous
Path Type: max

Fanout         Cap        Slew       Delay        Time   Description
---------------------------------------------------------------------------------------------
                                  0.000000    0.000000   clock clk (rise edge)
                                  0.000000    0.000000   clock network delay (propagated)
                                  4.000000    4.000000 v input external delay
     1    0.003607    0.106811    0.035466    4.035466 v rst (in)
                                                         rst (net)
                      0.106811    0.000000    4.035466 v input3/I (gf180mcu_fd_sc_mcu7t5v0__buf_1)
     2    0.113360    1.859293    1.502035    5.537501 v input3/Z (gf180mcu_fd_sc_mcu7t5v0__buf_1)
                                                         net3 (net)
                      1.859478    0.010597    5.548098 v fanout1841/I (gf180mcu_fd_sc_mcu7t5v0__buf_2)
     6    0.162855    1.341758    1.600462    7.148560 v fanout1841/Z (gf180mcu_fd_sc_mcu7t5v0__buf_2)
                                                         net1841 (net)
                      1.341882    0.007342    7.155901 v fanout1828/I (gf180mcu_fd_sc_mcu7t5v0__buf_2)
     6    0.096377    0.822854    1.158688    8.314590 v fanout1828/Z (gf180mcu_fd_sc_mcu7t5v0__buf_2)
                                                         net1828 (net)
                      0.822862    0.001545    8.316134 v fanout1827/I (gf180mcu_fd_sc_mcu7t5v0__buf_2)
     9    0.143415    1.183660    1.249551    9.565685 v fanout1827/Z (gf180mcu_fd_sc_mcu7t5v0__buf_2)
                                                         net1827 (net)
                      1.183666    0.001513    9.567198 v fanout1826/I (gf180mcu_fd_sc_mcu7t5v0__buf_2)
    10    0.088478    0.759849    1.080477   10.647676 v fanout1826/Z (gf180mcu_fd_sc_mcu7t5v0__buf_2)
                                                         net1826 (net)
                      0.759858    0.001532   10.649207 v fanout1825/I (gf180mcu_fd_sc_mcu7t5v0__buf_2)
    10    0.078667    0.681214    0.921329   11.570536 v fanout1825/Z (gf180mcu_fd_sc_mcu7t5v0__buf_2)
                                                         net1825 (net)
                      0.681244    0.002550   11.573086 v _24898_/I (gf180mcu_fd_sc_mcu7t5v0__clkinv_1)
     1    0.019533    0.644824    0.563759   12.136845 ^ _24898_/ZN (gf180mcu_fd_sc_mcu7t5v0__clkinv_1)
                                                         _00817_ (net)
                      0.644824    0.000835   12.137680 ^ _27672_/RN (gf180mcu_fd_sc_mcu7t5v0__dffrnq_2)
                                             12.137680   data arrival time

                                 20.000000   20.000000   clock clk (rise edge)
                                  0.000000   20.000000   clock source latency
     1    0.155533    1.100241    0.626077   20.626078 ^ clk (in)
                                                         clk (net)
                      1.103682    0.000000   20.626078 ^ clkbuf_0_clk/I (gf180mcu_fd_sc_mcu7t5v0__clkbuf_16)
     4    0.354707    0.686472    0.933797   21.559874 ^ clkbuf_0_clk/Z (gf180mcu_fd_sc_mcu7t5v0__clkbuf_16)
                                                         clknet_0_clk (net)
                      0.686808    0.012705   21.572578 ^ clkbuf_2_0_0_clk/I (gf180mcu_fd_sc_mcu7t5v0__clkbuf_8)
    16    0.456464    1.612265    1.385242   22.957821 ^ clkbuf_2_0_0_clk/Z (gf180mcu_fd_sc_mcu7t5v0__clkbuf_8)
                                                         clknet_2_0_0_clk (net)
                      1.612683    0.014525   22.972347 ^ clkbuf_6_11_0_clk/I (gf180mcu_fd_sc_mcu7t5v0__clkbuf_8)
     9    0.162198    0.642503    0.955948   23.928295 ^ clkbuf_6_11_0_clk/Z (gf180mcu_fd_sc_mcu7t5v0__clkbuf_8)
                                                         clknet_6_11_0_clk (net)
                      0.642519    0.004862   23.933157 ^ clkbuf_leaf_37_clk/I (gf180mcu_fd_sc_mcu7t5v0__clkbuf_8)
     6    0.038034    0.244731    0.557540   24.490696 ^ clkbuf_leaf_37_clk/Z (gf180mcu_fd_sc_mcu7t5v0__clkbuf_8)
                                                         clknet_leaf_37_clk (net)
                      0.244731    0.000503   24.491199 ^ _27672_/CLK (gf180mcu_fd_sc_mcu7t5v0__dffrnq_2)
                                 -0.250000   24.241199   clock uncertainty
                                  0.000000   24.241199   clock reconvergence pessimism
                                  0.399692   24.640892   library recovery time
                                             24.640892   data required time
---------------------------------------------------------------------------------------------
                                             24.640892   data required time
                                            -12.137680   data arrival time
---------------------------------------------------------------------------------------------
                                             12.503213   slack (MET)


Startpoint: _25494_ (rising edge-triggered flip-flop clocked by clk)
Endpoint: _26219_ (rising edge-triggered flip-flop clocked by clk)
Path Group: clk
Path Type: max

Fanout         Cap        Slew       Delay        Time   Description
---------------------------------------------------------------------------------------------
                                  0.000000    0.000000   clock clk (rise edge)
                                  0.000000    0.000000   clock source latency
     1    0.155533    1.100241    0.626076    0.626076 ^ clk (in)
                                                         clk (net)
                      1.103682    0.000000    0.626076 ^ clkbuf_0_clk/I (gf180mcu_fd_sc_mcu7t5v0__clkbuf_16)
     4    0.354707    0.686472    0.933798    1.559874 ^ clkbuf_0_clk/Z (gf180mcu_fd_sc_mcu7t5v0__clkbuf_16)
                                                         clknet_0_clk (net)
                      0.686808    0.012705    1.572579 ^ clkbuf_2_0_0_clk/I (gf180mcu_fd_sc_mcu7t5v0__clkbuf_8)
    16    0.456464    1.612265    1.385243    2.957821 ^ clkbuf_2_0_0_clk/Z (gf180mcu_fd_sc_mcu7t5v0__clkbuf_8)
                                                         clknet_2_0_0_clk (net)
                      1.612729    0.015308    2.973130 ^ clkbuf_6_3_0_clk/I (gf180mcu_fd_sc_mcu7t5v0__clkbuf_8)
     9    0.157968    0.630448    0.949300    3.922430 ^ clkbuf_6_3_0_clk/Z (gf180mcu_fd_sc_mcu7t5v0__clkbuf_8)
                                                         clknet_6_3_0_clk (net)
                      0.630449    0.001505    3.923935 ^ clkbuf_leaf_487_clk/I (gf180mcu_fd_sc_mcu7t5v0__clkbuf_8)
     8    0.045447    0.266059    0.573112    4.497047 ^ clkbuf_leaf_487_clk/Z (gf180mcu_fd_sc_mcu7t5v0__clkbuf_8)
                                                         clknet_leaf_487_clk (net)
                      0.266059    0.000512    4.497559 ^ _25494_/CLK (gf180mcu_fd_sc_mcu7t5v0__dffrnq_1)
     1    0.012009    0.495586    1.830168    6.327727 ^ _25494_/Q (gf180mcu_fd_sc_mcu7t5v0__dffrnq_1)
                                                         pp_inst.core_inst.reg_cnt_i.data_q[0] (net)
                      0.495586    0.000255    6.327982 ^ fanout1717/I (gf180mcu_fd_sc_mcu7t5v0__buf_4)
     7    0.248578    1.738584    1.246652    7.574634 ^ fanout1717/Z (gf180mcu_fd_sc_mcu7t5v0__buf_4)
                                                         net1717 (net)
                      1.739179    0.017982    7.592616 ^ _12382_/I (gf180mcu_fd_sc_mcu7t5v0__clkinv_2)
     3    0.118115    1.704542    1.418141    9.010756 v _12382_/ZN (gf180mcu_fd_sc_mcu7t5v0__clkinv_2)
                                                         _09184_ (net)
                      1.704585    0.004894    9.015651 v fanout1714/I (gf180mcu_fd_sc_mcu7t5v0__buf_4)
    10    0.272531    1.123243    1.384450   10.400101 v fanout1714/Z (gf180mcu_fd_sc_mcu7t5v0__buf_4)
                                                         net1714 (net)
                      1.123262    0.002644   10.402744 v fanout1713/I (gf180mcu_fd_sc_mcu7t5v0__clkbuf_4)
    10    0.186303    1.359087    1.432139   11.834884 v fanout1713/Z (gf180mcu_fd_sc_mcu7t5v0__clkbuf_4)
                                                         net1713 (net)
                      1.360482    0.024720   11.859604 v _13346_/B (gf180mcu_fd_sc_mcu7t5v0__aoi21_1)
     1    0.034262    2.162791    1.582778   13.442381 ^ _13346_/ZN (gf180mcu_fd_sc_mcu7t5v0__aoi21_1)
                                                         _09960_ (net)
                      2.162791    0.001537   13.443918 ^ fanout1568/I (gf180mcu_fd_sc_mcu7t5v0__buf_2)
     5    0.172611    2.395976    1.733703   15.177622 ^ fanout1568/Z (gf180mcu_fd_sc_mcu7t5v0__buf_2)
                                                         net1568 (net)
                      2.396547    0.020794   15.198416 ^ fanout1567/I (gf180mcu_fd_sc_mcu7t5v0__buf_2)
     5    0.059767    0.887248    0.872793   16.071209 ^ fanout1567/Z (gf180mcu_fd_sc_mcu7t5v0__buf_2)
                                                         net1567 (net)
                      0.887279    0.002899   16.074108 ^ _13349_/A2 (gf180mcu_fd_sc_mcu7t5v0__nor2_1)
     1    0.015577    0.599945    0.511795   16.585903 v _13349_/ZN (gf180mcu_fd_sc_mcu7t5v0__nor2_1)
                                                         _09963_ (net)
                      0.599945    0.000414   16.586317 v fanout1476/I (gf180mcu_fd_sc_mcu7t5v0__buf_4)
     8    0.238842    0.985026    1.033060   17.619377 v fanout1476/Z (gf180mcu_fd_sc_mcu7t5v0__buf_4)
                                                         net1476 (net)
                      0.986078    0.018298   17.637674 v fanout1472/I (gf180mcu_fd_sc_mcu7t5v0__buf_2)
     7    0.114008    0.954869    1.155522   18.793198 v fanout1472/Z (gf180mcu_fd_sc_mcu7t5v0__buf_2)
                                                         net1472 (net)
                      0.954913    0.003713   18.796909 v fanout1471/I (gf180mcu_fd_sc_mcu7t5v0__clkbuf_4)
    10    0.125623    0.945510    1.149642   19.946552 v fanout1471/Z (gf180mcu_fd_sc_mcu7t5v0__clkbuf_4)
                                                         net1471 (net)
                      0.945656    0.006624   19.953176 v _13585_/A2 (gf180mcu_fd_sc_mcu7t5v0__aoi222_2)
     1    0.011403    1.536017    1.072550   21.025726 ^ _13585_/ZN (gf180mcu_fd_sc_mcu7t5v0__aoi222_2)
                                                         _10195_ (net)
                      1.536017    0.000131   21.025858 ^ _13586_/B (gf180mcu_fd_sc_mcu7t5v0__oai211_2)
     1    0.019588    0.819268    0.629161   21.655018 v _13586_/ZN (gf180mcu_fd_sc_mcu7t5v0__oai211_2)
                                                         _10196_ (net)
                      0.819268    0.000208   21.655226 v _13595_/B2 (gf180mcu_fd_sc_mcu7t5v0__aoi22_4)
     4    0.151044    2.749819    1.871287   23.526512 ^ _13595_/ZN (gf180mcu_fd_sc_mcu7t5v0__aoi22_4)
                                                         _10205_ (net)
                      2.749841    0.012173   23.538687 ^ _13597_/A2 (gf180mcu_fd_sc_mcu7t5v0__xor2_1)
     2    0.037304    2.325934    1.620659   25.159346 ^ _13597_/Z (gf180mcu_fd_sc_mcu7t5v0__xor2_1)
                                                         _10207_ (net)
                      2.325934    0.000865   25.160212 ^ _13598_/A2 (gf180mcu_fd_sc_mcu7t5v0__aoi21_4)
     2    0.041895    0.716452    0.331443   25.491653 v _13598_/ZN (gf180mcu_fd_sc_mcu7t5v0__aoi21_4)
                                                         _10208_ (net)
                      0.716453    0.000824   25.492477 v _16067_/B1 (gf180mcu_fd_sc_mcu7t5v0__aoi22_4)
     2    0.191856    3.336849    2.120132   27.612610 ^ _16067_/ZN (gf180mcu_fd_sc_mcu7t5v0__aoi22_4)
                                                         _03429_ (net)
                      3.337060    0.040114   27.652723 ^ fanout492/I (gf180mcu_fd_sc_mcu7t5v0__buf_2)
     6    0.105559    1.507386    1.222736   28.875460 ^ fanout492/Z (gf180mcu_fd_sc_mcu7t5v0__buf_2)
                                                         net492 (net)
                      1.507497    0.007203   28.882662 ^ fanout486/I (gf180mcu_fd_sc_mcu7t5v0__buf_2)
     6    0.080321    1.155185    1.012188   29.894850 ^ fanout486/Z (gf180mcu_fd_sc_mcu7t5v0__buf_2)
                                                         net486 (net)
                      1.155185    0.000547   29.895397 ^ fanout485/I (gf180mcu_fd_sc_mcu7t5v0__buf_1)
     5    0.048423    1.407722    1.172527   31.067924 ^ fanout485/Z (gf180mcu_fd_sc_mcu7t5v0__buf_1)
                                                         net485 (net)
                      1.407722    0.000746   31.068670 ^ fanout484/I (gf180mcu_fd_sc_mcu7t5v0__buf_2)
    10    0.081532    1.172952    1.020389   32.089058 ^ fanout484/Z (gf180mcu_fd_sc_mcu7t5v0__buf_2)
                                                         net484 (net)
                      1.172952    0.001158   32.090218 ^ _21153_/A1 (gf180mcu_fd_sc_mcu7t5v0__oai21_1)
     1    0.005071    0.555582    0.291468   32.381687 v _21153_/ZN (gf180mcu_fd_sc_mcu7t5v0__oai21_1)
                                                         _01861_ (net)
                      0.555582    0.000103   32.381790 v _26219_/D (gf180mcu_fd_sc_mcu7t5v0__dffq_1)
                                             32.381790   data arrival time

                                 20.000000   20.000000   clock clk (rise edge)
                                  0.000000   20.000000   clock source latency
     1    0.155533    1.100241    0.626077   20.626078 ^ clk (in)
                                                         clk (net)
                      1.103682    0.000000   20.626078 ^ clkbuf_0_clk/I (gf180mcu_fd_sc_mcu7t5v0__clkbuf_16)
     4    0.354707    0.686472    0.933797   21.559874 ^ clkbuf_0_clk/Z (gf180mcu_fd_sc_mcu7t5v0__clkbuf_16)
                                                         clknet_0_clk (net)
                      0.686933    0.014468   21.574343 ^ clkbuf_2_3_0_clk/I (gf180mcu_fd_sc_mcu7t5v0__clkbuf_8)
    16    0.443912    1.568323    1.358393   22.932735 ^ clkbuf_2_3_0_clk/Z (gf180mcu_fd_sc_mcu7t5v0__clkbuf_8)
                                                         clknet_2_3_0_clk (net)
                      1.569221    0.021025   22.953760 ^ clkbuf_6_60_0_clk/I (gf180mcu_fd_sc_mcu7t5v0__clkbuf_8)
     9    0.205486    0.780549    1.033925   23.987686 ^ clkbuf_6_60_0_clk/Z (gf180mcu_fd_sc_mcu7t5v0__clkbuf_8)
                                                         clknet_6_60_0_clk (net)
                      0.780549    0.001696   23.989382 ^ clkbuf_leaf_288_clk/I (gf180mcu_fd_sc_mcu7t5v0__clkbuf_8)
     9    0.051928    0.289368    0.614163   24.603544 ^ clkbuf_leaf_288_clk/Z (gf180mcu_fd_sc_mcu7t5v0__clkbuf_8)
                                                         clknet_leaf_288_clk (net)
                      0.289368    0.000624   24.604168 ^ _26219_/CLK (gf180mcu_fd_sc_mcu7t5v0__dffq_1)
                                 -0.250000   24.354170   clock uncertainty
                                  0.000000   24.354170   clock reconvergence pessimism
                                 -0.552941   23.801228   library setup time
                                             23.801228   data required time
---------------------------------------------------------------------------------------------
                                             23.801228   data required time
                                            -32.381790   data arrival time
---------------------------------------------------------------------------------------------
                                             -8.580561   slack (VIOLATED)




===========================================================================
report_checks --slack_max -0.01
============================================================================
======================= max_ss_125C_4v50 Corner ===================================

Startpoint: _25494_ (rising edge-triggered flip-flop clocked by clk)
Endpoint: _26219_ (rising edge-triggered flip-flop clocked by clk)
Path Group: clk
Path Type: max

Fanout         Cap        Slew       Delay        Time   Description
---------------------------------------------------------------------------------------------
                                  0.000000    0.000000   clock clk (rise edge)
                                  0.000000    0.000000   clock source latency
     1    0.155533    1.100241    0.626076    0.626076 ^ clk (in)
                                                         clk (net)
                      1.103682    0.000000    0.626076 ^ clkbuf_0_clk/I (gf180mcu_fd_sc_mcu7t5v0__clkbuf_16)
     4    0.354707    0.686472    0.933798    1.559874 ^ clkbuf_0_clk/Z (gf180mcu_fd_sc_mcu7t5v0__clkbuf_16)
                                                         clknet_0_clk (net)
                      0.686808    0.012705    1.572579 ^ clkbuf_2_0_0_clk/I (gf180mcu_fd_sc_mcu7t5v0__clkbuf_8)
    16    0.456464    1.612265    1.385243    2.957821 ^ clkbuf_2_0_0_clk/Z (gf180mcu_fd_sc_mcu7t5v0__clkbuf_8)
                                                         clknet_2_0_0_clk (net)
                      1.612729    0.015308    2.973130 ^ clkbuf_6_3_0_clk/I (gf180mcu_fd_sc_mcu7t5v0__clkbuf_8)
     9    0.157968    0.630448    0.949300    3.922430 ^ clkbuf_6_3_0_clk/Z (gf180mcu_fd_sc_mcu7t5v0__clkbuf_8)
                                                         clknet_6_3_0_clk (net)
                      0.630449    0.001505    3.923935 ^ clkbuf_leaf_487_clk/I (gf180mcu_fd_sc_mcu7t5v0__clkbuf_8)
     8    0.045447    0.266059    0.573112    4.497047 ^ clkbuf_leaf_487_clk/Z (gf180mcu_fd_sc_mcu7t5v0__clkbuf_8)
                                                         clknet_leaf_487_clk (net)
                      0.266059    0.000512    4.497559 ^ _25494_/CLK (gf180mcu_fd_sc_mcu7t5v0__dffrnq_1)
     1    0.012009    0.495586    1.830168    6.327727 ^ _25494_/Q (gf180mcu_fd_sc_mcu7t5v0__dffrnq_1)
                                                         pp_inst.core_inst.reg_cnt_i.data_q[0] (net)
                      0.495586    0.000255    6.327982 ^ fanout1717/I (gf180mcu_fd_sc_mcu7t5v0__buf_4)
     7    0.248578    1.738584    1.246652    7.574634 ^ fanout1717/Z (gf180mcu_fd_sc_mcu7t5v0__buf_4)
                                                         net1717 (net)
                      1.739179    0.017982    7.592616 ^ _12382_/I (gf180mcu_fd_sc_mcu7t5v0__clkinv_2)
     3    0.118115    1.704542    1.418141    9.010756 v _12382_/ZN (gf180mcu_fd_sc_mcu7t5v0__clkinv_2)
                                                         _09184_ (net)
                      1.704585    0.004894    9.015651 v fanout1714/I (gf180mcu_fd_sc_mcu7t5v0__buf_4)
    10    0.272531    1.123243    1.384450   10.400101 v fanout1714/Z (gf180mcu_fd_sc_mcu7t5v0__buf_4)
                                                         net1714 (net)
                      1.123262    0.002644   10.402744 v fanout1713/I (gf180mcu_fd_sc_mcu7t5v0__clkbuf_4)
    10    0.186303    1.359087    1.432139   11.834884 v fanout1713/Z (gf180mcu_fd_sc_mcu7t5v0__clkbuf_4)
                                                         net1713 (net)
                      1.360482    0.024720   11.859604 v _13346_/B (gf180mcu_fd_sc_mcu7t5v0__aoi21_1)
     1    0.034262    2.162791    1.582778   13.442381 ^ _13346_/ZN (gf180mcu_fd_sc_mcu7t5v0__aoi21_1)
                                                         _09960_ (net)
                      2.162791    0.001537   13.443918 ^ fanout1568/I (gf180mcu_fd_sc_mcu7t5v0__buf_2)
     5    0.172611    2.395976    1.733703   15.177622 ^ fanout1568/Z (gf180mcu_fd_sc_mcu7t5v0__buf_2)
                                                         net1568 (net)
                      2.396547    0.020794   15.198416 ^ fanout1567/I (gf180mcu_fd_sc_mcu7t5v0__buf_2)
     5    0.059767    0.887248    0.872793   16.071209 ^ fanout1567/Z (gf180mcu_fd_sc_mcu7t5v0__buf_2)
                                                         net1567 (net)
                      0.887279    0.002899   16.074108 ^ _13349_/A2 (gf180mcu_fd_sc_mcu7t5v0__nor2_1)
     1    0.015577    0.599945    0.511795   16.585903 v _13349_/ZN (gf180mcu_fd_sc_mcu7t5v0__nor2_1)
                                                         _09963_ (net)
                      0.599945    0.000414   16.586317 v fanout1476/I (gf180mcu_fd_sc_mcu7t5v0__buf_4)
     8    0.238842    0.985026    1.033060   17.619377 v fanout1476/Z (gf180mcu_fd_sc_mcu7t5v0__buf_4)
                                                         net1476 (net)
                      0.986078    0.018298   17.637674 v fanout1472/I (gf180mcu_fd_sc_mcu7t5v0__buf_2)
     7    0.114008    0.954869    1.155522   18.793198 v fanout1472/Z (gf180mcu_fd_sc_mcu7t5v0__buf_2)
                                                         net1472 (net)
                      0.954913    0.003713   18.796909 v fanout1471/I (gf180mcu_fd_sc_mcu7t5v0__clkbuf_4)
    10    0.125623    0.945510    1.149642   19.946552 v fanout1471/Z (gf180mcu_fd_sc_mcu7t5v0__clkbuf_4)
                                                         net1471 (net)
                      0.945656    0.006624   19.953176 v _13585_/A2 (gf180mcu_fd_sc_mcu7t5v0__aoi222_2)
     1    0.011403    1.536017    1.072550   21.025726 ^ _13585_/ZN (gf180mcu_fd_sc_mcu7t5v0__aoi222_2)
                                                         _10195_ (net)
                      1.536017    0.000131   21.025858 ^ _13586_/B (gf180mcu_fd_sc_mcu7t5v0__oai211_2)
     1    0.019588    0.819268    0.629161   21.655018 v _13586_/ZN (gf180mcu_fd_sc_mcu7t5v0__oai211_2)
                                                         _10196_ (net)
                      0.819268    0.000208   21.655226 v _13595_/B2 (gf180mcu_fd_sc_mcu7t5v0__aoi22_4)
     4    0.151044    2.749819    1.871287   23.526512 ^ _13595_/ZN (gf180mcu_fd_sc_mcu7t5v0__aoi22_4)
                                                         _10205_ (net)
                      2.749841    0.012173   23.538687 ^ _13597_/A2 (gf180mcu_fd_sc_mcu7t5v0__xor2_1)
     2    0.037304    2.325934    1.620659   25.159346 ^ _13597_/Z (gf180mcu_fd_sc_mcu7t5v0__xor2_1)
                                                         _10207_ (net)
                      2.325934    0.000865   25.160212 ^ _13598_/A2 (gf180mcu_fd_sc_mcu7t5v0__aoi21_4)
     2    0.041895    0.716452    0.331443   25.491653 v _13598_/ZN (gf180mcu_fd_sc_mcu7t5v0__aoi21_4)
                                                         _10208_ (net)
                      0.716453    0.000824   25.492477 v _16067_/B1 (gf180mcu_fd_sc_mcu7t5v0__aoi22_4)
     2    0.191856    3.336849    2.120132   27.612610 ^ _16067_/ZN (gf180mcu_fd_sc_mcu7t5v0__aoi22_4)
                                                         _03429_ (net)
                      3.337060    0.040114   27.652723 ^ fanout492/I (gf180mcu_fd_sc_mcu7t5v0__buf_2)
     6    0.105559    1.507386    1.222736   28.875460 ^ fanout492/Z (gf180mcu_fd_sc_mcu7t5v0__buf_2)
                                                         net492 (net)
                      1.507497    0.007203   28.882662 ^ fanout486/I (gf180mcu_fd_sc_mcu7t5v0__buf_2)
     6    0.080321    1.155185    1.012188   29.894850 ^ fanout486/Z (gf180mcu_fd_sc_mcu7t5v0__buf_2)
                                                         net486 (net)
                      1.155185    0.000547   29.895397 ^ fanout485/I (gf180mcu_fd_sc_mcu7t5v0__buf_1)
     5    0.048423    1.407722    1.172527   31.067924 ^ fanout485/Z (gf180mcu_fd_sc_mcu7t5v0__buf_1)
                                                         net485 (net)
                      1.407722    0.000746   31.068670 ^ fanout484/I (gf180mcu_fd_sc_mcu7t5v0__buf_2)
    10    0.081532    1.172952    1.020389   32.089058 ^ fanout484/Z (gf180mcu_fd_sc_mcu7t5v0__buf_2)
                                                         net484 (net)
                      1.172952    0.001158   32.090218 ^ _21153_/A1 (gf180mcu_fd_sc_mcu7t5v0__oai21_1)
     1    0.005071    0.555582    0.291468   32.381687 v _21153_/ZN (gf180mcu_fd_sc_mcu7t5v0__oai21_1)
                                                         _01861_ (net)
                      0.555582    0.000103   32.381790 v _26219_/D (gf180mcu_fd_sc_mcu7t5v0__dffq_1)
                                             32.381790   data arrival time

                                 20.000000   20.000000   clock clk (rise edge)
                                  0.000000   20.000000   clock source latency
     1    0.155533    1.100241    0.626077   20.626078 ^ clk (in)
                                                         clk (net)
                      1.103682    0.000000   20.626078 ^ clkbuf_0_clk/I (gf180mcu_fd_sc_mcu7t5v0__clkbuf_16)
     4    0.354707    0.686472    0.933797   21.559874 ^ clkbuf_0_clk/Z (gf180mcu_fd_sc_mcu7t5v0__clkbuf_16)
                                                         clknet_0_clk (net)
                      0.686933    0.014468   21.574343 ^ clkbuf_2_3_0_clk/I (gf180mcu_fd_sc_mcu7t5v0__clkbuf_8)
    16    0.443912    1.568323    1.358393   22.932735 ^ clkbuf_2_3_0_clk/Z (gf180mcu_fd_sc_mcu7t5v0__clkbuf_8)
                                                         clknet_2_3_0_clk (net)
                      1.569221    0.021025   22.953760 ^ clkbuf_6_60_0_clk/I (gf180mcu_fd_sc_mcu7t5v0__clkbuf_8)
     9    0.205486    0.780549    1.033925   23.987686 ^ clkbuf_6_60_0_clk/Z (gf180mcu_fd_sc_mcu7t5v0__clkbuf_8)
                                                         clknet_6_60_0_clk (net)
                      0.780549    0.001696   23.989382 ^ clkbuf_leaf_288_clk/I (gf180mcu_fd_sc_mcu7t5v0__clkbuf_8)
     9    0.051928    0.289368    0.614163   24.603544 ^ clkbuf_leaf_288_clk/Z (gf180mcu_fd_sc_mcu7t5v0__clkbuf_8)
                                                         clknet_leaf_288_clk (net)
                      0.289368    0.000624   24.604168 ^ _26219_/CLK (gf180mcu_fd_sc_mcu7t5v0__dffq_1)
                                 -0.250000   24.354170   clock uncertainty
                                  0.000000   24.354170   clock reconvergence pessimism
                                 -0.552941   23.801228   library setup time
                                             23.801228   data required time
---------------------------------------------------------------------------------------------
                                             23.801228   data required time
                                            -32.381790   data arrival time
---------------------------------------------------------------------------------------------
                                             -8.580561   slack (VIOLATED)




===========================================================================
 report_check_types -max_slew -max_cap -max_fanout -violators
============================================================================
======================= max_ss_125C_4v50 Corner ===================================

max slew

Pin                                        Limit        Slew       Slack
------------------------------------------------------------------------
_17803_/A2                              3.000000    8.103687   -5.103687 (VIOLATED)
_17802_/Z                               3.000000    8.103539   -5.103539 (VIOLATED)
_18435_/A1                              3.000000    7.048007   -4.048007 (VIOLATED)
_18359_/A1                              3.000000    7.047827   -4.047828 (VIOLATED)
_17638_/Z                               3.000000    7.047801   -4.047802 (VIOLATED)
_17646_/A1                              3.000000    7.047801   -4.047802 (VIOLATED)
fanout1152/I                            3.000000    5.950651   -2.950651 (VIOLATED)
_15857_/ZN                              3.000000    5.950597   -2.950598 (VIOLATED)
_14153_/A3                              3.000000    5.247508   -2.247508 (VIOLATED)
_13960_/Z                               3.000000    5.247489   -2.247489 (VIOLATED)
_13961_/A3                              3.000000    5.247489   -2.247489 (VIOLATED)
_19644_/A2                              3.000000    5.199765   -2.199765 (VIOLATED)
_19643_/ZN                              3.000000    5.199742   -2.199742 (VIOLATED)
_18056_/A1                              3.000000    5.180742   -2.180742 (VIOLATED)
_19610_/A1                              3.000000    5.180742   -2.180742 (VIOLATED)
_13649_/A2                              3.000000    5.180738   -2.180739 (VIOLATED)
_18475_/A2                              3.000000    5.180740   -2.180740 (VIOLATED)
_14807_/A1                              3.000000    5.180735   -2.180735 (VIOLATED)
_13650_/A3                              3.000000    5.180732   -2.180732 (VIOLATED)
_13648_/ZN                              3.000000    5.180708   -2.180708 (VIOLATED)
fanout1088/I                            3.000000    5.132107   -2.132107 (VIOLATED)
_15873_/ZN                              3.000000    5.132065   -2.132065 (VIOLATED)
_13552_/A2                              3.000000    5.038840   -2.038840 (VIOLATED)
_18083_/A1                              3.000000    5.038841   -2.038841 (VIOLATED)
_18497_/A2                              3.000000    5.038839   -2.038839 (VIOLATED)
_19634_/A1                              3.000000    5.038841   -2.038841 (VIOLATED)
_14788_/A1                              3.000000    5.038837   -2.038838 (VIOLATED)
_13553_/A3                              3.000000    5.038834   -2.038834 (VIOLATED)
_13551_/ZN                              3.000000    5.038776   -2.038776 (VIOLATED)
_17972_/A1                              3.000000    4.794766   -1.794767 (VIOLATED)
_18409_/A2                              3.000000    4.794765   -1.794766 (VIOLATED)
_18755_/A1                              3.000000    4.794766   -1.794766 (VIOLATED)
_19532_/A1                              3.000000    4.794766   -1.794767 (VIOLATED)
_13955_/A2                              3.000000    4.794762   -1.794762 (VIOLATED)
_13956_/A3                              3.000000    4.794762   -1.794762 (VIOLATED)
_14838_/A1                              3.000000    4.794758   -1.794758 (VIOLATED)
_13954_/ZN                              3.000000    4.794738   -1.794739 (VIOLATED)
_18001_/A1                              3.000000    4.685279   -1.685279 (VIOLATED)
_18431_/A2                              3.000000    4.685278   -1.685278 (VIOLATED)
_19562_/A1                              3.000000    4.685279   -1.685279 (VIOLATED)
_13866_/A2                              3.000000    4.685277   -1.685277 (VIOLATED)
_14828_/A1                              3.000000    4.685275   -1.685275 (VIOLATED)
_13867_/A3                              3.000000    4.685273   -1.685273 (VIOLATED)
_13865_/ZN                              3.000000    4.685253   -1.685253 (VIOLATED)
fanout1274/I                            3.000000    4.681966   -1.681966 (VIOLATED)
_15806_/ZN                              3.000000    4.681936   -1.681936 (VIOLATED)
_17872_/A1                              3.000000    4.634151   -1.634151 (VIOLATED)
_18328_/A2                              3.000000    4.634150   -1.634150 (VIOLATED)
_19423_/A1                              3.000000    4.634151   -1.634151 (VIOLATED)
_14278_/A2                              3.000000    4.634149   -1.634149 (VIOLATED)
_14875_/A1                              3.000000    4.634147   -1.634147 (VIOLATED)
_14279_/A3                              3.000000    4.634144   -1.634144 (VIOLATED)
_14277_/ZN                              3.000000    4.634126   -1.634126 (VIOLATED)
_14899_/B2                              3.000000    4.526483   -1.526483 (VIOLATED)
_14898_/ZN                              3.000000    4.526464   -1.526463 (VIOLATED)
_13601_/A2                              3.000000    4.450059   -1.450060 (VIOLATED)
_13602_/A3                              3.000000    4.450060   -1.450061 (VIOLATED)
_18070_/A1                              3.000000    4.450059   -1.450060 (VIOLATED)
_18486_/A2                              3.000000    4.450059   -1.450060 (VIOLATED)
_18828_/A1                              3.000000    4.450058   -1.450059 (VIOLATED)
_19622_/A1                              3.000000    4.450058   -1.450058 (VIOLATED)
_14802_/A1                              3.000000    4.450055   -1.450055 (VIOLATED)
_13600_/ZN                              3.000000    4.450040   -1.450040 (VIOLATED)
_17987_/A1                              3.000000    4.375165   -1.375165 (VIOLATED)
_18420_/A2                              3.000000    4.375165   -1.375165 (VIOLATED)
_19547_/A1                              3.000000    4.375165   -1.375165 (VIOLATED)
_13908_/A2                              3.000000    4.375163   -1.375163 (VIOLATED)
_14833_/A1                              3.000000    4.375162   -1.375162 (VIOLATED)
_13909_/A3                              3.000000    4.375159   -1.375159 (VIOLATED)
_13907_/ZN                              3.000000    4.375144   -1.375144 (VIOLATED)
_13980_/A2                              3.000000    4.362501   -1.362501 (VIOLATED)
_14372_/A2                              3.000000    4.362501   -1.362501 (VIOLATED)
_13971_/Z                               3.000000    4.362478   -1.362478 (VIOLATED)
_14907_/A2                              3.000000    4.362478   -1.362478 (VIOLATED)
_18014_/A1                              3.000000    4.347620   -1.347620 (VIOLATED)
_18442_/A2                              3.000000    4.347620   -1.347621 (VIOLATED)
_19574_/A1                              3.000000    4.347617   -1.347617 (VIOLATED)
_13815_/A2                              3.000000    4.347611   -1.347611 (VIOLATED)
_14824_/A1                              3.000000    4.347610   -1.347610 (VIOLATED)
_13814_/ZN                              3.000000    4.347595   -1.347595 (VIOLATED)
_18097_/A1                              3.000000    4.211553   -1.211553 (VIOLATED)
_19646_/A1                              3.000000    4.211554   -1.211554 (VIOLATED)
_13499_/A2                              3.000000    4.211552   -1.211552 (VIOLATED)
_18508_/A2                              3.000000    4.211552   -1.211552 (VIOLATED)
_14775_/A1                              3.000000    4.211549   -1.211550 (VIOLATED)
_13500_/A3                              3.000000    4.211547   -1.211547 (VIOLATED)
_13498_/ZN                              3.000000    4.211532   -1.211532 (VIOLATED)
_15132_/B1                              3.000000    4.184217   -1.184217 (VIOLATED)
_14992_/B1                              3.000000    4.184215   -1.184215 (VIOLATED)
_15089_/B1                              3.000000    4.184212   -1.184212 (VIOLATED)
_15044_/A3                              3.000000    4.184159   -1.184159 (VIOLATED)
_15218_/B1                              3.000000    4.184113   -1.184113 (VIOLATED)
_15121_/A2                              3.000000    4.184074   -1.184075 (VIOLATED)
_15026_/A3                              3.000000    4.184064   -1.184064 (VIOLATED)
_15105_/B1                              3.000000    4.184046   -1.184046 (VIOLATED)
_15157_/B1                              3.000000    4.184000   -1.184000 (VIOLATED)
_15191_/A2                              3.000000    4.183964   -1.183964 (VIOLATED)
_14974_/ZN                              3.000000    4.183925   -1.183925 (VIOLATED)
_14932_/ZN                              3.000000    4.174160   -1.174160 (VIOLATED)
_14933_/A2                              3.000000    4.174160   -1.174160 (VIOLATED)
_14934_/A2                              3.000000    4.174160   -1.174160 (VIOLATED)
_18224_/A2                              3.000000    4.088068   -1.088067 (VIOLATED)
_18223_/Z                               3.000000    4.088034   -1.088034 (VIOLATED)
_14903_/ZN                              3.000000    4.075777   -1.075777 (VIOLATED)
_14904_/B2                              3.000000    4.075777   -1.075777 (VIOLATED)
_17943_/A1                              3.000000    4.071442   -1.071442 (VIOLATED)
_18387_/A2                              3.000000    4.071442   -1.071442 (VIOLATED)
_19501_/A1                              3.000000    4.071442   -1.071442 (VIOLATED)
_14048_/A2                              3.000000    4.071441   -1.071441 (VIOLATED)
_14049_/A3                              3.000000    4.071438   -1.071438 (VIOLATED)
_14851_/A1                              3.000000    4.071431   -1.071431 (VIOLATED)
_14047_/ZN                              3.000000    4.071418   -1.071418 (VIOLATED)
_13471_/ZN                              3.000000    4.025906   -1.025906 (VIOLATED)
_13480_/A1                              3.000000    4.025906   -1.025906 (VIOLATED)
_14372_/A1                              3.000000    4.025906   -1.025906 (VIOLATED)
_14679_/A1                              3.000000    4.025906   -1.025906 (VIOLATED)
_12940_/ZN                              3.000000    4.002971   -1.002971 (VIOLATED)
_12941_/I                               3.000000    4.002971   -1.002971 (VIOLATED)
_13449_/A3                              3.000000    3.958984   -0.958984 (VIOLATED)
_14762_/A1                              3.000000    3.958985   -0.958985 (VIOLATED)
_18111_/A1                              3.000000    3.958985   -0.958985 (VIOLATED)
_19658_/A1                              3.000000    3.958984   -0.958984 (VIOLATED)
_13448_/A2                              3.000000    3.958982   -0.958982 (VIOLATED)
_13447_/ZN                              3.000000    3.958972   -0.958972 (VIOLATED)
fanout1753/I                            3.000000    3.945110   -0.945110 (VIOLATED)
fanout1730/I                            3.000000    3.945070   -0.945070 (VIOLATED)
_25208_/Q                               3.000000    3.945046   -0.945046 (VIOLATED)
fanout1737/I                            3.000000    3.945046   -0.945046 (VIOLATED)
_19844_/B1                              3.000000    3.937783   -0.937783 (VIOLATED)
_19843_/Z                               3.000000    3.937762   -0.937762 (VIOLATED)
_18464_/A1                              3.000000    3.925437   -0.925437 (VIOLATED)
_19132_/A1                              3.000000    3.925437   -0.925437 (VIOLATED)
_13700_/ZN                              3.000000    3.925436   -0.925436 (VIOLATED)
_26159_/D                               3.000000    3.893822   -0.893822 (VIOLATED)
_21030_/ZN                              3.000000    3.893784   -0.893784 (VIOLATED)
_18105_/A2                              3.000000    3.870587   -0.870587 (VIOLATED)
_18104_/Z                               3.000000    3.870560   -0.870560 (VIOLATED)
_13431_/C                               3.000000    3.868850   -0.868850 (VIOLATED)
_13430_/ZN                              3.000000    3.868835   -0.868835 (VIOLATED)
_15512_/ZN                              3.000000    3.866723   -0.866723 (VIOLATED)
_15516_/A1                              3.000000    3.866723   -0.866723 (VIOLATED)
_13722_/ZN                              3.000000    3.862221   -0.862221 (VIOLATED)
_13732_/A1                              3.000000    3.862221   -0.862221 (VIOLATED)
_14546_/A1                              3.000000    3.862221   -0.862221 (VIOLATED)
_14785_/A1                              3.000000    3.862221   -0.862221 (VIOLATED)
_13531_/B1                              3.000000    3.859091   -0.859091 (VIOLATED)
_13530_/ZN                              3.000000    3.859078   -0.859078 (VIOLATED)
_19631_/A1                              3.000000    3.791522   -0.791522 (VIOLATED)
_19259_/Z                               3.000000    3.791506   -0.791506 (VIOLATED)
_19268_/A1                              3.000000    3.791506   -0.791506 (VIOLATED)
_19313_/A1                              3.000000    3.791506   -0.791506 (VIOLATED)
_17765_/Z                               3.000000    3.751912   -0.751912 (VIOLATED)
_17769_/A2                              3.000000    3.751912   -0.751912 (VIOLATED)
_17878_/A2                              3.000000    3.751912   -0.751912 (VIOLATED)
_18021_/A1                              3.000000    3.751912   -0.751912 (VIOLATED)
_17710_/A2                              3.000000    3.744744   -0.744744 (VIOLATED)
_17709_/Z                               3.000000    3.744727   -0.744727 (VIOLATED)
_13396_/A1                              3.000000    3.732946   -0.732946 (VIOLATED)
_13804_/B                               3.000000    3.732925   -0.732925 (VIOLATED)
_13359_/A1                              3.000000    3.732846   -0.732847 (VIOLATED)
fanout1292/I                            3.000000    3.731758   -0.731758 (VIOLATED)
_13339_/ZN                              3.000000    3.731638   -0.731638 (VIOLATED)
_19160_/A2                              3.000000    3.729089   -0.729090 (VIOLATED)
_19024_/A2                              3.000000    3.729088   -0.729088 (VIOLATED)
_19168_/A2                              3.000000    3.729081   -0.729081 (VIOLATED)
_19033_/A2                              3.000000    3.729077   -0.729077 (VIOLATED)
_19152_/A2                              3.000000    3.729048   -0.729048 (VIOLATED)
_18974_/A2                              3.000000    3.729010   -0.729010 (VIOLATED)
_18896_/A2                              3.000000    3.728974   -0.728974 (VIOLATED)
_18965_/B1                              3.000000    3.728960   -0.728960 (VIOLATED)
_18955_/A2                              3.000000    3.728917   -0.728917 (VIOLATED)
_18946_/A2                              3.000000    3.728915   -0.728916 (VIOLATED)
_18883_/ZN                              3.000000    3.728851   -0.728851 (VIOLATED)
_14170_/ZN                              3.000000    3.718458   -0.718458 (VIOLATED)
_14171_/A3                              3.000000    3.718458   -0.718458 (VIOLATED)
_14785_/A2                              3.000000    3.718458   -0.718458 (VIOLATED)
_14840_/A2                              3.000000    3.718458   -0.718458 (VIOLATED)
_18425_/A2                              3.000000    3.702013   -0.702014 (VIOLATED)
_18424_/Z                               3.000000    3.702003   -0.702003 (VIOLATED)
_18007_/A2                              3.000000    3.689879   -0.689879 (VIOLATED)
_17907_/A3                              3.000000    3.689876   -0.689876 (VIOLATED)
_17906_/Z                               3.000000    3.689863   -0.689863 (VIOLATED)
_18153_/A1                              3.000000    3.689863   -0.689863 (VIOLATED)
_19198_/ZN                              3.000000    3.672891   -0.672891 (VIOLATED)
_19199_/A2                              3.000000    3.672891   -0.672891 (VIOLATED)
fanout1076/I                            3.000000    3.642016   -0.642016 (VIOLATED)
fanout1079/I                            3.000000    3.641325   -0.641325 (VIOLATED)
fanout1077/I                            3.000000    3.641044   -0.641045 (VIOLATED)
fanout1075/I                            3.000000    3.640687   -0.640687 (VIOLATED)
_15875_/ZN                              3.000000    3.640504   -0.640505 (VIOLATED)
_18480_/A2                              3.000000    3.632255   -0.632255 (VIOLATED)
_18479_/Z                               3.000000    3.632238   -0.632238 (VIOLATED)
_14092_/A3                              3.000000    3.616391   -0.616391 (VIOLATED)
_14855_/A1                              3.000000    3.616391   -0.616391 (VIOLATED)
_14091_/A2                              3.000000    3.616390   -0.616390 (VIOLATED)
_17929_/A1                              3.000000    3.616389   -0.616389 (VIOLATED)
_19486_/A1                              3.000000    3.616388   -0.616388 (VIOLATED)
_18376_/A2                              3.000000    3.616387   -0.616387 (VIOLATED)
_14090_/ZN                              3.000000    3.616375   -0.616375 (VIOLATED)
_18360_/A2                              3.000000    3.616148   -0.616148 (VIOLATED)
_18359_/Z                               3.000000    3.616145   -0.616145 (VIOLATED)
_19343_/A2                              3.000000    3.608703   -0.608704 (VIOLATED)
_19342_/Z                               3.000000    3.608702   -0.608702 (VIOLATED)
_17842_/A1                              3.000000    3.604909   -0.604909 (VIOLATED)
_18299_/A2                              3.000000    3.604909   -0.604909 (VIOLATED)
_19393_/A1                              3.000000    3.604909   -0.604909 (VIOLATED)
_14358_/A2                              3.000000    3.604907   -0.604907 (VIOLATED)
_14359_/A3                              3.000000    3.604905   -0.604905 (VIOLATED)
_14885_/A1                              3.000000    3.604902   -0.604902 (VIOLATED)
_14357_/ZN                              3.000000    3.604882   -0.604882 (VIOLATED)
_12838_/ZN                              3.000000    3.595606   -0.595606 (VIOLATED)
wire1596/I                              3.000000    3.595606   -0.595606 (VIOLATED)
_17770_/A2                              3.000000    3.577070   -0.577070 (VIOLATED)
_17769_/Z                               3.000000    3.577067   -0.577067 (VIOLATED)
_14631_/A3                              3.000000    3.572584   -0.572584 (VIOLATED)
_14925_/A1                              3.000000    3.572584   -0.572584 (VIOLATED)
_17696_/A1                              3.000000    3.572583   -0.572583 (VIOLATED)
_18189_/A2                              3.000000    3.572583   -0.572584 (VIOLATED)
_14630_/A2                              3.000000    3.572582   -0.572582 (VIOLATED)
_19271_/A1                              3.000000    3.572581   -0.572581 (VIOLATED)
_14629_/ZN                              3.000000    3.572577   -0.572577 (VIOLATED)
_17749_/Z                               3.000000    3.553270   -0.553270 (VIOLATED)
_17750_/A2                              3.000000    3.553270   -0.553270 (VIOLATED)
fanout517/I                             3.000000    3.543811   -0.543811 (VIOLATED)
_23955_/A1                              3.000000    3.543810   -0.543810 (VIOLATED)
_21159_/A1                              3.000000    3.543808   -0.543808 (VIOLATED)
_15973_/I0                              3.000000    3.543684   -0.543684 (VIOLATED)
_15929_/ZN                              3.000000    3.543610   -0.543610 (VIOLATED)
_14481_/B1                              3.000000    3.538266   -0.538266 (VIOLATED)
_14479_/ZN                              3.000000    3.538252   -0.538252 (VIOLATED)
_18034_/A3                              3.000000    3.538143   -0.538144 (VIOLATED)
_18134_/A2                              3.000000    3.538139   -0.538140 (VIOLATED)
_18033_/Z                               3.000000    3.538127   -0.538128 (VIOLATED)
_18279_/A1                              3.000000    3.538127   -0.538128 (VIOLATED)
_16432_/B1                              3.000000    3.526712   -0.526712 (VIOLATED)
_16430_/ZN                              3.000000    3.526691   -0.526692 (VIOLATED)
_18265_/Z                               3.000000    3.525822   -0.525822 (VIOLATED)
_18266_/A2                              3.000000    3.525822   -0.525822 (VIOLATED)
_19278_/Z                               3.000000    3.519734   -0.519734 (VIOLATED)
_19283_/A2                              3.000000    3.519734   -0.519734 (VIOLATED)
_19327_/A1                              3.000000    3.519734   -0.519734 (VIOLATED)
_19643_/A1                              3.000000    3.519734   -0.519734 (VIOLATED)
_14893_/ZN                              3.000000    3.506715   -0.506715 (VIOLATED)
_14894_/B2                              3.000000    3.506715   -0.506715 (VIOLATED)
_26386_/D                               3.000000    3.501816   -0.501816 (VIOLATED)
_21493_/ZN                              3.000000    3.501797   -0.501797 (VIOLATED)
_18627_/ZN                              3.000000    3.494383   -0.494383 (VIOLATED)
_18628_/A2                              3.000000    3.494383   -0.494383 (VIOLATED)
fanout1278/I                            3.000000    3.493468   -0.493468 (VIOLATED)
fanout1276/I                            3.000000    3.493407   -0.493407 (VIOLATED)
fanout1277/I                            3.000000    3.493357   -0.493358 (VIOLATED)
fanout1275/I                            3.000000    3.493338   -0.493338 (VIOLATED)
_15802_/ZN                              3.000000    3.493318   -0.493318 (VIOLATED)
_21227_/A2                              3.000000    3.491392   -0.491392 (VIOLATED)
_21812_/A2                              3.000000    3.491388   -0.491388 (VIOLATED)
_21032_/A2                              3.000000    3.491365   -0.491365 (VIOLATED)
_21942_/A2                              3.000000    3.491334   -0.491334 (VIOLATED)
_21682_/A2                              3.000000    3.491329   -0.491330 (VIOLATED)
_21487_/A2                              3.000000    3.491315   -0.491315 (VIOLATED)
fanout838/Z                             3.000000    3.491304   -0.491304 (VIOLATED)
_14729_/A2                              3.000000    3.489712   -0.489712 (VIOLATED)
_18145_/A1                              3.000000    3.489711   -0.489711 (VIOLATED)
_18882_/A1                              3.000000    3.489711   -0.489711 (VIOLATED)
_14728_/ZN                              3.000000    3.489709   -0.489709 (VIOLATED)
_15575_/A2                              3.000000    3.489709   -0.489709 (VIOLATED)
_18864_/Z                               3.000000    3.481035   -0.481036 (VIOLATED)
_18865_/A3                              3.000000    3.481035   -0.481036 (VIOLATED)
_18921_/A2                              3.000000    3.481035   -0.481036 (VIOLATED)
_18931_/A1                              3.000000    3.481035   -0.481036 (VIOLATED)
_17995_/A2                              3.000000    3.468908   -0.468908 (VIOLATED)
_17994_/Z                               3.000000    3.468905   -0.468905 (VIOLATED)
_19391_/A2                              3.000000    3.456298   -0.456298 (VIOLATED)
_19390_/Z                               3.000000    3.456295   -0.456296 (VIOLATED)
fanout856/I                             3.000000    3.426095   -0.426095 (VIOLATED)
_18542_/ZN                              3.000000    3.426002   -0.426002 (VIOLATED)
fanout855/I                             3.000000    3.426002   -0.426002 (VIOLATED)
_13130_/I0                              3.000000    3.423321   -0.423321 (VIOLATED)
_13196_/I0                              3.000000    3.423321   -0.423321 (VIOLATED)
_13230_/I0                              3.000000    3.423314   -0.423314 (VIOLATED)
_13163_/I1                              3.000000    3.423296   -0.423297 (VIOLATED)
_15596_/I0                              3.000000    3.423247   -0.423247 (VIOLATED)
_25118_/Q                               3.000000    3.423247   -0.423247 (VIOLATED)
_18513_/A2                              3.000000    3.417172   -0.417173 (VIOLATED)
_18512_/ZN                              3.000000    3.417156   -0.417157 (VIOLATED)
_18090_/A3                              3.000000    3.415124   -0.415124 (VIOLATED)
_18196_/A2                              3.000000    3.415121   -0.415121 (VIOLATED)
_18089_/Z                               3.000000    3.415109   -0.415109 (VIOLATED)
_18335_/A1                              3.000000    3.415109   -0.415109 (VIOLATED)
_21097_/A1                              3.000000    3.402273   -0.402274 (VIOLATED)
_20041_/A1                              3.000000    3.402266   -0.402266 (VIOLATED)
_23113_/A1                              3.000000    3.402212   -0.402212 (VIOLATED)
_20039_/ZN                              3.000000    3.402159   -0.402159 (VIOLATED)
_22137_/A2                              3.000000    3.402159   -0.402159 (VIOLATED)
_13661_/ZN                              3.000000    3.368567   -0.368567 (VIOLATED)
_13678_/A1                              3.000000    3.368567   -0.368567 (VIOLATED)
_14114_/A1                              3.000000    3.368567   -0.368567 (VIOLATED)
_14877_/A1                              3.000000    3.368567   -0.368567 (VIOLATED)
_14197_/Z                               3.000000    3.358883   -0.358884 (VIOLATED)
_14198_/I                               3.000000    3.358883   -0.358884 (VIOLATED)
_17687_/A1                              3.000000    3.358883   -0.358884 (VIOLATED)
_18560_/A1                              3.000000    3.358883   -0.358884 (VIOLATED)
_19258_/A1                              3.000000    3.358883   -0.358884 (VIOLATED)
_17908_/A2                              3.000000    3.351854   -0.351854 (VIOLATED)
_17907_/Z                               3.000000    3.351851   -0.351851 (VIOLATED)
_18997_/Z                               3.000000    3.343796   -0.343796 (VIOLATED)
_18998_/A3                              3.000000    3.343796   -0.343796 (VIOLATED)
_19047_/A2                              3.000000    3.343796   -0.343796 (VIOLATED)
_19057_/A1                              3.000000    3.343796   -0.343796 (VIOLATED)
fanout492/I                             3.000000    3.337060   -0.337061 (VIOLATED)
_16108_/I0                              3.000000    3.336944   -0.336944 (VIOLATED)
_16067_/ZN                              3.000000    3.336849   -0.336850 (VIOLATED)
_13979_/ZN                              3.000000    3.322835   -0.322835 (VIOLATED)
_13980_/A3                              3.000000    3.322835   -0.322835 (VIOLATED)
_14709_/A2                              3.000000    3.322835   -0.322835 (VIOLATED)
_14819_/A2                              3.000000    3.322835   -0.322835 (VIOLATED)
fanout1224/I                            3.000000    3.318072   -0.318072 (VIOLATED)
fanout1223/I                            3.000000    3.317933   -0.317933 (VIOLATED)
fanout1222/I                            3.000000    3.317856   -0.317856 (VIOLATED)
fanout1221/I                            3.000000    3.317756   -0.317756 (VIOLATED)
_15834_/ZN                              3.000000    3.317720   -0.317720 (VIOLATED)
fanout920/I                             3.000000    3.317116   -0.317117 (VIOLATED)
fanout922/I                             3.000000    3.317074   -0.317074 (VIOLATED)
fanout917/I                             3.000000    3.316978   -0.316979 (VIOLATED)
_13354_/ZN                              3.000000    3.316952   -0.316952 (VIOLATED)
fanout1192/I                            3.000000    3.316302   -0.316302 (VIOLATED)
fanout1194/I                            3.000000    3.316056   -0.316056 (VIOLATED)
fanout1191/I                            3.000000    3.315675   -0.315675 (VIOLATED)
fanout1193/I                            3.000000    3.315233   -0.315234 (VIOLATED)
_15844_/ZN                              3.000000    3.315084   -0.315084 (VIOLATED)
_21162_/A1                              3.000000    3.309533   -0.309533 (VIOLATED)
_20107_/A2                              3.000000    3.309532   -0.309533 (VIOLATED)
_22202_/A2                              3.000000    3.309532   -0.309533 (VIOLATED)
_20106_/ZN                              3.000000    3.309520   -0.309520 (VIOLATED)
_23178_/A1                              3.000000    3.309520   -0.309520 (VIOLATED)
_17716_/A1                              3.000000    3.292176   -0.292176 (VIOLATED)
_14600_/A2                              3.000000    3.292175   -0.292175 (VIOLATED)
_14601_/A3                              3.000000    3.292174   -0.292174 (VIOLATED)
_14920_/A1                              3.000000    3.292174   -0.292174 (VIOLATED)
_19286_/A1                              3.000000    3.292172   -0.292173 (VIOLATED)
_14599_/ZN                              3.000000    3.292165   -0.292165 (VIOLATED)
fanout1310/I                            3.000000    3.287039   -0.287039 (VIOLATED)
fanout1312/I                            3.000000    3.286949   -0.286949 (VIOLATED)
fanout1311/I                            3.000000    3.286375   -0.286375 (VIOLATED)
_15878_/ZN                              3.000000    3.286281   -0.286281 (VIOLATED)
fanout1309/I                            3.000000    3.286281   -0.286281 (VIOLATED)
_18008_/A2                              3.000000    3.282135   -0.282135 (VIOLATED)
_18007_/Z                               3.000000    3.282132   -0.282133 (VIOLATED)
_17802_/A2                              3.000000    3.278005   -0.278005 (VIOLATED)
_18446_/A2                              3.000000    3.278005   -0.278005 (VIOLATED)
_18523_/A2                              3.000000    3.278005   -0.278005 (VIOLATED)
_17797_/Z                               3.000000    3.278003   -0.278003 (VIOLATED)
_12991_/ZN                              3.000000    3.256237   -0.256237 (VIOLATED)
_12992_/I                               3.000000    3.256237   -0.256237 (VIOLATED)
_13018_/A1                              3.000000    3.256237   -0.256237 (VIOLATED)
_13080_/A1                              3.000000    3.256237   -0.256237 (VIOLATED)
_14291_/Z                               3.000000    3.256234   -0.256234 (VIOLATED)
_14302_/A2                              3.000000    3.256234   -0.256234 (VIOLATED)
_14809_/A3                              3.000000    3.256234   -0.256234 (VIOLATED)
_14857_/A2                              3.000000    3.256234   -0.256234 (VIOLATED)
_18182_/B1                              3.000000    3.246662   -0.246662 (VIOLATED)
_18181_/Z                               3.000000    3.246661   -0.246661 (VIOLATED)
_14102_/Z                               3.000000    3.220168   -0.220168 (VIOLATED)
_14105_/A2                              3.000000    3.220168   -0.220168 (VIOLATED)
_14995_/A2                              3.000000    3.220168   -0.220168 (VIOLATED)
_15304_/A2                              3.000000    3.220168   -0.220168 (VIOLATED)
_15540_/A2                              3.000000    3.220168   -0.220168 (VIOLATED)
_13053_/A2                              3.000000    3.216024   -0.216024 (VIOLATED)
_12978_/A3                              3.000000    3.216024   -0.216024 (VIOLATED)
_12977_/A3                              3.000000    3.216023   -0.216024 (VIOLATED)
_12987_/A2                              3.000000    3.216023   -0.216024 (VIOLATED)
_12839_/A1                              3.000000    3.216023   -0.216023 (VIOLATED)
_12895_/A3                              3.000000    3.216023   -0.216023 (VIOLATED)
_13005_/A2                              3.000000    3.216023   -0.216023 (VIOLATED)
_12835_/A3                              3.000000    3.216023   -0.216023 (VIOLATED)
_17432_/A2                              3.000000    3.216022   -0.216022 (VIOLATED)
_12906_/A4                              3.000000    3.216022   -0.216022 (VIOLATED)
_12831_/ZN                              3.000000    3.216018   -0.216019 (VIOLATED)
_17708_/Z                               3.000000    3.210360   -0.210360 (VIOLATED)
_17709_/A3                              3.000000    3.210360   -0.210360 (VIOLATED)
_17878_/A1                              3.000000    3.210360   -0.210360 (VIOLATED)
_18501_/A1                              3.000000    3.210360   -0.210360 (VIOLATED)
fanout1135/I                            3.000000    3.204468   -0.204468 (VIOLATED)
fanout1133/I                            3.000000    3.204340   -0.204340 (VIOLATED)
fanout1134/I                            3.000000    3.204301   -0.204301 (VIOLATED)
fanout1132/I                            3.000000    3.204237   -0.204237 (VIOLATED)
_15861_/ZN                              3.000000    3.204045   -0.204045 (VIOLATED)
_17816_/Z                               3.000000    3.203297   -0.203297 (VIOLATED)
_17821_/A2                              3.000000    3.203297   -0.203297 (VIOLATED)
_18457_/A2                              3.000000    3.203297   -0.203297 (VIOLATED)
_18533_/A2                              3.000000    3.203297   -0.203297 (VIOLATED)
_18251_/Z                               3.000000    3.199862   -0.199862 (VIOLATED)
_18252_/A3                              3.000000    3.199862   -0.199862 (VIOLATED)
_18348_/A2                              3.000000    3.199862   -0.199862 (VIOLATED)
_18457_/A3                              3.000000    3.199862   -0.199862 (VIOLATED)
_14680_/B1                              3.000000    3.190754   -0.190754 (VIOLATED)
_14679_/Z                               3.000000    3.190752   -0.190752 (VIOLATED)
_12828_/ZN                              3.000000    3.188758   -0.188758 (VIOLATED)
_12829_/A2                              3.000000    3.188758   -0.188758 (VIOLATED)
_12830_/A2                              3.000000    3.188758   -0.188758 (VIOLATED)
_14860_/A1                              3.000000    3.182808   -0.182808 (VIOLATED)
_19470_/A1                              3.000000    3.182808   -0.182808 (VIOLATED)
_14148_/A3                              3.000000    3.182808   -0.182808 (VIOLATED)
_14147_/A2                              3.000000    3.182807   -0.182807 (VIOLATED)
_15412_/A1                              3.000000    3.182806   -0.182806 (VIOLATED)
_17914_/A1                              3.000000    3.182805   -0.182805 (VIOLATED)
_14146_/ZN                              3.000000    3.182798   -0.182798 (VIOLATED)
_16943_/B                               3.000000    3.170631   -0.170631 (VIOLATED)
_16102_/B                               3.000000    3.170597   -0.170597 (VIOLATED)
_16354_/B                               3.000000    3.170470   -0.170470 (VIOLATED)
_16045_/B                               3.000000    3.170088   -0.170088 (VIOLATED)
_16062_/A2                              3.000000    3.169822   -0.169822 (VIOLATED)
max_cap1354/I                           3.000000    3.169538   -0.169539 (VIOLATED)
_15798_/ZN                              3.000000    3.169465   -0.169465 (VIOLATED)
fanout1841/I                            3.000000    3.167656   -0.167657 (VIOLATED)
fanout1882/I                            3.000000    3.167545   -0.167545 (VIOLATED)
input3/Z                                3.000000    3.167545   -0.167545 (VIOLATED)
_17885_/A1                              3.000000    3.161750   -0.161750 (VIOLATED)
_19439_/A1                              3.000000    3.161750   -0.161750 (VIOLATED)
_18341_/A2                              3.000000    3.161750   -0.161750 (VIOLATED)
_14235_/A2                              3.000000    3.161749   -0.161749 (VIOLATED)
_14870_/A1                              3.000000    3.161749   -0.161749 (VIOLATED)
_14236_/A3                              3.000000    3.161748   -0.161748 (VIOLATED)
_14234_/ZN                              3.000000    3.161740   -0.161740 (VIOLATED)
_13494_/A2                              3.000000    3.160829   -0.160829 (VIOLATED)
_15977_/A2                              3.000000    3.160828   -0.160828 (VIOLATED)
_13495_/A2                              3.000000    3.160828   -0.160828 (VIOLATED)
_13493_/ZN                              3.000000    3.160795   -0.160796 (VIOLATED)
_13502_/A2                              3.000000    3.160795   -0.160796 (VIOLATED)
_19337_/Z                               3.000000    3.160704   -0.160705 (VIOLATED)
_19342_/A2                              3.000000    3.160704   -0.160705 (VIOLATED)
_19390_/A1                              3.000000    3.160704   -0.160705 (VIOLATED)
_19694_/A1                              3.000000    3.160704   -0.160705 (VIOLATED)
_23054_/A1                              3.000000    3.159981   -0.159981 (VIOLATED)
fanout300/I                             3.000000    3.159975   -0.159975 (VIOLATED)
fanout301/I                             3.000000    3.159973   -0.159973 (VIOLATED)
_23964_/A1                              3.000000    3.159972   -0.159972 (VIOLATED)
fanout299/I                             3.000000    3.159887   -0.159887 (VIOLATED)
fanout302/Z                             3.000000    3.159866   -0.159866 (VIOLATED)
_14937_/A1                              3.000000    3.153142   -0.153142 (VIOLATED)
_17654_/A1                              3.000000    3.153141   -0.153142 (VIOLATED)
_19233_/A1                              3.000000    3.153141   -0.153142 (VIOLATED)
_18159_/A2                              3.000000    3.153141   -0.153141 (VIOLATED)
_14695_/A2                              3.000000    3.153140   -0.153140 (VIOLATED)
_14696_/A3                              3.000000    3.153140   -0.153140 (VIOLATED)
_14694_/ZN                              3.000000    3.153136   -0.153136 (VIOLATED)
_12906_/ZN                              3.000000    3.129314   -0.129315 (VIOLATED)
_12907_/A3                              3.000000    3.129314   -0.129315 (VIOLATED)
_12908_/A4                              3.000000    3.129314   -0.129315 (VIOLATED)
_12922_/A2                              3.000000    3.129314   -0.129315 (VIOLATED)
_12923_/A4                              3.000000    3.129314   -0.129315 (VIOLATED)
_13006_/A1                              3.000000    3.129314   -0.129315 (VIOLATED)
ANTENNA_6/I                             3.000000    3.118505   -0.118505 (VIOLATED)
fanout662/I                             3.000000    3.118505   -0.118505 (VIOLATED)
_16979_/A2                              3.000000    3.118395   -0.118395 (VIOLATED)
_16978_/ZN                              3.000000    3.118387   -0.118387 (VIOLATED)
_18134_/A3                              3.000000    3.114091   -0.114091 (VIOLATED)
_18238_/A2                              3.000000    3.114091   -0.114091 (VIOLATED)
_18133_/Z                               3.000000    3.114089   -0.114089 (VIOLATED)
_18369_/A2                              3.000000    3.114089   -0.114089 (VIOLATED)
fanout1308/I                            3.000000    3.103812   -0.103812 (VIOLATED)
fanout1305/I                            3.000000    3.103788   -0.103788 (VIOLATED)
fanout1306/I                            3.000000    3.103520   -0.103520 (VIOLATED)
fanout1304/I                            3.000000    3.103517   -0.103517 (VIOLATED)
_15880_/ZN                              3.000000    3.103348   -0.103348 (VIOLATED)
fanout1341/I                            3.000000    3.097213   -0.097213 (VIOLATED)
fanout1339/I                            3.000000    3.097191   -0.097191 (VIOLATED)
fanout1340/I                            3.000000    3.096714   -0.096714 (VIOLATED)
_15828_/ZN                              3.000000    3.096630   -0.096630 (VIOLATED)
fanout1338/I                            3.000000    3.096630   -0.096630 (VIOLATED)
_18446_/Z                               3.000000    3.088580   -0.088580 (VIOLATED)
_18447_/A2                              3.000000    3.088580   -0.088580 (VIOLATED)
_16476_/B1                              3.000000    3.087713   -0.087713 (VIOLATED)
_16474_/ZN                              3.000000    3.087699   -0.087700 (VIOLATED)
_13692_/A2                              3.000000    3.085163   -0.085163 (VIOLATED)
_16159_/A2                              3.000000    3.085163   -0.085163 (VIOLATED)
_13693_/A2                              3.000000    3.085159   -0.085159 (VIOLATED)
_13689_/A2                              3.000000    3.084981   -0.084981 (VIOLATED)
_13688_/ZN                              3.000000    3.084978   -0.084978 (VIOLATED)
fanout59/I                              3.000000    3.084643   -0.084643 (VIOLATED)
fanout57/I                              3.000000    3.084190   -0.084190 (VIOLATED)
fanout55/I                              3.000000    3.084171   -0.084171 (VIOLATED)
_22787_/ZN                              3.000000    3.084123   -0.084123 (VIOLATED)
_17877_/Z                               3.000000    3.063957   -0.063957 (VIOLATED)
_17878_/A3                              3.000000    3.063957   -0.063957 (VIOLATED)
_17980_/A2                              3.000000    3.063957   -0.063957 (VIOLATED)
_18119_/A1                              3.000000    3.063957   -0.063957 (VIOLATED)
_12927_/ZN                              3.000000    3.055494   -0.055494 (VIOLATED)
_12983_/A1                              3.000000    3.055494   -0.055494 (VIOLATED)
_12994_/B1                              3.000000    3.055494   -0.055494 (VIOLATED)
_17431_/A1                              3.000000    3.055494   -0.055494 (VIOLATED)
_16705_/B1                              3.000000    3.052517   -0.052517 (VIOLATED)
_16703_/ZN                              3.000000    3.052508   -0.052508 (VIOLATED)
_13582_/ZN                              3.000000    3.049054   -0.049055 (VIOLATED)
_13583_/B1                              3.000000    3.049054   -0.049055 (VIOLATED)
_13429_/A1                              3.000000    3.044740   -0.044740 (VIOLATED)
_13430_/A1                              3.000000    3.044740   -0.044740 (VIOLATED)
_13420_/Z                               3.000000    3.044738   -0.044738 (VIOLATED)
_19066_/Z                               3.000000    3.043881   -0.043881 (VIOLATED)
_19067_/A3                              3.000000    3.043881   -0.043881 (VIOLATED)
_19117_/A2                              3.000000    3.043881   -0.043881 (VIOLATED)
_19128_/A1                              3.000000    3.043881   -0.043881 (VIOLATED)
_18876_/ZN                              3.000000    3.041987   -0.041988 (VIOLATED)
_18877_/A2                              3.000000    3.041987   -0.041988 (VIOLATED)
fanout1169/I                            3.000000    3.036448   -0.036448 (VIOLATED)
fanout1167/I                            3.000000    3.036331   -0.036331 (VIOLATED)
fanout1168/I                            3.000000    3.036296   -0.036297 (VIOLATED)
fanout1166/I                            3.000000    3.036052   -0.036052 (VIOLATED)
_15852_/ZN                              3.000000    3.036038   -0.036038 (VIOLATED)
_18534_/A2                              3.000000    3.035540   -0.035540 (VIOLATED)
_18533_/Z                               3.000000    3.035538   -0.035538 (VIOLATED)
_13810_/A2                              3.000000    3.034036   -0.034036 (VIOLATED)
_13811_/A2                              3.000000    3.034035   -0.034035 (VIOLATED)
_16252_/A2                              3.000000    3.034030   -0.034030 (VIOLATED)
_13806_/ZN                              3.000000    3.033447   -0.033447 (VIOLATED)
_13807_/A2                              3.000000    3.033447   -0.033447 (VIOLATED)
_12772_/ZN                              3.000000    3.033041   -0.033041 (VIOLATED)
_12779_/A2                              3.000000    3.033041   -0.033041 (VIOLATED)
_12783_/A1                              3.000000    3.033041   -0.033041 (VIOLATED)
_17730_/A2                              3.000000    3.031420   -0.031420 (VIOLATED)
_17729_/Z                               3.000000    3.031418   -0.031418 (VIOLATED)
_17785_/Z                               3.000000    3.030988   -0.030988 (VIOLATED)
_17786_/A2                              3.000000    3.030988   -0.030988 (VIOLATED)
fanout1233/I                            3.000000    3.029156   -0.029156 (VIOLATED)
fanout1230/I                            3.000000    3.029153   -0.029154 (VIOLATED)
fanout1231/I                            3.000000    3.028587   -0.028587 (VIOLATED)
fanout1229/I                            3.000000    3.028461   -0.028462 (VIOLATED)
_15830_/ZN                              3.000000    3.028360   -0.028360 (VIOLATED)
_19240_/Z                               3.000000    3.022192   -0.022192 (VIOLATED)
_19249_/A1                              3.000000    3.022192   -0.022192 (VIOLATED)
_19298_/A1                              3.000000    3.022192   -0.022192 (VIOLATED)
_19619_/A1                              3.000000    3.022192   -0.022192 (VIOLATED)
_15489_/ZN                              3.000000    3.019910   -0.019910 (VIOLATED)
_15490_/B1                              3.000000    3.019910   -0.019910 (VIOLATED)
fanout1178/I                            3.000000    3.010931   -0.010931 (VIOLATED)
fanout1175/I                            3.000000    3.010844   -0.010844 (VIOLATED)
fanout1176/I                            3.000000    3.010597   -0.010598 (VIOLATED)
_15849_/ZN                              3.000000    3.010531   -0.010531 (VIOLATED)
fanout1174/I                            3.000000    3.010531   -0.010531 (VIOLATED)
fanout1405/I                            3.000000    3.008316   -0.008316 (VIOLATED)
_13403_/ZN                              3.000000    3.008315   -0.008315 (VIOLATED)
fanout431/I                             3.000000    3.007641   -0.007641 (VIOLATED)
fanout432/I                             3.000000    3.007592   -0.007593 (VIOLATED)
_16434_/ZN                              3.000000    3.007542   -0.007542 (VIOLATED)
_18977_/Z                               3.000000    3.006301   -0.006301 (VIOLATED)
_18978_/A3                              3.000000    3.006301   -0.006301 (VIOLATED)
_19028_/A2                              3.000000    3.006301   -0.006301 (VIOLATED)
_19037_/A1                              3.000000    3.006301   -0.006301 (VIOLATED)
_13791_/ZN                              3.000000    3.002280   -0.002280 (VIOLATED)
_13792_/A2                              3.000000    3.002280   -0.002280 (VIOLATED)
_14580_/A1                              3.000000    3.002280   -0.002280 (VIOLATED)
_14799_/A1                              3.000000    3.002280   -0.002280 (VIOLATED)

max fanout

Pin                                   Limit Fanout  Slack
---------------------------------------------------------
clkbuf_2_0_0_clk/Z                       10     16     -6 (VIOLATED)
clkbuf_2_1_0_clk/Z                       10     16     -6 (VIOLATED)
clkbuf_2_2_0_clk/Z                       10     16     -6 (VIOLATED)
clkbuf_2_3_0_clk/Z                       10     16     -6 (VIOLATED)
clkbuf_6_36_0_clk/Z                      10     13     -3 (VIOLATED)
clkbuf_6_55_0_clk/Z                      10     13     -3 (VIOLATED)
clkbuf_6_32_0_clk/Z                      10     12     -2 (VIOLATED)
clkbuf_6_33_0_clk/Z                      10     12     -2 (VIOLATED)
clkbuf_6_39_0_clk/Z                      10     12     -2 (VIOLATED)
clkbuf_6_41_0_clk/Z                      10     12     -2 (VIOLATED)
clkbuf_6_48_0_clk/Z                      10     12     -2 (VIOLATED)
clkbuf_6_56_0_clk/Z                      10     12     -2 (VIOLATED)
clkbuf_6_57_0_clk/Z                      10     12     -2 (VIOLATED)
clkbuf_6_58_0_clk/Z                      10     12     -2 (VIOLATED)
clkbuf_leaf_301_clk/Z                    10     12     -2 (VIOLATED)
clkbuf_6_34_0_clk/Z                      10     11        (VIOLATED)
clkbuf_6_35_0_clk/Z                      10     11        (VIOLATED)
clkbuf_6_37_0_clk/Z                      10     11        (VIOLATED)
clkbuf_6_38_0_clk/Z                      10     11        (VIOLATED)
clkbuf_6_46_0_clk/Z                      10     11        (VIOLATED)
clkbuf_6_50_0_clk/Z                      10     11        (VIOLATED)
clkbuf_6_54_0_clk/Z                      10     11        (VIOLATED)
clkbuf_6_59_0_clk/Z                      10     11        (VIOLATED)
clkbuf_6_61_0_clk/Z                      10     11        (VIOLATED)
clkbuf_leaf_161_clk/Z                    10     11        (VIOLATED)
clkbuf_leaf_218_clk/Z                    10     11        (VIOLATED)
clkbuf_leaf_290_clk/Z                    10     11        (VIOLATED)

max capacitance

Pin                                        Limit         Cap       Slack
------------------------------------------------------------------------
clkbuf_2_1_0_clk/Z                      0.200000    0.469499   -0.269499 (VIOLATED)
clkbuf_2_0_0_clk/Z                      0.200000    0.456464   -0.256464 (VIOLATED)
clkbuf_2_2_0_clk/Z                      0.200000    0.445414   -0.245414 (VIOLATED)
clkbuf_2_3_0_clk/Z                      0.200000    0.443912   -0.243912 (VIOLATED)
fanout1183/Z                            0.200000    0.386156   -0.186156 (VIOLATED)
fanout1321/Z                            0.200000    0.377720   -0.177720 (VIOLATED)
fanout1070/Z                            0.200000    0.375820   -0.175820 (VIOLATED)
fanout1431/Z                            0.200000    0.360764   -0.160764 (VIOLATED)
fanout1117/Z                            0.200000    0.359845   -0.159845 (VIOLATED)
fanout1332/Z                            0.200000    0.357604   -0.157604 (VIOLATED)
fanout1080/Z                            0.200000    0.355626   -0.155626 (VIOLATED)
fanout1113/Z                            0.200000    0.355234   -0.155234 (VIOLATED)
clkbuf_0_clk/Z                          0.200000    0.354707   -0.154707 (VIOLATED)
fanout1238/Z                            0.200000    0.354460   -0.154460 (VIOLATED)
fanout1328/Z                            0.200000    0.354075   -0.154075 (VIOLATED)
fanout879/Z                             0.200000    0.353977   -0.153977 (VIOLATED)
fanout1065/Z                            0.200000    0.353016   -0.153016 (VIOLATED)
fanout1155/Z                            0.200000    0.352516   -0.152516 (VIOLATED)
fanout1261/Z                            0.200000    0.351248   -0.151248 (VIOLATED)
fanout1316/Z                            0.200000    0.351092   -0.151092 (VIOLATED)
fanout1110/Z                            0.200000    0.347447   -0.147447 (VIOLATED)
fanout748/Z                             0.200000    0.344512   -0.144512 (VIOLATED)
fanout1243/Z                            0.200000    0.344055   -0.144055 (VIOLATED)
fanout1195/Z                            0.200000    0.343405   -0.143405 (VIOLATED)
fanout1085/Z                            0.200000    0.341436   -0.141436 (VIOLATED)
fanout1266/Z                            0.200000    0.340173   -0.140173 (VIOLATED)
fanout806/Z                             0.200000    0.339826   -0.139826 (VIOLATED)
fanout1255/Z                            0.200000    0.339748   -0.139748 (VIOLATED)
fanout1075/Z                            0.200000    0.338719   -0.138719 (VIOLATED)
max_cap1318/Z                           0.200000    0.338201   -0.138201 (VIOLATED)
fanout1149/Z                            0.200000    0.338029   -0.138029 (VIOLATED)
max_cap1092/Z                           0.200000    0.337900   -0.137900 (VIOLATED)
fanout1245/Z                            0.200000    0.335421   -0.135421 (VIOLATED)
fanout1121/Z                            0.200000    0.333888   -0.133888 (VIOLATED)
fanout884/Z                             0.200000    0.333685   -0.133685 (VIOLATED)
fanout1323/Z                            0.200000    0.333137   -0.133137 (VIOLATED)
fanout1211/Z                            0.200000    0.330645   -0.130645 (VIOLATED)
fanout1106/Z                            0.200000    0.328838   -0.128838 (VIOLATED)
fanout1296/Z                            0.200000    0.328765   -0.128765 (VIOLATED)
fanout551/Z                             0.200000    0.328429   -0.128429 (VIOLATED)
fanout1197/Z                            0.200000    0.328025   -0.128025 (VIOLATED)
max_cap1130/Z                           0.200000    0.326981   -0.126981 (VIOLATED)
fanout1125/Z                            0.200000    0.326693   -0.126693 (VIOLATED)
fanout1277/Z                            0.200000    0.325211   -0.125211 (VIOLATED)
fanout1108/Z                            0.200000    0.324562   -0.124562 (VIOLATED)
max_cap1119/Z                           0.200000    0.323219   -0.123219 (VIOLATED)
fanout1229/Z                            0.200000    0.322996   -0.122996 (VIOLATED)
fanout1185/Z                            0.200000    0.322836   -0.122836 (VIOLATED)
fanout1191/Z                            0.200000    0.322540   -0.122540 (VIOLATED)
fanout1112/Z                            0.200000    0.322140   -0.122140 (VIOLATED)
fanout1164/Z                            0.200000    0.321256   -0.121256 (VIOLATED)
fanout1151/Z                            0.200000    0.319985   -0.119985 (VIOLATED)
fanout989/Z                             0.200000    0.319172   -0.119172 (VIOLATED)
fanout1269/Z                            0.200000    0.319052   -0.119052 (VIOLATED)
fanout1087/Z                            0.200000    0.318996   -0.118996 (VIOLATED)
fanout231/Z                             0.200000    0.318045   -0.118045 (VIOLATED)
fanout1134/Z                            0.200000    0.317258   -0.117258 (VIOLATED)
fanout1263/Z                            0.200000    0.315782   -0.115782 (VIOLATED)
fanout1084/Z                            0.200000    0.314419   -0.114419 (VIOLATED)
fanout1256/Z                            0.200000    0.314127   -0.114127 (VIOLATED)
fanout972/Z                             0.200000    0.313864   -0.113864 (VIOLATED)
fanout1097/Z                            0.200000    0.313281   -0.113281 (VIOLATED)
fanout1098/Z                            0.200000    0.313257   -0.113257 (VIOLATED)
fanout1273/Z                            0.200000    0.312402   -0.112402 (VIOLATED)
fanout697/Z                             0.200000    0.311895   -0.111895 (VIOLATED)
fanout1462/Z                            0.200000    0.311848   -0.111848 (VIOLATED)
fanout1344/Z                            0.200000    0.311499   -0.111499 (VIOLATED)
fanout1223/Z                            0.200000    0.311455   -0.111455 (VIOLATED)
fanout1189/Z                            0.200000    0.310437   -0.110437 (VIOLATED)
fanout1297/Z                            0.200000    0.309941   -0.109941 (VIOLATED)
fanout1148/Z                            0.200000    0.309408   -0.109408 (VIOLATED)
fanout1336/Z                            0.200000    0.307247   -0.107247 (VIOLATED)
fanout1275/Z                            0.200000    0.307149   -0.107149 (VIOLATED)
fanout1320/Z                            0.200000    0.306813   -0.106813 (VIOLATED)
fanout1330/Z                            0.200000    0.306682   -0.106682 (VIOLATED)
fanout1586/Z                            0.200000    0.306321   -0.106321 (VIOLATED)
fanout1172/Z                            0.200000    0.305863   -0.105863 (VIOLATED)
_14974_/ZN                              0.200000    0.305682   -0.105682 (VIOLATED)
fanout1190/Z                            0.200000    0.304757   -0.104757 (VIOLATED)
fanout76/Z                              0.200000    0.304407   -0.104407 (VIOLATED)
fanout1265/Z                            0.200000    0.302536   -0.102536 (VIOLATED)
fanout1141/Z                            0.200000    0.302108   -0.102108 (VIOLATED)
fanout1270/Z                            0.200000    0.301024   -0.101024 (VIOLATED)
fanout1227/Z                            0.200000    0.300923   -0.100923 (VIOLATED)
fanout1258/Z                            0.200000    0.300793   -0.100793 (VIOLATED)
fanout823/Z                             0.200000    0.300462   -0.100462 (VIOLATED)
fanout730/Z                             0.200000    0.300072   -0.100072 (VIOLATED)
fanout1168/Z                            0.200000    0.299150   -0.099150 (VIOLATED)
fanout1253/Z                            0.200000    0.298999   -0.098999 (VIOLATED)
wire1209/Z                              0.200000    0.298635   -0.098635 (VIOLATED)
fanout1203/Z                            0.200000    0.298363   -0.098363 (VIOLATED)
fanout1207/Z                            0.200000    0.297074   -0.097074 (VIOLATED)
fanout1170/Z                            0.200000    0.296969   -0.096969 (VIOLATED)
fanout1247/Z                            0.200000    0.296955   -0.096955 (VIOLATED)
fanout1225/Z                            0.200000    0.296816   -0.096816 (VIOLATED)
fanout1127/Z                            0.200000    0.296438   -0.096438 (VIOLATED)
fanout739/Z                             0.200000    0.296361   -0.096361 (VIOLATED)
fanout1239/Z                            0.200000    0.295597   -0.095597 (VIOLATED)
fanout1182/Z                            0.200000    0.294870   -0.094870 (VIOLATED)
fanout1071/Z                            0.200000    0.294509   -0.094509 (VIOLATED)
fanout1161/Z                            0.200000    0.292854   -0.092854 (VIOLATED)
fanout1157/Z                            0.200000    0.292740   -0.092740 (VIOLATED)
fanout1102/Z                            0.200000    0.292346   -0.092346 (VIOLATED)
fanout1274/Z                            0.200000    0.292296   -0.092296 (VIOLATED)
fanout1180/Z                            0.200000    0.291874   -0.091874 (VIOLATED)
fanout575/Z                             0.200000    0.291724   -0.091724 (VIOLATED)
fanout1342/Z                            0.200000    0.291682   -0.091682 (VIOLATED)
fanout1334/Z                            0.200000    0.291216   -0.091216 (VIOLATED)
fanout1136/Z                            0.200000    0.291004   -0.091004 (VIOLATED)
fanout1147/Z                            0.200000    0.288677   -0.088677 (VIOLATED)
fanout1459/Z                            0.200000    0.288157   -0.088157 (VIOLATED)
fanout1104/Z                            0.200000    0.287575   -0.087575 (VIOLATED)
fanout1300/Z                            0.200000    0.287496   -0.087496 (VIOLATED)
fanout1326/Z                            0.200000    0.285091   -0.085091 (VIOLATED)
fanout1123/Z                            0.200000    0.284716   -0.084716 (VIOLATED)
fanout1578/Z                            0.200000    0.284637   -0.084637 (VIOLATED)
fanout1201/Z                            0.200000    0.284520   -0.084520 (VIOLATED)
fanout1094/Z                            0.200000    0.284093   -0.084093 (VIOLATED)
fanout705/Z                             0.200000    0.283873   -0.083873 (VIOLATED)
fanout1193/Z                            0.200000    0.281656   -0.081656 (VIOLATED)
fanout1304/Z                            0.200000    0.281550   -0.081550 (VIOLATED)
max_cap1307/Z                           0.200000    0.281332   -0.081332 (VIOLATED)
fanout855/Z                             0.200000    0.280910   -0.080910 (VIOLATED)
fanout1418/Z                            0.200000    0.280540   -0.080540 (VIOLATED)
fanout1430/Z                            0.200000    0.280335   -0.080335 (VIOLATED)
fanout1249/Z                            0.200000    0.279661   -0.079661 (VIOLATED)
fanout1234/Z                            0.200000    0.279539   -0.079539 (VIOLATED)
fanout1205/Z                            0.200000    0.279165   -0.079165 (VIOLATED)
fanout1315/Z                            0.200000    0.278408   -0.078408 (VIOLATED)
fanout1221/Z                            0.200000    0.278337   -0.078337 (VIOLATED)
fanout1096/Z                            0.200000    0.278259   -0.078259 (VIOLATED)
fanout1322/Z                            0.200000    0.278087   -0.078087 (VIOLATED)
fanout1228/Z                            0.200000    0.277477   -0.077477 (VIOLATED)
fanout1138/Z                            0.200000    0.276837   -0.076837 (VIOLATED)
fanout1252/Z                            0.200000    0.276746   -0.076746 (VIOLATED)
fanout1074/Z                            0.200000    0.276603   -0.076603 (VIOLATED)
fanout1340/Z                            0.200000    0.276204   -0.076204 (VIOLATED)
fanout1283/Z                            0.200000    0.275746   -0.075746 (VIOLATED)
fanout1478/Z                            0.200000    0.275577   -0.075577 (VIOLATED)
fanout1114/Z                            0.200000    0.275574   -0.075574 (VIOLATED)
_18543_/Z                               0.200000    0.275485   -0.075485 (VIOLATED)
fanout1144/Z                            0.200000    0.275380   -0.075380 (VIOLATED)
fanout1460/Z                            0.200000    0.274860   -0.074860 (VIOLATED)
fanout1346/Z                            0.200000    0.273968   -0.073968 (VIOLATED)
fanout1116/Z                            0.200000    0.273601   -0.073601 (VIOLATED)
fanout1220/Z                            0.200000    0.273168   -0.073168 (VIOLATED)
fanout1089/Z                            0.200000    0.272647   -0.072647 (VIOLATED)
fanout1714/Z                            0.200000    0.272531   -0.072531 (VIOLATED)
_13222_/ZN                              0.200000    0.272168   -0.072168 (VIOLATED)
fanout1140/Z                            0.200000    0.271686   -0.071686 (VIOLATED)
fanout1063/Z                            0.200000    0.271127   -0.071127 (VIOLATED)
_18883_/ZN                              0.200000    0.271124   -0.071124 (VIOLATED)
fanout1213/Z                            0.200000    0.270240   -0.070240 (VIOLATED)
fanout1100/Z                            0.200000    0.270125   -0.070125 (VIOLATED)
fanout1145/Z                            0.200000    0.269362   -0.069362 (VIOLATED)
fanout1152/Z                            0.200000    0.269069   -0.069069 (VIOLATED)
fanout1313/Z                            0.200000    0.269055   -0.069055 (VIOLATED)
fanout1124/Z                            0.200000    0.268991   -0.068991 (VIOLATED)
fanout1302/Z                            0.200000    0.267806   -0.067806 (VIOLATED)
fanout851/Z                             0.200000    0.267614   -0.067614 (VIOLATED)
fanout1699/Z                            0.200000    0.267349   -0.067349 (VIOLATED)
fanout641/Z                             0.200000    0.267089   -0.067089 (VIOLATED)
fanout1088/Z                            0.200000    0.266911   -0.066911 (VIOLATED)
fanout1350/Z                            0.200000    0.266584   -0.066584 (VIOLATED)
fanout1254/Z                            0.200000    0.266526   -0.066526 (VIOLATED)
fanout1187/Z                            0.200000    0.266508   -0.066508 (VIOLATED)
fanout938/Z                             0.200000    0.266272   -0.066272 (VIOLATED)
fanout271/Z                             0.200000    0.265933   -0.065933 (VIOLATED)
fanout1216/Z                            0.200000    0.265714   -0.065714 (VIOLATED)
_15875_/ZN                              0.200000    0.265333   -0.065333 (VIOLATED)
fanout1115/Z                            0.200000    0.265273   -0.065273 (VIOLATED)
fanout1241/Z                            0.200000    0.264275   -0.064275 (VIOLATED)
fanout744/Z                             0.200000    0.263682   -0.063682 (VIOLATED)
fanout1162/Z                            0.200000    0.263649   -0.063649 (VIOLATED)
fanout1126/Z                            0.200000    0.263530   -0.063530 (VIOLATED)
fanout1132/Z                            0.200000    0.263366   -0.063366 (VIOLATED)
fanout1295/Z                            0.200000    0.263321   -0.063321 (VIOLATED)
fanout1338/Z                            0.200000    0.262624   -0.062624 (VIOLATED)
fanout1484/Z                            0.200000    0.262158   -0.062158 (VIOLATED)
fanout883/Z                             0.200000    0.261214   -0.061214 (VIOLATED)
fanout1153/Z                            0.200000    0.260965   -0.060965 (VIOLATED)
fanout863/Z                             0.200000    0.260547   -0.060547 (VIOLATED)
fanout280/Z                             0.200000    0.260280   -0.060280 (VIOLATED)
fanout1324/Z                            0.200000    0.260083   -0.060083 (VIOLATED)
fanout1486/Z                            0.200000    0.259855   -0.059855 (VIOLATED)
fanout1309/Z                            0.200000    0.259451   -0.059451 (VIOLATED)
fanout1069/Z                            0.200000    0.258457   -0.058457 (VIOLATED)
fanout1417/Z                            0.200000    0.257826   -0.057826 (VIOLATED)
fanout1712/Z                            0.200000    0.257621   -0.057621 (VIOLATED)
fanout904/Z                             0.200000    0.255744   -0.055744 (VIOLATED)
fanout1212/Z                            0.200000    0.255666   -0.055666 (VIOLATED)
_13339_/ZN                              0.200000    0.255256   -0.055256 (VIOLATED)
fanout1325/Z                            0.200000    0.254322   -0.054322 (VIOLATED)
fanout990/Z                             0.200000    0.253602   -0.053602 (VIOLATED)
fanout1073/Z                            0.200000    0.253508   -0.053508 (VIOLATED)
_14972_/Z                               0.200000    0.252801   -0.052801 (VIOLATED)
_15802_/ZN                              0.200000    0.252740   -0.052740 (VIOLATED)
max_cap1299/Z                           0.200000    0.252495   -0.052496 (VIOLATED)
_12843_/ZN                              0.200000    0.251368   -0.051368 (VIOLATED)
fanout881/Z                             0.200000    0.251256   -0.051256 (VIOLATED)
fanout1086/Z                            0.200000    0.251219   -0.051219 (VIOLATED)
fanout1271/Z                            0.200000    0.250787   -0.050787 (VIOLATED)
fanout1202/Z                            0.200000    0.250541   -0.050541 (VIOLATED)
fanout1235/Z                            0.200000    0.249700   -0.049700 (VIOLATED)
_13188_/ZN                              0.200000    0.249560   -0.049560 (VIOLATED)
fanout1319/Z                            0.200000    0.249445   -0.049445 (VIOLATED)
fanout1200/Z                            0.200000    0.249069   -0.049069 (VIOLATED)
fanout1717/Z                            0.200000    0.248578   -0.048578 (VIOLATED)
fanout1174/Z                            0.200000    0.248230   -0.048230 (VIOLATED)
fanout1314/Z                            0.200000    0.247318   -0.047318 (VIOLATED)
fanout136/Z                             0.200000    0.247143   -0.047143 (VIOLATED)
fanout1272/Z                            0.200000    0.246811   -0.046811 (VIOLATED)
fanout1166/Z                            0.200000    0.246314   -0.046314 (VIOLATED)
fanout256/Z                             0.200000    0.245649   -0.045649 (VIOLATED)
fanout1111/Z                            0.200000    0.245321   -0.045321 (VIOLATED)
_13377_/Z                               0.200000    0.245103   -0.045103 (VIOLATED)
fanout1573/Z                            0.200000    0.245041   -0.045041 (VIOLATED)
fanout1352/Z                            0.200000    0.244845   -0.044845 (VIOLATED)
fanout849/Z                             0.200000    0.243883   -0.043883 (VIOLATED)
fanout840/Z                             0.200000    0.243654   -0.043654 (VIOLATED)
fanout1499/Z                            0.200000    0.243009   -0.043009 (VIOLATED)
fanout558/Z                             0.200000    0.242464   -0.042464 (VIOLATED)
fanout755/Z                             0.200000    0.242190   -0.042190 (VIOLATED)
fanout115/Z                             0.200000    0.241340   -0.041340 (VIOLATED)
fanout23/Z                              0.200000    0.241087   -0.041087 (VIOLATED)
_20966_/ZN                              0.200000    0.240949   -0.040949 (VIOLATED)
fanout936/Z                             0.200000    0.240525   -0.040525 (VIOLATED)
_15844_/ZN                              0.200000    0.240500   -0.040500 (VIOLATED)
fanout208/Z                             0.200000    0.239968   -0.039968 (VIOLATED)
_15834_/ZN                              0.200000    0.239377   -0.039377 (VIOLATED)
fanout1165/Z                            0.200000    0.238883   -0.038883 (VIOLATED)
fanout1476/Z                            0.200000    0.238842   -0.038842 (VIOLATED)
fanout206/Z                             0.200000    0.237888   -0.037888 (VIOLATED)
_15878_/ZN                              0.200000    0.237810   -0.037810 (VIOLATED)
fanout783/Z                             0.200000    0.237549   -0.037549 (VIOLATED)
fanout1259/Z                            0.200000    0.237095   -0.037095 (VIOLATED)
fanout1251/Z                            0.200000    0.236467   -0.036467 (VIOLATED)
fanout826/Z                             0.200000    0.236158   -0.036158 (VIOLATED)
fanout1577/Z                            0.200000    0.236122   -0.036122 (VIOLATED)
fanout264/Z                             0.200000    0.235925   -0.035925 (VIOLATED)
fanout171/Z                             0.200000    0.235888   -0.035888 (VIOLATED)
max_cap1083/Z                           0.200000    0.235220   -0.035220 (VIOLATED)
fanout1429/Z                            0.200000    0.234447   -0.034447 (VIOLATED)
fanout1720/Z                            0.200000    0.233791   -0.033791 (VIOLATED)
fanout1214/Z                            0.200000    0.233634   -0.033634 (VIOLATED)
fanout1067/Z                            0.200000    0.233552   -0.033552 (VIOLATED)
fanout1068/Z                            0.200000    0.233320   -0.033320 (VIOLATED)
fanout797/Z                             0.200000    0.233245   -0.033245 (VIOLATED)
fanout124/Z                             0.200000    0.233225   -0.033225 (VIOLATED)
fanout1292/Z                            0.200000    0.233199   -0.033199 (VIOLATED)
fanout854/Z                             0.200000    0.233087   -0.033087 (VIOLATED)
fanout193/Z                             0.200000    0.232856   -0.032856 (VIOLATED)
fanout1590/Z                            0.200000    0.232443   -0.032443 (VIOLATED)
fanout67/Z                              0.200000    0.231796   -0.031796 (VIOLATED)
fanout1150/Z                            0.200000    0.231749   -0.031749 (VIOLATED)
fanout1199/Z                            0.200000    0.231428   -0.031428 (VIOLATED)
fanout649/Z                             0.200000    0.231191   -0.031191 (VIOLATED)
clkbuf_6_33_0_clk/Z                     0.200000    0.231149   -0.031149 (VIOLATED)
fanout1693/Z                            0.200000    0.231055   -0.031055 (VIOLATED)
_15861_/ZN                              0.200000    0.230950   -0.030950 (VIOLATED)
fanout1592/Z                            0.200000    0.230886   -0.030886 (VIOLATED)
fanout620/Z                             0.200000    0.230424   -0.030424 (VIOLATED)
fanout830/Z                             0.200000    0.230264   -0.030264 (VIOLATED)
clkbuf_6_39_0_clk/Z                     0.200000    0.229955   -0.029955 (VIOLATED)
fanout1133/Z                            0.200000    0.229316   -0.029316 (VIOLATED)
fanout963/Z                             0.200000    0.229144   -0.029145 (VIOLATED)
_15798_/ZN                              0.200000    0.229095   -0.029095 (VIOLATED)
max_cap1078/Z                           0.200000    0.228552   -0.028552 (VIOLATED)
_12849_/Z                               0.200000    0.227914   -0.027914 (VIOLATED)
fanout1311/Z                            0.200000    0.227889   -0.027889 (VIOLATED)
fanout163/Z                             0.200000    0.227575   -0.027575 (VIOLATED)
fanout143/Z                             0.200000    0.227561   -0.027561 (VIOLATED)
fanout816/Z                             0.200000    0.227095   -0.027095 (VIOLATED)
fanout839/Z                             0.200000    0.226644   -0.026644 (VIOLATED)
clkbuf_6_36_0_clk/Z                     0.200000    0.226535   -0.026535 (VIOLATED)
fanout1495/Z                            0.200000    0.226381   -0.026381 (VIOLATED)
fanout1095/Z                            0.200000    0.226222   -0.026222 (VIOLATED)
fanout780/Z                             0.200000    0.225790   -0.025790 (VIOLATED)
fanout926/Z                             0.200000    0.225682   -0.025682 (VIOLATED)
fanout1257/Z                            0.200000    0.225625   -0.025625 (VIOLATED)
fanout561/Z                             0.200000    0.225601   -0.025601 (VIOLATED)
clkbuf_6_48_0_clk/Z                     0.200000    0.225476   -0.025476 (VIOLATED)
fanout977/Z                             0.200000    0.225121   -0.025121 (VIOLATED)
fanout1268/Z                            0.200000    0.224765   -0.024765 (VIOLATED)
fanout942/Z                             0.200000    0.224339   -0.024339 (VIOLATED)
fanout902/Z                             0.200000    0.224089   -0.024089 (VIOLATED)
fanout1584/Z                            0.200000    0.223968   -0.023968 (VIOLATED)
_17802_/Z                               0.124600    0.148187   -0.023587 (VIOLATED)
fanout974/Z                             0.200000    0.223316   -0.023316 (VIOLATED)
_15880_/ZN                              0.200000    0.223190   -0.023190 (VIOLATED)
fanout628/Z                             0.200000    0.222902   -0.022902 (VIOLATED)
_15828_/ZN                              0.200000    0.222712   -0.022712 (VIOLATED)
clkbuf_6_37_0_clk/Z                     0.200000    0.222623   -0.022623 (VIOLATED)
fanout722/Z                             0.200000    0.222542   -0.022542 (VIOLATED)
fanout1188/Z                            0.200000    0.222427   -0.022427 (VIOLATED)
fanout1715/Z                            0.200000    0.222337   -0.022337 (VIOLATED)
fanout1349/Z                            0.200000    0.221874   -0.021874 (VIOLATED)
fanout247/Z                             0.200000    0.221496   -0.021496 (VIOLATED)
fanout1716/Z                            0.200000    0.220945   -0.020945 (VIOLATED)
fanout776/Z                             0.200000    0.220732   -0.020732 (VIOLATED)
fanout809/Z                             0.200000    0.219480   -0.019480 (VIOLATED)
fanout168/Z                             0.200000    0.219114   -0.019114 (VIOLATED)
fanout1485/Z                            0.200000    0.219043   -0.019043 (VIOLATED)
clkbuf_6_38_0_clk/Z                     0.200000    0.218219   -0.018219 (VIOLATED)
_15830_/ZN                              0.200000    0.218134   -0.018134 (VIOLATED)
fanout579/Z                             0.200000    0.218103   -0.018103 (VIOLATED)
fanout31/Z                              0.200000    0.217960   -0.017960 (VIOLATED)
_15852_/ZN                              0.200000    0.217901   -0.017901 (VIOLATED)
fanout1240/Z                            0.200000    0.217870   -0.017870 (VIOLATED)
fanout65/Z                              0.200000    0.217533   -0.017533 (VIOLATED)
fanout180/Z                             0.200000    0.217528   -0.017528 (VIOLATED)
fanout160/Z                             0.200000    0.217227   -0.017227 (VIOLATED)
fanout866/Z                             0.200000    0.216972   -0.016972 (VIOLATED)
clkbuf_6_45_0_clk/Z                     0.200000    0.216822   -0.016822 (VIOLATED)
fanout1276/Z                            0.200000    0.216566   -0.016566 (VIOLATED)
fanout1371/Z                            0.200000    0.216147   -0.016147 (VIOLATED)
fanout968/Z                             0.200000    0.216137   -0.016137 (VIOLATED)
fanout870/Z                             0.200000    0.216002   -0.016002 (VIOLATED)
fanout616/Z                             0.200000    0.215965   -0.015965 (VIOLATED)
_15849_/ZN                              0.200000    0.215856   -0.015856 (VIOLATED)
fanout940/Z                             0.200000    0.215763   -0.015763 (VIOLATED)
fanout837/Z                             0.200000    0.215624   -0.015624 (VIOLATED)
fanout693/Z                             0.200000    0.215447   -0.015447 (VIOLATED)
fanout197/Z                             0.200000    0.215341   -0.015341 (VIOLATED)
fanout908/Z                             0.200000    0.215187   -0.015187 (VIOLATED)
fanout903/Z                             0.200000    0.215053   -0.015053 (VIOLATED)
fanout1756/Z                            0.200000    0.214901   -0.014901 (VIOLATED)
fanout194/Z                             0.200000    0.214549   -0.014549 (VIOLATED)
fanout557/Z                             0.200000    0.214367   -0.014367 (VIOLATED)
fanout901/Z                             0.200000    0.214153   -0.014153 (VIOLATED)
fanout891/Z                             0.200000    0.214022   -0.014022 (VIOLATED)
max_cap1232/Z                           0.200000    0.213925   -0.013925 (VIOLATED)
fanout772/Z                             0.200000    0.213925   -0.013925 (VIOLATED)
fanout1481/Z                            0.200000    0.213848   -0.013848 (VIOLATED)
fanout784/Z                             0.200000    0.213710   -0.013710 (VIOLATED)
fanout596/Z                             0.200000    0.213710   -0.013710 (VIOLATED)
fanout811/Z                             0.200000    0.213671   -0.013671 (VIOLATED)
fanout88/Z                              0.200000    0.213600   -0.013600 (VIOLATED)
fanout1604/Z                            0.200000    0.213078   -0.013078 (VIOLATED)
_21877_/ZN                              0.200000    0.212941   -0.012941 (VIOLATED)
_13155_/Z                               0.200000    0.212659   -0.012659 (VIOLATED)
fanout1582/Z                            0.200000    0.212494   -0.012494 (VIOLATED)
fanout969/Z                             0.200000    0.212185   -0.012185 (VIOLATED)
fanout164/Z                             0.200000    0.212118   -0.012118 (VIOLATED)
fanout28/Z                              0.200000    0.212103   -0.012103 (VIOLATED)
fanout26/Z                              0.200000    0.212051   -0.012051 (VIOLATED)
fanout593/Z                             0.200000    0.211891   -0.011891 (VIOLATED)
fanout858/Z                             0.200000    0.211838   -0.011838 (VIOLATED)
max_cap1237/Z                           0.200000    0.211802   -0.011802 (VIOLATED)
fanout1081/Z                            0.200000    0.211708   -0.011708 (VIOLATED)
fanout893/Z                             0.200000    0.211702   -0.011702 (VIOLATED)
fanout572/Z                             0.200000    0.211671   -0.011671 (VIOLATED)
fanout1569/Z                            0.200000    0.211459   -0.011459 (VIOLATED)
fanout273/Z                             0.200000    0.211141   -0.011141 (VIOLATED)
_23958_/ZN                              0.200000    0.211129   -0.011129 (VIOLATED)
_15860_/ZN                              0.200000    0.210401   -0.010401 (VIOLATED)
fanout1497/Z                            0.200000    0.210316   -0.010316 (VIOLATED)
clkbuf_6_56_0_clk/Z                     0.200000    0.210207   -0.010207 (VIOLATED)
fanout1179/Z                            0.200000    0.210128   -0.010128 (VIOLATED)
fanout1267/Z                            0.200000    0.210039   -0.010039 (VIOLATED)
fanout846/Z                             0.200000    0.209905   -0.009905 (VIOLATED)
fanout60/Z                              0.200000    0.209785   -0.009785 (VIOLATED)
fanout132/Z                             0.200000    0.209771   -0.009771 (VIOLATED)
fanout828/Z                             0.200000    0.209474   -0.009474 (VIOLATED)
fanout833/Z                             0.200000    0.209305   -0.009305 (VIOLATED)
fanout1574/Z                            0.200000    0.208821   -0.008821 (VIOLATED)
fanout1210/Z                            0.200000    0.208799   -0.008799 (VIOLATED)
fanout911/Z                             0.200000    0.208780   -0.008780 (VIOLATED)
fanout1260/Z                            0.200000    0.208754   -0.008754 (VIOLATED)
fanout735/Z                             0.200000    0.208538   -0.008538 (VIOLATED)
fanout621/Z                             0.200000    0.208468   -0.008468 (VIOLATED)
fanout1479/Z                            0.200000    0.208389   -0.008389 (VIOLATED)
fanout1333/Z                            0.200000    0.208136   -0.008136 (VIOLATED)
fanout988/Z                             0.200000    0.207869   -0.007869 (VIOLATED)
_15820_/ZN                              0.200000    0.207573   -0.007573 (VIOLATED)
_17638_/Z                               0.120700    0.128226   -0.007526 (VIOLATED)
fanout750/Z                             0.200000    0.207406   -0.007406 (VIOLATED)
fanout559/Z                             0.200000    0.207287   -0.007287 (VIOLATED)
fanout874/Z                             0.200000    0.207274   -0.007274 (VIOLATED)
fanout852/Z                             0.200000    0.207244   -0.007244 (VIOLATED)
fanout1120/Z                            0.200000    0.207125   -0.007125 (VIOLATED)
fanout1554/Z                            0.200000    0.206883   -0.006883 (VIOLATED)
_15821_/ZN                              0.200000    0.206351   -0.006351 (VIOLATED)
fanout1698/Z                            0.200000    0.206334   -0.006334 (VIOLATED)
fanout189/Z                             0.200000    0.206263   -0.006263 (VIOLATED)
max_cap1177/Z                           0.200000    0.206024   -0.006024 (VIOLATED)
_15929_/ZN                              0.200000    0.205997   -0.005997 (VIOLATED)
fanout861/Z                             0.200000    0.205976   -0.005976 (VIOLATED)
clkbuf_6_58_0_clk/Z                     0.200000    0.205854   -0.005854 (VIOLATED)
fanout36/Z                              0.200000    0.205846   -0.005846 (VIOLATED)
fanout144/Z                             0.200000    0.205691   -0.005691 (VIOLATED)
fanout47/Z                              0.200000    0.205690   -0.005690 (VIOLATED)
fanout555/Z                             0.200000    0.205657   -0.005657 (VIOLATED)
fanout1226/Z                            0.200000    0.205646   -0.005646 (VIOLATED)
fanout1563/Z                            0.200000    0.205575   -0.005575 (VIOLATED)
clkbuf_6_60_0_clk/Z                     0.200000    0.205486   -0.005486 (VIOLATED)
clkbuf_6_46_0_clk/Z                     0.200000    0.205405   -0.005405 (VIOLATED)
fanout885/Z                             0.200000    0.205174   -0.005174 (VIOLATED)
fanout61/Z                              0.200000    0.205164   -0.005164 (VIOLATED)
fanout713/Z                             0.200000    0.205157   -0.005157 (VIOLATED)
clkbuf_6_50_0_clk/Z                     0.200000    0.205126   -0.005126 (VIOLATED)
fanout110/Z                             0.200000    0.205082   -0.005082 (VIOLATED)
_13648_/ZN                              0.200000    0.205069   -0.005069 (VIOLATED)
fanout1305/Z                            0.200000    0.205064   -0.005064 (VIOLATED)
_18886_/ZN                              0.200000    0.204951   -0.004951 (VIOLATED)
fanout966/Z                             0.200000    0.204940   -0.004940 (VIOLATED)
clkbuf_6_62_0_clk/Z                     0.200000    0.204632   -0.004632 (VIOLATED)
clkbuf_6_41_0_clk/Z                     0.200000    0.204613   -0.004613 (VIOLATED)
fanout1764/Z                            0.200000    0.204469   -0.004469 (VIOLATED)
fanout1602/Z                            0.200000    0.204294   -0.004294 (VIOLATED)
clkbuf_6_57_0_clk/Z                     0.200000    0.203891   -0.003891 (VIOLATED)
_15392_/ZN                              0.200000    0.203628   -0.003628 (VIOLATED)
clkbuf_6_44_0_clk/Z                     0.200000    0.203606   -0.003606 (VIOLATED)
fanout971/Z                             0.200000    0.203467   -0.003467 (VIOLATED)
fanout1146/Z                            0.200000    0.202910   -0.002910 (VIOLATED)
fanout1754/Z                            0.200000    0.202865   -0.002865 (VIOLATED)
fanout42/Z                              0.200000    0.202854   -0.002854 (VIOLATED)
fanout835/Z                             0.200000    0.202408   -0.002408 (VIOLATED)
fanout1107/Z                            0.200000    0.202360   -0.002360 (VIOLATED)
fanout842/Z                             0.200000    0.202154   -0.002154 (VIOLATED)
fanout179/Z                             0.200000    0.201853   -0.001853 (VIOLATED)
fanout1536/Z                            0.200000    0.201819   -0.001819 (VIOLATED)
max_cap1722/Z                           0.200000    0.201578   -0.001578 (VIOLATED)
fanout75/Z                              0.200000    0.201575   -0.001575 (VIOLATED)
fanout135/Z                             0.200000    0.201286   -0.001286 (VIOLATED)
clkbuf_6_34_0_clk/Z                     0.200000    0.201265   -0.001265 (VIOLATED)
fanout1446/Z                            0.200000    0.201222   -0.001222 (VIOLATED)
fanout1343/Z                            0.200000    0.200946   -0.000946 (VIOLATED)
_21552_/ZN                              0.200000    0.200898   -0.000898 (VIOLATED)
fanout787/Z                             0.200000    0.200863   -0.000863 (VIOLATED)
clkbuf_6_32_0_clk/Z                     0.200000    0.200836   -0.000836 (VIOLATED)
fanout1353/Z                            0.200000    0.200738   -0.000738 (VIOLATED)
fanout1335/Z                            0.200000    0.200646   -0.000646 (VIOLATED)
clkbuf_6_35_0_clk/Z                     0.200000    0.200639   -0.000639 (VIOLATED)
fanout1483/Z                            0.200000    0.200515   -0.000515 (VIOLATED)
fanout617/Z                             0.200000    0.200441   -0.000441 (VIOLATED)
fanout631/Z                             0.200000    0.200278   -0.000278 (VIOLATED)
max_cap1763/Z                           0.200000    0.200269   -0.000269 (VIOLATED)
_15835_/ZN                              0.200000    0.200251   -0.000251 (VIOLATED)
fanout584/Z                             0.200000    0.200024   -0.000024 (VIOLATED)
fanout277/Z                             0.200000    0.200012   -0.000012 (VIOLATED)



===========================================================================
report_parasitic_annotation -report_unannotated
============================================================================
Found 492 unannotated drivers.
 clkload0/ZN
 clkload1/ZN
 clkload10/Z
 clkload100/ZN
 clkload101/ZN
 clkload102/Z
 clkload103/ZN
 clkload104/ZN
 clkload105/ZN
 clkload106/ZN
 clkload107/ZN
 clkload108/ZN
 clkload109/ZN
 clkload11/ZN
 clkload110/ZN
 clkload111/ZN
 clkload112/ZN
 clkload113/ZN
 clkload114/ZN
 clkload115/ZN
 clkload116/ZN
 clkload117/ZN
 clkload118/Z
 clkload119/Z
 clkload12/ZN
 clkload120/Z
 clkload121/Z
 clkload122/ZN
 clkload123/ZN
 clkload124/Z
 clkload125/Z
 clkload126/ZN
 clkload127/Z
 clkload128/Z
 clkload129/Z
 clkload13/ZN
 clkload130/ZN
 clkload131/ZN
 clkload132/ZN
 clkload133/ZN
 clkload134/Z
 clkload135/ZN
 clkload136/ZN
 clkload137/ZN
 clkload138/ZN
 clkload139/ZN
 clkload14/ZN
 clkload140/ZN
 clkload141/Z
 clkload142/Z
 clkload143/ZN
 clkload144/ZN
 clkload145/ZN
 clkload146/Z
 clkload147/ZN
 clkload148/ZN
 clkload149/Z
 clkload15/ZN
 clkload150/Z
 clkload151/ZN
 clkload152/Z
 clkload153/ZN
 clkload154/ZN
 clkload155/ZN
 clkload156/ZN
 clkload157/ZN
 clkload158/Z
 clkload159/Z
 clkload16/ZN
 clkload160/Z
 clkload161/Z
 clkload162/Z
 clkload163/Z
 clkload164/Z
 clkload165/Z
 clkload166/Z
 clkload167/Z
 clkload168/ZN
 clkload169/Z
 clkload17/ZN
 clkload170/Z
 clkload171/Z
 clkload172/Z
 clkload173/Z
 clkload174/Z
 clkload175/Z
 clkload176/ZN
 clkload177/ZN
 clkload178/ZN
 clkload179/ZN
 clkload18/ZN
 clkload180/ZN
 clkload181/Z
 clkload182/Z
 clkload183/Z
 clkload184/Z
 clkload185/Z
 clkload186/Z
 clkload187/Z
 clkload188/Z
 clkload189/Z
 clkload19/ZN
 clkload190/Z
 clkload191/ZN
 clkload192/ZN
 clkload193/ZN
 clkload194/ZN
 clkload195/Z
 clkload196/ZN
 clkload197/ZN
 clkload198/ZN
 clkload199/ZN
 clkload2/ZN
 clkload20/ZN
 clkload200/ZN
 clkload201/ZN
 clkload202/ZN
 clkload203/ZN
 clkload204/ZN
 clkload205/ZN
 clkload206/ZN
 clkload207/ZN
 clkload208/Z
 clkload209/Z
 clkload21/ZN
 clkload210/Z
 clkload211/Z
 clkload212/ZN
 clkload213/ZN
 clkload214/ZN
 clkload215/ZN
 clkload216/Z
 clkload217/ZN
 clkload218/Z
 clkload219/Z
 clkload22/ZN
 clkload220/ZN
 clkload221/Z
 clkload222/Z
 clkload223/Z
 clkload224/Z
 clkload225/Z
 clkload226/Z
 clkload227/Z
 clkload228/ZN
 clkload229/ZN
 clkload23/ZN
 clkload230/Z
 clkload231/Z
 clkload232/ZN
 clkload233/Z
 clkload234/ZN
 clkload235/Z
 clkload236/ZN
 clkload237/ZN
 clkload238/Z
 clkload239/ZN
 clkload24/ZN
 clkload240/ZN
 clkload241/ZN
 clkload242/ZN
 clkload243/Z
 clkload244/Z
 clkload245/Z
 clkload246/Z
 clkload247/Z
 clkload248/Z
 clkload249/ZN
 clkload25/Z
 clkload250/ZN
 clkload251/ZN
 clkload252/ZN
 clkload253/Z
 clkload254/Z
 clkload255/ZN
 clkload256/ZN
 clkload257/ZN
 clkload258/ZN
 clkload259/ZN
 clkload26/ZN
 clkload260/Z
 clkload261/Z
 clkload262/ZN
 clkload263/ZN
 clkload264/Z
 clkload265/Z
 clkload266/ZN
 clkload267/ZN
 clkload268/ZN
 clkload269/Z
 clkload27/ZN
 clkload270/ZN
 clkload271/ZN
 clkload272/ZN
 clkload273/ZN
 clkload274/Z
 clkload275/ZN
 clkload276/ZN
 clkload277/Z
 clkload278/Z
 clkload279/ZN
 clkload28/ZN
 clkload280/ZN
 clkload281/ZN
 clkload282/ZN
 clkload283/Z
 clkload284/ZN
 clkload285/ZN
 clkload286/Z
 clkload287/ZN
 clkload288/ZN
 clkload289/ZN
 clkload29/ZN
 clkload290/Z
 clkload291/Z
 clkload292/Z
 clkload293/Z
 clkload294/Z
 clkload295/ZN
 clkload296/Z
 clkload297/ZN
 clkload298/Z
 clkload299/Z
 clkload3/ZN
 clkload30/ZN
 clkload300/Z
 clkload301/Z
 clkload302/ZN
 clkload303/ZN
 clkload304/Z
 clkload305/Z
 clkload306/Z
 clkload307/Z
 clkload308/ZN
 clkload309/Z
 clkload31/ZN
 clkload310/Z
 clkload311/Z
 clkload312/Z
 clkload313/ZN
 clkload314/ZN
 clkload315/Z
 clkload316/ZN
 clkload317/Z
 clkload318/Z
 clkload319/Z
 clkload32/ZN
 clkload320/ZN
 clkload321/ZN
 clkload322/ZN
 clkload323/Z
 clkload324/ZN
 clkload325/ZN
 clkload326/ZN
 clkload327/ZN
 clkload328/Z
 clkload329/ZN
 clkload33/ZN
 clkload330/ZN
 clkload331/ZN
 clkload332/ZN
 clkload333/ZN
 clkload334/ZN
 clkload335/ZN
 clkload336/Z
 clkload337/Z
 clkload338/ZN
 clkload339/ZN
 clkload34/ZN
 clkload340/ZN
 clkload341/Z
 clkload342/ZN
 clkload343/ZN
 clkload344/Z
 clkload345/Z
 clkload346/Z
 clkload347/Z
 clkload348/Z
 clkload349/ZN
 clkload35/ZN
 clkload350/Z
 clkload351/ZN
 clkload352/Z
 clkload353/ZN
 clkload354/Z
 clkload355/Z
 clkload356/Z
 clkload357/ZN
 clkload358/Z
 clkload359/Z
 clkload36/ZN
 clkload360/ZN
 clkload361/ZN
 clkload362/ZN
 clkload363/ZN
 clkload364/ZN
 clkload365/ZN
 clkload366/Z
 clkload367/ZN
 clkload368/ZN
 clkload369/ZN
 clkload37/ZN
 clkload370/Z
 clkload371/ZN
 clkload372/ZN
 clkload373/ZN
 clkload374/Z
 clkload375/ZN
 clkload376/ZN
 clkload377/ZN
 clkload378/ZN
 clkload379/ZN
 clkload38/ZN
 clkload380/ZN
 clkload381/ZN
 clkload382/ZN
 clkload383/ZN
 clkload384/ZN
 clkload385/ZN
 clkload386/ZN
 clkload387/ZN
 clkload388/Z
 clkload389/ZN
 clkload39/ZN
 clkload390/ZN
 clkload391/ZN
 clkload392/Z
 clkload393/ZN
 clkload394/ZN
 clkload395/ZN
 clkload396/ZN
 clkload397/Z
 clkload398/ZN
 clkload399/ZN
 clkload4/ZN
 clkload40/ZN
 clkload400/ZN
 clkload401/ZN
 clkload402/ZN
 clkload403/ZN
 clkload404/ZN
 clkload405/ZN
 clkload406/ZN
 clkload407/Z
 clkload408/Z
 clkload409/Z
 clkload41/ZN
 clkload410/ZN
 clkload411/ZN
 clkload412/Z
 clkload413/Z
 clkload414/ZN
 clkload415/Z
 clkload416/Z
 clkload417/ZN
 clkload418/ZN
 clkload419/ZN
 clkload42/ZN
 clkload420/ZN
 clkload421/Z
 clkload422/Z
 clkload423/ZN
 clkload424/ZN
 clkload425/ZN
 clkload426/Z
 clkload427/ZN
 clkload428/ZN
 clkload429/ZN
 clkload43/ZN
 clkload430/Z
 clkload431/ZN
 clkload432/Z
 clkload433/ZN
 clkload434/ZN
 clkload435/ZN
 clkload436/Z
 clkload437/Z
 clkload438/Z
 clkload439/Z
 clkload44/ZN
 clkload440/ZN
 clkload441/ZN
 clkload442/Z
 clkload443/Z
 clkload444/Z
 clkload445/Z
 clkload446/ZN
 clkload447/ZN
 clkload448/Z
 clkload449/ZN
 clkload45/ZN
 clkload450/ZN
 clkload451/ZN
 clkload452/ZN
 clkload453/ZN
 clkload454/ZN
 clkload455/Z
 clkload456/ZN
 clkload457/ZN
 clkload458/ZN
 clkload459/ZN
 clkload46/ZN
 clkload460/ZN
 clkload461/ZN
 clkload462/ZN
 clkload463/ZN
 clkload464/ZN
 clkload465/Z
 clkload466/ZN
 clkload467/Z
 clkload468/Z
 clkload469/ZN
 clkload47/ZN
 clkload470/ZN
 clkload471/ZN
 clkload472/ZN
 clkload473/ZN
 clkload474/ZN
 clkload475/ZN
 clkload476/ZN
 clkload477/ZN
 clkload478/ZN
 clkload479/Z
 clkload48/ZN
 clkload480/Z
 clkload481/Z
 clkload482/Z
 clkload483/ZN
 clkload484/ZN
 clkload485/ZN
 clkload486/ZN
 clkload487/ZN
 clkload488/ZN
 clkload489/ZN
 clkload49/ZN
 clkload490/ZN
 clkload491/ZN
 clkload5/ZN
 clkload50/ZN
 clkload51/ZN
 clkload52/Z
 clkload53/Z
 clkload54/Z
 clkload55/ZN
 clkload56/ZN
 clkload57/ZN
 clkload58/ZN
 clkload59/ZN
 clkload6/Z
 clkload60/ZN
 clkload61/ZN
 clkload62/Z
 clkload63/ZN
 clkload64/ZN
 clkload65/Z
 clkload66/Z
 clkload67/ZN
 clkload68/ZN
 clkload69/ZN
 clkload7/ZN
 clkload70/ZN
 clkload71/ZN
 clkload72/ZN
 clkload73/ZN
 clkload74/Z
 clkload75/ZN
 clkload76/ZN
 clkload77/ZN
 clkload78/Z
 clkload79/Z
 clkload8/ZN
 clkload80/ZN
 clkload81/ZN
 clkload82/ZN
 clkload83/ZN
 clkload84/ZN
 clkload85/Z
 clkload86/ZN
 clkload87/ZN
 clkload88/Z
 clkload89/Z
 clkload9/ZN
 clkload90/ZN
 clkload91/ZN
 clkload92/ZN
 clkload93/ZN
 clkload94/ZN
 clkload95/ZN
 clkload96/ZN
 clkload97/Z
 clkload98/Z
 clkload99/ZN
Found 0 partially unannotated drivers.

===========================================================================
max slew violation count 551
max fanout violation count 27
max cap violation count 441
============================================================================

===========================================================================
check_setup -verbose -unconstrained_endpoints -multiple_clock -no_clock -no_input_delay -loops -generated_clocks
===========================================================================
