
===========================================================================
Violator List
============================================================================
[setup reg-reg] _25494_/Q -> _26219_/D : -5.709190
[setup reg-reg] _25494_/Q -> _27371_/D : -5.703869
[setup reg-reg] _25494_/Q -> _27307_/D : -5.690503
[setup reg-reg] _25494_/Q -> _25803_/D : -5.677063
[setup reg-reg] _25494_/Q -> _26315_/D : -5.676272
[setup reg-reg] _25494_/Q -> _25835_/D : -5.664754
[setup reg-reg] _25494_/Q -> _26891_/D : -5.654448
[setup reg-reg] _25494_/Q -> _27083_/D : -5.647676
[setup reg-reg] _25494_/Q -> _27051_/D : -5.638708
[setup reg-reg] _25494_/Q -> _27595_/D : -5.634469
[setup reg-reg] _25494_/Q -> _25481_/D : -5.629982
[setup reg-reg] _25494_/Q -> _26123_/D : -5.511097
[setup reg-reg] _25494_/Q -> _26763_/D : -5.499446
[setup reg-reg] _25494_/Q -> _27627_/D : -5.494379
[setup reg-reg] _25494_/Q -> _27563_/D : -5.490488
[setup reg-reg] _25494_/Q -> _26347_/D : -5.481658
[setup reg-reg] _25494_/Q -> _26443_/D : -5.463084
[setup reg-reg] _25494_/Q -> _26603_/D : -5.459445
[setup reg-reg] _25494_/Q -> _27707_/D : -5.438011
[setup reg-reg] _25494_/Q -> _27403_/D : -5.436359
[setup reg-reg] _25494_/Q -> _26155_/D : -5.422484
[setup reg-reg] _25494_/Q -> _25482_/D : -5.417565
[setup reg-reg] _25494_/Q -> _25290_/D : -5.316240
[setup reg-reg] _25494_/Q -> _25321_/D : -5.278510
[setup reg-reg] _25494_/Q -> _25189_/D : -5.105949
[setup reg-reg] _25494_/Q -> _25289_/D : -5.102914
[setup reg-reg] _25494_/Q -> _25353_/D : -5.009394
[setup reg-reg] _25494_/Q -> _27156_/D : -4.965210
[setup reg-reg] _25494_/Q -> _25155_/D : -4.949914
[setup reg-reg] _25494_/Q -> _25844_/D : -4.946337
[setup reg-reg] _25494_/Q -> _25354_/D : -4.943853
[setup reg-reg] _25494_/Q -> _25157_/D : -4.939567
[setup reg-reg] _25494_/Q -> _27252_/D : -4.935755
[setup reg-reg] _25494_/Q -> _25191_/D : -4.926721
[setup reg-reg] _25494_/Q -> _26036_/D : -4.924351
[setup reg-reg] _25494_/Q -> _25459_/D : -4.913334
[setup reg-reg] _25494_/Q -> _25188_/D : -4.899279
[setup reg-reg] _25494_/Q -> _25386_/D : -4.895920
[setup reg-reg] _25494_/Q -> _25156_/D : -4.887383
[setup reg-reg] _25494_/Q -> _25227_/D : -4.878341
[setup reg-reg] _25494_/Q -> _27380_/D : -4.874684
[setup reg-reg] _25494_/Q -> _25385_/D : -4.837839
[setup reg-reg] _25494_/Q -> _26836_/D : -4.799239
[setup reg-reg] _25494_/Q -> _27604_/D : -4.796430
[setup reg-reg] _25494_/Q -> _26196_/D : -4.795133
[setup reg-reg] _25494_/Q -> _26708_/D : -4.786829
[setup reg-reg] _25494_/Q -> _27444_/D : -4.770812
[setup reg-reg] _25494_/Q -> _25137_/D : -4.764990
[setup reg-reg] _25494_/Q -> _27540_/D : -4.762862
[setup reg-reg] _25494_/Q -> _25132_/D : -4.760951
[setup reg-reg] _25494_/Q -> _26132_/D : -4.750063
[setup reg-reg] _25494_/Q -> _26153_/D : -4.743207
[setup reg-reg] _25494_/Q -> _27369_/D : -4.735537
[setup reg-reg] _25494_/Q -> _26859_/D : -4.734371
[setup reg-reg] _25494_/Q -> _26388_/D : -4.729712
[setup reg-reg] _25494_/Q -> _25257_/D : -4.725172
[setup reg-reg] _25494_/Q -> _26793_/D : -4.711535
[setup reg-reg] _25494_/Q -> _26601_/D : -4.709106
[setup reg-reg] _25494_/Q -> _26953_/D : -4.705516
[setup reg-reg] _25494_/Q -> _27049_/D : -4.701143
[setup reg-reg] _25494_/Q -> _26027_/D : -4.697036
[setup reg-reg] _25494_/Q -> _27401_/D : -4.694103
[setup reg-reg] _25494_/Q -> _27625_/D : -4.685788
[setup reg-reg] _25494_/Q -> _26345_/D : -4.680423
[setup reg-reg] _25494_/Q -> _27113_/D : -4.680070
[setup reg-reg] _25494_/Q -> _25707_/D : -4.679750
[setup reg-reg] _25494_/Q -> _26795_/D : -4.677847
[setup reg-reg] _25494_/Q -> _25324_/D : -4.672524
[setup reg-reg] _25494_/Q -> _26484_/D : -4.658558
[setup reg-reg] _25494_/Q -> _25646_/D : -4.656126
[setup reg-reg] _25494_/Q -> _25292_/D : -4.630929
[setup reg-reg] _25494_/Q -> _25908_/D : -4.622883
[setup reg-reg] _25494_/Q -> _26004_/D : -4.621438
[setup reg-reg] _25494_/Q -> _26676_/D : -4.609023
[setup reg-reg] _25494_/Q -> _27437_/D : -4.607374
[setup reg-reg] _25494_/Q -> _27188_/D : -4.604738
[setup reg-reg] _25494_/Q -> _25780_/D : -4.603281
[setup reg-reg] _25494_/Q -> _25805_/D : -4.601587
[setup reg-reg] _25494_/Q -> _27565_/D : -4.594563
[setup reg-reg] _25494_/Q -> _26989_/D : -4.588024
[setup reg-reg] _25494_/Q -> _25682_/D : -4.580093
[setup reg-reg] _25494_/Q -> _26605_/D : -4.577108
[setup reg-reg] _25494_/Q -> _26130_/D : -4.576183
[setup reg-reg] _25494_/Q -> _25322_/D : -4.574634
[setup reg-reg] _25494_/Q -> _25669_/D : -4.561086
[setup reg-reg] _25494_/Q -> _25293_/D : -4.559953
[setup reg-reg] _25494_/Q -> _25741_/D : -4.557990
[setup reg-reg] _25494_/Q -> _26135_/D : -4.555668
[setup reg-reg] _25494_/Q -> _26733_/D : -4.554371
[setup reg-reg] _25494_/Q -> _26445_/D : -4.553641
[setup reg-reg] _25494_/Q -> _25175_/D : -4.544583
[setup reg-reg] _25494_/Q -> _25258_/D : -4.543365
[setup reg-reg] _25494_/Q -> _27405_/D : -4.540826
[setup reg-reg] _25494_/Q -> _25901_/D : -4.540715
[setup reg-reg] _25494_/Q -> _27499_/D : -4.538242
[setup reg-reg] _25494_/Q -> _25484_/D : -4.536015
[setup reg-reg] _25494_/Q -> _27159_/D : -4.532060
[setup reg-reg] _25494_/Q -> _27570_/D : -4.530916
[setup reg-reg] _25494_/Q -> _26987_/D : -4.528431
[setup reg-reg] _25494_/Q -> _26475_/D : -4.522665
[setup reg-reg] _25494_/Q -> _27147_/D : -4.522388
[setup reg-reg] _25494_/Q -> _26539_/D : -4.521807
[setup reg-reg] _25494_/Q -> _26711_/D : -4.518727
[setup reg-reg] _25494_/Q -> _25418_/D : -4.518123
[setup reg-reg] _25494_/Q -> _26674_/D : -4.516755
[setup reg-reg] _25494_/Q -> _25899_/D : -4.516221
[setup reg-reg] _25494_/Q -> _26071_/D : -4.514460
[setup reg-reg] _25494_/Q -> _26039_/D : -4.506577
[setup reg-reg] _25494_/Q -> _25911_/D : -4.505001
[setup reg-reg] _25494_/Q -> _26423_/D : -4.501301
[setup reg-reg] _25494_/Q -> _25975_/D : -4.500706
[setup reg-reg] _25494_/Q -> _26231_/D : -4.500072
[setup reg-reg] _25494_/Q -> _26834_/D : -4.493920
[setup reg-reg] _25494_/Q -> _27211_/D : -4.492115
[setup reg-reg] _25494_/Q -> _27279_/D : -4.487316
[setup reg-reg] _25494_/Q -> _26615_/D : -4.476627
[setup reg-reg] _25494_/Q -> _25165_/D : -4.468426
[setup reg-reg] _25494_/Q -> _26290_/D : -4.446893
[setup reg-reg] _25494_/Q -> _25288_/D : -4.423224
[setup reg-reg] _25494_/Q -> _27311_/D : -4.414481
[setup reg-reg] _25494_/Q -> _26479_/D : -4.405751
[setup reg-reg] _25494_/Q -> _25810_/D : -4.387637
[setup reg-reg] _25494_/Q -> _26191_/D : -4.383578
[setup reg-reg] _25494_/Q -> _25180_/D : -4.372776
[setup reg-reg] _25494_/Q -> _25325_/D : -4.360422
[setup reg-reg] _25494_/Q -> _26511_/D : -4.335835
[setup reg-reg] _25494_/Q -> _25356_/D : -4.330280
[setup reg-reg] _25494_/Q -> _26098_/D : -4.324985
[setup reg-reg] _25494_/Q -> _24978_/D : -4.295323
[setup reg-reg] _25494_/Q -> _27055_/D : -4.278221
[setup reg-reg] _25494_/Q -> _25417_/D : -4.275245
[setup reg-reg] _25494_/Q -> _25159_/D : -4.250993
[setup reg-reg] _25494_/Q -> _27186_/D : -4.249071
[setup reg-reg] _25494_/Q -> _25874_/D : -4.242987
[setup reg-reg] _25494_/Q -> _25187_/D : -4.242010
[setup reg-reg] _25494_/Q -> _26927_/D : -4.228697
[setup reg-reg] _25494_/Q -> _25480_/D : -4.227104
[setup reg-reg] _25494_/Q -> _25260_/D : -4.207746
[setup reg-reg] _25494_/Q -> _25357_/D : -4.202317
[setup reg-reg] _25494_/Q -> _27599_/D : -4.200011
[setup reg-reg] _25494_/Q -> _27282_/D : -4.198359
[setup reg-reg] _25494_/Q -> _25299_/D : -4.192625
[setup reg-reg] _25494_/Q -> _25748_/D : -4.190497
[setup reg-reg] _25494_/Q -> _25485_/D : -4.187300
[setup reg-reg] _25494_/Q -> _25267_/D : -4.184477
[setup reg-reg] _25494_/Q -> _25468_/D : -4.179780
[setup reg-reg] _25494_/Q -> _26898_/D : -4.178382
[setup reg-reg] _25494_/Q -> _26194_/D : -4.178214
[setup reg-reg] _25494_/Q -> _25421_/D : -4.156993
[setup reg-reg] _25494_/Q -> _26159_/D : -4.150440
[setup reg-reg] _25494_/Q -> _27506_/D : -4.146282
[setup reg-reg] _25494_/Q -> _25160_/D : -4.130737
[setup reg-reg] _25494_/Q -> _25361_/D : -4.129026
[setup reg-reg] _25494_/Q -> _25940_/D : -4.127406
[setup reg-reg] _25494_/Q -> _25286_/D : -4.127230
[setup reg-reg] _25494_/Q -> _27378_/D : -4.127136
[setup reg-reg] _25494_/Q -> _26610_/D : -4.121447
[setup reg-reg] _25494_/Q -> _26514_/D : -4.119638
[setup reg-reg] _25494_/Q -> _26131_/D : -4.111344
[setup reg-reg] _25494_/Q -> _25842_/D : -4.110086
[setup reg-reg] _25494_/Q -> _26162_/D : -4.106207
[setup reg-reg] _25494_/Q -> _25775_/D : -4.103012
[setup reg-reg] _25494_/Q -> _26450_/D : -4.102542
[setup reg-reg] _25494_/Q -> _27155_/D : -4.100801
[setup reg-reg] _25494_/Q -> _26292_/D : -4.086999
[setup reg-reg] _25494_/Q -> _25352_/D : -4.083386
[setup reg-reg] _25494_/Q -> _26100_/D : -4.077855
[setup reg-reg] _25494_/Q -> _26873_/D : -4.076016
[setup reg-reg] _25494_/Q -> _27028_/D : -4.074328
[setup reg-reg] _25494_/Q -> _26226_/D : -4.066742
[setup reg-reg] _25494_/Q -> _27001_/D : -4.062805
[setup reg-reg] _25494_/Q -> _26777_/D : -4.061576
[setup reg-reg] _25494_/Q -> _26169_/D : -4.058279
[setup reg-reg] _25494_/Q -> _26739_/D : -4.056970
[setup reg-reg] _25494_/Q -> _26964_/D : -4.056260
[setup reg-reg] _25494_/Q -> _27124_/D : -4.056062
[setup reg-reg] _25494_/Q -> _25179_/D : -4.051161
[setup reg-reg] _25494_/Q -> _27026_/D : -4.049925
[setup reg-reg] _25494_/Q -> _25331_/D : -4.049879
[setup reg-reg] _25494_/Q -> _26324_/D : -4.047555
[setup reg-reg] _25494_/Q -> _26868_/D : -4.046481
[setup reg-reg] _25494_/Q -> _25388_/D : -4.038830
[setup reg-reg] _25494_/Q -> _27343_/D : -4.035306
[setup reg-reg] _25494_/Q -> _26041_/D : -4.035277
[setup reg-reg] _25494_/Q -> _25166_/D : -4.030197
[setup reg-reg] _25494_/Q -> _25644_/D : -4.028332
[setup reg-reg] _25494_/Q -> _26866_/D : -4.026635
[setup reg-reg] _25494_/Q -> _25281_/D : -4.021517
[setup reg-reg] _25494_/Q -> _26073_/D : -4.019825
[setup reg-reg] _25494_/Q -> _25276_/D : -4.013135
[setup reg-reg] _25494_/Q -> _27284_/D : -4.011282
[setup reg-reg] _25494_/Q -> _26521_/D : -4.005198
[setup reg-reg] _25494_/Q -> _25366_/D : -4.002340
[setup reg-reg] _25494_/Q -> _25233_/D : -3.992774
[setup reg-reg] _25494_/Q -> _27193_/D : -3.991989
[setup reg-reg] _25494_/Q -> _26809_/D : -3.987587
[setup reg-reg] _25494_/Q -> _26644_/D : -3.984967
[setup reg-reg] _25494_/Q -> _25683_/D : -3.983040
[setup reg-reg] _25494_/Q -> _26841_/D : -3.981521
[setup reg-reg] _25494_/Q -> _25404_/D : -3.974458
[setup reg-reg] _25494_/Q -> _26803_/D : -3.973334
[setup reg-reg] _25494_/Q -> _27213_/D : -3.955947
[setup reg-reg] _25494_/Q -> _26546_/D : -3.943626
[setup reg-reg] _25494_/Q -> _25382_/D : -3.942736
[setup reg-reg] _25494_/Q -> _27370_/D : -3.938741
[setup reg-reg] _25494_/Q -> _26026_/D : -3.935203
[setup reg-reg] _25494_/Q -> _27562_/D : -3.933177
[setup reg-reg] _25494_/Q -> _27572_/D : -3.930511
[setup reg-reg] _25494_/Q -> _26698_/D : -3.929110
[setup reg-reg] _25494_/Q -> _25265_/D : -3.924200
[setup reg-reg] _25494_/Q -> _25308_/D : -3.924035
[setup reg-reg] _25494_/Q -> _26285_/D : -3.918387
[setup reg-reg] _25494_/Q -> _26666_/D : -3.916295
[setup reg-reg] _25494_/Q -> _25738_/D : -3.914524
[setup reg-reg] _25494_/Q -> _26986_/D : -3.912021
[setup reg-reg] _25494_/Q -> _25458_/D : -3.908790
[setup reg-reg] _25494_/Q -> _25225_/D : -3.908124
[setup reg-reg] _25494_/Q -> _26410_/D : -3.905612
[setup reg-reg] _25494_/Q -> _26029_/D : -3.903420
[setup reg-reg] _25494_/Q -> _26346_/D : -3.900912
[setup reg-reg] _25494_/Q -> _27658_/D : -3.898510
[setup reg-reg] _25494_/Q -> _25668_/D : -3.897451
[setup reg-reg] _25494_/Q -> _26186_/D : -3.895595
[setup reg-reg] _25494_/Q -> _26474_/D : -3.893751
[setup reg-reg] _25494_/Q -> _26008_/D : -3.889918
[setup reg-reg] _25494_/Q -> _25372_/D : -3.886958
[setup reg-reg] _25494_/Q -> _27050_/D : -3.883546
[setup reg-reg] _25494_/Q -> _26826_/D : -3.883528
[setup reg-reg] _25494_/Q -> _27597_/D : -3.883049
[setup reg-reg] _25494_/Q -> _26890_/D : -3.882283
[setup reg-reg] _25494_/Q -> _26009_/D : -3.870836
[setup reg-reg] _25494_/Q -> _26954_/D : -3.867422
[setup reg-reg] _25494_/Q -> _26538_/D : -3.864568
[setup reg-reg] _25494_/Q -> _26904_/D : -3.862786
[setup reg-reg] _25494_/Q -> _27192_/D : -3.860819
[setup reg-reg] _25494_/Q -> _25464_/D : -3.858814
[setup reg-reg] _25494_/Q -> _25384_/D : -3.858107
[setup reg-reg] _25494_/Q -> _26744_/D : -3.857689
[setup reg-reg] _25494_/Q -> _26840_/D : -3.857370
[setup reg-reg] _25494_/Q -> _24937_/D : -3.854892
[setup reg-reg] _25494_/Q -> _26456_/D : -3.852288
[setup reg-reg] _25494_/Q -> _25298_/D : -3.848710
[setup reg-reg] _25494_/Q -> _26072_/D : -3.844324
[setup reg-reg] _25494_/Q -> _27274_/D : -3.840903
[setup reg-reg] _25494_/Q -> _25473_/D : -3.840491
[setup reg-reg] _25494_/Q -> _26377_/D : -3.837414
[setup reg-reg] _25494_/Q -> _25977_/D : -3.836341
[setup reg-reg] _25494_/Q -> _25476_/D : -3.835359
[setup reg-reg] _25494_/Q -> _26218_/D : -3.835108
[setup reg-reg] _25494_/Q -> _25944_/D : -3.834952
[setup reg-reg] _25494_/Q -> _26473_/D : -3.833447
[setup reg-reg] _25494_/Q -> _26221_/D : -3.831573
[setup reg-reg] _25494_/Q -> _27289_/D : -3.830863
[setup reg-reg] _25494_/Q -> _27577_/D : -3.829069
[setup reg-reg] _25494_/Q -> _27434_/D : -3.828985
[setup reg-reg] _25494_/Q -> _25381_/D : -3.826630
[setup reg-reg] _25494_/Q -> _26612_/D : -3.826285
[setup reg-reg] _25494_/Q -> _25721_/D : -3.824095
[setup reg-reg] _25494_/Q -> _26712_/D : -3.823736
[setup reg-reg] _25494_/Q -> _27385_/D : -3.817952
[setup reg-reg] _25494_/Q -> _27082_/D : -3.817899
[setup reg-reg] _25494_/Q -> _25962_/D : -3.817871
[setup reg-reg] _25494_/Q -> _25837_/D : -3.816617
[setup reg-reg] _25494_/Q -> _26681_/D : -3.815513
[setup reg-reg] _25494_/Q -> _25185_/D : -3.814204
[setup reg-reg] _25494_/Q -> _26713_/D : -3.814051
[setup reg-reg] _25494_/Q -> _26168_/D : -3.812714
[setup reg-reg] _25494_/Q -> _27321_/D : -3.808520
[setup reg-reg] _25494_/Q -> _26701_/D : -3.807989
[setup reg-reg] _25494_/Q -> _25930_/D : -3.806962
[setup reg-reg] _25494_/Q -> _26201_/D : -3.806234
[setup reg-reg] _25494_/Q -> _26602_/D : -3.805484
[setup reg-reg] _25494_/Q -> _26189_/D : -3.804436
[setup reg-reg] _25494_/Q -> _25802_/D : -3.803118
[setup reg-reg] _25494_/Q -> _26893_/D : -3.801642
[setup reg-reg] _25494_/Q -> _26058_/D : -3.801366
[setup reg-reg] _25494_/Q -> _25849_/D : -3.800814
[setup reg-reg] _25494_/Q -> _27513_/D : -3.800045
[setup reg-reg] _25494_/Q -> _26637_/D : -3.800032
[setup reg-reg] _25494_/Q -> _26250_/D : -3.799229
[setup reg-reg] _25494_/Q -> _26297_/D : -3.797951
[setup reg-reg] _25494_/Q -> _27706_/D : -3.794405
[setup reg-reg] _25494_/Q -> _25313_/D : -3.792728
[setup reg-reg] _25494_/Q -> _25363_/D : -3.792222
[setup reg-reg] _25494_/Q -> _27449_/D : -3.791824
[setup reg-reg] _25494_/Q -> _27092_/D : -3.791309
[setup reg-reg] _25494_/Q -> _26669_/D : -3.789909
[setup reg-reg] _25494_/Q -> _25192_/D : -3.788383
[setup reg-reg] _25494_/Q -> _27497_/D : -3.788347
[setup reg-reg] _25494_/Q -> _26649_/D : -3.786761
[setup reg-reg] _25494_/Q -> _26761_/D : -3.784871
[setup reg-reg] _25494_/Q -> _27626_/D : -3.783669
[setup reg-reg] _25494_/Q -> _27498_/D : -3.783493
[setup reg-reg] _25494_/Q -> _27705_/D : -3.782970
[setup reg-reg] _25494_/Q -> _25706_/D : -3.781786
[setup reg-reg] _25494_/Q -> _26570_/D : -3.781244
[setup reg-reg] _25494_/Q -> _27161_/D : -3.779866
[setup reg-reg] _25494_/Q -> _26185_/D : -3.779622
[setup reg-reg] _25494_/Q -> _25929_/D : -3.778892
[setup reg-reg] _25494_/Q -> _25377_/D : -3.776556
[setup reg-reg] _25494_/Q -> _26441_/D : -3.776133
[setup reg-reg] _25494_/Q -> _27242_/D : -3.775412
[setup reg-reg] _25494_/Q -> _25318_/D : -3.773202
[setup reg-reg] _25494_/Q -> _25994_/D : -3.772611
[setup reg-reg] _25494_/Q -> _25297_/D : -3.771163
[setup reg-reg] _25494_/Q -> _27241_/D : -3.769952
[setup reg-reg] _25494_/Q -> _27209_/D : -3.769936
[setup reg-reg] _25494_/Q -> _24975_/D : -3.769596
[setup reg-reg] _25494_/Q -> _26729_/D : -3.769509
[setup reg-reg] _25494_/Q -> _27530_/D : -3.766612
[setup reg-reg] _25494_/Q -> _27531_/D : -3.763422
[setup reg-reg] _25494_/Q -> _26765_/D : -3.762892
[setup reg-reg] _25494_/Q -> _25801_/D : -3.761908
[setup reg-reg] _25494_/Q -> _26007_/D : -3.761624
[setup reg-reg] _25494_/Q -> _25897_/D : -3.760588
[setup reg-reg] _25494_/Q -> _27465_/D : -3.760169
[setup reg-reg] _25494_/Q -> _25961_/D : -3.759702
[setup reg-reg] _25494_/Q -> _26922_/D : -3.758659
[setup reg-reg] _25494_/Q -> _27086_/D : -3.758400
[setup reg-reg] _25494_/Q -> _26548_/D : -3.755261
[setup reg-reg] _25494_/Q -> _26122_/D : -3.754154
[setup reg-reg] _25494_/Q -> _26381_/D : -3.752968
[setup reg-reg] _25494_/Q -> _26314_/D : -3.752943
[setup reg-reg] _25494_/Q -> _27178_/D : -3.752945
[setup reg-reg] _25494_/Q -> _27305_/D : -3.752399
[setup reg-reg] _25494_/Q -> _25866_/D : -3.752250
[setup reg-reg] _25494_/Q -> _26089_/D : -3.750943
[setup reg-reg] _25494_/Q -> _25773_/D : -3.750053
[setup reg-reg] _25494_/Q -> _26871_/D : -3.749419
[setup reg-reg] _25494_/Q -> _25833_/D : -3.749392
[setup reg-reg] _25494_/Q -> _26379_/D : -3.746694
[setup reg-reg] _25494_/Q -> _26583_/D : -3.746276
[setup reg-reg] _25494_/Q -> _26697_/D : -3.745676
[setup reg-reg] _25494_/Q -> _26925_/D : -3.745111
[setup reg-reg] _25494_/Q -> _25472_/D : -3.743763
[setup reg-reg] _25494_/Q -> _26921_/D : -3.743105
[setup reg-reg] _25494_/Q -> _25705_/D : -3.742134
[setup reg-reg] _25494_/Q -> _26889_/D : -3.740901
[setup reg-reg] _25494_/Q -> _26217_/D : -3.740642
[setup reg-reg] _25494_/Q -> _27145_/D : -3.739055
[setup reg-reg] _25494_/Q -> _25783_/D : -3.738988
[setup reg-reg] _25494_/Q -> _26411_/D : -3.738922
[setup reg-reg] _25494_/Q -> _26258_/D : -3.738252
[setup reg-reg] _25494_/Q -> _25171_/D : -3.736869
[setup reg-reg] _25494_/Q -> _27529_/D : -3.736529
[setup reg-reg] _25494_/Q -> _27021_/D : -3.735973
[setup reg-reg] _25494_/Q -> _25933_/D : -3.734291
[setup reg-reg] _25494_/Q -> _25134_/D : -3.734185
[setup reg-reg] _25494_/Q -> _27593_/D : -3.733529
[setup reg-reg] _25494_/Q -> _26391_/D : -3.733112
[setup reg-reg] _25494_/Q -> _26354_/D : -3.732719
[setup reg-reg] _25494_/Q -> _25389_/D : -3.731895
[setup reg-reg] _25494_/Q -> _25169_/D : -3.729442
[setup reg-reg] _25494_/Q -> _26002_/D : -3.728832
[setup reg-reg] _25494_/Q -> _26762_/D : -3.728243
[setup reg-reg] _25494_/Q -> _26634_/D : -3.727605
[setup reg-reg] _25494_/Q -> _26059_/D : -3.727269
[setup reg-reg] _25494_/Q -> _27629_/D : -3.726717
[setup reg-reg] _25494_/Q -> _26730_/D : -3.726216
[setup reg-reg] _25494_/Q -> _27682_/D : -3.726035
[setup reg-reg] _25494_/Q -> _27214_/D : -3.725356
[setup reg-reg] _25494_/Q -> _27662_/D : -3.724939
[setup reg-reg] _25494_/Q -> _25378_/D : -3.722383
[setup reg-reg] _25494_/Q -> _26157_/D : -3.722164
[setup reg-reg] _25494_/Q -> _26734_/D : -3.721219
[setup reg-reg] _25494_/Q -> _26190_/D : -3.719624
[setup reg-reg] _25494_/Q -> _25834_/D : -3.719261
[setup reg-reg] _25494_/Q -> _25847_/D : -3.717720
[setup reg-reg] _25494_/Q -> _26455_/D : -3.717510
[setup reg-reg] _25494_/Q -> _25395_/D : -3.717386
[setup reg-reg] _25494_/Q -> _26283_/D : -3.713918
[setup reg-reg] _25494_/Q -> _27543_/D : -3.713781
[setup reg-reg] _25494_/Q -> _25870_/D : -3.713172
[setup reg-reg] _25494_/Q -> _27063_/D : -3.713144
[setup reg-reg] _25494_/Q -> _27017_/D : -3.711680
[setup reg-reg] _25494_/Q -> _26187_/D : -3.711007
[setup reg-reg] _25494_/Q -> _27177_/D : -3.710991
[setup reg-reg] _25494_/Q -> _26025_/D : -3.705129
[setup reg-reg] _25494_/Q -> _26731_/D : -3.703640
[setup reg-reg] _25494_/Q -> _25475_/D : -3.703331
[setup reg-reg] _25494_/Q -> _27019_/D : -3.700311
[setup reg-reg] _25494_/Q -> _25714_/D : -3.698595
[setup reg-reg] _25494_/Q -> _25256_/D : -3.695897
[setup reg-reg] _25494_/Q -> _27243_/D : -3.689138
[setup reg-reg] _25494_/Q -> _25672_/D : -3.685766
[setup reg-reg] _25494_/Q -> _26167_/D : -3.685571
[setup reg-reg] _25494_/Q -> _25963_/D : -3.685505
[setup reg-reg] _25494_/Q -> _27538_/D : -3.685182
[setup reg-reg] _25494_/Q -> _26923_/D : -3.684564
[setup reg-reg] _25494_/Q -> _25320_/D : -3.680858
[setup reg-reg] _25494_/Q -> _26030_/D : -3.680121
[setup reg-reg] _25494_/Q -> _26574_/D : -3.678876
[setup reg-reg] _25494_/Q -> _25867_/D : -3.678501
[setup reg-reg] _25494_/Q -> _26699_/D : -3.677393
[setup reg-reg] _25494_/Q -> _26478_/D : -3.676199
[setup reg-reg] _25494_/Q -> _26034_/D : -3.671302
[setup reg-reg] _25494_/Q -> _26414_/D : -3.669584
[setup reg-reg] _25494_/Q -> _27022_/D : -3.669275
[setup reg-reg] _25494_/Q -> _27502_/D : -3.668008
[setup reg-reg] _25494_/Q -> _26327_/D : -3.663999
[setup reg-reg] _25494_/Q -> _26926_/D : -3.663848
[setup reg-reg] _25494_/Q -> _26702_/D : -3.663272
[setup reg-reg] _25494_/Q -> _27435_/D : -3.661938
[setup reg-reg] _25494_/Q -> _27374_/D : -3.660027
[setup reg-reg] _25494_/Q -> _26862_/D : -3.655302
[setup reg-reg] _25494_/Q -> _27179_/D : -3.653574
[setup reg-reg] _25494_/Q -> _26094_/D : -3.652677
[setup reg-reg] _25494_/Q -> _26827_/D : -3.649875
[setup reg-reg] _25494_/Q -> _27054_/D : -3.644832
[setup reg-reg] _25494_/Q -> _26158_/D : -3.644793
[setup reg-reg] _25494_/Q -> _25739_/D : -3.643081
[setup reg-reg] _25494_/Q -> _27467_/D : -3.639768
[setup reg-reg] _25494_/Q -> _25340_/D : -3.637299
[setup reg-reg] _25494_/Q -> _26507_/D : -3.636208
[setup reg-reg] _25494_/Q -> _27115_/D : -3.636179
[setup reg-reg] _25494_/Q -> _24981_/D : -3.633904
[setup reg-reg] _25494_/Q -> _26386_/D : -3.632978
[setup reg-reg] _25494_/Q -> _25902_/D : -3.632453
[setup reg-reg] _25494_/Q -> _26253_/D : -3.631820
[setup reg-reg] _25494_/Q -> _26667_/D : -3.625944
[setup reg-reg] _25494_/Q -> _25771_/D : -3.623711
[setup reg-reg] _25494_/Q -> _27339_/D : -3.623308
[setup reg-reg] _25494_/Q -> _27275_/D : -3.621114
[setup reg-reg] _25494_/Q -> _26091_/D : -3.616895
[setup reg-reg] _25494_/Q -> _25456_/D : -3.616487
[setup reg-reg] _25494_/Q -> _27182_/D : -3.616162
[setup reg-reg] _25494_/Q -> _27117_/D : -3.615789
[setup reg-reg] _25494_/Q -> _25671_/D : -3.615615
[setup reg-reg] _25494_/Q -> _25995_/D : -3.615092
[setup reg-reg] _25494_/Q -> _27204_/D : -3.613271
[setup reg-reg] _25494_/Q -> _26468_/D : -3.611614
[setup reg-reg] _25494_/Q -> _25869_/D : -3.609818
[setup reg-reg] _25494_/Q -> _26571_/D : -3.606777
[setup reg-reg] _25494_/Q -> _26551_/D : -3.606738
[setup reg-reg] _25494_/Q -> _26797_/D : -3.606614
[setup reg-reg] _25494_/Q -> _25774_/D : -3.605905
[setup reg-reg] _25494_/Q -> _27268_/D : -3.604944
[setup reg-reg] _25494_/Q -> _25277_/D : -3.602485
[setup reg-reg] _25494_/Q -> _25304_/D : -3.602308
[setup reg-reg] _25494_/Q -> _26958_/D : -3.602164
[setup reg-reg] _25494_/Q -> _25394_/D : -3.601454
[setup reg-reg] _25494_/Q -> _25329_/D : -3.600663
[setup reg-reg] _25494_/Q -> _26829_/D : -3.600652
[setup reg-reg] _25494_/Q -> _25345_/D : -3.599206
[setup reg-reg] _25494_/Q -> _25235_/D : -3.599004
[setup reg-reg] _25494_/Q -> _27630_/D : -3.598615
[setup reg-reg] _25494_/Q -> _26788_/D : -3.598407
[setup reg-reg] _25494_/Q -> _25931_/D : -3.598334
[setup reg-reg] _25494_/Q -> _27255_/D : -3.596011
[setup reg-reg] _25494_/Q -> _26251_/D : -3.591588
[setup reg-reg] _25494_/Q -> _25700_/D : -3.588578
[setup reg-reg] _25494_/Q -> _27342_/D : -3.586589
[setup reg-reg] _25494_/Q -> _25261_/D : -3.586411
[setup reg-reg] _25494_/Q -> _26199_/D : -3.583692
[setup reg-reg] _25494_/Q -> _25879_/D : -3.583447
[setup reg-reg] _25494_/Q -> _27236_/D : -3.583370
[setup reg-reg] _25494_/Q -> _25420_/D : -3.582926
[setup reg-reg] _25494_/Q -> _27447_/D : -3.582137
[setup reg-reg] _25494_/Q -> _25312_/D : -3.580635
[setup reg-reg] _25494_/Q -> _26487_/D : -3.579796
[setup reg-reg] _25494_/Q -> _25296_/D : -3.575663
[setup reg-reg] _25494_/Q -> _26738_/D : -3.575618
[setup reg-reg] _25494_/Q -> _26340_/D : -3.575467
[setup reg-reg] _25494_/Q -> _26660_/D : -3.573899
[setup reg-reg] _25494_/Q -> _26955_/D : -3.572657
[setup reg-reg] _25494_/Q -> _25687_/D : -3.572408
[setup reg-reg] _25494_/Q -> _25400_/D : -3.570905
[setup reg-reg] _25494_/Q -> _25309_/D : -3.569248
[setup reg-reg] _25494_/Q -> _25477_/D : -3.566374
[setup reg-reg] _25494_/Q -> _27575_/D : -3.565377
[setup reg-reg] _25494_/Q -> _25662_/D : -3.556803
[setup reg-reg] _25494_/Q -> _26839_/D : -3.555799
[setup reg-reg] _25494_/Q -> _26999_/D : -3.553060
[setup reg-reg] _25494_/Q -> _25778_/D : -3.551754
[setup reg-reg] _25494_/Q -> _25649_/D : -3.551241
[setup reg-reg] _25494_/Q -> _25350_/D : -3.549236
[setup reg-reg] _25494_/Q -> _25283_/D : -3.548916
[setup reg-reg] _25494_/Q -> _25272_/D : -3.545118
[setup reg-reg] _25494_/Q -> _25153_/D : -3.543846
[setup reg-reg] _25494_/Q -> _25143_/D : -3.538661
[setup reg-reg] _25494_/Q -> _25264_/D : -3.538491
[setup reg-reg] _25494_/Q -> _26276_/D : -3.536728
[setup reg-reg] _25494_/Q -> _26482_/D : -3.523894
[setup reg-reg] _25494_/Q -> _27687_/D : -3.523072
[setup reg-reg] _25494_/Q -> _26935_/D : -3.520963
[setup reg-reg] _25494_/Q -> _26903_/D : -3.516943
[setup reg-reg] _25494_/Q -> _25815_/D : -3.514227
[setup reg-reg] _25494_/Q -> _25285_/D : -3.507337
[setup reg-reg] _25494_/Q -> _25462_/D : -3.505395
[setup reg-reg] _25494_/Q -> _25943_/D : -3.504578
[setup reg-reg] _25494_/Q -> _25450_/D : -3.502519
[setup reg-reg] _25494_/Q -> _25751_/D : -3.501906
[setup reg-reg] _25494_/Q -> _26767_/D : -3.500793
[setup reg-reg] _25494_/Q -> _25794_/D : -3.488408
[setup reg-reg] _25494_/Q -> _27426_/D : -3.479743
[setup reg-reg] _25494_/Q -> _25270_/D : -3.468253
[setup reg-reg] _25494_/Q -> _25457_/D : -3.466392
[setup reg-reg] _25494_/Q -> _25317_/D : -3.463715
[setup reg-reg] _25494_/Q -> _26402_/D : -3.460235
[setup reg-reg] _25494_/Q -> _26566_/D : -3.457263
[setup reg-reg] _25494_/Q -> _26804_/D : -3.453971
[setup reg-reg] _25494_/Q -> _27074_/D : -3.451326
[setup reg-reg] _25494_/Q -> _27010_/D : -3.447159
[setup reg-reg] _25494_/Q -> _27298_/D : -3.444336
[setup reg-reg] _25494_/Q -> _25244_/D : -3.441182
[setup reg-reg] _25494_/Q -> _27042_/D : -3.438421
[setup reg-reg] _25494_/Q -> _26050_/D : -3.434685
[setup reg-reg] _25494_/Q -> _25148_/D : -3.424283
[setup reg-reg] _25494_/Q -> _25266_/D : -3.419705
[setup reg-reg] _25494_/Q -> _27535_/D : -3.417961
[setup reg-reg] _25494_/Q -> _25762_/D : -3.416917
[setup reg-reg] _25494_/Q -> _26068_/D : -3.408388
[setup reg-reg] _25494_/Q -> _25172_/D : -3.408253
[setup reg-reg] _25494_/Q -> _25280_/D : -3.407836
[setup reg-reg] _25494_/Q -> _25186_/D : -3.406331
[setup reg-reg] _25494_/Q -> _24940_/D : -3.399526
[setup reg-reg] _25494_/Q -> _25416_/D : -3.391714
[setup reg-reg] _25494_/Q -> _26228_/D : -3.389191
[setup reg-reg] _25494_/Q -> _26370_/D : -3.388772
[setup reg-reg] _25494_/Q -> _25449_/D : -3.388491
[setup reg-reg] _25494_/Q -> _26351_/D : -3.379773
[setup reg-reg] _25494_/Q -> _26502_/D : -3.370104
[setup reg-reg] _25494_/Q -> _25478_/D : -3.367857
[setup reg-reg] _25494_/Q -> _25341_/D : -3.364706
[setup reg-reg] _25494_/Q -> _25139_/D : -3.364590
[setup reg-reg] _25494_/Q -> _26374_/D : -3.364054
[setup reg-reg] _25494_/Q -> _25328_/D : -3.362319
[setup reg-reg] _25494_/Q -> _25469_/D : -3.362208
[setup reg-reg] _25494_/Q -> _26822_/D : -3.360805
[setup reg-reg] _25494_/Q -> _25164_/D : -3.359540
[setup reg-reg] _25494_/Q -> _25743_/D : -3.357892
[setup reg-reg] _25494_/Q -> _25336_/D : -3.354728
[setup reg-reg] _25494_/Q -> _25486_/D : -3.353327
[setup reg-reg] _25494_/Q -> _25684_/D : -3.352163
[setup reg-reg] _25494_/Q -> _25455_/D : -3.349911
[setup reg-reg] _25494_/Q -> _25368_/D : -3.348770
[setup reg-reg] _25494_/Q -> _27110_/D : -3.347905
[setup reg-reg] _25494_/Q -> _25347_/D : -3.346020
[setup reg-reg] _25494_/Q -> _25405_/D : -3.339256
[setup reg-reg] _25494_/Q -> _25163_/D : -3.331770
[setup reg-reg] _25494_/Q -> _25664_/D : -3.330364
[setup reg-reg] _25494_/Q -> _27334_/D : -3.330188
[setup reg-reg] _25494_/Q -> _26022_/D : -3.327681
[setup reg-reg] _25494_/Q -> _25344_/D : -3.326283
[setup reg-reg] _25494_/Q -> _25466_/D : -3.322214
[setup reg-reg] _25494_/Q -> _25184_/D : -3.319752
[setup reg-reg] _25494_/Q -> _26214_/D : -3.318869
[setup reg-reg] _25494_/Q -> _26959_/D : -3.316862
[setup reg-reg] _25494_/Q -> _25999_/D : -3.315041
[setup reg-reg] _25494_/Q -> _27119_/D : -3.312010
[setup reg-reg] _25494_/Q -> _25734_/D : -3.306024
[setup reg-reg] _25494_/Q -> _26622_/D : -3.303239
[setup reg-reg] _25494_/Q -> _24934_/D : -3.302995
[setup reg-reg] _25494_/Q -> _25935_/D : -3.302185
[setup reg-reg] _25494_/Q -> _25392_/D : -3.301539
[setup reg-reg] _25494_/Q -> _25176_/D : -3.300745
[setup reg-reg] _25494_/Q -> _25190_/D : -3.299107
[setup reg-reg] _25494_/Q -> _25839_/D : -3.297199
[setup reg-reg] _25494_/Q -> _26735_/D : -3.295906
[setup reg-reg] _25494_/Q -> _26415_/D : -3.289374
[setup reg-reg] _25494_/Q -> _27471_/D : -3.288504
[setup reg-reg] _25494_/Q -> _25716_/D : -3.284986
[setup reg-reg] _25494_/Q -> _25376_/D : -3.283155
[setup reg-reg] _25494_/Q -> _25334_/D : -3.277341
[setup reg-reg] _25494_/Q -> _26799_/D : -3.275268
[setup reg-reg] _25494_/Q -> _26580_/D : -3.273009
[setup reg-reg] _25494_/Q -> _27407_/D : -3.272444
[setup reg-reg] _25494_/Q -> _26260_/D : -3.270884
[setup reg-reg] _25494_/Q -> _25379_/D : -3.268809
[setup reg-reg] _25494_/Q -> _26287_/D : -3.267346
[setup reg-reg] _25494_/Q -> _27602_/D : -3.265615
[setup reg-reg] _25494_/Q -> _25133_/D : -3.262784
[setup reg-reg] _25494_/Q -> _26895_/D : -3.260386
[setup reg-reg] _25494_/Q -> _25330_/D : -3.257398
[setup reg-reg] _25494_/Q -> _25151_/D : -3.253062
[setup reg-reg] _25494_/Q -> _25399_/D : -3.252771
[setup reg-reg] _25494_/Q -> _27215_/D : -3.243562
[setup reg-reg] _25494_/Q -> _25393_/D : -3.243148
[setup reg-reg] _25494_/Q -> _25694_/D : -3.241718
[setup reg-reg] _25494_/Q -> _25178_/D : -3.241276
[setup reg-reg] _25494_/Q -> _26310_/D : -3.237020
[setup reg-reg] _25494_/Q -> _26270_/D : -3.233725
[setup reg-reg] _25494_/Q -> _25362_/D : -3.231868
[setup reg-reg] _25494_/Q -> _25131_/D : -3.231335
[setup reg-reg] _25494_/Q -> _25398_/D : -3.225095
[setup reg-reg] _25494_/Q -> _25460_/D : -3.221794
[setup reg-reg] _25494_/Q -> _27006_/D : -3.220709
[setup reg-reg] _25494_/Q -> _25807_/D : -3.220617
[setup reg-reg] _25494_/Q -> _25183_/D : -3.218466
[setup reg-reg] _25494_/Q -> _26430_/D : -3.216311
[setup reg-reg] _25494_/Q -> _27446_/D : -3.214499
[setup reg-reg] _25494_/Q -> _25461_/D : -3.213152
[setup reg-reg] _25494_/Q -> _25465_/D : -3.211779
[setup reg-reg] _25494_/Q -> _25812_/D : -3.211779
[setup reg-reg] _25494_/Q -> _25302_/D : -3.210701
[setup reg-reg] _25494_/Q -> _26319_/D : -3.209273
[setup reg-reg] _25494_/Q -> _26547_/D : -3.208381
[setup reg-reg] _25494_/Q -> _26740_/D : -3.203551
[setup reg-reg] _25494_/Q -> _27542_/D : -3.202939
[setup reg-reg] _25494_/Q -> _25349_/D : -3.202509
[setup reg-reg] _25494_/Q -> _25369_/D : -3.202383
[setup reg-reg] _25494_/Q -> _25342_/D : -3.201805
[setup reg-reg] _25494_/Q -> _25397_/D : -3.198883
[setup reg-reg] _25494_/Q -> _25295_/D : -3.196664
[setup reg-reg] _25494_/Q -> _26419_/D : -3.194765
[setup reg-reg] _25494_/Q -> _25876_/D : -3.190591
[setup reg-reg] _25494_/Q -> _27443_/D : -3.188900
[setup reg-reg] _25494_/Q -> _25814_/D : -3.187672
[setup reg-reg] _25494_/Q -> _26772_/D : -3.187482
[setup reg-reg] _25494_/Q -> _25367_/D : -3.187413
[setup reg-reg] _25494_/Q -> _27174_/D : -3.184253
[setup reg-reg] _25494_/Q -> _26483_/D : -3.183511
[setup reg-reg] _25494_/Q -> _26142_/D : -3.180650
[setup reg-reg] _25494_/Q -> _27711_/D : -3.177943
[setup reg-reg] _25494_/Q -> _27398_/D : -3.177867
[setup reg-reg] _25494_/Q -> _25822_/D : -3.177542
[setup reg-reg] _25494_/Q -> _27070_/D : -3.177080
[setup reg-reg] _25494_/Q -> _27094_/D : -3.173573
[setup reg-reg] _25494_/Q -> _24959_/D : -3.173373
[setup reg-reg] _25494_/Q -> _25000_/D : -3.173298
[setup reg-reg] _25494_/Q -> _27123_/D : -3.169559
[setup reg-reg] _25494_/Q -> _25387_/D : -3.168848
[setup reg-reg] _25494_/Q -> _26452_/D : -3.167752
[setup reg-reg] _25494_/Q -> _26494_/D : -3.165507
[setup reg-reg] _25494_/Q -> _26771_/D : -3.163697
[setup reg-reg] _25494_/Q -> _27439_/D : -3.161178
[setup reg-reg] _25494_/Q -> _27154_/D : -3.156849
[setup reg-reg] _25494_/Q -> _27247_/D : -3.156332
[setup reg-reg] _25494_/Q -> _25886_/D : -3.153000
[setup reg-reg] _25494_/Q -> _26438_/D : -3.149980
[setup reg-reg] _25494_/Q -> _25316_/D : -3.149316
[setup reg-reg] _25494_/Q -> _27183_/D : -3.148699
[setup reg-reg] _25494_/Q -> _25483_/D : -3.141079
[setup reg-reg] _25494_/Q -> _26163_/D : -3.136744
[setup reg-reg] _25494_/Q -> _25396_/D : -3.135813
[setup reg-reg] _25494_/Q -> _25348_/D : -3.133954
[setup reg-reg] _25494_/Q -> _26579_/D : -3.131055
[setup reg-reg] _25494_/Q -> _25254_/D : -3.129655
[setup reg-reg] _25494_/Q -> _27027_/D : -3.125692
[setup reg-reg] _25494_/Q -> _25182_/D : -3.120761
[setup reg-reg] _25494_/Q -> _25373_/D : -3.118057
[setup reg-reg] _25494_/Q -> _26164_/D : -3.117485
[setup reg-reg] _25494_/Q -> _25335_/D : -3.114080
[setup reg-reg] _25494_/Q -> _25249_/D : -3.109387
[setup reg-reg] _25494_/Q -> _25144_/D : -3.108458
[setup reg-reg] _25494_/Q -> _26950_/D : -3.106928
[setup reg-reg] _25494_/Q -> _26278_/D : -3.104583
[setup reg-reg] _25494_/Q -> _26227_/D : -3.101645
[setup reg-reg] _25494_/Q -> _26794_/D : -3.099725
[setup reg-reg] _25494_/Q -> _27622_/D : -3.099105
[setup reg-reg] _25494_/Q -> _25391_/D : -3.094115
[setup reg-reg] _25494_/Q -> _26515_/D : -3.091172
[setup reg-reg] _25494_/Q -> _26031_/D : -3.090298
[setup reg-reg] _25494_/Q -> _25150_/D : -3.088237
[setup reg-reg] _25494_/Q -> _26195_/D : -3.087150
[setup reg-reg] _25494_/Q -> _25926_/D : -3.086752
[setup reg-reg] _25494_/Q -> _26654_/D : -3.084365
[setup reg-reg] _25494_/Q -> _25715_/D : -3.083652
[setup reg-reg] _25494_/Q -> _27503_/D : -3.079366
[setup reg-reg] _25494_/Q -> _26742_/D : -3.075913
[setup reg-reg] _25494_/Q -> _27318_/D : -3.073222
[setup reg-reg] _25494_/Q -> _25423_/D : -3.073005
[setup reg-reg] _25494_/Q -> _25278_/D : -3.072758
[setup reg-reg] _25494_/Q -> _26662_/D : -3.071770
[setup reg-reg] _25494_/Q -> _25830_/D : -3.071396
[setup reg-reg] _25494_/Q -> _27091_/D : -3.071095
[setup reg-reg] _25494_/Q -> _27547_/D : -3.070202
[setup reg-reg] _25494_/Q -> _25474_/D : -3.069820
[setup reg-reg] _25494_/Q -> _26387_/D : -3.066145
[setup reg-reg] _25494_/Q -> _25971_/D : -3.062407
[setup reg-reg] _25494_/Q -> _26675_/D : -3.061599
[setup reg-reg] _25494_/Q -> _27283_/D : -3.059039
[setup reg-reg] _25494_/Q -> _25238_/D : -3.055524
[setup reg-reg] _25494_/Q -> _27146_/D : -3.054582
[setup reg-reg] _25494_/Q -> _26899_/D : -3.054332
[setup reg-reg] _25494_/Q -> _27603_/D : -3.053662
[setup reg-reg] _25494_/Q -> _25130_/D : -3.052261
[setup reg-reg] _25494_/Q -> _25284_/D : -3.051190
[setup reg-reg] _25494_/Q -> _25843_/D : -3.051090
[setup reg-reg] _25494_/Q -> _26516_/D : -3.050362
[setup reg-reg] _25494_/Q -> _27347_/D : -3.050310
[setup reg-reg] _25494_/Q -> _25333_/D : -3.048692
[setup reg-reg] _25494_/Q -> _25380_/D : -3.045738
[setup reg-reg] _25494_/Q -> _26046_/D : -3.044985
[setup reg-reg] _25494_/Q -> _25355_/D : -3.043709
[setup reg-reg] _25494_/Q -> _26671_/D : -3.042910
[setup reg-reg] _25494_/Q -> _25758_/D : -3.042397
[setup reg-reg] _25494_/Q -> _27361_/D : -3.042278
[setup reg-reg] _25494_/Q -> _25942_/D : -3.040327
[setup reg-reg] _25494_/Q -> _26900_/D : -3.038595
[setup reg-reg] _25494_/Q -> _27571_/D : -3.038384
[setup reg-reg] _25494_/Q -> _27251_/D : -3.036936
[setup reg-reg] _25494_/Q -> _26643_/D : -3.034760
[setup reg-reg] _25494_/Q -> _26035_/D : -3.034179
[setup reg-reg] _25494_/Q -> _25779_/D : -3.033406
[setup reg-reg] _25494_/Q -> _27315_/D : -3.031403
[setup reg-reg] _25494_/Q -> _26776_/D : -3.030890
[setup reg-reg] _25494_/Q -> _27663_/D : -3.030529
[setup reg-reg] _25494_/Q -> _25234_/D : -3.030367
[setup reg-reg] _25494_/Q -> _26878_/D : -3.029786
[setup reg-reg] _25494_/Q -> _26971_/D : -3.025930
[setup reg-reg] _25494_/Q -> _25907_/D : -3.025202
[setup reg-reg] _25494_/Q -> _25645_/D : -3.024628
[setup reg-reg] _25494_/Q -> _26291_/D : -3.024518
[setup reg-reg] _25494_/Q -> _26910_/D : -3.023908
[setup reg-reg] _25494_/Q -> _26099_/D : -3.021487
[setup reg-reg] _25494_/Q -> _25918_/D : -3.019542
[setup reg-reg] _25494_/Q -> _27102_/D : -3.017961
[setup reg-reg] _25494_/Q -> _25898_/D : -3.017105
[setup reg-reg] _25494_/Q -> _26259_/D : -3.016956
[setup reg-reg] _25494_/Q -> _25239_/D : -3.014526
[setup reg-reg] _25494_/Q -> _27457_/D : -3.013725
[setup reg-reg] _25494_/Q -> _25825_/D : -3.011929
[setup reg-reg] _25494_/Q -> _26063_/D : -3.011429
[setup reg-reg] _25494_/Q -> _26506_/D : -3.009900
[setup reg-reg] _25494_/Q -> _25173_/D : -3.009827
[setup reg-reg] _25494_/Q -> _27683_/D : -3.008559
[setup reg-reg] _25494_/Q -> _25770_/D : -3.007651
[setup reg-reg] _25494_/Q -> _27059_/D : -3.006459
[setup reg-reg] _25494_/Q -> _25147_/D : -3.006079
[setup reg-reg] _25494_/Q -> _27508_/D : -3.003283
[setup reg-reg] _25494_/Q -> _25306_/D : -3.000173
[setup reg-reg] _25494_/Q -> _26067_/D : -2.999174
[setup reg-reg] _25494_/Q -> _27158_/D : -2.997878
[setup reg-reg] _25494_/Q -> _27454_/D : -2.996391
[setup reg-reg] _25494_/Q -> _27411_/D : -2.995250
[setup reg-reg] _25494_/Q -> _27358_/D : -2.994325
[setup reg-reg] _25494_/Q -> _27265_/D : -2.994025
[setup reg-reg] _25494_/Q -> _25181_/D : -2.993231
[setup reg-reg] _25494_/Q -> _27306_/D : -2.993204
[setup reg-reg] _25494_/Q -> _27003_/D : -2.992742
[setup reg-reg] _25494_/Q -> _26558_/D : -2.992517
[setup reg-reg] _25494_/Q -> _27277_/D : -2.991980
[setup reg-reg] _25494_/Q -> _25985_/D : -2.988395
[setup reg-reg] _25494_/Q -> _26003_/D : -2.987903
[setup reg-reg] _25494_/Q -> _26867_/D : -2.987005
[setup reg-reg] _25494_/Q -> _27097_/D : -2.985605
[setup reg-reg] _25494_/Q -> _26166_/D : -2.985487
[setup reg-reg] _25494_/Q -> _26578_/D : -2.984974
[setup reg-reg] _25494_/Q -> _27338_/D : -2.982025
[setup reg-reg] _25494_/Q -> _25240_/D : -2.979922
[setup reg-reg] _25494_/Q -> _27291_/D : -2.979306
[setup reg-reg] _25494_/Q -> _26835_/D : -2.978755
[setup reg-reg] _25494_/Q -> _27412_/D : -2.976737
[setup reg-reg] _25494_/Q -> _27643_/D : -2.974854
[setup reg-reg] _25494_/Q -> _27035_/D : -2.974474
[setup reg-reg] _25494_/Q -> _27451_/D : -2.972758
[setup reg-reg] _25494_/Q -> _27539_/D : -2.971714
[setup reg-reg] _25494_/Q -> _26689_/D : -2.971287
[setup reg-reg] _25494_/Q -> _25939_/D : -2.970678
[setup reg-reg] _25494_/Q -> _25168_/D : -2.970262
[setup reg-reg] _25494_/Q -> _26969_/D : -2.965637
[setup reg-reg] _25494_/Q -> _25883_/D : -2.963711
[setup reg-reg] _25494_/Q -> _26721_/D : -2.959611
[setup reg-reg] _25494_/Q -> _27545_/D : -2.959524
[setup reg-reg] _25494_/Q -> _26267_/D : -2.959038
[setup reg-reg] _25494_/Q -> _25659_/D : -2.958986
[setup reg-reg] _25494_/Q -> _26273_/D : -2.958142
[setup reg-reg] _25494_/Q -> _27594_/D : -2.957686
[setup reg-reg] _25494_/Q -> _26519_/D : -2.956837
[setup reg-reg] _25494_/Q -> _27466_/D : -2.955252
[setup reg-reg] _25494_/Q -> _27000_/D : -2.954323
[setup reg-reg] _25494_/Q -> _25689_/D : -2.953568
[setup reg-reg] _25494_/Q -> _26611_/D : -2.953275
[setup reg-reg] _25494_/Q -> _25720_/D : -2.951511
[setup reg-reg] _25494_/Q -> _25650_/D : -2.951365
[setup reg-reg] _25494_/Q -> _27126_/D : -2.950968
[setup reg-reg] _25494_/Q -> _27187_/D : -2.950580
[setup reg-reg] _25494_/Q -> _25817_/D : -2.950376
[setup reg-reg] _25494_/Q -> _25953_/D : -2.948973
[setup reg-reg] _25494_/Q -> _27114_/D : -2.948818
[setup reg-reg] _25494_/Q -> _25470_/D : -2.946331
[setup reg-reg] _25494_/Q -> _25972_/D : -2.945306
[setup reg-reg] _25494_/Q -> _26014_/D : -2.944821
[setup reg-reg] _25494_/Q -> _26442_/D : -2.944399
[setup reg-reg] _25494_/Q -> _26359_/D : -2.943596
[setup reg-reg] _25494_/Q -> _27351_/D : -2.942977
[setup reg-reg] _25494_/Q -> _26241_/D : -2.942828
[setup reg-reg] _25494_/Q -> _26537_/D : -2.942141
[setup reg-reg] _25494_/Q -> _25790_/D : -2.939641
[setup reg-reg] _25494_/Q -> _27105_/D : -2.939100
[setup reg-reg] _25494_/Q -> _27224_/D : -2.938265
[setup reg-reg] _25494_/Q -> _26066_/D : -2.937139
[setup reg-reg] _25494_/Q -> _26753_/D : -2.935513
[setup reg-reg] _25494_/Q -> _25965_/D : -2.935300
[setup reg-reg] _25494_/Q -> _26282_/D : -2.934669
[setup reg-reg] _25494_/Q -> _26137_/D : -2.933945
[setup reg-reg] _25494_/Q -> _26249_/D : -2.933172
[setup reg-reg] _25494_/Q -> _26785_/D : -2.932689
[setup reg-reg] _25494_/Q -> _26121_/D : -2.930969
[setup reg-reg] _25494_/Q -> _26505_/D : -2.930943
[setup reg-reg] _25494_/Q -> _27489_/D : -2.930157
[setup reg-reg] _25494_/Q -> _25371_/D : -2.927557
[setup reg-reg] _25494_/Q -> _27448_/D : -2.927155
[setup reg-reg] _25494_/Q -> _26110_/D : -2.926566
[setup reg-reg] _25494_/Q -> _26409_/D : -2.925514
[setup reg-reg] _25494_/Q -> _27419_/D : -2.925310
[setup reg-reg] _25494_/Q -> _25865_/D : -2.922974
[setup reg-reg] _25494_/Q -> _27222_/D : -2.920061
[setup reg-reg] _25494_/Q -> _26561_/D : -2.919203
[setup reg-reg] _25494_/Q -> _26057_/D : -2.915096
[setup reg-reg] _25494_/Q -> _25248_/D : -2.913742
[setup reg-reg] _25494_/Q -> _26313_/D : -2.912788
[setup reg-reg] _25494_/Q -> _25997_/D : -2.912021
[setup reg-reg] _25494_/Q -> _27316_/D : -2.911200
[setup reg-reg] _25494_/Q -> _26569_/D : -2.910335
[setup reg-reg] _25494_/Q -> _25375_/D : -2.910198
[setup reg-reg] _25494_/Q -> _25688_/D : -2.910184
[setup reg-reg] _25494_/Q -> _27064_/D : -2.909433
[setup reg-reg] _25494_/Q -> _26905_/D : -2.909010
[setup reg-reg] _25494_/Q -> _26541_/D : -2.907900
[setup reg-reg] _25494_/Q -> _26105_/D : -2.905885
[setup reg-reg] _25494_/Q -> _27262_/D : -2.905299
[setup reg-reg] _25494_/Q -> _27160_/D : -2.905024
[setup reg-reg] _25494_/Q -> _27476_/D : -2.904928
[setup reg-reg] _25494_/Q -> _27245_/D : -2.903946
[setup reg-reg] _25494_/Q -> _26329_/D : -2.902180
[setup reg-reg] _25494_/Q -> _27309_/D : -2.901432
[setup reg-reg] _25494_/Q -> _26281_/D : -2.900135
[setup reg-reg] _25494_/Q -> _27350_/D : -2.897716
[setup reg-reg] _25494_/Q -> _27353_/D : -2.896824
[setup reg-reg] _25494_/Q -> _25274_/D : -2.896535
[setup reg-reg] _25494_/Q -> _26317_/D : -2.895916
[setup reg-reg] _25494_/Q -> _25889_/D : -2.894831
[setup reg-reg] _25494_/Q -> _27041_/D : -2.893629
[setup reg-reg] _25494_/Q -> _25921_/D : -2.893469
[setup reg-reg] _25494_/Q -> _27433_/D : -2.891469
[setup reg-reg] _25494_/Q -> _25402_/D : -2.890673
[setup reg-reg] _25494_/Q -> _27225_/D : -2.890387
[setup reg-reg] _25494_/Q -> _27585_/D : -2.889564
[setup reg-reg] _25494_/Q -> _27257_/D : -2.889463
[setup reg-reg] _25494_/Q -> _25913_/D : -2.889451
[setup reg-reg] _25494_/Q -> _26457_/D : -2.889099
[setup reg-reg] _25494_/Q -> _27218_/D : -2.888895
[setup reg-reg] _25494_/Q -> _27273_/D : -2.888017
[setup reg-reg] _25494_/Q -> _26413_/D : -2.886905
[setup reg-reg] _25494_/Q -> _25232_/D : -2.884768
[setup reg-reg] _25494_/Q -> _27060_/D : -2.884104
[setup reg-reg] _25494_/Q -> _26233_/D : -2.883537
[setup reg-reg] _25494_/Q -> _26102_/D : -2.883446
[setup reg-reg] _25494_/Q -> _27689_/D : -2.882940
[setup reg-reg] _25494_/Q -> _25245_/D : -2.881993
[setup reg-reg] _25494_/Q -> _27684_/D : -2.881974
[setup reg-reg] _25494_/Q -> _25686_/D : -2.879263
[setup reg-reg] _25494_/Q -> _26349_/D : -2.879157
[setup reg-reg] _25494_/Q -> _26125_/D : -2.879077
[setup reg-reg] _25494_/Q -> _25729_/D : -2.878190
[setup reg-reg] _25494_/Q -> _27373_/D : -2.877778
[setup reg-reg] _25494_/Q -> _27065_/D : -2.877526
[setup reg-reg] _25494_/Q -> _27329_/D : -2.876336
[setup reg-reg] _25494_/Q -> _27510_/D : -2.875989
[setup reg-reg] _25494_/Q -> _27337_/D : -2.875558
[setup reg-reg] _25494_/Q -> _27348_/D : -2.875442
[setup reg-reg] _25494_/Q -> _25310_/D : -2.873295
[setup reg-reg] _25494_/Q -> _27533_/D : -2.873115
[setup reg-reg] _25494_/Q -> _27297_/D : -2.873097
[setup reg-reg] _25494_/Q -> _27697_/D : -2.872497
[setup reg-reg] _25494_/Q -> _27617_/D : -2.872284
[setup reg-reg] _25494_/Q -> _27085_/D : -2.872046
[setup reg-reg] _25494_/Q -> _26061_/D : -2.870916
[setup reg-reg] _25494_/Q -> _26957_/D : -2.870488
[setup reg-reg] _25494_/Q -> _27018_/D : -2.868315
[setup reg-reg] _25494_/Q -> _27657_/D : -2.868230
[setup reg-reg] _25494_/Q -> _27481_/D : -2.867951
[setup reg-reg] _25494_/Q -> _27501_/D : -2.867445
[setup reg-reg] _25494_/Q -> _27166_/D : -2.867257
[setup reg-reg] _25494_/Q -> _26745_/D : -2.866639
[setup reg-reg] _25494_/Q -> _26302_/D : -2.865775
[setup reg-reg] _25494_/Q -> _26861_/D : -2.865075
[setup reg-reg] _25494_/Q -> _25162_/D : -2.862926
[setup reg-reg] _25494_/Q -> _25974_/D : -2.862827
[setup reg-reg] _25494_/Q -> _25152_/D : -2.862322
[setup reg-reg] _25494_/Q -> _27081_/D : -2.861468
[setup reg-reg] _25494_/Q -> _26932_/D : -2.861217
[setup reg-reg] _25494_/Q -> _26825_/D : -2.861109
[setup reg-reg] _25494_/Q -> _25737_/D : -2.860835
[setup reg-reg] _25494_/Q -> _27402_/D : -2.859583
[setup reg-reg] _25494_/Q -> _26585_/D : -2.858272
[setup reg-reg] _25494_/Q -> _27009_/D : -2.858107
[setup reg-reg] _25494_/Q -> _27210_/D : -2.857291
[setup reg-reg] _25494_/Q -> _25769_/D : -2.855815
[setup reg-reg] _25494_/Q -> _27636_/D : -2.853582
[setup reg-reg] _25494_/Q -> _25761_/D : -2.851538
[setup reg-reg] _25494_/Q -> _26465_/D : -2.850536
[setup reg-reg] _25494_/Q -> _26573_/D : -2.850053
[setup reg-reg] _25494_/Q -> _26798_/D : -2.849692
[setup reg-reg] _25494_/Q -> _26858_/D : -2.848534
[setup reg-reg] _25494_/Q -> _26489_/D : -2.848498
[setup reg-reg] _25494_/Q -> _25315_/D : -2.846806
[setup reg-reg] _25494_/Q -> _25651_/D : -2.846379
[setup reg-reg] _25494_/Q -> _26425_/D : -2.846131
[setup reg-reg] _25494_/Q -> _27561_/D : -2.846008
[setup reg-reg] _25494_/Q -> _26230_/D : -2.845154
[setup reg-reg] _25494_/Q -> _25709_/D : -2.844841
[setup reg-reg] _25494_/Q -> _26420_/D : -2.844763
[setup reg-reg] _25494_/Q -> _26849_/D : -2.843903
[setup reg-reg] _25494_/Q -> _26134_/D : -2.843638
[setup reg-reg] _25494_/Q -> _27417_/D : -2.842739
[setup reg-reg] _25494_/Q -> _27521_/D : -2.842645
[setup reg-reg] _25494_/Q -> _26090_/D : -2.840231
[setup reg-reg] _25494_/Q -> _26393_/D : -2.839707
[setup reg-reg] _25494_/Q -> _27382_/D : -2.838132
[setup reg-reg] _25494_/Q -> _27425_/D : -2.837808
[setup reg-reg] _25494_/Q -> _26774_/D : -2.837519
[setup reg-reg] _25494_/Q -> _27053_/D : -2.837428
[setup reg-reg] _25494_/Q -> _25291_/D : -2.836902
[setup reg-reg] _25494_/Q -> _26509_/D : -2.835138
[setup reg-reg] _25494_/Q -> _27381_/D : -2.835002
[setup reg-reg] _25494_/Q -> _25750_/D : -2.834387
[setup reg-reg] _25494_/Q -> _26005_/D : -2.834238
[setup reg-reg] _25494_/Q -> _27341_/D : -2.834201
[setup reg-reg] _25494_/Q -> _26174_/D : -2.833373
[setup reg-reg] _25494_/Q -> _26154_/D : -2.831024
[setup reg-reg] _25494_/Q -> _25719_/D : -2.830454
[setup reg-reg] _25494_/Q -> _27233_/D : -2.829893
[setup reg-reg] _25494_/Q -> _27127_/D : -2.829420
[setup reg-reg] _25494_/Q -> _25945_/D : -2.826941
[setup reg-reg] _25494_/Q -> _26678_/D : -2.825887
[setup reg-reg] _25494_/Q -> _27479_/D : -2.825726
[setup reg-reg] _25494_/Q -> _25806_/D : -2.824727
[setup reg-reg] _25494_/Q -> _26145_/D : -2.822830
[setup reg-reg] _25494_/Q -> _25710_/D : -2.821937
[setup reg-reg] _25494_/Q -> _25838_/D : -2.821899
[setup reg-reg] _25494_/Q -> _26382_/D : -2.821445
[setup reg-reg] _25494_/Q -> _26070_/D : -2.821365
[setup reg-reg] _25494_/Q -> _25323_/D : -2.821015
[setup reg-reg] _25494_/Q -> _25273_/D : -2.819656
[setup reg-reg] _25494_/Q -> _27606_/D : -2.819157
[setup reg-reg] _25494_/Q -> _27550_/D : -2.819149
[setup reg-reg] _25494_/Q -> _27118_/D : -2.819023
[setup reg-reg] _25494_/Q -> _26294_/D : -2.818837
[setup reg-reg] _25494_/Q -> _27220_/D : -2.818039
[setup reg-reg] _25494_/Q -> _26180_/D : -2.817835
[setup reg-reg] _25494_/Q -> _25753_/D : -2.817185
[setup reg-reg] _25494_/Q -> _26934_/D : -2.816288
[setup reg-reg] _25494_/Q -> _26913_/D : -2.816163
[setup reg-reg] _25494_/Q -> _26356_/D : -2.816160
[setup reg-reg] _25494_/Q -> _26262_/D : -2.815416
[setup reg-reg] _25494_/Q -> _26967_/D : -2.815268
[setup reg-reg] _25494_/Q -> _26805_/D : -2.814639
[setup reg-reg] _25494_/Q -> _26807_/D : -2.813691
[setup reg-reg] _25494_/Q -> _26049_/D : -2.813488
[setup reg-reg] _25494_/Q -> _26542_/D : -2.813286
[setup reg-reg] _25494_/Q -> _26369_/D : -2.812625
[setup reg-reg] _25494_/Q -> _27310_/D : -2.811776
[setup reg-reg] _25494_/Q -> _26103_/D : -2.811465
[setup reg-reg] _25494_/Q -> _27469_/D : -2.811060
[setup reg-reg] _25494_/Q -> _27062_/D : -2.810806
[setup reg-reg] _25494_/Q -> _26830_/D : -2.810152
[setup reg-reg] _25494_/Q -> _25934_/D : -2.809182
[setup reg-reg] _25494_/Q -> _26985_/D : -2.809127
[setup reg-reg] _25494_/Q -> _27511_/D : -2.809104
[setup reg-reg] _25494_/Q -> _26756_/D : -2.808553
[setup reg-reg] _25494_/Q -> _27438_/D : -2.806926
[setup reg-reg] _25494_/Q -> _27574_/D : -2.806461
[setup reg-reg] _25494_/Q -> _27709_/D : -2.806388
[setup reg-reg] _25494_/Q -> _26177_/D : -2.805344
[setup reg-reg] _25494_/Q -> _26350_/D : -2.805269
[setup reg-reg] _25494_/Q -> _27073_/D : -2.804908
[setup reg-reg] _25494_/Q -> _25413_/D : -2.804091
[setup reg-reg] _25494_/Q -> _27415_/D : -2.803597
[setup reg-reg] _25494_/Q -> _26033_/D : -2.803480
[setup reg-reg] _25494_/Q -> _26295_/D : -2.801304
[setup reg-reg] _25494_/Q -> _26477_/D : -2.801270
[setup reg-reg] _25494_/Q -> _26510_/D : -2.799933
[setup reg-reg] _25494_/Q -> _26418_/D : -2.799123
[setup reg-reg] _25494_/Q -> _26017_/D : -2.798929
[setup reg-reg] _25494_/Q -> _26062_/D : -2.798771
[setup reg-reg] _25494_/Q -> _27319_/D : -2.798506
[setup reg-reg] _25494_/Q -> _26093_/D : -2.797064
[setup reg-reg] _25494_/Q -> _26453_/D : -2.796083
[setup reg-reg] _25494_/Q -> _26148_/D : -2.795359
[setup reg-reg] _25494_/Q -> _25909_/D : -2.793840
[setup reg-reg] _25494_/Q -> _25993_/D : -2.792254
[setup reg-reg] _25494_/Q -> _27477_/D : -2.790980
[setup reg-reg] _25494_/Q -> _25667_/D : -2.790760
[setup reg-reg] _25494_/Q -> _27137_/D : -2.788772
[setup reg-reg] _25494_/Q -> _26446_/D : -2.788427
[setup reg-reg] _25494_/Q -> _27286_/D : -2.786768
[setup reg-reg] _25494_/Q -> _25742_/D : -2.786321
[setup reg-reg] _25494_/Q -> _26743_/D : -2.780865
[setup reg-reg] _25494_/Q -> _26126_/D : -2.780837
[setup reg-reg] _25494_/Q -> _25001_/D : -2.780677
[setup reg-reg] _25494_/Q -> _26606_/D : -2.780613
[setup reg-reg] _25494_/Q -> _27607_/D : -2.779979
[setup reg-reg] _25494_/Q -> _26020_/D : -2.778942
[setup reg-reg] _25494_/Q -> _27524_/D : -2.778224
[setup reg-reg] _25494_/Q -> _26857_/D : -2.775970
[setup reg-reg] _25494_/Q -> _25463_/D : -2.772938
[setup reg-reg] _25494_/Q -> _26161_/D : -2.772369
[setup reg-reg] _25494_/Q -> _26933_/D : -2.772138
[setup reg-reg] _25494_/Q -> _25813_/D : -2.769792
[setup reg-reg] _25494_/Q -> _26990_/D : -2.769705
[setup reg-reg] _25494_/Q -> _27332_/D : -2.767063
[setup reg-reg] _25494_/Q -> _25845_/D : -2.765274
[setup reg-reg] _25494_/Q -> _26810_/D : -2.764743
[setup reg-reg] _25494_/Q -> _26901_/D : -2.763658
[setup reg-reg] _25494_/Q -> _27406_/D : -2.761896
[setup reg-reg] _25494_/Q -> _26773_/D : -2.761041
[setup reg-reg] _25494_/Q -> _27383_/D : -2.757940
[setup reg-reg] _25494_/Q -> _27659_/D : -2.757362
[setup reg-reg] _25494_/Q -> _25253_/D : -2.757126
[setup reg-reg] _25494_/Q -> _26517_/D : -2.756513
[setup reg-reg] _25494_/Q -> _25301_/D : -2.755712
[setup reg-reg] _25494_/Q -> _27700_/D : -2.754597
[setup reg-reg] _25494_/Q -> _27534_/D : -2.749653
[setup reg-reg] _25494_/Q -> _27031_/D : -2.749280
[setup reg-reg] _25494_/Q -> _27441_/D : -2.748932
[setup reg-reg] _25494_/Q -> _26564_/D : -2.748744
[setup reg-reg] _25494_/Q -> _25167_/D : -2.745187
[setup reg-reg] _25494_/Q -> _26766_/D : -2.744678
[setup reg-reg] _25494_/Q -> _27278_/D : -2.744274
[setup reg-reg] _25494_/Q -> _26322_/D : -2.742816
[setup reg-reg] _25494_/Q -> _27354_/D : -2.742777
[setup reg-reg] _25494_/Q -> _25136_/D : -2.741299
[setup reg-reg] _25494_/Q -> _26852_/D : -2.740237
[setup reg-reg] _25494_/Q -> _27470_/D : -2.740196
[setup reg-reg] _25494_/Q -> _27223_/D : -2.739853
[setup reg-reg] _25494_/Q -> _27512_/D : -2.739295
[setup reg-reg] _25494_/Q -> _27710_/D : -2.739148
[setup reg-reg] _25494_/Q -> _27566_/D : -2.739006
[setup reg-reg] _25494_/Q -> _26404_/D : -2.738574
[setup reg-reg] _25494_/Q -> _26263_/D : -2.738389
[setup reg-reg] _25494_/Q -> _27639_/D : -2.737702
[setup reg-reg] _25494_/Q -> _27413_/D : -2.736838
[setup reg-reg] _25494_/Q -> _25467_/D : -2.736398
[setup reg-reg] _25494_/Q -> _27541_/D : -2.735662
[setup reg-reg] _25494_/Q -> _25973_/D : -2.735410
[setup reg-reg] _25494_/Q -> _27445_/D : -2.735263
[setup reg-reg] _25494_/Q -> _26705_/D : -2.734771
[setup reg-reg] _25494_/Q -> _26936_/D : -2.734362
[setup reg-reg] _25494_/Q -> _25749_/D : -2.733231
[setup reg-reg] _25494_/Q -> _26884_/D : -2.733010
[setup reg-reg] _25494_/Q -> _26328_/D : -2.731998
[setup reg-reg] _25494_/Q -> _25448_/D : -2.731490
[setup reg-reg] _25494_/Q -> _25998_/D : -2.729854
[setup reg-reg] _25494_/Q -> _27125_/D : -2.728848
[setup reg-reg] _25494_/Q -> _25956_/D : -2.728056
[setup reg-reg] _25494_/Q -> _26638_/D : -2.726699
[setup reg-reg] _25494_/Q -> _26545_/D : -2.726612
[setup reg-reg] _25494_/Q -> _25652_/D : -2.726555
[setup reg-reg] _25494_/Q -> _26104_/D : -2.726530
[setup reg-reg] _25494_/Q -> _26679_/D : -2.724383
[setup reg-reg] _25494_/Q -> _27061_/D : -2.722679
[setup reg-reg] _25494_/Q -> _27556_/D : -2.722404
[setup reg-reg] _25494_/Q -> _27281_/D : -2.721222
[setup reg-reg] _25494_/Q -> _26296_/D : -2.720693
[setup reg-reg] _25494_/Q -> _27384_/D : -2.720041
[setup reg-reg] _25494_/Q -> _26325_/D : -2.719064
[setup reg-reg] _25494_/Q -> _26837_/D : -2.718904
[setup reg-reg] _25494_/Q -> _26513_/D : -2.717689
[setup reg-reg] _25494_/Q -> _26424_/D : -2.716940
[setup reg-reg] _25494_/Q -> _26500_/D : -2.716478
[setup reg-reg] _25494_/Q -> _26677_/D : -2.713895
[setup reg-reg] _25494_/Q -> _26869_/D : -2.713344
[setup reg-reg] _25494_/Q -> _25969_/D : -2.712762
[setup reg-reg] _25494_/Q -> _26170_/D : -2.711674
[setup reg-reg] _25494_/Q -> _26628_/D : -2.711012
[setup reg-reg] _25494_/Q -> _27095_/D : -2.710779
[setup reg-reg] _25494_/Q -> _25882_/D : -2.710475
[setup reg-reg] _25494_/Q -> _26232_/D : -2.709918
[setup reg-reg] _25494_/Q -> _26244_/D : -2.709067
[setup reg-reg] _25494_/Q -> _25408_/D : -2.709028
[setup reg-reg] _25494_/Q -> _26616_/D : -2.708292
[setup reg-reg] _25494_/Q -> _26001_/D : -2.707187
[setup reg-reg] _25494_/Q -> _26065_/D : -2.706601
[setup reg-reg] _25494_/Q -> _25906_/D : -2.705978
[setup reg-reg] _25494_/Q -> _27246_/D : -2.705734
[setup reg-reg] _25494_/Q -> _25383_/D : -2.705459
[setup reg-reg] _25494_/Q -> _27681_/D : -2.705155
[setup reg-reg] _25494_/Q -> _27377_/D : -2.704896
[setup reg-reg] _25494_/Q -> _26552_/D : -2.703837
[setup reg-reg] _25494_/Q -> _27256_/D : -2.703235
[setup reg-reg] _25494_/Q -> _27191_/D : -2.703182
[setup reg-reg] _25494_/Q -> _26670_/D : -2.701164
[setup reg-reg] _25494_/Q -> _27032_/D : -2.697966
[setup reg-reg] _25494_/Q -> _26993_/D : -2.697345
[setup reg-reg] _25494_/Q -> _25841_/D : -2.696970
[setup reg-reg] _25494_/Q -> _26872_/D : -2.694474
[setup reg-reg] _25494_/Q -> _27349_/D : -2.694305
[setup reg-reg] _25494_/Q -> _27287_/D : -2.694034
[setup reg-reg] _25494_/Q -> _26584_/D : -2.693643
[setup reg-reg] _25494_/Q -> _27185_/D : -2.691575
[setup reg-reg] _25494_/Q -> _27128_/D : -2.690444
[setup reg-reg] _25494_/Q -> _25681_/D : -2.689591
[setup reg-reg] _25494_/Q -> _25338_/D : -2.689440
[setup reg-reg] _25494_/Q -> _27140_/D : -2.688527
[setup reg-reg] _25494_/Q -> _25174_/D : -2.688214
[setup reg-reg] _25494_/Q -> _25271_/D : -2.687862
[setup reg-reg] _25494_/Q -> _25269_/D : -2.686351
[setup reg-reg] _25494_/Q -> _25912_/D : -2.685866
[setup reg-reg] _25494_/Q -> _26645_/D : -2.685860
[setup reg-reg] _25494_/Q -> _26084_/D : -2.685670
[setup reg-reg] _25494_/Q -> _27608_/D : -2.684306
[setup reg-reg] _25494_/Q -> _27150_/D : -2.684077
[setup reg-reg] _25494_/Q -> _26225_/D : -2.683258
[setup reg-reg] _25494_/Q -> _26833_/D : -2.678080
[setup reg-reg] _25494_/Q -> _25177_/D : -2.677402
[setup reg-reg] _25494_/Q -> _26635_/D : -2.677062
[setup reg-reg] _25494_/Q -> _26737_/D : -2.675263
[setup reg-reg] _25494_/Q -> _25251_/D : -2.674996
[setup reg-reg] _25494_/Q -> _27089_/D : -2.674867
[setup reg-reg] _25494_/Q -> _25941_/D : -2.674627
[setup reg-reg] _25494_/Q -> _27313_/D : -2.674051
[setup reg-reg] _25494_/Q -> _27189_/D : -2.673334
[setup reg-reg] _25494_/Q -> _26680_/D : -2.672774
[setup reg-reg] _25494_/Q -> _27409_/D : -2.672493
[setup reg-reg] _25494_/Q -> _26709_/D : -2.671598
[setup reg-reg] _25494_/Q -> _27554_/D : -2.671351
[setup reg-reg] _25494_/Q -> _27688_/D : -2.670895
[setup reg-reg] _25494_/Q -> _26293_/D : -2.670571
[setup reg-reg] _25494_/Q -> _27317_/D : -2.670561
[setup reg-reg] _25494_/Q -> _25268_/D : -2.668280
[setup reg-reg] _25494_/Q -> _25170_/D : -2.666511
[setup reg-reg] _25494_/Q -> _25966_/D : -2.665999
[setup reg-reg] _25494_/Q -> _26360_/D : -2.665409
[setup reg-reg] _25494_/Q -> _26385_/D : -2.664544
[setup reg-reg] _25494_/Q -> _25327_/D : -2.664431
[setup reg-reg] _25494_/Q -> _25873_/D : -2.661583
[setup reg-reg] _25494_/Q -> _26448_/D : -2.661581
[setup reg-reg] _25494_/Q -> _27121_/D : -2.660858
[setup reg-reg] _25494_/Q -> _25937_/D : -2.660643
[setup reg-reg] _25494_/Q -> _25717_/D : -2.660611
[setup reg-reg] _25494_/Q -> _26961_/D : -2.660435
[setup reg-reg] _25494_/Q -> _25409_/D : -2.659107
[setup reg-reg] _25494_/Q -> _27057_/D : -2.656494
[setup reg-reg] _25494_/Q -> _26577_/D : -2.656154
[setup reg-reg] _25494_/Q -> _27249_/D : -2.654968
[setup reg-reg] _25494_/Q -> _27536_/D : -2.654472
[setup reg-reg] _25494_/Q -> _26641_/D : -2.654405
[setup reg-reg] _25494_/Q -> _26394_/D : -2.653444
[setup reg-reg] _25494_/Q -> _25407_/D : -2.653275
[setup reg-reg] _25494_/Q -> _25890_/D : -2.652705
[setup reg-reg] _25494_/Q -> _26609_/D : -2.652436
[setup reg-reg] _25494_/Q -> _27345_/D : -2.649585
[setup reg-reg] _25494_/Q -> _26133_/D : -2.649530
[setup reg-reg] _25494_/Q -> _25954_/D : -2.645191
[setup reg-reg] _25494_/Q -> _26417_/D : -2.644779
[setup reg-reg] _25494_/Q -> _26254_/D : -2.643871
[setup reg-reg] _25494_/Q -> _25877_/D : -2.643130
[setup reg-reg] _25494_/Q -> _25781_/D : -2.642889
[setup reg-reg] _25494_/Q -> _26690_/D : -2.642851
[setup reg-reg] _25494_/Q -> _26544_/D : -2.637179
[setup reg-reg] _25494_/Q -> _27025_/D : -2.636849
[setup reg-reg] _25494_/Q -> _26481_/D : -2.636478
[setup reg-reg] _25494_/Q -> _26097_/D : -2.636197
[setup reg-reg] _25494_/Q -> _27153_/D : -2.635934
[setup reg-reg] _25494_/Q -> _26802_/D : -2.634746
[setup reg-reg] _25494_/Q -> _25414_/D : -2.631781
[setup reg-reg] _25494_/Q -> _27202_/D : -2.630554
[setup reg-reg] _25494_/Q -> _26160_/D : -2.629936
[setup reg-reg] _25494_/Q -> _26897_/D : -2.628854
[setup reg-reg] _25494_/Q -> _27618_/D : -2.626653
[setup reg-reg] _25494_/Q -> _25252_/D : -2.625869
[setup reg-reg] _25494_/Q -> _26042_/D : -2.625454
[setup reg-reg] _25494_/Q -> _26146_/D : -2.625155
[setup reg-reg] _25494_/Q -> _26321_/D : -2.625154
[setup reg-reg] _25494_/Q -> _24960_/D : -2.623963
[setup reg-reg] _25494_/Q -> _26193_/D : -2.623848
[setup reg-reg] _25494_/Q -> _25452_/D : -2.621572
[setup reg-reg] _25494_/Q -> _27285_/D : -2.621480
[setup reg-reg] _25494_/Q -> _26353_/D : -2.621262
[setup reg-reg] _25494_/Q -> _27509_/D : -2.620048
[setup reg-reg] _25494_/Q -> _26865_/D : -2.619226
[setup reg-reg] _25494_/Q -> _26389_/D : -2.618625
[setup reg-reg] _25494_/Q -> _26197_/D : -2.618318
[setup reg-reg] _25494_/Q -> _26818_/D : -2.616441
[setup reg-reg] _25494_/Q -> _25370_/D : -2.615892
[setup reg-reg] _25494_/Q -> _27217_/D : -2.613069
[setup reg-reg] _25494_/Q -> _27234_/D : -2.611087
[setup reg-reg] _25494_/Q -> _27138_/D : -2.611024
[setup reg-reg] _25494_/Q -> _27600_/D : -2.610687
[setup reg-reg] _25494_/Q -> _26965_/D : -2.599684
[setup reg-reg] _25494_/Q -> _25337_/D : -2.599371
[setup reg-reg] _25494_/Q -> _27029_/D : -2.599011
[setup reg-reg] _25494_/Q -> _27472_/D : -2.597874
[setup reg-reg] _25494_/Q -> _26626_/D : -2.595661
[setup reg-reg] _25494_/Q -> _26384_/D : -2.595636
[setup reg-reg] _25494_/Q -> _26594_/D : -2.595172
[setup reg-reg] _25494_/Q -> _26850_/D : -2.594474
[setup reg-reg] _25494_/Q -> _27106_/D : -2.594069
[setup reg-reg] _25494_/Q -> _26037_/D : -2.593296
[setup reg-reg] _25494_/Q -> _27088_/D : -2.592369
[setup reg-reg] _25494_/Q -> _25642_/D : -2.591138
[setup reg-reg] _25494_/Q -> _27458_/D : -2.590648
[setup reg-reg] _25494_/Q -> _26362_/D : -2.590602
[setup reg-reg] _25494_/Q -> _26672_/D : -2.588973
[setup reg-reg] _25494_/Q -> _27194_/D : -2.588225
[setup reg-reg] _25494_/Q -> _25660_/D : -2.584315
[setup reg-reg] _25494_/Q -> _26306_/D : -2.584102
[setup reg-reg] _25494_/Q -> _25145_/D : -2.581455
[setup reg-reg] _25494_/Q -> _25303_/D : -2.580904
[setup reg-reg] _25494_/Q -> _26449_/D : -2.578606
[setup reg-reg] _25494_/Q -> _25241_/D : -2.574650
[setup reg-reg] _25494_/Q -> _26275_/D : -2.573570
[setup reg-reg] _25494_/Q -> _27258_/D : -2.571815
[setup reg-reg] _25494_/Q -> _25647_/D : -2.571463
[setup reg-reg] _25494_/Q -> _25332_/D : -2.571147
[setup reg-reg] _25494_/Q -> _26498_/D : -2.570749
[setup reg-reg] _25494_/Q -> _25412_/D : -2.570122
[setup reg-reg] _25494_/Q -> _26147_/D : -2.569918
[setup reg-reg] _25494_/Q -> _27586_/D : -2.569234
[setup reg-reg] _25494_/Q -> _25374_/D : -2.568532
[setup reg-reg] _25494_/Q -> _25300_/D : -2.567914
[setup reg-reg] _25494_/Q -> _26997_/D : -2.567740
[setup reg-reg] _25494_/Q -> _27685_/D : -2.564090
[setup reg-reg] _25494_/Q -> _26019_/D : -2.563162
[setup reg-reg] _25494_/Q -> _26549_/D : -2.558075
[setup reg-reg] _25494_/Q -> _26069_/D : -2.557703
[setup reg-reg] _25494_/Q -> _26754_/D : -2.557176
[setup reg-reg] _25494_/Q -> _26658_/D : -2.556710
[setup reg-reg] _25494_/Q -> _27235_/D : -2.551552
[setup reg-reg] _25494_/Q -> _26274_/D : -2.548990
[setup reg-reg] _25494_/Q -> _27157_/D : -2.548045
[setup reg-reg] _25494_/Q -> _27184_/D : -2.546361
[setup reg-reg] _25494_/Q -> _25003_/D : -2.545884
[setup reg-reg] _25494_/Q -> _27250_/D : -2.545434
[setup reg-reg] _25494_/Q -> _27266_/D : -2.544978
[setup reg-reg] _25494_/Q -> _25685_/D : -2.544907
[setup reg-reg] _25494_/Q -> _25479_/D : -2.544754
[setup reg-reg] _25494_/Q -> _27093_/D : -2.544615
[setup reg-reg] _25494_/Q -> _26434_/D : -2.543068
[setup reg-reg] _25494_/Q -> _25850_/D : -2.539286
[setup reg-reg] _25494_/Q -> _27170_/D : -2.537197
[setup reg-reg] _25494_/Q -> _27011_/D : -2.536316
[setup reg-reg] _25494_/Q -> _25411_/D : -2.536032
[setup reg-reg] _25494_/Q -> _27107_/D : -2.534312
[setup reg-reg] _25494_/Q -> _27075_/D : -2.533899
[setup reg-reg] _25494_/Q -> _25427_/D : -2.533259
[setup reg-reg] _25494_/Q -> _27440_/D : -2.532316
[setup reg-reg] _25494_/Q -> _26256_/D : -2.531577
[setup reg-reg] _25494_/Q -> _25712_/D : -2.529280
[setup reg-reg] _25494_/Q -> _26723_/D : -2.527600
[setup reg-reg] _25494_/Q -> _25401_/D : -2.527404
[setup reg-reg] _25494_/Q -> _26357_/D : -2.526971
[setup reg-reg] _25494_/Q -> _26018_/D : -2.525223
[setup reg-reg] _25494_/Q -> _26851_/D : -2.523901
[setup reg-reg] _25494_/Q -> _26613_/D : -2.521976
[setup reg-reg] _25494_/Q -> _27490_/D : -2.521684
[setup reg-reg] _25494_/Q -> _27395_/D : -2.519956
[setup reg-reg] _25494_/Q -> _26288_/D : -2.517710
[setup reg-reg] _25494_/Q -> _26101_/D : -2.516529
[setup reg-reg] _25494_/Q -> _25138_/D : -2.514012
[setup reg-reg] _25494_/Q -> _25360_/D : -2.512801
[setup reg-reg] _25494_/Q -> _25698_/D : -2.511518
[setup reg-reg] _25494_/Q -> _26581_/D : -2.509117
[setup reg-reg] _25494_/Q -> _25968_/D : -2.507564
[setup reg-reg] _25494_/Q -> _26741_/D : -2.504713
[setup reg-reg] _25494_/Q -> _27280_/D : -2.503285
[setup reg-reg] _25494_/Q -> _24977_/D : -2.499700
[setup reg-reg] _25494_/Q -> _26914_/D : -2.498895
[setup reg-reg] _25494_/Q -> _26896_/D : -2.498659
[setup reg-reg] _25494_/Q -> _26096_/D : -2.497275
[setup reg-reg] _25494_/Q -> _25690_/D : -2.492437
[setup reg-reg] _25494_/Q -> _24979_/D : -2.491325
[setup reg-reg] _25494_/Q -> _26485_/D : -2.490229
[setup reg-reg] _25494_/Q -> _25287_/D : -2.489378
[setup reg-reg] _25494_/Q -> _27152_/D : -2.487756
[setup reg-reg] _25494_/Q -> _26906_/D : -2.486196
[setup reg-reg] _25494_/Q -> _25141_/D : -2.483315
[setup reg-reg] _25494_/Q -> _25871_/D : -2.476952
[setup reg-reg] _25494_/Q -> _25978_/D : -2.469076
[setup reg-reg] _25494_/Q -> _24986_/D : -2.466774
[setup reg-reg] _25494_/Q -> _26458_/D : -2.466692
[setup reg-reg] _25494_/Q -> _26165_/D : -2.464592
[setup reg-reg] _25494_/Q -> _26010_/D : -2.462512
[setup reg-reg] _25494_/Q -> _25818_/D : -2.461626
[setup reg-reg] _25494_/Q -> _24962_/D : -2.461487
[setup reg-reg] _25494_/Q -> _26978_/D : -2.453506
[setup reg-reg] _25494_/Q -> _26114_/D : -2.446612
[setup reg-reg] _25494_/Q -> _26106_/D : -2.442878
[setup reg-reg] _25494_/Q -> _26298_/D : -2.435911
[setup reg-reg] _25494_/Q -> _27066_/D : -2.434945
[setup reg-reg] _25494_/Q -> _26882_/D : -2.433808
[setup reg-reg] _25494_/Q -> _25305_/D : -2.433186
[setup reg-reg] _25494_/Q -> _26750_/D : -2.431973
[setup reg-reg] _25494_/Q -> _26086_/D : -2.428195
[setup reg-reg] _25494_/Q -> _27494_/D : -2.423773
[setup reg-reg] _25494_/Q -> _27238_/D : -2.420183
[setup reg-reg] _25494_/Q -> _27522_/D : -2.415382
[setup reg-reg] _25494_/Q -> _25364_/D : -2.406212
[setup reg-reg] _25494_/Q -> _27151_/D : -2.405741
[setup reg-reg] _25494_/Q -> _26554_/D : -2.404491
[setup reg-reg] _25494_/Q -> _25673_/D : -2.402167
[setup reg-reg] _25494_/Q -> _27162_/D : -2.401857
[setup reg-reg] _25494_/Q -> _27698_/D : -2.397741
[setup reg-reg] _25494_/Q -> _26242_/D : -2.397210
[setup reg-reg] _25494_/Q -> _26082_/D : -2.395319
[setup reg-reg] _25494_/Q -> _26342_/D : -2.393799
[setup reg-reg] _25494_/Q -> _26842_/D : -2.392984
[setup reg-reg] _25494_/Q -> _27462_/D : -2.392861
[setup reg-reg] _25494_/Q -> _25722_/D : -2.389909
[setup reg-reg] _25494_/Q -> _26127_/D : -2.387870
[setup reg-reg] _25494_/Q -> _27455_/D : -2.386981
[setup reg-reg] _25494_/Q -> _27375_/D : -2.385681
[setup reg-reg] _25494_/Q -> _26618_/D : -2.382762
[setup reg-reg] _25494_/Q -> _25766_/D : -2.381197
[setup reg-reg] _25494_/Q -> _25471_/D : -2.379107
[setup reg-reg] _25494_/Q -> _26682_/D : -2.378462
[setup reg-reg] _25494_/Q -> _27290_/D : -2.374899
[setup reg-reg] _25494_/Q -> _26054_/D : -2.366590
[setup reg-reg] _25494_/Q -> _25754_/D : -2.364280
[setup reg-reg] _25494_/Q -> _26938_/D : -2.362640
[setup reg-reg] _25494_/Q -> _26182_/D : -2.361954
[setup reg-reg] _25494_/Q -> _27142_/D : -2.361569
[setup reg-reg] _25494_/Q -> _25282_/D : -2.359368
[setup reg-reg] _25494_/Q -> _26778_/D : -2.358556
[setup reg-reg] _25494_/Q -> _25243_/D : -2.357240
[setup reg-reg] _25494_/Q -> _26918_/D : -2.349607
[setup reg-reg] _25494_/Q -> _26703_/D : -2.346624
[setup reg-reg] _25494_/Q -> _27237_/D : -2.345860
[setup reg-reg] _25494_/Q -> _25656_/D : -2.341619
[setup reg-reg] _25494_/Q -> _26118_/D : -2.339952
[setup reg-reg] _25494_/Q -> _25326_/D : -2.339792
[setup reg-reg] _25494_/Q -> _26790_/D : -2.338869
[setup reg-reg] _25494_/Q -> _27582_/D : -2.337211
[setup reg-reg] _25494_/Q -> _25862_/D : -2.337117
[setup reg-reg] _25494_/Q -> _25453_/D : -2.336847
[setup reg-reg] _25494_/Q -> _25242_/D : -2.329832
[setup reg-reg] _25494_/Q -> _27450_/D : -2.324923
[setup reg-reg] _25494_/Q -> _25351_/D : -2.322016
[setup reg-reg] _25494_/Q -> _26367_/D : -2.321491
[setup reg-reg] _25494_/Q -> _27631_/D : -2.318125
[setup reg-reg] _25494_/Q -> _26447_/D : -2.315012
[setup reg-reg] _25494_/Q -> _27558_/D : -2.314561
[setup reg-reg] _25494_/Q -> _25786_/D : -2.312263
[setup reg-reg] _25494_/Q -> _27087_/D : -2.311936
[setup reg-reg] _25494_/Q -> _26495_/D : -2.309497
[setup reg-reg] _25494_/Q -> _26462_/D : -2.307830
[setup reg-reg] _25494_/Q -> _26597_/D : -2.305875
[setup reg-reg] _25494_/Q -> _26526_/D : -2.304965
[setup reg-reg] _25494_/Q -> _26846_/D : -2.304692
[setup reg-reg] _25494_/Q -> _26970_/D : -2.304459
[setup reg-reg] _25494_/Q -> _26150_/D : -2.303246
[setup reg-reg] _25494_/Q -> _25263_/D : -2.301819
[setup reg-reg] _25494_/Q -> _26437_/D : -2.298245
[setup reg-reg] _25494_/Q -> _27422_/D : -2.296352
[setup reg-reg] _25494_/Q -> _26814_/D : -2.292241
[setup reg-reg] _25494_/Q -> _27493_/D : -2.292008
[setup reg-reg] _25494_/Q -> _26751_/D : -2.290859
[setup reg-reg] _25494_/Q -> _27518_/D : -2.289594
[setup reg-reg] _25494_/Q -> _27525_/D : -2.288591
[setup reg-reg] _25494_/Q -> _26782_/D : -2.288413
[setup reg-reg] _25494_/Q -> _24994_/D : -2.287393
[setup reg-reg] _25494_/Q -> _26366_/D : -2.287324
[setup reg-reg] _25494_/Q -> _26271_/D : -2.287099
[setup reg-reg] _25494_/Q -> _27134_/D : -2.287100
[setup reg-reg] _25494_/Q -> _27694_/D : -2.285748
[setup reg-reg] _25494_/Q -> _27294_/D : -2.285237
[setup reg-reg] _25494_/Q -> _27038_/D : -2.283551
[setup reg-reg] _25494_/Q -> _26398_/D : -2.282320
[setup reg-reg] _25494_/Q -> _27301_/D : -2.281746
[setup reg-reg] _25494_/Q -> _27514_/D : -2.281670
[setup reg-reg] _25494_/Q -> _26330_/D : -2.281595
[setup reg-reg] _25494_/Q -> _25887_/D : -2.280982
[setup reg-reg] _25494_/Q -> _26942_/D : -2.280263
[setup reg-reg] _25494_/Q -> _26341_/D : -2.277757
[setup reg-reg] _25494_/Q -> _26590_/D : -2.277110
[setup reg-reg] _25494_/Q -> _26238_/D : -2.276638
[setup reg-reg] _25494_/Q -> _27423_/D : -2.276435
[setup reg-reg] _25494_/Q -> _25982_/D : -2.276107
[setup reg-reg] _25494_/Q -> _26911_/D : -2.275799
[setup reg-reg] _25494_/Q -> _25919_/D : -2.274485
[setup reg-reg] _25494_/Q -> _26239_/D : -2.273904
[setup reg-reg] _25494_/Q -> _27326_/D : -2.271527
[setup reg-reg] _25494_/Q -> _27230_/D : -2.271440
[setup reg-reg] _25494_/Q -> _25294_/D : -2.270550
[setup reg-reg] _25494_/Q -> _26334_/D : -2.267393
[setup reg-reg] _25494_/Q -> _25797_/D : -2.267086
[setup reg-reg] _25494_/Q -> _24976_/D : -2.267074
[setup reg-reg] _25494_/Q -> _27486_/D : -2.266971
[setup reg-reg] _25494_/Q -> _26047_/D : -2.266797
[setup reg-reg] _25494_/Q -> _25237_/D : -2.266644
[setup reg-reg] _25494_/Q -> _26309_/D : -2.266296
[setup reg-reg] _25494_/Q -> _25823_/D : -2.264720
[setup reg-reg] _25494_/Q -> _27231_/D : -2.264608
[setup reg-reg] _25494_/Q -> _25726_/D : -2.263990
[setup reg-reg] _25494_/Q -> _27551_/D : -2.261993
[setup reg-reg] _25494_/Q -> _26079_/D : -2.261137
[setup reg-reg] _25494_/Q -> _26206_/D : -2.260837
[setup reg-reg] _25494_/Q -> _27546_/D : -2.260768
[setup reg-reg] _25494_/Q -> _27557_/D : -2.260462
[setup reg-reg] _25494_/Q -> _26527_/D : -2.260078
[setup reg-reg] _25494_/Q -> _26469_/D : -2.259888
[setup reg-reg] _25494_/Q -> _26725_/D : -2.258133
[setup reg-reg] _25494_/Q -> _25983_/D : -2.256670
[setup reg-reg] _25494_/Q -> _27071_/D : -2.254295
[setup reg-reg] _25494_/Q -> _25701_/D : -2.251250
[setup reg-reg] _25494_/Q -> _27397_/D : -2.249978
[setup reg-reg] _25494_/Q -> _26975_/D : -2.249891
[setup reg-reg] _25494_/Q -> _26853_/D : -2.247713
[setup reg-reg] _25494_/Q -> _26053_/D : -2.245628
[setup reg-reg] _25494_/Q -> _27109_/D : -2.245543
[setup reg-reg] _25494_/Q -> _27461_/D : -2.243747
[setup reg-reg] _25494_/Q -> _27198_/D : -2.243320
[setup reg-reg] _25494_/Q -> _26078_/D : -2.243145
[setup reg-reg] _25494_/Q -> _27386_/D : -2.242459
[setup reg-reg] _25494_/Q -> _27045_/D : -2.242357
[setup reg-reg] _25494_/Q -> _25140_/D : -2.241807
[setup reg-reg] _25494_/Q -> _26687_/D : -2.240746
[setup reg-reg] _25494_/Q -> _27100_/D : -2.240359
[setup reg-reg] _25494_/Q -> _27429_/D : -2.239675
[setup reg-reg] _25494_/Q -> _25946_/D : -2.239672
[setup reg-reg] _25494_/Q -> _27226_/D : -2.239244
[setup reg-reg] _25494_/Q -> _25893_/D : -2.238471
[setup reg-reg] _25494_/Q -> _25854_/D : -2.237874
[setup reg-reg] _25494_/Q -> _25146_/D : -2.235051
[setup reg-reg] _25494_/Q -> _26693_/D : -2.233342
[setup reg-reg] _25494_/Q -> _26149_/D : -2.232698
[setup reg-reg] _25494_/Q -> _25950_/D : -2.231312
[setup reg-reg] _25494_/Q -> _27610_/D : -2.229666
[setup reg-reg] _25494_/Q -> _26396_/D : -2.223747
[setup reg-reg] _25494_/Q -> _27388_/D : -2.221523
[setup reg-reg] _25494_/Q -> _25236_/D : -2.214460
[setup reg-reg] _25494_/Q -> _26908_/D : -2.213724
[setup reg-reg] _25494_/Q -> _26534_/D : -2.207784
[setup reg-reg] _25494_/Q -> _25279_/D : -2.207507
[setup reg-reg] _25494_/Q -> _27612_/D : -2.207452
[setup reg-reg] _25494_/Q -> _24991_/D : -2.203475
[setup reg-reg] _25494_/Q -> _25365_/D : -2.198428
[setup reg-reg] _25494_/Q -> _25894_/D : -2.197632
[setup reg-reg] _25494_/Q -> _26885_/D : -2.196759
[setup reg-reg] _25494_/Q -> _25852_/D : -2.195350
[setup reg-reg] _25494_/Q -> _25425_/D : -2.194550
[setup reg-reg] _25494_/Q -> _26323_/D : -2.193376
[setup reg-reg] _25494_/Q -> _26844_/D : -2.193273
[setup reg-reg] _25494_/Q -> _26085_/D : -2.190353
[setup reg-reg] _25494_/Q -> _26694_/D : -2.190193
[setup reg-reg] _25494_/Q -> _26716_/D : -2.183292
[setup reg-reg] _25494_/Q -> _27324_/D : -2.176805
[setup reg-reg] _25494_/Q -> _27196_/D : -2.176179
[setup reg-reg] _25494_/Q -> _24974_/D : -2.175653
[setup reg-reg] _25494_/Q -> _26831_/D : -2.174261
[setup reg-reg] _25494_/Q -> _25390_/D : -2.174087
[setup reg-reg] _25494_/Q -> _25415_/D : -2.171698
[setup reg-reg] _25494_/Q -> _25711_/D : -2.170450
[setup reg-reg] _25494_/Q -> _26863_/D : -2.167816
[setup reg-reg] _25494_/Q -> _25432_/D : -2.166471
[setup reg-reg] _25494_/Q -> _25275_/D : -2.161695
[setup reg-reg] _25494_/Q -> _25903_/D : -2.160483
[setup reg-reg] _25494_/Q -> _26236_/D : -2.160212
[setup reg-reg] _25494_/Q -> _26991_/D : -2.159991
[setup reg-reg] _25494_/Q -> _25135_/D : -2.157984
[setup reg-reg] _25494_/Q -> _26996_/D : -2.156959
[setup reg-reg] _25494_/Q -> _26886_/D : -2.156805
[setup reg-reg] _25494_/Q -> _26268_/D : -2.154518
[setup reg-reg] _25494_/Q -> _27228_/D : -2.153124
[setup reg-reg] _25494_/Q -> _27452_/D : -2.153106
[setup reg-reg] _25494_/Q -> _27068_/D : -2.152112
[setup reg-reg] _25494_/Q -> _25346_/D : -2.147706
[setup reg-reg] _25494_/Q -> _26931_/D : -2.146535
[setup reg-reg] _25494_/Q -> _26140_/D : -2.145960
[setup reg-reg] _25494_/Q -> _26870_/D : -2.145814
[setup reg-reg] _25494_/Q -> _25436_/D : -2.145232
[setup reg-reg] _25494_/Q -> _25916_/D : -2.143585
[setup reg-reg] _25494_/Q -> _27692_/D : -2.139442
[setup reg-reg] _25494_/Q -> _26492_/D : -2.138885
[setup reg-reg] _25494_/Q -> _24936_/D : -2.138265
[setup reg-reg] _25494_/Q -> _24958_/D : -2.135256
[setup reg-reg] _25494_/Q -> _26588_/D : -2.133835
[setup reg-reg] _25494_/Q -> _27197_/D : -2.133421
[setup reg-reg] _25494_/Q -> _27390_/D : -2.129974
[setup reg-reg] _25494_/Q -> _26044_/D : -2.129703
[setup reg-reg] _25494_/Q -> _26974_/D : -2.126489
[setup reg-reg] _25494_/Q -> _24999_/D : -2.124846
[setup reg-reg] _25494_/Q -> _25875_/D : -2.124370
[setup reg-reg] _25494_/Q -> _26012_/D : -2.120920
[setup reg-reg] _25494_/Q -> _25406_/D : -2.118082
[setup reg-reg] _25494_/Q -> _27004_/D : -2.117002
[setup reg-reg] _25494_/Q -> _26652_/D : -2.114259
[setup reg-reg] _25494_/Q -> _27005_/D : -2.113781
[setup reg-reg] _25494_/Q -> _26718_/D : -2.105710
[setup reg-reg] _25494_/Q -> _25725_/D : -2.104345
[setup reg-reg] _25494_/Q -> _27379_/D : -2.104107
[setup reg-reg] _25494_/Q -> _26686_/D : -2.103839
[setup reg-reg] _25494_/Q -> _27132_/D : -2.100375
[setup reg-reg] _25494_/Q -> _26770_/D : -2.095868
[setup reg-reg] _25494_/Q -> _26205_/D : -2.090738
[setup reg-reg] _25494_/Q -> _26966_/D : -2.085308
[setup reg-reg] _25494_/Q -> _26401_/D : -2.081777
[setup reg-reg] _25494_/Q -> _25246_/D : -2.081281
[setup reg-reg] _25494_/Q -> _26707_/D : -2.076385
[setup reg-reg] _25494_/Q -> _26486_/D : -2.070754
[setup reg-reg] _25494_/Q -> _25343_/D : -2.070053
[setup reg-reg] _25494_/Q -> _24938_/D : -2.069870
[setup reg-reg] _25494_/Q -> _26973_/D : -2.066512
[setup reg-reg] _25494_/Q -> _26301_/D : -2.066127
[setup reg-reg] _25494_/Q -> _27410_/D : -2.062775
[setup reg-reg] _25494_/Q -> _27633_/D : -2.062031
[setup reg-reg] _25494_/Q -> _24995_/D : -2.061068
[setup reg-reg] _25494_/Q -> _26235_/D : -2.058244
[setup reg-reg] _25494_/Q -> _25723_/D : -2.055573
[setup reg-reg] _25494_/Q -> _25917_/D : -2.053921
[setup reg-reg] _25494_/Q -> _26365_/D : -2.053829
[setup reg-reg] _25494_/Q -> _27613_/D : -2.053191
[setup reg-reg] _25494_/Q -> _27567_/D : -2.049312
[setup reg-reg] _25494_/Q -> _27414_/D : -2.048262
[setup reg-reg] _25494_/Q -> _26715_/D : -2.046260
[setup reg-reg] _25494_/Q -> _27442_/D : -2.044192
[setup reg-reg] _25494_/Q -> _26378_/D : -2.039689
[setup reg-reg] _25494_/Q -> _25747_/D : -2.039666
[setup reg-reg] _25494_/Q -> _26433_/D : -2.038679
[setup reg-reg] _25494_/Q -> _26651_/D : -2.036204
[setup reg-reg] _25494_/Q -> _26491_/D : -2.035815
[setup reg-reg] _25494_/Q -> _25811_/D : -2.034256
[setup reg-reg] _25494_/Q -> _26665_/D : -2.030136
[setup reg-reg] _25494_/Q -> _25693_/D : -2.027742
[setup reg-reg] _25494_/Q -> _26800_/D : -2.027168
[setup reg-reg] _25494_/Q -> _26337_/D : -2.024923
[setup reg-reg] _25494_/Q -> _27569_/D : -2.024063
[setup reg-reg] _25494_/Q -> _26977_/D : -2.021894
[setup reg-reg] _25494_/Q -> _26461_/D : -2.021842
[setup reg-reg] _25494_/Q -> _25311_/D : -2.020812
[setup reg-reg] _25494_/Q -> _26113_/D : -2.019933
[setup reg-reg] _25494_/Q -> _25422_/D : -2.018693
[setup reg-reg] _25494_/Q -> _26811_/D : -2.018261
[setup reg-reg] _25494_/Q -> _26593_/D : -2.016902
[setup reg-reg] _25494_/Q -> _26779_/D : -2.016353
[setup reg-reg] _25494_/Q -> _26642_/D : -2.015065
[setup reg-reg] _25494_/Q -> _26646_/D : -2.014627
[setup reg-reg] _25494_/Q -> _26523_/D : -2.014072
[setup reg-reg] _25494_/Q -> _26171_/D : -2.013643
[setup reg-reg] _25494_/Q -> _27227_/D : -2.012287
[setup reg-reg] _25494_/Q -> _27201_/D : -2.010692
[setup reg-reg] _25494_/Q -> _26043_/D : -2.009068
[setup reg-reg] _25494_/Q -> _25888_/D : -2.009054
[setup reg-reg] _25494_/Q -> _26173_/D : -2.006823
[setup reg-reg] _25494_/Q -> _27691_/D : -2.006788
[setup reg-reg] _25494_/Q -> _26497_/D : -2.006404
[setup reg-reg] _25494_/Q -> _25697_/D : -2.005297
[setup reg-reg] _25494_/Q -> _25339_/D : -2.004915
[setup reg-reg] _25494_/Q -> _25793_/D : -2.004374
[setup reg-reg] _25494_/Q -> _26011_/D : -2.004116
[setup reg-reg] _25494_/Q -> _26109_/D : -2.002805
[setup reg-reg] _25494_/Q -> _27069_/D : -2.002798
[setup reg-reg] _25494_/Q -> _26587_/D : -2.001425
[setup reg-reg] _25494_/Q -> _26625_/D : -2.001341
[setup reg-reg] _25494_/Q -> _26881_/D : -2.000887
[setup reg-reg] _25494_/Q -> _27101_/D : -2.000785
[setup reg-reg] _25494_/Q -> _26929_/D : -1.998684
[setup reg-reg] _25494_/Q -> _27169_/D : -1.997927
[setup reg-reg] _25494_/Q -> _27133_/D : -1.996428
[setup reg-reg] _25494_/Q -> _27553_/D : -1.995909
[setup reg-reg] _25494_/Q -> _27259_/D : -1.995451
[setup reg-reg] _25494_/Q -> _26129_/D : -1.995279
[setup reg-reg] _25494_/Q -> _25846_/D : -1.993341
[setup reg-reg] _25494_/Q -> _26427_/D : -1.992733
[setup reg-reg] _25494_/Q -> _26451_/D : -1.986598
[setup reg-reg] _25494_/Q -> _26255_/D : -1.984155
[setup reg-reg] _25494_/Q -> _27611_/D : -1.976416
[setup reg-reg] _25494_/Q -> _26459_/D : -1.976101
[setup reg-reg] _25494_/Q -> _25857_/D : -1.975225
[setup reg-reg] _25494_/Q -> _26305_/D : -1.969690
[setup reg-reg] _25494_/Q -> _25718_/D : -1.968896
[setup reg-reg] _25494_/Q -> _26141_/D : -1.968310
[setup reg-reg] _25494_/Q -> _26016_/D : -1.967479
[setup reg-reg] _25494_/Q -> _25816_/D : -1.967157
[setup reg-reg] _25494_/Q -> _26633_/D : -1.965425
[setup reg-reg] _25494_/Q -> _25745_/D : -1.964494
[setup reg-reg] _25494_/Q -> _26464_/D : -1.963459
[setup reg-reg] _25494_/Q -> _26422_/D : -1.961750
[setup reg-reg] _25494_/Q -> _26112_/D : -1.959286
[setup reg-reg] _25494_/Q -> _27686_/D : -1.958846
[setup reg-reg] _25494_/Q -> _26673_/D : -1.957259
[setup reg-reg] _25494_/Q -> _26336_/D : -1.956447
[setup reg-reg] _25494_/Q -> _27096_/D : -1.956160
[setup reg-reg] _25494_/Q -> _26998_/D : -1.954728
[setup reg-reg] _25494_/Q -> _26289_/D : -1.954449
[setup reg-reg] _25494_/Q -> _25655_/D : -1.953923
[setup reg-reg] _25494_/Q -> _26838_/D : -1.952719
[setup reg-reg] _25494_/Q -> _27293_/D : -1.951825
[setup reg-reg] _25494_/Q -> _27552_/D : -1.951367
[setup reg-reg] _25494_/Q -> _26006_/D : -1.951252
[setup reg-reg] _25494_/Q -> _25756_/D : -1.950918
[setup reg-reg] _25494_/Q -> _25809_/D : -1.948264
[setup reg-reg] _25494_/Q -> _25984_/D : -1.947036
[setup reg-reg] _25494_/Q -> _26706_/D : -1.945669
[setup reg-reg] _25494_/Q -> _27248_/D : -1.945546
[setup reg-reg] _25494_/Q -> _25924_/D : -1.944585
[setup reg-reg] _25494_/Q -> _26364_/D : -1.941807
[setup reg-reg] _25494_/Q -> _27261_/D : -1.940219
[setup reg-reg] _25494_/Q -> _25161_/D : -1.939959
[setup reg-reg] _25494_/Q -> _26769_/D : -1.939913
[setup reg-reg] _25494_/Q -> _27581_/D : -1.939464
[setup reg-reg] _25494_/Q -> _27190_/D : -1.938259
[setup reg-reg] _25494_/Q -> _27517_/D : -1.937691
[setup reg-reg] _25494_/Q -> _27320_/D : -1.937195
[setup reg-reg] _25494_/Q -> _25441_/D : -1.936055
[setup reg-reg] _25494_/Q -> _27478_/D : -1.935948
[setup reg-reg] _25494_/Q -> _25784_/D : -1.935407
[setup reg-reg] _25494_/Q -> _27168_/D : -1.934774
[setup reg-reg] _25494_/Q -> _27356_/D : -1.934685
[setup reg-reg] _25494_/Q -> _27181_/D : -1.934460
[setup reg-reg] _25209_/Q -> _25262_/D : -1.934208
[setup reg-reg] _25494_/Q -> _27416_/D : -1.932667
[setup reg-reg] _25494_/Q -> _26269_/D : -1.932607
[setup reg-reg] _25494_/Q -> _27288_/D : -1.931568
[setup reg-reg] _25494_/Q -> _26392_/D : -1.931332
[setup reg-reg] _25494_/Q -> _26657_/D : -1.930946
[setup reg-reg] _25494_/Q -> _24988_/D : -1.930822
[setup reg-reg] _25494_/Q -> _26560_/D : -1.929093
[setup reg-reg] _25494_/Q -> _25358_/D : -1.928951
[setup reg-reg] _25494_/Q -> _27129_/D : -1.927813
[setup reg-reg] _25494_/Q -> _27362_/D : -1.927035
[setup reg-reg] _25494_/Q -> _26529_/D : -1.925645
[setup reg-reg] _25494_/Q -> _26710_/D : -1.925255
[setup reg-reg] _25494_/Q -> _26589_/D : -1.924345
[setup reg-reg] _25494_/Q -> _26976_/D : -1.923677
[setup reg-reg] _25494_/Q -> _26557_/D : -1.923373
[setup reg-reg] _25494_/Q -> _27453_/D : -1.922519
[setup reg-reg] _25494_/Q -> _26752_/D : -1.922283
[setup reg-reg] _25494_/Q -> _25314_/D : -1.922263
[setup reg-reg] _25494_/Q -> _27421_/D : -1.921754
[setup reg-reg] _25494_/Q -> _27393_/D : -1.921009
[setup reg-reg] _25494_/Q -> _27122_/D : -1.920483
[setup reg-reg] _25494_/Q -> _25848_/D : -1.917019
[setup reg-reg] _25494_/Q -> _25789_/D : -1.916332
[setup reg-reg] _25494_/Q -> _25976_/D : -1.915986
[setup reg-reg] _25494_/Q -> _26400_/D : -1.915106
[setup reg-reg] _25494_/Q -> _27548_/D : -1.914527
[setup reg-reg] _25494_/Q -> _26333_/D : -1.914017
[setup reg-reg] _25494_/Q -> _27544_/D : -1.913911
[setup reg-reg] _25494_/Q -> _26136_/D : -1.913861
[setup reg-reg] _25494_/Q -> _25359_/D : -1.913342
[setup reg-reg] _25494_/Q -> _26528_/D : -1.912557
[setup reg-reg] _25494_/Q -> _26304_/D : -1.912397
[setup reg-reg] _25494_/Q -> _26812_/D : -1.912293
[setup reg-reg] _25494_/Q -> _27300_/D : -1.911436
[setup reg-reg] _25494_/Q -> _27616_/D : -1.911340
[setup reg-reg] _25494_/Q -> _25692_/D : -1.911124
[setup reg-reg] _25494_/Q -> _26209_/D : -1.910099
[setup reg-reg] _25494_/Q -> _26817_/D : -1.910028
[setup reg-reg] _25494_/Q -> _24983_/D : -1.908436
[setup reg-reg] _25494_/Q -> _25821_/D : -1.908335
[setup reg-reg] _25494_/Q -> _27580_/D : -1.908275
[setup reg-reg] _25494_/Q -> _26361_/D : -1.907788
[setup reg-reg] _25494_/Q -> _25981_/D : -1.907695
[setup reg-reg] _25494_/Q -> _27292_/D : -1.906399
[setup reg-reg] _25494_/Q -> _26525_/D : -1.905054
[setup reg-reg] _25494_/Q -> _26518_/D : -1.904859
[setup reg-reg] _25494_/Q -> _27480_/D : -1.902814
[setup reg-reg] _25494_/Q -> _27030_/D : -1.902482
[setup reg-reg] _25494_/Q -> _27484_/D : -1.901858
[setup reg-reg] _25494_/Q -> _25884_/D : -1.901634
[setup reg-reg] _25494_/Q -> _27260_/D : -1.901247
[setup reg-reg] _25494_/Q -> _26308_/D : -1.900720
[setup reg-reg] _25494_/Q -> _26040_/D : -1.899922
[setup reg-reg] _25494_/Q -> _27136_/D : -1.899739
[setup reg-reg] _25494_/Q -> _25938_/D : -1.899577
[setup reg-reg] _25494_/Q -> _24945_/D : -1.899473
[setup reg-reg] _25494_/Q -> _27696_/D : -1.899315
[setup reg-reg] _25494_/Q -> _26108_/D : -1.899279
[setup reg-reg] _25494_/Q -> _26390_/D : -1.892996
[setup reg-reg] _25494_/Q -> _25752_/D : -1.892879
[setup reg-reg] _25494_/Q -> _26877_/D : -1.889415
[setup reg-reg] _25494_/Q -> _26614_/D : -1.888589
[setup reg-reg] _25494_/Q -> _26848_/D : -1.888409
[setup reg-reg] _25494_/Q -> _26684_/D : -1.888166
[setup reg-reg] _25494_/Q -> _27164_/D : -1.887775
[setup reg-reg] _25494_/Q -> _27149_/D : -1.887425
[setup reg-reg] _25494_/Q -> _27485_/D : -1.887235
[setup reg-reg] _25494_/Q -> _26532_/D : -1.886766
[setup reg-reg] _25494_/Q -> _25785_/D : -1.885239
[setup reg-reg] _25494_/Q -> _26436_/D : -1.884521
[setup reg-reg] _25494_/Q -> _25713_/D : -1.884393
[setup reg-reg] _25494_/Q -> _26076_/D : -1.883636
[setup reg-reg] _25494_/Q -> _26204_/D : -1.879702
[setup reg-reg] _25494_/Q -> _25920_/D : -1.879300
[setup reg-reg] _25494_/Q -> _27352_/D : -1.878179
[setup reg-reg] _25494_/Q -> _26488_/D : -1.877586
[setup reg-reg] _25494_/Q -> _27357_/D : -1.876268
[setup reg-reg] _25494_/Q -> _27394_/D : -1.875709
[setup reg-reg] _25494_/Q -> _26808_/D : -1.875371
[setup reg-reg] _25494_/Q -> _25949_/D : -1.875279
[setup reg-reg] _25494_/Q -> _26620_/D : -1.874605
[setup reg-reg] _25494_/Q -> _27044_/D : -1.873211
[setup reg-reg] _25494_/Q -> _26432_/D : -1.871301
[setup reg-reg] _25494_/Q -> _25840_/D : -1.869736
[setup reg-reg] _25494_/Q -> _26845_/D : -1.868227
[setup reg-reg] _25494_/Q -> _26460_/D : -1.867655
[setup reg-reg] _25494_/Q -> _26466_/D : -1.867584
[setup reg-reg] _25494_/Q -> _27609_/D : -1.867431
[setup reg-reg] _25494_/Q -> _27693_/D : -1.867209
[setup reg-reg] _25494_/Q -> _26806_/D : -1.865558
[setup reg-reg] _25494_/Q -> _26013_/D : -1.865152
[setup reg-reg] _25494_/Q -> _26912_/D : -1.865057
[setup reg-reg] _25494_/Q -> _26520_/D : -1.863869
[setup reg-reg] _25494_/Q -> _26617_/D : -1.863015
[setup reg-reg] _25494_/Q -> _27549_/D : -1.862961
[setup reg-reg] _25494_/Q -> _27620_/D : -1.862151
[setup reg-reg] _25494_/Q -> _26592_/D : -1.862070
[setup reg-reg] _25494_/Q -> _25892_/D : -1.859631
[setup reg-reg] _25494_/Q -> _25948_/D : -1.859627
[setup reg-reg] _25494_/Q -> _26820_/D : -1.858956
[setup reg-reg] _25494_/Q -> _26621_/D : -1.858492
[setup reg-reg] _25494_/Q -> _25796_/D : -1.858236
[setup reg-reg] _25494_/Q -> _26493_/D : -1.857346
[setup reg-reg] _25494_/Q -> _26647_/D : -1.856490
[setup reg-reg] _25494_/Q -> _25885_/D : -1.856368
[setup reg-reg] _25494_/Q -> _25858_/D : -1.855666
[setup reg-reg] _25494_/Q -> _26540_/D : -1.854312
[setup reg-reg] _25494_/Q -> _27360_/D : -1.853861
[setup reg-reg] _25494_/Q -> _26397_/D : -1.853289
[setup reg-reg] _25494_/Q -> _25980_/D : -1.852657
[setup reg-reg] _25494_/Q -> _27325_/D : -1.851815
[setup reg-reg] _25494_/Q -> _26052_/D : -1.851657
[setup reg-reg] _25494_/Q -> _27588_/D : -1.851621
[setup reg-reg] _25494_/Q -> _25905_/D : -1.850951
[setup reg-reg] _25494_/Q -> _27456_/D : -1.850692
[setup reg-reg] _25494_/Q -> _26941_/D : -1.849701
[setup reg-reg] _25494_/Q -> _25643_/D : -1.849260
[setup reg-reg] _25494_/Q -> _26749_/D : -1.849193
[setup reg-reg] _25494_/Q -> _27650_/D : -1.848905
[setup reg-reg] _25494_/Q -> _26717_/D : -1.848763
[setup reg-reg] _25494_/Q -> _26229_/D : -1.847763
[setup reg-reg] _25494_/Q -> _27492_/D : -1.847502
[setup reg-reg] _25494_/Q -> _27165_/D : -1.846907
[setup reg-reg] _25494_/Q -> _26781_/D : -1.845727
[setup reg-reg] _25494_/Q -> _26265_/D : -1.844706
[setup reg-reg] _25494_/Q -> _25792_/D : -1.842983
[setup reg-reg] _25494_/Q -> _26582_/D : -1.842455
[setup reg-reg] _25494_/Q -> _25764_/D : -1.841510
[setup reg-reg] _25494_/Q -> _25782_/D : -1.841400
[setup reg-reg] _25494_/Q -> _27040_/D : -1.840910
[setup reg-reg] _25494_/Q -> _25878_/D : -1.839922
[setup reg-reg] _25494_/Q -> _25440_/D : -1.839503
[setup reg-reg] _25494_/Q -> _25158_/D : -1.838941
[setup reg-reg] _25494_/Q -> _25403_/D : -1.838556
[setup reg-reg] _25494_/Q -> _26077_/D : -1.838148
[setup reg-reg] _25494_/Q -> _26775_/D : -1.837549
[setup reg-reg] _25494_/Q -> _25230_/D : -1.836936
[setup reg-reg] _25494_/Q -> _26894_/D : -1.835279
[setup reg-reg] _25494_/Q -> _27340_/D : -1.834781
[setup reg-reg] _25494_/Q -> _25426_/D : -1.832701
[setup reg-reg] _25494_/Q -> _25826_/D : -1.831605
[setup reg-reg] _25494_/Q -> _27537_/D : -1.830644
[setup reg-reg] _25494_/Q -> _26656_/D : -1.828669
[setup reg-reg] _25494_/Q -> _26801_/D : -1.827051
[setup reg-reg] _25494_/Q -> _26257_/D : -1.825084
[setup reg-reg] _25494_/Q -> _24935_/D : -1.824958
[setup reg-reg] _25494_/Q -> _24993_/D : -1.824136
[setup reg-reg] _25494_/Q -> _27389_/D : -1.821867
[setup reg-reg] _25494_/Q -> _26178_/D : -1.820945
[setup reg-reg] _25494_/Q -> _24980_/D : -1.819558
[setup reg-reg] _25494_/Q -> _24933_/D : -1.818638
[setup reg-reg] _25494_/Q -> _25881_/D : -1.815332
[setup reg-reg] _25494_/Q -> _25923_/D : -1.814639
[setup reg-reg] _25494_/Q -> _27634_/D : -1.812424
[setup reg-reg] _25494_/Q -> _25259_/D : -1.810038
[setup reg-reg] _25494_/Q -> _27473_/D : -1.809648
[setup reg-reg] _25494_/Q -> _26200_/D : -1.809076
[setup reg-reg] _25494_/Q -> _26553_/D : -1.808692
[setup reg-reg] _25494_/Q -> _27428_/D : -1.808239
[setup reg-reg] _25494_/Q -> _25437_/D : -1.806967
[setup reg-reg] _25494_/Q -> _26816_/D : -1.806464
[setup reg-reg] _25494_/Q -> _27641_/D : -1.804022
[setup reg-reg] _25494_/Q -> _27232_/D : -1.803931
[setup reg-reg] _25494_/Q -> _27314_/D : -1.802087
[setup reg-reg] _25494_/Q -> _26264_/D : -1.801849
[setup reg-reg] _25494_/Q -> _27058_/D : -1.801659
[setup reg-reg] _25494_/Q -> _26937_/D : -1.799272
[setup reg-reg] _25494_/Q -> _26916_/D : -1.798163
[setup reg-reg] _25494_/Q -> _27033_/D : -1.797973
[setup reg-reg] _25494_/Q -> _24950_/D : -1.797041
[setup reg-reg] _25494_/Q -> _26286_/D : -1.796986
[setup reg-reg] _25494_/Q -> _26828_/D : -1.795025
[setup reg-reg] _25494_/Q -> _26909_/D : -1.794433
[setup reg-reg] _25494_/Q -> _26648_/D : -1.793641
[setup reg-reg] _25494_/Q -> _25307_/D : -1.792097
[setup reg-reg] _25494_/Q -> _26796_/D : -1.792083
[setup reg-reg] _25494_/Q -> _26653_/D : -1.792008
[setup reg-reg] _25494_/Q -> _27505_/D : -1.791872
[setup reg-reg] _25494_/Q -> _26318_/D : -1.791582
[setup reg-reg] _25494_/Q -> _27708_/D : -1.790085
[setup reg-reg] _25494_/Q -> _26045_/D : -1.787475
[setup reg-reg] _25494_/Q -> _26550_/D : -1.785230
[setup reg-reg] _25494_/Q -> _25828_/D : -1.784969
[setup reg-reg] _25494_/Q -> _26968_/D : -1.784464
[setup reg-reg] _25494_/Q -> _27690_/D : -1.784072
[setup reg-reg] _25494_/Q -> _27601_/D : -1.783814
[setup reg-reg] _25494_/Q -> _26688_/D : -1.783615
[setup reg-reg] _25494_/Q -> _26358_/D : -1.780082
[setup reg-reg] _25494_/Q -> _25872_/D : -1.773412
[setup reg-reg] _25494_/Q -> _26724_/D : -1.772698
[setup reg-reg] _25494_/Q -> _26252_/D : -1.771248
[setup reg-reg] _25494_/Q -> _26988_/D : -1.770397
[setup reg-reg] _25494_/Q -> _26596_/D : -1.770273
[setup reg-reg] _25494_/Q -> _26338_/D : -1.768498
[setup reg-reg] _25494_/Q -> _25658_/D : -1.766811
[setup reg-reg] _25494_/Q -> _26272_/D : -1.766786
[setup reg-reg] _25494_/Q -> _25732_/D : -1.764192
[setup reg-reg] _25494_/Q -> _26530_/D : -1.761006
[setup reg-reg] _25494_/Q -> _25880_/D : -1.760798
[setup reg-reg] _25494_/Q -> _26813_/D : -1.758359
[setup reg-reg] _25494_/Q -> _25986_/D : -1.758032
[setup reg-reg] _25494_/Q -> _26038_/D : -1.755439
[setup reg-reg] _25494_/Q -> _27648_/D : -1.755209
[setup reg-reg] _25494_/Q -> _26476_/D : -1.755188
[setup reg-reg] _25494_/Q -> _26028_/D : -1.754811
[setup reg-reg] _25494_/Q -> _27072_/D : -1.752255
[setup reg-reg] _25494_/Q -> _26902_/D : -1.751799
[setup reg-reg] _25494_/Q -> _24942_/D : -1.751673
[setup reg-reg] _25494_/Q -> _25860_/D : -1.750644
[setup reg-reg] _25494_/Q -> _27020_/D : -1.750612
[setup reg-reg] _25494_/Q -> _26821_/D : -1.749006
[setup reg-reg] _25494_/Q -> _27396_/D : -1.747237
[setup reg-reg] _25494_/Q -> _27012_/D : -1.746264
[setup reg-reg] _25494_/Q -> _26722_/D : -1.742290
[setup reg-reg] _25494_/Q -> _26784_/D : -1.741340
[setup reg-reg] _25494_/Q -> _27254_/D : -1.740732
[setup reg-reg] _25494_/Q -> _26208_/D : -1.740220
[setup reg-reg] _25494_/Q -> _26032_/D : -1.739105
[setup reg-reg] _25494_/Q -> _26880_/D : -1.738568
[setup reg-reg] _25494_/Q -> _27024_/D : -1.736881
[setup reg-reg] _25494_/Q -> _26454_/D : -1.736035
[setup reg-reg] _25494_/Q -> _27221_/D : -1.732914
[setup reg-reg] _25494_/Q -> _27573_/D : -1.732907
[setup reg-reg] _25494_/Q -> _27645_/D : -1.732453
[setup reg-reg] _25494_/Q -> _25760_/D : -1.730188
[setup reg-reg] _25494_/Q -> _27120_/D : -1.729402
[setup reg-reg] _25494_/Q -> _26368_/D : -1.728591
[setup reg-reg] _25494_/Q -> _26210_/D : -1.724384
[setup reg-reg] _25494_/Q -> _25922_/D : -1.723992
[setup reg-reg] _25494_/Q -> _27253_/D : -1.723594
[setup reg-reg] _25494_/Q -> _25777_/D : -1.723587
[setup reg-reg] _25494_/Q -> _26320_/D : -1.723263
[setup reg-reg] _25494_/Q -> _27296_/D : -1.718652
[setup reg-reg] _25494_/Q -> _26576_/D : -1.718638
[setup reg-reg] _25494_/Q -> _25910_/D : -1.718615
[setup reg-reg] _25494_/Q -> _27487_/D : -1.708681
[setup reg-reg] _25494_/Q -> _25446_/D : -1.707052
[setup reg-reg] _25494_/Q -> _26224_/D : -1.703897
[setup reg-reg] _25494_/Q -> _26128_/D : -1.703658
[setup reg-reg] _25494_/Q -> _26608_/D : -1.697458
[setup reg-reg] _25494_/Q -> _25319_/D : -1.696055
[setup reg-reg] _25494_/Q -> _25904_/D : -1.695273
[setup reg-reg] _25494_/Q -> _26562_/D : -1.693245
[setup reg-reg] _25494_/Q -> _26463_/D : -1.691454
[setup reg-reg] _25494_/Q -> _25730_/D : -1.690104
[setup reg-reg] _25494_/Q -> _26864_/D : -1.688999
[setup reg-reg] _25494_/Q -> _25695_/D : -1.684869
[setup reg-reg] _25494_/Q -> _26847_/D : -1.684285
[setup reg-reg] _25494_/Q -> _25914_/D : -1.680823
[setup reg-reg] _25494_/Q -> _26832_/D : -1.678149
[setup reg-reg] _25494_/Q -> _26480_/D : -1.676980
[setup reg-reg] _25494_/Q -> _27206_/D : -1.673845
[setup reg-reg] _25494_/Q -> _26307_/D : -1.672102
[setup reg-reg] _25494_/Q -> _26979_/D : -1.670838
[setup reg-reg] _25494_/Q -> _27587_/D : -1.667882
[setup reg-reg] _25494_/Q -> _25424_/D : -1.667033
[setup reg-reg] _25494_/Q -> _26192_/D : -1.664450
[setup reg-reg] _25494_/Q -> _25247_/D : -1.660085
[setup reg-reg] _25494_/Q -> _25744_/D : -1.657762
[setup reg-reg] _25494_/Q -> _26000_/D : -1.656440
[setup reg-reg] _25494_/Q -> _26371_/D : -1.656282
[setup reg-reg] _25494_/Q -> _26083_/D : -1.653188
[setup reg-reg] _25494_/Q -> _26640_/D : -1.651326
[setup reg-reg] _25494_/Q -> _27568_/D : -1.644588
[setup reg-reg] _25494_/Q -> _26915_/D : -1.642189
[setup reg-reg] _25494_/Q -> _26883_/D : -1.641521
[setup reg-reg] _25494_/Q -> _27263_/D : -1.641391
[setup reg-reg] _25494_/Q -> _27391_/D : -1.641375
[setup reg-reg] _25494_/Q -> _27130_/D : -1.640654
[setup reg-reg] _25494_/Q -> _25776_/D : -1.635058
[setup reg-reg] _25494_/Q -> _25680_/D : -1.634417
[setup reg-reg] _25494_/Q -> _26962_/D : -1.632463
[setup reg-reg] _25494_/Q -> _27642_/D : -1.629699
[setup reg-reg] _25494_/Q -> _27376_/D : -1.626809
[setup reg-reg] _25494_/Q -> _27299_/D : -1.621503
[setup reg-reg] _25494_/Q -> _27605_/D : -1.619858
[setup reg-reg] _25494_/Q -> _27046_/D : -1.617266
[setup reg-reg] _25494_/Q -> _26947_/D : -1.615893
[setup reg-reg] _25494_/Q -> _27555_/D : -1.615550
[setup reg-reg] _25494_/Q -> _25231_/D : -1.614655
[setup reg-reg] _25494_/Q -> _25955_/D : -1.614270
[setup reg-reg] _25494_/Q -> _26691_/D : -1.608917
[setup reg-reg] _25494_/Q -> _25987_/D : -1.608100
[setup reg-reg] _25494_/Q -> _26627_/D : -1.607914
[setup reg-reg] _25494_/Q -> _26435_/D : -1.606010
[setup reg-reg] _25202_/Q -> _25495_/D : -1.605008
[setup reg-reg] _25494_/Q -> _24953_/D : -1.604329
[setup reg-reg] _25494_/Q -> _26499_/D : -1.603858
[setup reg-reg] _25494_/Q -> _26467_/D : -1.600821
[setup reg-reg] _25494_/Q -> _26736_/D : -1.600387
[setup reg-reg] _25494_/Q -> _25142_/D : -1.598631
[setup reg-reg] _25494_/Q -> _26704_/D : -1.597414
[setup reg-reg] _25494_/Q -> _25445_/D : -1.596352
[setup reg-reg] _25494_/Q -> _26879_/D : -1.596062
[setup reg-reg] _25494_/Q -> _26768_/D : -1.595863
[setup reg-reg] _25494_/Q -> _26261_/D : -1.592637
[setup reg-reg] _25494_/Q -> _27523_/D : -1.590619
[setup reg-reg] _25494_/Q -> _26074_/D : -1.588978
[setup reg-reg] _25494_/Q -> _27139_/D : -1.588330
[setup reg-reg] _25494_/Q -> _26783_/D : -1.588145
[setup reg-reg] _25202_/Q -> _25497_/D : -1.587239
[setup reg-reg] _25494_/Q -> _26223_/D : -1.585766
[setup reg-reg] _25494_/Q -> _26982_/D : -1.584258
[setup reg-reg] _25494_/Q -> _27680_/D : -1.583270
[setup reg-reg] _25494_/Q -> _26746_/D : -1.579233
[setup reg-reg] _25494_/Q -> _27363_/D : -1.578899
[setup reg-reg] _25494_/Q -> _26563_/D : -1.577899
[setup reg-reg] _25494_/Q -> _26819_/D : -1.577838
[setup reg-reg] _25494_/Q -> _26211_/D : -1.574785
[setup reg-reg] _25494_/Q -> _27002_/D : -1.571154
[setup reg-reg] _25494_/Q -> _27619_/D : -1.568342
[setup reg-reg] _25494_/Q -> _25004_/D : -1.565450
[setup reg-reg] _25494_/Q -> _27482_/D : -1.564015
[setup reg-reg] _25494_/Q -> _25154_/D : -1.561833
[setup reg-reg] _25494_/Q -> _26335_/D : -1.560863
[setup reg-reg] _25494_/Q -> _27043_/D : -1.560300
[setup reg-reg] _25494_/Q -> _26115_/D : -1.558311
[setup reg-reg] _25494_/Q -> _25827_/D : -1.557703
[setup reg-reg] _25494_/Q -> _26051_/D : -1.556503
[setup reg-reg] _25494_/Q -> _25699_/D : -1.554701
[setup reg-reg] _25494_/Q -> _27039_/D : -1.552806
[setup reg-reg] _25494_/Q -> _27590_/D : -1.548248
[setup reg-reg] _25494_/Q -> _26598_/D : -1.547635
[setup reg-reg] _25494_/Q -> _26854_/D : -1.545114
[setup reg-reg] _25494_/Q -> _27430_/D : -1.537405
[setup reg-reg] _25494_/Q -> _25958_/D : -1.537330
[setup reg-reg] _25494_/Q -> _24954_/D : -1.529051
[setup reg-reg] _25494_/Q -> _25798_/D : -1.523366
[setup reg-reg] _25494_/Q -> _27459_/D : -1.519286
[setup reg-reg] _25494_/Q -> _27203_/D : -1.512444
[setup reg-reg] _25494_/Q -> _24989_/D : -1.509481
[setup reg-reg] _25494_/Q -> _26855_/D : -1.508663
[setup reg-reg] _25494_/Q -> _26179_/D : -1.505240
[setup reg-reg] _25494_/Q -> _26531_/D : -1.502606
[setup reg-reg] _25494_/Q -> _26023_/D : -1.501702
[setup reg-reg] _25494_/Q -> _27703_/D : -1.500648
[setup reg-reg] _25494_/Q -> _27699_/D : -1.496694
[setup reg-reg] _25494_/Q -> _26470_/D : -1.494030
[setup reg-reg] _25494_/Q -> _25444_/D : -1.489797
[setup reg-reg] _25494_/Q -> _26119_/D : -1.489392
[setup reg-reg] _25494_/Q -> _26631_/D : -1.487997
[setup reg-reg] _25494_/Q -> _24963_/D : -1.486054
[setup reg-reg] _25494_/Q -> _26726_/D : -1.485784
[setup reg-reg] _25494_/Q -> _26343_/D : -1.483382
[setup reg-reg] _25494_/Q -> _27302_/D : -1.481459
[setup reg-reg] _25494_/Q -> _27654_/D : -1.479876
[setup reg-reg] _25494_/Q -> _26758_/D : -1.479622
[setup reg-reg] _25494_/Q -> _26215_/D : -1.478130
[setup reg-reg] _25494_/Q -> _26246_/D : -1.478068
[setup reg-reg] _25494_/Q -> _27366_/D : -1.476289
[setup reg-reg] _25494_/Q -> _25990_/D : -1.475991
[setup reg-reg] _25494_/Q -> _27702_/D : -1.473362
[setup reg-reg] _25494_/Q -> _25989_/D : -1.470944
[setup reg-reg] _25494_/Q -> _25702_/D : -1.469266
[setup reg-reg] _25494_/Q -> _27079_/D : -1.468214
[setup reg-reg] _25494_/Q -> _26471_/D : -1.465898
[setup reg-reg] _25494_/Q -> _24947_/D : -1.464786
[setup reg-reg] _25494_/Q -> _26791_/D : -1.464111
[setup reg-reg] _25494_/Q -> _26431_/D : -1.463993
[setup reg-reg] _25494_/Q -> _24939_/D : -1.463858
[setup reg-reg] _25202_/Q -> _25494_/D : -1.461459
[setup reg-reg] _25494_/Q -> _27527_/D : -1.461045
[setup reg-reg] _25494_/Q -> _27239_/D : -1.460318
[setup reg-reg] _25494_/Q -> _27474_/D : -1.459300
[setup reg-reg] _25494_/Q -> _27098_/D : -1.457812
[setup reg-reg] _25494_/Q -> _25149_/D : -1.452131
[setup reg-reg] _25494_/Q -> _26183_/D : -1.451554
[setup reg-reg] _25494_/Q -> _27431_/D : -1.447964
[setup reg-reg] _25494_/Q -> _27205_/D : -1.446423
[setup reg-reg] _25494_/Q -> _26655_/D : -1.444969
[setup reg-reg] _25494_/Q -> _25454_/D : -1.441956
[setup reg-reg] _25494_/Q -> _26279_/D : -1.441384
[setup reg-reg] _25494_/Q -> _25727_/D : -1.439593
[setup reg-reg] _25494_/Q -> _24952_/D : -1.438703
[setup reg-reg] _25494_/Q -> _27367_/D : -1.438091
[setup reg-reg] _25494_/Q -> _25927_/D : -1.435028
[setup reg-reg] _25494_/Q -> _25891_/D : -1.434508
[setup reg-reg] _25494_/Q -> _25855_/D : -1.432776
[setup reg-reg] _25494_/Q -> _26787_/D : -1.430539
[setup reg-reg] _25494_/Q -> _27589_/D : -1.429067
[setup reg-reg] _25494_/Q -> _25795_/D : -1.427434
[setup reg-reg] _25494_/Q -> _27207_/D : -1.427038
[setup reg-reg] _25494_/Q -> _26917_/D : -1.427010
[setup reg-reg] _25494_/Q -> _25443_/D : -1.426983
[setup reg-reg] _25494_/Q -> _27015_/D : -1.426688
[setup reg-reg] _25494_/Q -> _27591_/D : -1.425599
[setup reg-reg] _25494_/Q -> _26943_/D : -1.425516
[setup reg-reg] _25494_/Q -> _27271_/D : -1.425322
[setup reg-reg] _25494_/Q -> _25661_/D : -1.424311
[setup reg-reg] _25494_/Q -> _26919_/D : -1.423219
[setup reg-reg] _25494_/Q -> _27331_/D : -1.422585
[setup reg-reg] _25494_/Q -> _26983_/D : -1.421880
[setup reg-reg] _25494_/Q -> _26727_/D : -1.421794
[setup reg-reg] _25494_/Q -> _27322_/D : -1.419448
[setup reg-reg] _25494_/Q -> _26586_/D : -1.418139
[setup reg-reg] _25494_/Q -> _27583_/D : -1.417639
[setup reg-reg] _25494_/Q -> _26243_/D : -1.416535
[setup reg-reg] _25494_/Q -> _26757_/D : -1.411664
[setup reg-reg] _25494_/Q -> _26522_/D : -1.411140
[setup reg-reg] _25494_/Q -> _25438_/D : -1.409298
[setup reg-reg] _25494_/Q -> _26207_/D : -1.409074
[setup reg-reg] _25494_/Q -> _25703_/D : -1.408672
[setup reg-reg] _25494_/Q -> _26949_/D : -1.408068
[setup reg-reg] _25494_/Q -> _26599_/D : -1.407571
[setup reg-reg] _25494_/Q -> _25255_/D : -1.403894
[setup reg-reg] _25494_/Q -> _27135_/D : -1.401737
[setup reg-reg] _25494_/Q -> _26887_/D : -1.399414
[setup reg-reg] _25494_/Q -> _26247_/D : -1.398522
[setup reg-reg] _25494_/Q -> _27199_/D : -1.398393
[setup reg-reg] _25494_/Q -> _27047_/D : -1.397385
[setup reg-reg] _25494_/Q -> _26951_/D : -1.396074
[setup reg-reg] _25494_/Q -> _27090_/D : -1.394643
[setup reg-reg] _25494_/Q -> _26659_/D : -1.392799
[setup reg-reg] _25494_/Q -> _26714_/D : -1.392726
[setup reg-reg] _25494_/Q -> _26719_/D : -1.391069
[setup reg-reg] _25494_/Q -> _26399_/D : -1.390584
[setup reg-reg] _25494_/Q -> _27559_/D : -1.389696
[setup reg-reg] _25494_/Q -> _26143_/D : -1.389164
[setup reg-reg] _25494_/Q -> _25419_/D : -1.388424
[setup reg-reg] _25494_/Q -> _26303_/D : -1.387907
[setup reg-reg] _25494_/Q -> _26874_/D : -1.387894
[setup reg-reg] _25494_/Q -> _26623_/D : -1.387587
[setup reg-reg] _25494_/Q -> _26277_/D : -1.387539
[setup reg-reg] _25494_/Q -> _26181_/D : -1.385423
[setup reg-reg] _25494_/Q -> _27103_/D : -1.385171
[setup reg-reg] _25494_/Q -> _26202_/D : -1.384855
[setup reg-reg] _25494_/Q -> _25959_/D : -1.384827
[setup reg-reg] _25494_/Q -> _27014_/D : -1.383668
[setup reg-reg] _25494_/Q -> _27327_/D : -1.382901
[setup reg-reg] _25494_/Q -> _27418_/D : -1.380574
[setup reg-reg] _25494_/Q -> _26373_/D : -1.379318
[setup reg-reg] _25494_/Q -> _25731_/D : -1.378673
[setup reg-reg] _25494_/Q -> _26234_/D : -1.376087
[setup reg-reg] _25494_/Q -> _26138_/D : -1.375961
[setup reg-reg] _25494_/Q -> _26213_/D : -1.375842
[setup reg-reg] _25494_/Q -> _26815_/D : -1.375522
[setup reg-reg] _25494_/Q -> _27143_/D : -1.375501
[setup reg-reg] _25494_/Q -> _26490_/D : -1.374518
[setup reg-reg] _25494_/Q -> _27295_/D : -1.371413
[setup reg-reg] _25494_/Q -> _27623_/D : -1.370323
[setup reg-reg] _25494_/Q -> _26175_/D : -1.369532
[setup reg-reg] _25494_/Q -> _25799_/D : -1.368191
[setup reg-reg] _25494_/Q -> _27167_/D : -1.367967
[setup reg-reg] _25494_/Q -> _25791_/D : -1.367560
[setup reg-reg] _25494_/Q -> _25735_/D : -1.365022
[setup reg-reg] _25494_/Q -> _25665_/D : -1.364576
[setup reg-reg] _25494_/Q -> _27495_/D : -1.363302
[setup reg-reg] _25494_/Q -> _25970_/D : -1.361613
[setup reg-reg] _25494_/Q -> _26759_/D : -1.360812
[setup reg-reg] _25494_/Q -> _27578_/D : -1.360112
[setup reg-reg] _25494_/Q -> _25431_/D : -1.357005
[setup reg-reg] _25494_/Q -> _27635_/D : -1.356419
[setup reg-reg] _25494_/Q -> _26426_/D : -1.355806
[setup reg-reg] _25494_/Q -> _25663_/D : -1.355794
[setup reg-reg] _25494_/Q -> _26055_/D : -1.354264
[setup reg-reg] _25494_/Q -> _25434_/D : -1.353255
[setup reg-reg] _25209_/Q -> _25250_/D : -1.352690
[setup reg-reg] _25494_/Q -> _26439_/D : -1.352614
[setup reg-reg] _25494_/Q -> _26629_/D : -1.349653
[setup reg-reg] _25494_/Q -> _27621_/D : -1.348251
[setup reg-reg] _25494_/Q -> _27399_/D : -1.347848
[setup reg-reg] _25494_/Q -> _26407_/D : -1.345175
[setup reg-reg] _25494_/Q -> _26406_/D : -1.344537
[setup reg-reg] _25494_/Q -> _27111_/D : -1.339533
[setup reg-reg] _25494_/Q -> _26535_/D : -1.338538
[setup reg-reg] _25494_/Q -> _27359_/D : -1.337977
[setup reg-reg] _25494_/Q -> _27655_/D : -1.335646
[setup reg-reg] _25494_/Q -> _27270_/D : -1.332195
[setup reg-reg] _25494_/Q -> _25410_/D : -1.331497
[setup reg-reg] _25494_/Q -> _27034_/D : -1.329964
[setup reg-reg] _25494_/Q -> _26823_/D : -1.329875
[setup reg-reg] _25494_/Q -> _27701_/D : -1.326642
[setup reg-reg] _25494_/Q -> _27175_/D : -1.326127
[setup reg-reg] _25494_/Q -> _26087_/D : -1.323718
[setup reg-reg] _25202_/Q -> _25496_/D : -1.323155
[setup reg-reg] _25494_/Q -> _26501_/D : -1.322611
[setup reg-reg] _25494_/Q -> _26503_/D : -1.322430
[setup reg-reg] _25494_/Q -> _26117_/D : -1.319236
[setup reg-reg] _25494_/Q -> _25724_/D : -1.318863
[setup reg-reg] _25494_/Q -> _27614_/D : -1.318599
[setup reg-reg] _25494_/Q -> _26639_/D : -1.316494
[setup reg-reg] _25494_/Q -> _25759_/D : -1.314643
[setup reg-reg] _25494_/Q -> _26695_/D : -1.312138
[setup reg-reg] _25494_/Q -> _27173_/D : -1.309862
[setup reg-reg] _25494_/Q -> _27013_/D : -1.309786
[setup reg-reg] _25494_/Q -> _25831_/D : -1.308186
[setup reg-reg] _25494_/Q -> _26661_/D : -1.307720
[setup reg-reg] _25494_/Q -> _25991_/D : -1.307509
[setup reg-reg] _25494_/Q -> _26355_/D : -1.305503
[setup reg-reg] _25494_/Q -> _27483_/D : -1.304951
[setup reg-reg] _25494_/Q -> _27355_/D : -1.304311
[setup reg-reg] _25494_/Q -> _27519_/D : -1.304173
[setup reg-reg] _25494_/Q -> _27365_/D : -1.303960
[setup reg-reg] _25494_/Q -> _24996_/D : -1.303727
[setup reg-reg] _25494_/Q -> _25863_/D : -1.298901
[setup reg-reg] _25494_/Q -> _27077_/D : -1.294232
[setup reg-reg] _25494_/Q -> _27141_/D : -1.293998
[setup reg-reg] _25494_/Q -> _27526_/D : -1.293733
[setup reg-reg] _25494_/Q -> _26567_/D : -1.290404
[setup reg-reg] _25494_/Q -> _26907_/D : -1.287733
[setup reg-reg] _25494_/Q -> _26021_/D : -1.287582
[setup reg-reg] _25494_/Q -> _25733_/D : -1.285471
[setup reg-reg] _25494_/Q -> _26981_/D : -1.285416
[setup reg-reg] _25494_/Q -> _27131_/D : -1.285354
[setup reg-reg] _25209_/Q -> _25435_/D : -1.284144
[setup reg-reg] _25494_/Q -> _27195_/D : -1.282892
[setup reg-reg] _25494_/Q -> _25654_/D : -1.278352
[setup reg-reg] _25494_/Q -> _25957_/D : -1.278179
[setup reg-reg] _25494_/Q -> _27269_/D : -1.276309
[setup reg-reg] _25494_/Q -> _25788_/D : -1.276089
[setup reg-reg] _25494_/Q -> _26533_/D : -1.274586
[setup reg-reg] _25494_/Q -> _26789_/D : -1.273275
[setup reg-reg] _25494_/Q -> _25746_/D : -1.267425
[setup reg-reg] _25494_/Q -> _27333_/D : -1.265613
[setup reg-reg] _25494_/Q -> _26565_/D : -1.262469
[setup reg-reg] _25494_/Q -> _27067_/D : -1.257572
[setup reg-reg] _25494_/Q -> _25765_/D : -1.256462
[setup reg-reg] _25494_/Q -> _26245_/D : -1.251108
[setup reg-reg] _25494_/Q -> _25861_/D : -1.250186
[setup reg-reg] _25494_/Q -> _26963_/D : -1.240826
[setup reg-reg] _25494_/Q -> _25829_/D : -1.239957
[setup reg-reg] _25494_/Q -> _24984_/D : -1.239316
[setup reg-reg] _25494_/Q -> _26198_/D : -1.238343
[setup reg-reg] _25494_/Q -> _27515_/D : -1.221132
[setup reg-reg] _25494_/Q -> _27475_/D : -1.216531
[setup reg-reg] _25494_/Q -> _26331_/D : -1.215378
[setup reg-reg] _25494_/Q -> _26203_/D : -1.213298
[setup reg-reg] _25494_/Q -> _26139_/D : -1.205345
[setup reg-reg] _25494_/Q -> _26995_/D : -1.205185
[setup reg-reg] _25494_/Q -> _27579_/D : -1.203928
[setup reg-reg] _25494_/Q -> _25653_/D : -1.199489
[setup reg-reg] _25494_/Q -> _27163_/D : -1.199018
[setup reg-reg] _25494_/Q -> _26395_/D : -1.192424
[setup reg-reg] _25494_/Q -> _27219_/D : -1.190934
[setup reg-reg] _25494_/Q -> _27036_/D : -1.190923
[setup reg-reg] _25494_/Q -> _25851_/D : -1.190447
[setup reg-reg] _25494_/Q -> _26555_/D : -1.190433
[setup reg-reg] _25494_/Q -> _26619_/D : -1.184267
[setup reg-reg] _25494_/Q -> _27099_/D : -1.181489
[setup reg-reg] _25494_/Q -> _25787_/D : -1.180794
[setup reg-reg] _25494_/Q -> _26780_/D : -1.178490
[setup reg-reg] _25494_/Q -> _25819_/D : -1.176609
[setup reg-reg] _25494_/Q -> _25755_/D : -1.173330
[setup reg-reg] _25494_/Q -> _26363_/D : -1.172426
[setup reg-reg] _25494_/Q -> _25429_/D : -1.169898
[setup reg-reg] _25494_/Q -> _24987_/D : -1.165443
[setup reg-reg] _25494_/Q -> _26876_/D : -1.164045
[setup reg-reg] _25494_/Q -> _26747_/D : -1.162638
[setup reg-reg] _25494_/Q -> _26300_/D : -1.161304
[setup reg-reg] _25494_/Q -> _26326_/D : -1.160979
[setup reg-reg] _25494_/Q -> _26748_/D : -1.160492
[setup reg-reg] _25494_/Q -> _25820_/D : -1.159078
[setup reg-reg] _25494_/Q -> _26107_/D : -1.158956
[setup reg-reg] _25494_/Q -> _26332_/D : -1.156154
[setup reg-reg] _25494_/Q -> _26683_/D : -1.155652
[setup reg-reg] _25494_/Q -> _26428_/D : -1.145097
[setup reg-reg] _25494_/Q -> _25648_/D : -1.143864
[setup reg-reg] _25494_/Q -> _25915_/D : -1.143320
[setup reg-reg] _25494_/Q -> _25947_/D : -1.142345
[setup reg-reg] _25494_/Q -> _26972_/D : -1.142082
[setup reg-reg] _25494_/Q -> _26940_/D : -1.134032
[setup reg-reg] _25494_/Q -> _24941_/D : -1.131481
[setup reg-reg] _25494_/Q -> _27387_/D : -1.128221
[setup reg-reg] _25494_/Q -> _24964_/D : -1.127749
[setup reg-reg] _25494_/Q -> _26081_/D : -1.121679
[setup reg-reg] _25494_/Q -> _26299_/D : -1.114453
[setup reg-reg] _25494_/Q -> _25005_/D : -1.109933
[setup reg-reg] _25494_/Q -> _25691_/D : -1.097387
[setup reg-reg] _25494_/Q -> _24982_/D : -1.096929
[setup reg-reg] _25494_/Q -> _26994_/D : -1.094845
[setup reg-reg] _25494_/Q -> _27507_/D : -1.091148
[setup reg-reg] _25494_/Q -> _27346_/D : -1.090575
[setup reg-reg] _25494_/Q -> _25979_/D : -1.089811
[setup reg-reg] _25494_/Q -> _27640_/D : -1.078249
[setup reg-reg] _25494_/Q -> _24948_/D : -1.074836
[setup reg-reg] _25494_/Q -> _26939_/D : -1.072985
[setup reg-reg] _25494_/Q -> _27323_/D : -1.066049
[setup reg-reg] _25494_/Q -> _26875_/D : -1.051909
[setup reg-reg] _25494_/Q -> _26945_/D : -1.048120
[setup reg-reg] _25494_/Q -> _26075_/D : -1.043485
[setup reg-reg] _25494_/Q -> _24985_/D : -1.040179
[setup reg-reg] _25494_/Q -> _26556_/D : -1.037867
[setup reg-reg] _25494_/Q -> _27108_/D : -1.034509
[setup reg-reg] _25494_/Q -> _26176_/D : -1.032486
[setup reg-reg] _25494_/Q -> _25428_/D : -1.026647
[setup reg-reg] _25494_/Q -> _26116_/D : -1.026242
[setup reg-reg] _25494_/Q -> _27649_/D : -1.025414
[setup reg-reg] _25494_/Q -> _26496_/D : -1.022905
[setup reg-reg] _25494_/Q -> _27516_/D : -1.019474
[setup reg-reg] _25494_/Q -> _26930_/D : -1.014122
[setup reg-reg] _25494_/Q -> _26980_/D : -1.009063
[setup reg-reg] _25494_/Q -> _26172_/D : -1.002979
[setup reg-reg] _25494_/Q -> _27229_/D : -0.993790
[setup reg-reg] _25494_/Q -> _26429_/D : -0.993346
[setup reg-reg] _25494_/Q -> _24997_/D : -0.993255
[setup reg-reg] _25494_/Q -> _26685_/D : -0.992914
[setup reg-reg] _25494_/Q -> _27420_/D : -0.990525
[setup reg-reg] _25494_/Q -> _24992_/D : -0.989173
[setup reg-reg] _25494_/Q -> _26212_/D : -0.988273
[setup reg-reg] _25494_/Q -> _27330_/D : -0.978581
[setup reg-reg] _25494_/Q -> _24951_/D : -0.976172
[setup reg-reg] _25494_/Q -> _26786_/D : -0.971790
[setup reg-reg] _25494_/Q -> _27216_/D : -0.971554
[setup reg-reg] _25494_/Q -> _25853_/D : -0.963414
[setup reg-reg] _25494_/Q -> _25430_/D : -0.960512
[setup reg-reg] _25494_/Q -> _27328_/D : -0.954282
[setup reg-reg] _25494_/Q -> _26352_/D : -0.947471
[setup reg-reg] _25494_/Q -> _27037_/D : -0.944604
[setup reg-reg] _25494_/Q -> _27576_/D : -0.943471
[setup reg-reg] _25494_/Q -> _27312_/D : -0.938158
[setup reg-reg] _25494_/Q -> _24955_/D : -0.935152
[setup reg-reg] _25494_/Q -> _25988_/D : -0.928026
[setup reg-reg] _25494_/Q -> _27180_/D : -0.925120
[setup reg-reg] _25494_/Q -> _25757_/D : -0.915994
[setup reg-reg] _25494_/Q -> _26946_/D : -0.915387
[setup reg-reg] _25494_/Q -> _27460_/D : -0.914222
[setup reg-reg] _25494_/Q -> _26860_/D : -0.913444
[setup reg-reg] _25494_/Q -> _27632_/D : -0.905166
[setup reg-reg] _25494_/Q -> _26948_/D : -0.904851
[setup reg-reg] _25494_/Q -> _27661_/D : -0.903432
[setup reg-reg] _25494_/Q -> _25996_/D : -0.898286
[setup reg-reg] _25494_/Q -> _26284_/D : -0.897964
[setup reg-reg] _25494_/Q -> _26928_/D : -0.896318
[setup reg-reg] _25494_/Q -> _27076_/D : -0.895380
[setup reg-reg] _25494_/Q -> _26700_/D : -0.894559
[setup reg-reg] _25494_/Q -> _26222_/D : -0.894200
[setup reg-reg] _25494_/Q -> _25932_/D : -0.893715
[setup reg-reg] _25494_/Q -> _25900_/D : -0.889957
[setup reg-reg] _25494_/Q -> _27172_/D : -0.889676
[setup reg-reg] _25209_/Q -> _25433_/D : -0.888914
[setup reg-reg] _25494_/Q -> _26372_/D : -0.887015
[setup reg-reg] _25494_/Q -> _27364_/D : -0.882979
[setup reg-reg] _25494_/Q -> _26421_/D : -0.881364
[setup reg-reg] _25494_/Q -> _25804_/D : -0.878845
[setup reg-reg] _25494_/Q -> _27212_/D : -0.877984
[setup reg-reg] _25494_/Q -> _26960_/D : -0.877684
[setup reg-reg] _25494_/Q -> _26924_/D : -0.877280
[setup reg-reg] _25494_/Q -> _27056_/D : -0.877090
[setup reg-reg] _25494_/Q -> _26416_/D : -0.873904
[setup reg-reg] _25494_/Q -> _27104_/D : -0.873804
[setup reg-reg] _25494_/Q -> _26124_/D : -0.871768
[setup reg-reg] _25494_/Q -> _25964_/D : -0.867441
[setup reg-reg] _25494_/Q -> _25936_/D : -0.865905
[setup reg-reg] _25494_/Q -> _27404_/D : -0.865610
[setup reg-reg] _25494_/Q -> _27200_/D : -0.864093
[setup reg-reg] _25494_/Q -> _27637_/D : -0.862167
[setup reg-reg] _25494_/Q -> _27116_/D : -0.859686
[setup reg-reg] _25494_/Q -> _27598_/D : -0.859384
[setup reg-reg] _25494_/Q -> _27628_/D : -0.858430
[setup reg-reg] _25494_/Q -> _26237_/D : -0.851484
[setup reg-reg] _25494_/Q -> _25856_/D : -0.841823
[setup reg-reg] _25494_/Q -> _25824_/D : -0.839700
[setup reg-reg] _25494_/Q -> _27084_/D : -0.839528
[setup reg-reg] _25494_/Q -> _24946_/D : -0.838023
[setup reg-reg] _25494_/Q -> _27500_/D : -0.837874
[setup reg-reg] _25494_/Q -> _26348_/D : -0.834824
[setup reg-reg] _25494_/Q -> _25836_/D : -0.829308
[setup reg-reg] _25494_/Q -> _25952_/D : -0.825773
[setup reg-reg] _25494_/Q -> _27008_/D : -0.825072
[setup reg-reg] _25494_/Q -> _26188_/D : -0.823029
[setup reg-reg] _25494_/Q -> _27264_/D : -0.822752
[setup reg-reg] _25494_/Q -> _25868_/D : -0.822263
[setup reg-reg] _25494_/Q -> _27584_/D : -0.820103
[setup reg-reg] _25494_/Q -> _26412_/D : -0.819911
[setup reg-reg] _25494_/Q -> _26636_/D : -0.814484
[setup reg-reg] _25494_/Q -> _26992_/D : -0.802073
[setup reg-reg] _25494_/Q -> _26080_/D : -0.798616
[setup reg-reg] _25494_/Q -> _26064_/D : -0.798353
[setup reg-reg] _25494_/Q -> _27564_/D : -0.798035
[setup reg-reg] _25494_/Q -> _26316_/D : -0.792561
[setup reg-reg] _25494_/Q -> _27488_/D : -0.790084
[setup reg-reg] _25494_/Q -> _26380_/D : -0.787965
[setup reg-reg] _25494_/Q -> _26892_/D : -0.786429
[setup reg-reg] _25494_/Q -> _27276_/D : -0.784446
[setup reg-reg] _25494_/Q -> _27424_/D : -0.782819
[setup reg-reg] _25494_/Q -> _25728_/D : -0.782308
[setup reg-reg] _25494_/Q -> _26604_/D : -0.780295
[setup reg-reg] _25494_/Q -> _26508_/D : -0.780165
[setup reg-reg] _25494_/Q -> _27344_/D : -0.779728
[setup reg-reg] _25494_/Q -> _26944_/D : -0.773261
[setup reg-reg] _25494_/Q -> _26048_/D : -0.770037
[setup reg-reg] _25494_/Q -> _26720_/D : -0.765743
[setup reg-reg] _25494_/Q -> _25708_/D : -0.762862
[setup reg-reg] _25494_/Q -> _27392_/D : -0.758137
[setup reg-reg] _25494_/Q -> _25960_/D : -0.753266
[setup reg-reg] _25494_/Q -> _26220_/D : -0.748443
[setup reg-reg] _25494_/Q -> _26624_/D : -0.741531
[setup reg-reg] _25494_/Q -> _27308_/D : -0.740545
[setup reg-reg] _25494_/Q -> _25808_/D : -0.738817
[setup reg-reg] _25494_/Q -> _27408_/D : -0.736113
[setup reg-reg] _25494_/Q -> _26536_/D : -0.735310
[setup reg-reg] _25494_/Q -> _27520_/D : -0.734614
[setup reg-reg] _25494_/Q -> _26024_/D : -0.716186
[setup reg-reg] _25494_/Q -> _26512_/D : -0.715019
[setup reg-reg] _25494_/Q -> _25800_/D : -0.713875
[setup reg-reg] _25494_/Q -> _27504_/D : -0.712898
[setup reg-reg] _25494_/Q -> _26632_/D : -0.712838
[setup reg-reg] _25494_/Q -> _24944_/D : -0.711388
[setup reg-reg] _25494_/Q -> _26216_/D : -0.707338
[setup reg-reg] _25494_/Q -> _27592_/D : -0.705814
[setup reg-reg] _25494_/Q -> _27007_/D : -0.703624
[setup reg-reg] _25494_/Q -> _26952_/D : -0.703603
[setup reg-reg] _25494_/Q -> _27704_/D : -0.701691
[setup reg-reg] _25494_/Q -> _26376_/D : -0.698035
[setup reg-reg] _25494_/Q -> _27496_/D : -0.694817
[setup reg-reg] _25494_/Q -> _26984_/D : -0.694033
[setup reg-reg] _25494_/Q -> _27208_/D : -0.689699
[setup reg-reg] _25494_/Q -> _26015_/D : -0.685260
[setup reg-reg] _25494_/Q -> _24943_/D : -0.675689
[setup reg-reg] _25494_/Q -> _27368_/D : -0.673621
[setup reg-reg] _25494_/Q -> _25666_/D : -0.672028
[setup reg-reg] _25494_/Q -> _25657_/D : -0.671898
[setup reg-reg] _25494_/Q -> _26559_/D : -0.667425
[setup reg-reg] _25494_/Q -> _26408_/D : -0.666303
[setup reg-reg] _25494_/Q -> _27336_/D : -0.656909
[setup reg-reg] _25494_/Q -> _26920_/D : -0.655083
[setup reg-reg] _25494_/Q -> _26056_/D : -0.652081
[setup reg-reg] _25494_/Q -> _25704_/D : -0.650532
[setup reg-reg] _25494_/Q -> _26568_/D : -0.640561
[setup reg-reg] _25494_/Q -> _24956_/D : -0.635172
[setup reg-reg] _25494_/Q -> _26856_/D : -0.628068
[setup reg-reg] _25494_/Q -> _26760_/D : -0.608905
[setup reg-reg] _25494_/Q -> _27335_/D : -0.607105
[setup reg-reg] _25494_/Q -> _26339_/D : -0.606144
[setup reg-reg] _25494_/Q -> _27144_/D : -0.603416
[setup reg-reg] _25494_/Q -> _26344_/D : -0.598218
[setup reg-reg] _25494_/Q -> _25928_/D : -0.597664
[setup reg-reg] _25494_/Q -> _26312_/D : -0.596403
[setup reg-reg] _25494_/Q -> _27080_/D : -0.596353
[setup reg-reg] _25494_/Q -> _27303_/D : -0.594369
[setup reg-reg] _25494_/Q -> _26755_/D : -0.587233
[setup reg-reg] _25494_/Q -> _27528_/D : -0.576225
[setup reg-reg] _25494_/Q -> _27624_/D : -0.574602
[setup reg-reg] _25494_/Q -> _27463_/D : -0.573054
[setup reg-reg] _25494_/Q -> _27656_/D : -0.571225
[setup reg-reg] _25494_/Q -> _26663_/D : -0.570548
[setup reg-reg] _25494_/Q -> _26111_/D : -0.570052
[setup reg-reg] _25494_/Q -> _26311_/D : -0.567828
[setup reg-reg] _25494_/Q -> _25451_/D : -0.561716
[setup reg-reg] _25494_/Q -> _27615_/D : -0.557788
[setup reg-reg] _25494_/Q -> _27560_/D : -0.555604
[setup reg-reg] _25494_/Q -> _27272_/D : -0.554092
[setup reg-reg] _25494_/Q -> _27432_/D : -0.552555
[setup reg-reg] _25494_/Q -> _26248_/D : -0.545180
[setup reg-reg] _25494_/Q -> _26824_/D : -0.543274
[setup reg-reg] _25494_/Q -> _27048_/D : -0.541908
[setup reg-reg] _25494_/Q -> _25767_/D : -0.541004
[setup reg-reg] _25494_/Q -> _26184_/D : -0.535570
[setup reg-reg] _25494_/Q -> _26151_/D : -0.533943
[setup reg-reg] _25494_/Q -> _27240_/D : -0.525080
[setup reg-reg] _25494_/Q -> _25864_/D : -0.524940
[setup reg-reg] _25494_/Q -> _27078_/D : -0.523244
[setup reg-reg] _25494_/Q -> _27695_/D : -0.521474
[setup reg-reg] _25494_/Q -> _25439_/D : -0.515184
[setup reg-reg] _25494_/Q -> _26591_/D : -0.514612
[setup reg-reg] _25494_/Q -> _27016_/D : -0.509671
[setup reg-reg] _25494_/Q -> _26696_/D : -0.504926
[setup reg-reg] _25494_/Q -> _26280_/D : -0.503775
[setup reg-reg] _25494_/Q -> _25736_/D : -0.503674
[setup reg-reg] _25494_/Q -> _27400_/D : -0.499705
[setup reg-reg] _25494_/Q -> _27304_/D : -0.497707
[setup reg-reg] _25494_/Q -> _26630_/D : -0.496073
[setup reg-reg] _25494_/Q -> _25895_/D : -0.495971
[setup reg-reg] _25494_/Q -> _25992_/D : -0.494051
[setup reg-reg] _25494_/Q -> _25951_/D : -0.492108
[setup reg-reg] _25494_/Q -> _26375_/D : -0.486573
[setup reg-reg] _25494_/Q -> _26088_/D : -0.480725
[setup reg-reg] _25494_/Q -> _27646_/D : -0.478666
[setup reg-reg] _25494_/Q -> _24990_/D : -0.477666
[setup reg-reg] _25494_/Q -> _27653_/D : -0.471299
[setup reg-reg] _25494_/Q -> _27638_/D : -0.460028
[setup reg-reg] _25494_/Q -> _25677_/D : -0.434722
[setup reg-reg] _25494_/Q -> _26664_/D : -0.418767
[setup reg-reg] _25494_/Q -> _26888_/D : -0.414856
[setup reg-reg] _25494_/Q -> _26600_/D : -0.403082
[setup reg-reg] _25494_/Q -> _25832_/D : -0.402903
[setup reg-reg] _25494_/Q -> _25768_/D : -0.401153
[setup reg-reg] _25202_/Q -> _25674_/D : -0.401084
[setup reg-reg] _25494_/Q -> _25002_/D : -0.396071
[setup reg-reg] _25494_/Q -> _26152_/D : -0.394829
[setup reg-reg] _25494_/Q -> _26266_/D : -0.386565
[setup reg-reg] _25494_/Q -> _26405_/D : -0.378316
[setup reg-reg] _25494_/Q -> _25925_/D : -0.376232
[setup reg-reg] _25494_/Q -> _26650_/D : -0.374673
[setup reg-reg] _25494_/Q -> _27651_/D : -0.331893
[setup reg-reg] _25494_/Q -> _26524_/D : -0.326587
[setup reg-reg] _25494_/Q -> _27171_/D : -0.326391
[setup reg-reg] _25494_/Q -> _26403_/D : -0.318710
[setup reg-reg] _25494_/Q -> _27427_/D : -0.318707
[setup reg-reg] _25494_/Q -> _27491_/D : -0.310768
[setup reg-reg] _25494_/Q -> _26595_/D : -0.307962
[setup reg-reg] _25494_/Q -> _26843_/D : -0.301000
[setup reg-reg] _25494_/Q -> _24949_/D : -0.276385
[setup reg-reg] _25494_/Q -> _25859_/D : -0.267450
[setup reg-reg] _25494_/Q -> _27644_/D : -0.246951
[setup reg-reg] _25494_/Q -> _27267_/D : -0.245139
[setup reg-reg] _25494_/Q -> _24961_/D : -0.238233
[setup reg-reg] _25494_/Q -> _26607_/D : -0.234522
[setup reg-reg] _25494_/Q -> _25763_/D : -0.232454
[setup reg-reg] _25494_/Q -> _26543_/D : -0.231253
[setup reg-reg] _25494_/Q -> _27652_/D : -0.205933
[setup reg-reg] _25494_/Q -> _25967_/D : -0.189534
[setup reg-reg] _25494_/Q -> _25675_/D : -0.162760
[setup reg-reg] _25209_/Q -> _25447_/D : -0.146942
[setup reg-reg] _25494_/Q -> _26692_/D : -0.107521
[setup reg-reg] _25494_/Q -> _26095_/D : -0.099011
[setup reg-reg] _25494_/Q -> _27023_/D : -0.057444
[setup reg-reg] _25494_/Q -> _27647_/D : -0.002217
