
===========================================================================
report_checks -unconstrained
===========================================================================
======================= max_ss_125C_4v50 Corner ===================================

Startpoint: rst (input port clocked by clk)
Endpoint: _27670_ (recovery check against rising-edge clock clk)
Path Group: asynchronous
Path Type: max

Fanout         Cap        Slew       Delay        Time   Description
---------------------------------------------------------------------------------------------
                                  0.000000    0.000000   clock clk (rise edge)
                                  0.000000    0.000000   clock network delay (propagated)
                                  8.000000    8.000000 v input external delay
     1    0.006282    0.148769    0.061626    8.061626 v rst (in)
                                                         rst (net)
                      0.148769    0.000000    8.061626 v input3/I (gf180mcu_fd_sc_mcu7t5v0__buf_2)
     4    0.200373    1.626224    1.313540    9.375167 v input3/Z (gf180mcu_fd_sc_mcu7t5v0__buf_2)
                                                         net3 (net)
                      1.626801    0.017565    9.392732 v fanout1826/I (gf180mcu_fd_sc_mcu7t5v0__buf_2)
     6    0.143339    1.181062    1.447560   10.840292 v fanout1826/Z (gf180mcu_fd_sc_mcu7t5v0__buf_2)
                                                         net1826 (net)
                      1.181546    0.013640   10.853931 v fanout1812/I (gf180mcu_fd_sc_mcu7t5v0__clkbuf_2)
     5    0.067699    0.957147    1.181088   12.035020 v fanout1812/Z (gf180mcu_fd_sc_mcu7t5v0__clkbuf_2)
                                                         net1812 (net)
                      0.957147    0.000538   12.035558 v fanout1811/I (gf180mcu_fd_sc_mcu7t5v0__clkbuf_3)
    10    0.155617    1.145798    1.283561   13.319118 v fanout1811/Z (gf180mcu_fd_sc_mcu7t5v0__clkbuf_3)
                                                         net1811 (net)
                      1.145815    0.002563   13.321682 v fanout1809/I (gf180mcu_fd_sc_mcu7t5v0__buf_2)
    10    0.076965    0.671876    1.017591   14.339272 v fanout1809/Z (gf180mcu_fd_sc_mcu7t5v0__buf_2)
                                                         net1809 (net)
                      0.671909    0.002641   14.341914 v _24896_/I (gf180mcu_fd_sc_mcu7t5v0__clkinv_1)
     1    0.024648    0.772609    0.640401   14.982314 ^ _24896_/ZN (gf180mcu_fd_sc_mcu7t5v0__clkinv_1)
                                                         _00815_ (net)
                      0.772610    0.001094   14.983409 ^ _27670_/RN (gf180mcu_fd_sc_mcu7t5v0__dffrnq_1)
                                             14.983409   data arrival time

                                 40.000000   40.000000   clock clk (rise edge)
                                  0.000000   40.000000   clock source latency
     1    0.164227    1.158135    0.660219   40.660221 ^ clk (in)
                                                         clk (net)
                      1.161756    0.000000   40.660221 ^ clkbuf_0_clk/I (gf180mcu_fd_sc_mcu7t5v0__clkbuf_16)
     4    0.299388    0.597301    0.886594   41.546814 ^ clkbuf_0_clk/Z (gf180mcu_fd_sc_mcu7t5v0__clkbuf_16)
                                                         clknet_0_clk (net)
                      0.598385    0.015845   41.562660 ^ clkbuf_2_0_0_clk/I (gf180mcu_fd_sc_mcu7t5v0__clkbuf_8)
    16    0.433325    1.534759    1.326445   42.889103 ^ clkbuf_2_0_0_clk/Z (gf180mcu_fd_sc_mcu7t5v0__clkbuf_8)
                                                         clknet_2_0_0_clk (net)
                      1.534984    0.010381   42.899483 ^ clkbuf_6_3_0_clk/I (gf180mcu_fd_sc_mcu7t5v0__clkbuf_8)
    10    0.194476    0.743768    1.007443   43.906929 ^ clkbuf_6_3_0_clk/Z (gf180mcu_fd_sc_mcu7t5v0__clkbuf_8)
                                                         clknet_6_3_0_clk (net)
                      0.743892    0.009045   43.915974 ^ clkbuf_leaf_37_clk/I (gf180mcu_fd_sc_mcu7t5v0__clkbuf_8)
     7    0.043160    0.262993    0.587089   44.503063 ^ clkbuf_leaf_37_clk/Z (gf180mcu_fd_sc_mcu7t5v0__clkbuf_8)
                                                         clknet_leaf_37_clk (net)
                      0.262993    0.001016   44.504078 ^ _27670_/CLK (gf180mcu_fd_sc_mcu7t5v0__dffrnq_1)
                                 -0.250000   44.254078   clock uncertainty
                                  0.000000   44.254078   clock reconvergence pessimism
                                  0.404095   44.658173   library recovery time
                                             44.658173   data required time
---------------------------------------------------------------------------------------------
                                             44.658173   data required time
                                            -14.983409   data arrival time
---------------------------------------------------------------------------------------------
                                             29.674765   slack (MET)


Startpoint: _25494_ (rising edge-triggered flip-flop clocked by clk)
Endpoint: _25191_ (rising edge-triggered flip-flop clocked by clk)
Path Group: clk
Path Type: max

Fanout         Cap        Slew       Delay        Time   Description
---------------------------------------------------------------------------------------------
                                  0.000000    0.000000   clock clk (rise edge)
                                  0.000000    0.000000   clock source latency
     1    0.164227    1.158135    0.660218    0.660218 ^ clk (in)
                                                         clk (net)
                      1.161756    0.000000    0.660218 ^ clkbuf_0_clk/I (gf180mcu_fd_sc_mcu7t5v0__clkbuf_16)
     4    0.299388    0.597301    0.886593    1.546811 ^ clkbuf_0_clk/Z (gf180mcu_fd_sc_mcu7t5v0__clkbuf_16)
                                                         clknet_0_clk (net)
                      0.598385    0.015845    1.562656 ^ clkbuf_2_0_0_clk/I (gf180mcu_fd_sc_mcu7t5v0__clkbuf_8)
    16    0.433325    1.534759    1.326446    2.889102 ^ clkbuf_2_0_0_clk/Z (gf180mcu_fd_sc_mcu7t5v0__clkbuf_8)
                                                         clknet_2_0_0_clk (net)
                      1.535654    0.020895    2.909997 ^ clkbuf_6_11_0_clk/I (gf180mcu_fd_sc_mcu7t5v0__clkbuf_8)
     9    0.191188    0.734794    1.002719    3.912716 ^ clkbuf_6_11_0_clk/Z (gf180mcu_fd_sc_mcu7t5v0__clkbuf_8)
                                                         clknet_6_11_0_clk (net)
                      0.734799    0.002838    3.915554 ^ clkbuf_leaf_499_clk/I (gf180mcu_fd_sc_mcu7t5v0__clkbuf_8)
     8    0.049867    0.282138    0.601575    4.517129 ^ clkbuf_leaf_499_clk/Z (gf180mcu_fd_sc_mcu7t5v0__clkbuf_8)
                                                         clknet_leaf_499_clk (net)
                      0.282138    0.000707    4.517836 ^ _25494_/CLK (gf180mcu_fd_sc_mcu7t5v0__dffrnq_1)
     1    0.009308    0.428583    1.786990    6.304826 ^ _25494_/Q (gf180mcu_fd_sc_mcu7t5v0__dffrnq_1)
                                                         pp_inst.core_inst.reg_cnt_i.data_q[0] (net)
                      0.428583    0.000213    6.305038 ^ fanout1702/I (gf180mcu_fd_sc_mcu7t5v0__clkbuf_4)
     7    0.236684    1.657652    1.362624    7.667662 ^ fanout1702/Z (gf180mcu_fd_sc_mcu7t5v0__clkbuf_4)
                                                         net1702 (net)
                      1.657684    0.004170    7.671832 ^ fanout1700/I (gf180mcu_fd_sc_mcu7t5v0__clkbuf_4)
    10    0.169890    1.220865    1.330018    9.001850 ^ fanout1700/Z (gf180mcu_fd_sc_mcu7t5v0__clkbuf_4)
                                                         net1700 (net)
                      1.220907    0.003977    9.005828 ^ _12382_/I (gf180mcu_fd_sc_mcu7t5v0__clkinv_3)
     3    0.170054    1.584149    1.251334   10.257162 v _12382_/ZN (gf180mcu_fd_sc_mcu7t5v0__clkinv_3)
                                                         _09184_ (net)
                      1.584214    0.005823   10.262984 v fanout1699/I (gf180mcu_fd_sc_mcu7t5v0__buf_4)
    10    0.291932    1.196183    1.397106   11.660090 v fanout1699/Z (gf180mcu_fd_sc_mcu7t5v0__buf_4)
                                                         net1699 (net)
                      1.196200    0.002599   11.662689 v fanout1698/I (gf180mcu_fd_sc_mcu7t5v0__buf_4)
    10    0.202374    0.850749    1.109041   12.771729 v fanout1698/Z (gf180mcu_fd_sc_mcu7t5v0__buf_4)
                                                         net1698 (net)
                      0.850913    0.006742   12.778472 v _13346_/B (gf180mcu_fd_sc_mcu7t5v0__aoi21_2)
     2    0.163101    4.616874    2.905441   15.683913 ^ _13346_/ZN (gf180mcu_fd_sc_mcu7t5v0__aoi21_2)
                                                         _09960_ (net)
                      4.617167    0.020444   15.704357 ^ fanout1553/I (gf180mcu_fd_sc_mcu7t5v0__buf_3)
     6    0.140342    1.370719    1.261082   16.965439 ^ fanout1553/Z (gf180mcu_fd_sc_mcu7t5v0__buf_3)
                                                         net1553 (net)
                      1.370761    0.004157   16.969597 ^ fanout1552/I (gf180mcu_fd_sc_mcu7t5v0__clkbuf_4)
    10    0.157716    1.134700    1.240471   18.210068 ^ fanout1552/Z (gf180mcu_fd_sc_mcu7t5v0__clkbuf_4)
                                                         net1552 (net)
                      1.134943    0.009193   18.219259 ^ _13349_/A2 (gf180mcu_fd_sc_mcu7t5v0__nor2_1)
     1    0.016793    0.683691    0.571935   18.791195 v _13349_/ZN (gf180mcu_fd_sc_mcu7t5v0__nor2_1)
                                                         _09963_ (net)
                      0.683691    0.000680   18.791876 v fanout1462/I (gf180mcu_fd_sc_mcu7t5v0__clkbuf_4)
     8    0.195345    1.422862    1.368097   20.159971 v fanout1462/Z (gf180mcu_fd_sc_mcu7t5v0__clkbuf_4)
                                                         net1462 (net)
                      1.422940    0.006036   20.166008 v fanout1458/I (gf180mcu_fd_sc_mcu7t5v0__buf_2)
     5    0.086123    0.745232    1.127191   21.293200 v fanout1458/Z (gf180mcu_fd_sc_mcu7t5v0__buf_2)
                                                         net1458 (net)
                      0.745237    0.001062   21.294262 v fanout1457/I (gf180mcu_fd_sc_mcu7t5v0__buf_2)
     7    0.086453    0.740523    0.952957   22.247217 v fanout1457/Z (gf180mcu_fd_sc_mcu7t5v0__buf_2)
                                                         net1457 (net)
                      0.740634    0.005116   22.252335 v fanout1456/I (gf180mcu_fd_sc_mcu7t5v0__clkbuf_4)
    10    0.129685    0.971049    1.111832   23.364166 v fanout1456/Z (gf180mcu_fd_sc_mcu7t5v0__clkbuf_4)
                                                         net1456 (net)
                      0.971212    0.007129   23.371294 v _13489_/A2 (gf180mcu_fd_sc_mcu7t5v0__aoi221_2)
     1    0.012801    1.506748    1.040982   24.412277 ^ _13489_/ZN (gf180mcu_fd_sc_mcu7t5v0__aoi221_2)
                                                         _10101_ (net)
                      1.506748    0.000171   24.412447 ^ _13492_/A2 (gf180mcu_fd_sc_mcu7t5v0__aoi21_2)
     1    0.023258    0.620183    0.399359   24.811806 v _13492_/ZN (gf180mcu_fd_sc_mcu7t5v0__aoi21_2)
                                                         _10104_ (net)
                      0.620183    0.000604   24.812410 v _13493_/B1 (gf180mcu_fd_sc_mcu7t5v0__aoi22_4)
     4    0.152090    2.764472    1.779890   26.592300 ^ _13493_/ZN (gf180mcu_fd_sc_mcu7t5v0__aoi22_4)
                                                         _10105_ (net)
                      2.764504    0.014643   26.606943 ^ _13495_/A2 (gf180mcu_fd_sc_mcu7t5v0__xor2_1)
     2    0.048735    2.916160    1.960553   28.567495 ^ _13495_/Z (gf180mcu_fd_sc_mcu7t5v0__xor2_1)
                                                         _10107_ (net)
                      2.916160    0.000759   28.568254 ^ _13496_/A2 (gf180mcu_fd_sc_mcu7t5v0__aoi21_2)
     2    0.031609    0.955275    0.478362   29.046618 v _13496_/ZN (gf180mcu_fd_sc_mcu7t5v0__aoi21_2)
                                                         _10108_ (net)
                      0.955275    0.000693   29.047310 v _13498_/B2 (gf180mcu_fd_sc_mcu7t5v0__aoi221_4)
     6    0.147329    3.996966    2.677519   31.724829 ^ _13498_/ZN (gf180mcu_fd_sc_mcu7t5v0__aoi221_4)
                                                         _10110_ (net)
                      3.996981    0.012296   31.737123 ^ _13500_/A3 (gf180mcu_fd_sc_mcu7t5v0__nor3_1)
     2    0.016242    1.555922    0.920281   32.657406 v _13500_/ZN (gf180mcu_fd_sc_mcu7t5v0__nor3_1)
                                                         _10112_ (net)
                      1.555922    0.000288   32.657692 v _14992_/B2 (gf180mcu_fd_sc_mcu7t5v0__aoi221_1)
     1    0.007388    1.434286    1.233126   33.890820 ^ _14992_/ZN (gf180mcu_fd_sc_mcu7t5v0__aoi221_1)
                                                         _11537_ (net)
                      1.434286    0.000149   33.890968 ^ _14994_/B1 (gf180mcu_fd_sc_mcu7t5v0__oai221_1)
     1    0.012472    0.987950    0.709992   34.600960 v _14994_/ZN (gf180mcu_fd_sc_mcu7t5v0__oai221_1)
                                                         _11539_ (net)
                      0.987950    0.000355   34.601315 v _14998_/A1 (gf180mcu_fd_sc_mcu7t5v0__aoi221_1)
     1    0.005050    1.221296    0.819949   35.421265 ^ _14998_/ZN (gf180mcu_fd_sc_mcu7t5v0__aoi221_1)
                                                         _11543_ (net)
                      1.221296    0.000096   35.421360 ^ _14999_/B (gf180mcu_fd_sc_mcu7t5v0__aoi21_1)
     1    0.004692    0.619166    0.468770   35.890129 v _14999_/ZN (gf180mcu_fd_sc_mcu7t5v0__aoi21_1)
                                                         _01060_ (net)
                      0.619166    0.000053   35.890182 v _25191_/D (gf180mcu_fd_sc_mcu7t5v0__dffrnq_1)
                                             35.890182   data arrival time

                                 40.000000   40.000000   clock clk (rise edge)
                                  0.000000   40.000000   clock source latency
     1    0.164227    1.158135    0.660219   40.660221 ^ clk (in)
                                                         clk (net)
                      1.161756    0.000000   40.660221 ^ clkbuf_0_clk/I (gf180mcu_fd_sc_mcu7t5v0__clkbuf_16)
     4    0.299388    0.597301    0.886594   41.546814 ^ clkbuf_0_clk/Z (gf180mcu_fd_sc_mcu7t5v0__clkbuf_16)
                                                         clknet_0_clk (net)
                      0.598158    0.013710   41.560524 ^ clkbuf_2_2_0_clk/I (gf180mcu_fd_sc_mcu7t5v0__clkbuf_8)
    16    0.501692    1.753197    1.435637   42.996162 ^ clkbuf_2_2_0_clk/Z (gf180mcu_fd_sc_mcu7t5v0__clkbuf_8)
                                                         clknet_2_2_0_clk (net)
                      1.756313    0.040728   43.036888 ^ clkbuf_6_40_0_clk/I (gf180mcu_fd_sc_mcu7t5v0__clkbuf_8)
     8    0.160168    0.638241    0.969905   44.006794 ^ clkbuf_6_40_0_clk/Z (gf180mcu_fd_sc_mcu7t5v0__clkbuf_8)
                                                         clknet_6_40_0_clk (net)
                      0.638255    0.004587   44.011379 ^ clkbuf_leaf_424_clk/I (gf180mcu_fd_sc_mcu7t5v0__clkbuf_8)
     4    0.030550    0.222713    0.539096   44.550476 ^ clkbuf_leaf_424_clk/Z (gf180mcu_fd_sc_mcu7t5v0__clkbuf_8)
                                                         clknet_leaf_424_clk (net)
                      0.222713    0.000171   44.550648 ^ _25191_/CLK (gf180mcu_fd_sc_mcu7t5v0__dffrnq_1)
                                 -0.250000   44.300648   clock uncertainty
                                  0.000000   44.300648   clock reconvergence pessimism
                                 -0.376971   43.923676   library setup time
                                             43.923676   data required time
---------------------------------------------------------------------------------------------
                                             43.923676   data required time
                                            -35.890182   data arrival time
---------------------------------------------------------------------------------------------
                                              8.033492   slack (MET)




===========================================================================
report_checks --slack_max -0.01
============================================================================
======================= max_ss_125C_4v50 Corner ===================================

No paths found.


===========================================================================
 report_check_types -max_slew -max_cap -max_fanout -violators
============================================================================
======================= max_ss_125C_4v50 Corner ===================================

max slew

Pin                                        Limit        Slew       Slack
------------------------------------------------------------------------
_17803_/A2                              3.000000    8.072732   -5.072732 (VIOLATED)
_17802_/Z                               3.000000    8.072617   -5.072617 (VIOLATED)
_18435_/A2                              3.000000    6.891728   -3.891728 (VIOLATED)
_18512_/A2                              3.000000    6.891728   -3.891728 (VIOLATED)
_17781_/Z                               3.000000    6.891650   -3.891650 (VIOLATED)
_17785_/A2                              3.000000    6.891650   -3.891650 (VIOLATED)
_18435_/A1                              3.000000    6.113145   -3.113145 (VIOLATED)
_17638_/Z                               3.000000    6.113045   -3.113045 (VIOLATED)
_17646_/A1                              3.000000    6.113045   -3.113045 (VIOLATED)
_18359_/A1                              3.000000    6.113045   -3.113045 (VIOLATED)
_17709_/A1                              3.000000    5.940237   -2.940237 (VIOLATED)
_18391_/A1                              3.000000    5.940239   -2.940240 (VIOLATED)
_17700_/Z                               3.000000    5.940175   -2.940175 (VIOLATED)
_18468_/A2                              3.000000    5.940175   -2.940175 (VIOLATED)
_19631_/A1                              3.000000    5.371136   -2.371136 (VIOLATED)
_19313_/A1                              3.000000    5.371115   -2.371115 (VIOLATED)
_19259_/Z                               3.000000    5.371056   -2.371056 (VIOLATED)
_19268_/A1                              3.000000    5.371056   -2.371056 (VIOLATED)
fanout1661/I                            3.000000    5.318980   -2.318980 (VIOLATED)
fanout1676/I                            3.000000    5.318979   -2.318979 (VIOLATED)
fanout1653/I                            3.000000    5.318968   -2.318969 (VIOLATED)
_12809_/ZN                              3.000000    5.318929   -2.318929 (VIOLATED)
fanout1646/I                            3.000000    5.318929   -2.318929 (VIOLATED)
_17872_/A1                              3.000000    5.197228   -2.197228 (VIOLATED)
_19423_/A1                              3.000000    5.197228   -2.197229 (VIOLATED)
_14278_/A2                              3.000000    5.197225   -2.197225 (VIOLATED)
_18328_/A2                              3.000000    5.197227   -2.197227 (VIOLATED)
_14875_/A1                              3.000000    5.197223   -2.197223 (VIOLATED)
_14279_/A3                              3.000000    5.197219   -2.197219 (VIOLATED)
_14277_/ZN                              3.000000    5.197193   -2.197193 (VIOLATED)
fanout586/I                             3.000000    5.070199   -2.070199 (VIOLATED)
fanout582/I                             3.000000    5.070104   -2.070104 (VIOLATED)
_23503_/ZN                              3.000000    5.070022   -2.070022 (VIOLATED)
_14933_/A2                              3.000000    5.052014   -2.052015 (VIOLATED)
_14934_/A2                              3.000000    5.052015   -2.052016 (VIOLATED)
_14932_/ZN                              3.000000    5.051998   -2.051998 (VIOLATED)
_13552_/A2                              3.000000    4.973732   -1.973732 (VIOLATED)
_18083_/A1                              3.000000    4.973734   -1.973734 (VIOLATED)
_19634_/A1                              3.000000    4.973733   -1.973734 (VIOLATED)
_14788_/A1                              3.000000    4.973727   -1.973727 (VIOLATED)
_18497_/A2                              3.000000    4.973724   -1.973724 (VIOLATED)
_13553_/A3                              3.000000    4.973720   -1.973720 (VIOLATED)
_13551_/ZN                              3.000000    4.973686   -1.973686 (VIOLATED)
_17972_/A1                              3.000000    4.756207   -1.756208 (VIOLATED)
_18409_/A2                              3.000000    4.756207   -1.756208 (VIOLATED)
_18755_/A1                              3.000000    4.756207   -1.756207 (VIOLATED)
_19532_/A1                              3.000000    4.756207   -1.756207 (VIOLATED)
_13955_/A2                              3.000000    4.756206   -1.756205 (VIOLATED)
_13956_/A3                              3.000000    4.756206   -1.756205 (VIOLATED)
_14838_/A1                              3.000000    4.756203   -1.756203 (VIOLATED)
_13954_/ZN                              3.000000    4.756185   -1.756185 (VIOLATED)
_14786_/A2                              3.000000    4.747013   -1.747013 (VIOLATED)
_14785_/Z                               3.000000    4.746968   -1.746968 (VIOLATED)
_26546_/D                               3.000000    4.665831   -1.665831 (VIOLATED)
_21818_/ZN                              3.000000    4.665791   -1.665791 (VIOLATED)
_13980_/A2                              3.000000    4.638819   -1.638819 (VIOLATED)
_14372_/A2                              3.000000    4.638819   -1.638819 (VIOLATED)
_13971_/Z                               3.000000    4.638791   -1.638790 (VIOLATED)
_14907_/A2                              3.000000    4.638791   -1.638790 (VIOLATED)
_18014_/A1                              3.000000    4.623311   -1.623311 (VIOLATED)
_18442_/A2                              3.000000    4.623311   -1.623311 (VIOLATED)
_13815_/A2                              3.000000    4.623307   -1.623307 (VIOLATED)
_19574_/A1                              3.000000    4.623308   -1.623308 (VIOLATED)
_14824_/A1                              3.000000    4.623306   -1.623306 (VIOLATED)
_13814_/ZN                              3.000000    4.623290   -1.623290 (VIOLATED)
fanout1553/I                            3.000000    4.617167   -1.617168 (VIOLATED)
fanout1549/I                            3.000000    4.616919   -1.616919 (VIOLATED)
_13346_/ZN                              3.000000    4.616874   -1.616874 (VIOLATED)
_13908_/A2                              3.000000    4.559175   -1.559175 (VIOLATED)
_17987_/A1                              3.000000    4.559176   -1.559176 (VIOLATED)
_18420_/A2                              3.000000    4.559176   -1.559176 (VIOLATED)
_19547_/A1                              3.000000    4.559176   -1.559176 (VIOLATED)
_13909_/A3                              3.000000    4.559168   -1.559168 (VIOLATED)
_14833_/A1                              3.000000    4.559169   -1.559169 (VIOLATED)
_13907_/ZN                              3.000000    4.559145   -1.559146 (VIOLATED)
_13649_/A2                              3.000000    4.512848   -1.512848 (VIOLATED)
_18056_/A1                              3.000000    4.512849   -1.512849 (VIOLATED)
_18475_/A2                              3.000000    4.512849   -1.512849 (VIOLATED)
_19610_/A1                              3.000000    4.512848   -1.512848 (VIOLATED)
_14807_/A1                              3.000000    4.512846   -1.512847 (VIOLATED)
_13650_/A3                              3.000000    4.512844   -1.512844 (VIOLATED)
_13648_/ZN                              3.000000    4.512827   -1.512827 (VIOLATED)
_13601_/A2                              3.000000    4.419610   -1.419610 (VIOLATED)
_18070_/A1                              3.000000    4.419611   -1.419612 (VIOLATED)
_18486_/A2                              3.000000    4.419611   -1.419612 (VIOLATED)
_18828_/A1                              3.000000    4.419612   -1.419612 (VIOLATED)
_19622_/A1                              3.000000    4.419611   -1.419612 (VIOLATED)
_13602_/A3                              3.000000    4.419608   -1.419608 (VIOLATED)
_14802_/A1                              3.000000    4.419605   -1.419605 (VIOLATED)
_13600_/ZN                              3.000000    4.419589   -1.419589 (VIOLATED)
_14048_/A2                              3.000000    4.402987   -1.402987 (VIOLATED)
_17943_/A1                              3.000000    4.402987   -1.402988 (VIOLATED)
_18387_/A2                              3.000000    4.402987   -1.402988 (VIOLATED)
_19501_/A1                              3.000000    4.402987   -1.402987 (VIOLATED)
_14049_/A3                              3.000000    4.402981   -1.402981 (VIOLATED)
_14851_/A1                              3.000000    4.402976   -1.402976 (VIOLATED)
_14047_/ZN                              3.000000    4.402963   -1.402963 (VIOLATED)
_13960_/Z                               3.000000    4.398204   -1.398204 (VIOLATED)
_13961_/A3                              3.000000    4.398204   -1.398204 (VIOLATED)
_14153_/A3                              3.000000    4.398204   -1.398204 (VIOLATED)
_13471_/ZN                              3.000000    4.377943   -1.377943 (VIOLATED)
_13480_/A1                              3.000000    4.377943   -1.377943 (VIOLATED)
_14372_/A1                              3.000000    4.377943   -1.377943 (VIOLATED)
_14679_/A1                              3.000000    4.377943   -1.377943 (VIOLATED)
fanout282/I                             3.000000    4.354264   -1.354264 (VIOLATED)
fanout279/I                             3.000000    4.354230   -1.354231 (VIOLATED)
_19974_/ZN                              3.000000    4.354086   -1.354086 (VIOLATED)
_18111_/A1                              3.000000    4.307600   -1.307600 (VIOLATED)
_19658_/A1                              3.000000    4.307600   -1.307600 (VIOLATED)
_13448_/A2                              3.000000    4.307595   -1.307595 (VIOLATED)
_13449_/A3                              3.000000    4.307596   -1.307596 (VIOLATED)
_14762_/A1                              3.000000    4.307596   -1.307596 (VIOLATED)
_13447_/ZN                              3.000000    4.307582   -1.307582 (VIOLATED)
_17769_/A2                              3.000000    4.303044   -1.303044 (VIOLATED)
_17765_/Z                               3.000000    4.303028   -1.303028 (VIOLATED)
_17878_/A2                              3.000000    4.303028   -1.303028 (VIOLATED)
_18021_/A1                              3.000000    4.303028   -1.303028 (VIOLATED)
_14481_/B1                              3.000000    4.287796   -1.287796 (VIOLATED)
_14479_/ZN                              3.000000    4.287771   -1.287771 (VIOLATED)
_17710_/A2                              3.000000    4.255919   -1.255919 (VIOLATED)
_17709_/Z                               3.000000    4.255897   -1.255897 (VIOLATED)
_18224_/A2                              3.000000    4.248122   -1.248122 (VIOLATED)
_18223_/Z                               3.000000    4.248084   -1.248084 (VIOLATED)
fanout1108/I                            3.000000    4.239588   -1.239588 (VIOLATED)
_15866_/ZN                              3.000000    4.239567   -1.239568 (VIOLATED)
_15132_/B1                              3.000000    4.219875   -1.219875 (VIOLATED)
_15089_/B1                              3.000000    4.219863   -1.219863 (VIOLATED)
_15044_/A3                              3.000000    4.219841   -1.219842 (VIOLATED)
_15121_/A2                              3.000000    4.219811   -1.219811 (VIOLATED)
_14992_/B1                              3.000000    4.219785   -1.219785 (VIOLATED)
_15105_/B1                              3.000000    4.219771   -1.219771 (VIOLATED)
_15218_/B1                              3.000000    4.219726   -1.219726 (VIOLATED)
_15157_/B1                              3.000000    4.219722   -1.219722 (VIOLATED)
_15026_/A3                              3.000000    4.219703   -1.219703 (VIOLATED)
_15191_/A2                              3.000000    4.219676   -1.219677 (VIOLATED)
_14974_/ZN                              3.000000    4.219632   -1.219632 (VIOLATED)
_13431_/C                               3.000000    4.199097   -1.199097 (VIOLATED)
_13430_/ZN                              3.000000    4.199074   -1.199074 (VIOLATED)
fanout1207/I                            3.000000    4.194572   -1.194572 (VIOLATED)
_15836_/ZN                              3.000000    4.194544   -1.194545 (VIOLATED)
_20570_/A2                              3.000000    4.184952   -1.184952 (VIOLATED)
_21617_/A1                              3.000000    4.184950   -1.184950 (VIOLATED)
_22657_/A2                              3.000000    4.184951   -1.184951 (VIOLATED)
_23633_/A1                              3.000000    4.184952   -1.184952 (VIOLATED)
_20569_/ZN                              3.000000    4.184919   -1.184919 (VIOLATED)
_14442_/A1                              3.000000    4.181381   -1.181381 (VIOLATED)
_14742_/A1                              3.000000    4.181382   -1.181382 (VIOLATED)
_13582_/A3                              3.000000    4.181374   -1.181374 (VIOLATED)
_13581_/Z                               3.000000    4.181345   -1.181344 (VIOLATED)
_25842_/D                               3.000000    4.169854   -1.169855 (VIOLATED)
_20378_/ZN                              3.000000    4.169818   -1.169818 (VIOLATED)
_13866_/A2                              3.000000    4.161211   -1.161211 (VIOLATED)
_18001_/A1                              3.000000    4.161212   -1.161212 (VIOLATED)
_18431_/A2                              3.000000    4.161212   -1.161212 (VIOLATED)
_19562_/A1                              3.000000    4.161212   -1.161212 (VIOLATED)
_13867_/A3                              3.000000    4.161207   -1.161207 (VIOLATED)
_14828_/A1                              3.000000    4.161206   -1.161206 (VIOLATED)
_13865_/ZN                              3.000000    4.161192   -1.161192 (VIOLATED)
_13722_/ZN                              3.000000    4.082702   -1.082702 (VIOLATED)
_13732_/A1                              3.000000    4.082702   -1.082702 (VIOLATED)
_14546_/A1                              3.000000    4.082702   -1.082702 (VIOLATED)
_14785_/A1                              3.000000    4.082702   -1.082702 (VIOLATED)
_19343_/A2                              3.000000    4.035398   -1.035398 (VIOLATED)
_19342_/Z                               3.000000    4.035376   -1.035376 (VIOLATED)
_20106_/ZN                              3.000000    3.998852   -0.998853 (VIOLATED)
_20107_/A2                              3.000000    3.998852   -0.998853 (VIOLATED)
_21162_/A1                              3.000000    3.998852   -0.998853 (VIOLATED)
_22202_/A2                              3.000000    3.998852   -0.998853 (VIOLATED)
_23178_/A1                              3.000000    3.998852   -0.998853 (VIOLATED)
_13499_/A2                              3.000000    3.996985   -0.996985 (VIOLATED)
_18097_/A1                              3.000000    3.996985   -0.996985 (VIOLATED)
_18508_/A2                              3.000000    3.996985   -0.996985 (VIOLATED)
_19646_/A1                              3.000000    3.996985   -0.996985 (VIOLATED)
_14775_/A1                              3.000000    3.996982   -0.996983 (VIOLATED)
_13500_/A3                              3.000000    3.996981   -0.996981 (VIOLATED)
_13498_/ZN                              3.000000    3.996966   -0.996967 (VIOLATED)
_18572_/Z                               3.000000    3.988822   -0.988822 (VIOLATED)
_18573_/A3                              3.000000    3.988822   -0.988822 (VIOLATED)
_18585_/A1                              3.000000    3.988822   -0.988822 (VIOLATED)
_19171_/A1                              3.000000    3.988822   -0.988822 (VIOLATED)
_14904_/B2                              3.000000    3.969608   -0.969608 (VIOLATED)
_14903_/ZN                              3.000000    3.969593   -0.969593 (VIOLATED)
_18392_/A2                              3.000000    3.946531   -0.946531 (VIOLATED)
_18391_/Z                               3.000000    3.946529   -0.946530 (VIOLATED)
_19515_/A2                              3.000000    3.930476   -0.930476 (VIOLATED)
_19514_/Z                               3.000000    3.930461   -0.930461 (VIOLATED)
_14358_/A2                              3.000000    3.926228   -0.926228 (VIOLATED)
_17842_/A1                              3.000000    3.926228   -0.926228 (VIOLATED)
_18299_/A2                              3.000000    3.926228   -0.926228 (VIOLATED)
_14359_/A3                              3.000000    3.926227   -0.926227 (VIOLATED)
_14885_/A1                              3.000000    3.926227   -0.926227 (VIOLATED)
_19393_/A1                              3.000000    3.926228   -0.926228 (VIOLATED)
_14357_/ZN                              3.000000    3.926216   -0.926216 (VIOLATED)
_18105_/A2                              3.000000    3.895323   -0.895323 (VIOLATED)
_18104_/Z                               3.000000    3.895302   -0.895303 (VIOLATED)
_19024_/A2                              3.000000    3.889385   -0.889385 (VIOLATED)
_19160_/A2                              3.000000    3.889377   -0.889377 (VIOLATED)
_19168_/A2                              3.000000    3.889357   -0.889357 (VIOLATED)
_19033_/A2                              3.000000    3.889354   -0.889354 (VIOLATED)
_19152_/A2                              3.000000    3.889353   -0.889353 (VIOLATED)
_18896_/A2                              3.000000    3.889292   -0.889292 (VIOLATED)
_18974_/A2                              3.000000    3.889245   -0.889245 (VIOLATED)
_18946_/A2                              3.000000    3.889230   -0.889230 (VIOLATED)
_18965_/B1                              3.000000    3.889204   -0.889204 (VIOLATED)
_18955_/A2                              3.000000    3.889162   -0.889162 (VIOLATED)
_18883_/ZN                              3.000000    3.889121   -0.889121 (VIOLATED)
_18513_/A2                              3.000000    3.848058   -0.848059 (VIOLATED)
_18512_/ZN                              3.000000    3.848044   -0.848044 (VIOLATED)
_18265_/Z                               3.000000    3.843620   -0.843620 (VIOLATED)
_18266_/A2                              3.000000    3.843620   -0.843620 (VIOLATED)
_12838_/ZN                              3.000000    3.822186   -0.822186 (VIOLATED)
wire1581/I                              3.000000    3.822186   -0.822186 (VIOLATED)
_17430_/A1                              3.000000    3.798466   -0.798466 (VIOLATED)
_12833_/ZN                              3.000000    3.798450   -0.798451 (VIOLATED)
_13089_/A2                              3.000000    3.798450   -0.798451 (VIOLATED)
_14729_/A2                              3.000000    3.744226   -0.744226 (VIOLATED)
_15575_/A2                              3.000000    3.744226   -0.744226 (VIOLATED)
_18145_/A1                              3.000000    3.744226   -0.744226 (VIOLATED)
_18882_/A1                              3.000000    3.744226   -0.744226 (VIOLATED)
_14728_/ZN                              3.000000    3.744223   -0.744223 (VIOLATED)
fanout1266/I                            3.000000    3.740804   -0.740804 (VIOLATED)
fanout1268/I                            3.000000    3.740251   -0.740251 (VIOLATED)
fanout1267/I                            3.000000    3.740121   -0.740121 (VIOLATED)
fanout1265/I                            3.000000    3.739915   -0.739915 (VIOLATED)
_15802_/ZN                              3.000000    3.739860   -0.739860 (VIOLATED)
_18921_/A2                              3.000000    3.730255   -0.730255 (VIOLATED)
_18931_/A1                              3.000000    3.730255   -0.730255 (VIOLATED)
_18864_/Z                               3.000000    3.730237   -0.730237 (VIOLATED)
_18865_/A3                              3.000000    3.730237   -0.730237 (VIOLATED)
fanout1737/I                            3.000000    3.705737   -0.705737 (VIOLATED)
fanout1715/I                            3.000000    3.705721   -0.705721 (VIOLATED)
fanout1711/I                            3.000000    3.705715   -0.705715 (VIOLATED)
fanout1722/I                            3.000000    3.705715   -0.705715 (VIOLATED)
_25208_/Q                               3.000000    3.705697   -0.705697 (VIOLATED)
_14092_/A3                              3.000000    3.693409   -0.693410 (VIOLATED)
_14855_/A1                              3.000000    3.693410   -0.693410 (VIOLATED)
_14091_/A2                              3.000000    3.693408   -0.693409 (VIOLATED)
_17929_/A1                              3.000000    3.693407   -0.693407 (VIOLATED)
_19486_/A1                              3.000000    3.693407   -0.693407 (VIOLATED)
_18376_/A2                              3.000000    3.693402   -0.693402 (VIOLATED)
_14090_/ZN                              3.000000    3.693377   -0.693377 (VIOLATED)
_19278_/Z                               3.000000    3.682245   -0.682246 (VIOLATED)
_19283_/A2                              3.000000    3.682245   -0.682246 (VIOLATED)
_19327_/A1                              3.000000    3.682245   -0.682246 (VIOLATED)
_19643_/A1                              3.000000    3.682245   -0.682246 (VIOLATED)
_16345_/I0                              3.000000    3.655728   -0.655728 (VIOLATED)
_17560_/A1                              3.000000    3.655727   -0.655727 (VIOLATED)
_16344_/ZN                              3.000000    3.655618   -0.655618 (VIOLATED)
_19643_/ZN                              3.000000    3.642264   -0.642264 (VIOLATED)
_19644_/A2                              3.000000    3.642264   -0.642264 (VIOLATED)
fanout1376/I                            3.000000    3.608015   -0.608015 (VIOLATED)
fanout1372/I                            3.000000    3.607996   -0.607996 (VIOLATED)
_14984_/ZN                              3.000000    3.607922   -0.607922 (VIOLATED)
fanout1368/I                            3.000000    3.607922   -0.607922 (VIOLATED)
_23503_/A1                              3.000000    3.561165   -0.561165 (VIOLATED)
_22527_/A2                              3.000000    3.561117   -0.561117 (VIOLATED)
_20438_/A2                              3.000000    3.561110   -0.561110 (VIOLATED)
_20437_/ZN                              3.000000    3.561062   -0.561062 (VIOLATED)
_21487_/A1                              3.000000    3.561062   -0.561062 (VIOLATED)
fanout1124/I                            3.000000    3.538987   -0.538987 (VIOLATED)
fanout1123/I                            3.000000    3.538643   -0.538644 (VIOLATED)
fanout1122/I                            3.000000    3.538494   -0.538494 (VIOLATED)
fanout1121/I                            3.000000    3.538413   -0.538413 (VIOLATED)
_15861_/ZN                              3.000000    3.538246   -0.538246 (VIOLATED)
fanout1143/I                            3.000000    3.518197   -0.518197 (VIOLATED)
fanout1145/I                            3.000000    3.517653   -0.517653 (VIOLATED)
fanout1144/I                            3.000000    3.517234   -0.517234 (VIOLATED)
_15856_/ZN                              3.000000    3.516776   -0.516776 (VIOLATED)
fanout1142/I                            3.000000    3.516776   -0.516776 (VIOLATED)
_17885_/A1                              3.000000    3.482818   -0.482818 (VIOLATED)
_18341_/A2                              3.000000    3.482818   -0.482818 (VIOLATED)
_19439_/A1                              3.000000    3.482818   -0.482818 (VIOLATED)
_14235_/A2                              3.000000    3.482817   -0.482817 (VIOLATED)
_14236_/A3                              3.000000    3.482816   -0.482816 (VIOLATED)
_14870_/A1                              3.000000    3.482816   -0.482816 (VIOLATED)
_14234_/ZN                              3.000000    3.482811   -0.482811 (VIOLATED)
_18007_/Z                               3.000000    3.480403   -0.480404 (VIOLATED)
_18008_/A2                              3.000000    3.480403   -0.480404 (VIOLATED)
_14600_/A2                              3.000000    3.473706   -0.473706 (VIOLATED)
_14601_/A3                              3.000000    3.473706   -0.473706 (VIOLATED)
_14920_/A1                              3.000000    3.473706   -0.473706 (VIOLATED)
_17716_/A1                              3.000000    3.473705   -0.473705 (VIOLATED)
_19286_/A1                              3.000000    3.473706   -0.473706 (VIOLATED)
_14599_/ZN                              3.000000    3.473698   -0.473698 (VIOLATED)
fanout1448/I                            3.000000    3.463136   -0.463137 (VIOLATED)
fanout1447/I                            3.000000    3.463057   -0.463057 (VIOLATED)
fanout1445/I                            3.000000    3.462461   -0.462461 (VIOLATED)
fanout1446/I                            3.000000    3.462358   -0.462358 (VIOLATED)
_13350_/ZN                              3.000000    3.462224   -0.462224 (VIOLATED)
_18436_/A2                              3.000000    3.457857   -0.457858 (VIOLATED)
_18435_/Z                               3.000000    3.457856   -0.457856 (VIOLATED)
_17822_/A2                              3.000000    3.445933   -0.445933 (VIOLATED)
_17821_/Z                               3.000000    3.445931   -0.445931 (VIOLATED)
fanout1079/I                            3.000000    3.445555   -0.445555 (VIOLATED)
fanout1077/I                            3.000000    3.445406   -0.445406 (VIOLATED)
fanout1078/I                            3.000000    3.445394   -0.445394 (VIOLATED)
fanout1076/I                            3.000000    3.445316   -0.445316 (VIOLATED)
_15873_/ZN                              3.000000    3.445251   -0.445251 (VIOLATED)
fanout848/I                             3.000000    3.442608   -0.442608 (VIOLATED)
_18542_/ZN                              3.000000    3.442460   -0.442460 (VIOLATED)
fanout847/I                             3.000000    3.442460   -0.442460 (VIOLATED)
_13661_/ZN                              3.000000    3.438614   -0.438614 (VIOLATED)
_13678_/A1                              3.000000    3.438614   -0.438614 (VIOLATED)
_14114_/A1                              3.000000    3.438614   -0.438614 (VIOLATED)
_14877_/A1                              3.000000    3.438614   -0.438614 (VIOLATED)
fanout108/I                             3.000000    3.436545   -0.436545 (VIOLATED)
fanout104/I                             3.000000    3.436511   -0.436511 (VIOLATED)
_22397_/ZN                              3.000000    3.436389   -0.436389 (VIOLATED)
fanout1745/I                            3.000000    3.431649   -0.431649 (VIOLATED)
fanout1740/I                            3.000000    3.431577   -0.431577 (VIOLATED)
_25206_/Q                               3.000000    3.431563   -0.431563 (VIOLATED)
_12991_/ZN                              3.000000    3.416149   -0.416149 (VIOLATED)
_12992_/I                               3.000000    3.416149   -0.416149 (VIOLATED)
_13018_/A1                              3.000000    3.416149   -0.416149 (VIOLATED)
_13080_/A1                              3.000000    3.416149   -0.416149 (VIOLATED)
_17770_/A2                              3.000000    3.410216   -0.410217 (VIOLATED)
_17769_/Z                               3.000000    3.410214   -0.410214 (VIOLATED)
_17995_/A2                              3.000000    3.384953   -0.384953 (VIOLATED)
_17994_/Z                               3.000000    3.384950   -0.384950 (VIOLATED)
fanout1240/I                            3.000000    3.361212   -0.361213 (VIOLATED)
fanout1239/I                            3.000000    3.360994   -0.360994 (VIOLATED)
fanout1238/I                            3.000000    3.360877   -0.360877 (VIOLATED)
fanout1237/I                            3.000000    3.360577   -0.360577 (VIOLATED)
_15818_/ZN                              3.000000    3.360562   -0.360562 (VIOLATED)
_17797_/Z                               3.000000    3.359967   -0.359967 (VIOLATED)
_17802_/A2                              3.000000    3.359967   -0.359967 (VIOLATED)
_18446_/A2                              3.000000    3.359967   -0.359967 (VIOLATED)
_18523_/A2                              3.000000    3.359967   -0.359967 (VIOLATED)
_18977_/Z                               3.000000    3.357100   -0.357100 (VIOLATED)
_18978_/A3                              3.000000    3.357100   -0.357100 (VIOLATED)
_19028_/A2                              3.000000    3.357100   -0.357100 (VIOLATED)
_19037_/A1                              3.000000    3.357100   -0.357100 (VIOLATED)
_18464_/A1                              3.000000    3.338066   -0.338066 (VIOLATED)
_19132_/A1                              3.000000    3.338066   -0.338066 (VIOLATED)
_13700_/ZN                              3.000000    3.338065   -0.338065 (VIOLATED)
fanout1264/I                            3.000000    3.332234   -0.332234 (VIOLATED)
_15806_/ZN                              3.000000    3.332222   -0.332222 (VIOLATED)
_17816_/Z                               3.000000    3.327198   -0.327198 (VIOLATED)
_17821_/A2                              3.000000    3.327198   -0.327198 (VIOLATED)
_18457_/A2                              3.000000    3.327198   -0.327198 (VIOLATED)
_18533_/A2                              3.000000    3.327198   -0.327198 (VIOLATED)
_13005_/ZN                              3.000000    3.325100   -0.325100 (VIOLATED)
_13006_/C                               3.000000    3.325100   -0.325100 (VIOLATED)
_13099_/A1                              3.000000    3.325100   -0.325100 (VIOLATED)
_25210_/D                               3.000000    3.325100   -0.325100 (VIOLATED)
_19773_/Z                               3.000000    3.323114   -0.323114 (VIOLATED)
_19774_/B1                              3.000000    3.323114   -0.323114 (VIOLATED)
_18239_/A2                              3.000000    3.305821   -0.305822 (VIOLATED)
_18238_/Z                               3.000000    3.305820   -0.305820 (VIOLATED)
fanout663/I                             3.000000    3.289587   -0.289587 (VIOLATED)
fanout660/I                             3.000000    3.289581   -0.289581 (VIOLATED)
fanout657/I                             3.000000    3.289576   -0.289576 (VIOLATED)
_16614_/A2                              3.000000    3.289432   -0.289432 (VIOLATED)
_16612_/ZN                              3.000000    3.289414   -0.289414 (VIOLATED)
fanout132/I                             3.000000    3.287027   -0.287027 (VIOLATED)
fanout128/I                             3.000000    3.287014   -0.287014 (VIOLATED)
_22202_/ZN                              3.000000    3.286928   -0.286928 (VIOLATED)
fanout1071/I                            3.000000    3.282226   -0.282226 (VIOLATED)
fanout1068/I                            3.000000    3.282167   -0.282167 (VIOLATED)
fanout1069/I                            3.000000    3.282161   -0.282161 (VIOLATED)
fanout1067/I                            3.000000    3.282065   -0.282065 (VIOLATED)
_15875_/ZN                              3.000000    3.281997   -0.281998 (VIOLATED)
fanout513/I                             3.000000    3.278840   -0.278840 (VIOLATED)
_23955_/A1                              3.000000    3.278839   -0.278839 (VIOLATED)
_21159_/A1                              3.000000    3.278836   -0.278837 (VIOLATED)
_15973_/I0                              3.000000    3.278705   -0.278705 (VIOLATED)
_15929_/ZN                              3.000000    3.278646   -0.278647 (VIOLATED)
_13979_/ZN                              3.000000    3.276531   -0.276531 (VIOLATED)
_13980_/A3                              3.000000    3.276531   -0.276531 (VIOLATED)
_14709_/A2                              3.000000    3.276531   -0.276531 (VIOLATED)
_14819_/A2                              3.000000    3.276531   -0.276531 (VIOLATED)
_18534_/A2                              3.000000    3.273054   -0.273054 (VIOLATED)
_18533_/Z                               3.000000    3.273052   -0.273052 (VIOLATED)
_18134_/ZN                              3.000000    3.258807   -0.258807 (VIOLATED)
_18135_/A2                              3.000000    3.258807   -0.258807 (VIOLATED)
_18997_/Z                               3.000000    3.253525   -0.253525 (VIOLATED)
_18998_/A3                              3.000000    3.253525   -0.253525 (VIOLATED)
_19047_/A2                              3.000000    3.253525   -0.253525 (VIOLATED)
_19057_/A1                              3.000000    3.253525   -0.253525 (VIOLATED)
fanout1075/I                            3.000000    3.253051   -0.253051 (VIOLATED)
fanout1074/I                            3.000000    3.252881   -0.252881 (VIOLATED)
fanout1073/I                            3.000000    3.252862   -0.252862 (VIOLATED)
fanout1072/I                            3.000000    3.252833   -0.252834 (VIOLATED)
_15874_/ZN                              3.000000    3.252804   -0.252804 (VIOLATED)
_14491_/Z                               3.000000    3.248664   -0.248664 (VIOLATED)
_14954_/A1                              3.000000    3.248664   -0.248664 (VIOLATED)
_16983_/A4                              3.000000    3.248664   -0.248664 (VIOLATED)
_13143_/I0                              3.000000    3.248482   -0.248483 (VIOLATED)
_13209_/I0                              3.000000    3.248478   -0.248478 (VIOLATED)
_13176_/I1                              3.000000    3.248471   -0.248471 (VIOLATED)
_13243_/I0                              3.000000    3.248461   -0.248461 (VIOLATED)
_15609_/I0                              3.000000    3.248356   -0.248356 (VIOLATED)
_25105_/Q                               3.000000    3.248356   -0.248356 (VIOLATED)
_18680_/ZN                              3.000000    3.234857   -0.234857 (VIOLATED)
_18682_/A2                              3.000000    3.234857   -0.234857 (VIOLATED)
fanout1211/I                            3.000000    3.226604   -0.226604 (VIOLATED)
fanout1209/I                            3.000000    3.226417   -0.226417 (VIOLATED)
fanout1210/I                            3.000000    3.226402   -0.226402 (VIOLATED)
fanout1208/I                            3.000000    3.226334   -0.226334 (VIOLATED)
_15834_/ZN                              3.000000    3.226302   -0.226302 (VIOLATED)
_19867_/A1                              3.000000    3.224384   -0.224384 (VIOLATED)
_19843_/A2                              3.000000    3.224380   -0.224380 (VIOLATED)
_19369_/ZN                              3.000000    3.224367   -0.224367 (VIOLATED)
_19374_/A2                              3.000000    3.224367   -0.224367 (VIOLATED)
fanout1298/I                            3.000000    3.224132   -0.224132 (VIOLATED)
fanout1300/I                            3.000000    3.224025   -0.224025 (VIOLATED)
fanout1299/I                            3.000000    3.223403   -0.223403 (VIOLATED)
fanout1297/I                            3.000000    3.223305   -0.223306 (VIOLATED)
_15878_/ZN                              3.000000    3.223276   -0.223277 (VIOLATED)
fanout1393/I                            3.000000    3.216195   -0.216195 (VIOLATED)
fanout1391/I                            3.000000    3.216162   -0.216162 (VIOLATED)
fanout1388/I                            3.000000    3.216127   -0.216127 (VIOLATED)
fanout1383/I                            3.000000    3.216007   -0.216007 (VIOLATED)
_13403_/ZN                              3.000000    3.215985   -0.215985 (VIOLATED)
_13359_/A1                              3.000000    3.212069   -0.212069 (VIOLATED)
_13804_/B                               3.000000    3.212034   -0.212034 (VIOLATED)
_13396_/A1                              3.000000    3.211984   -0.211984 (VIOLATED)
fanout1282/I                            3.000000    3.211109   -0.211109 (VIOLATED)
_13339_/ZN                              3.000000    3.211070   -0.211070 (VIOLATED)
_18182_/B1                              3.000000    3.209499   -0.209500 (VIOLATED)
_18181_/Z                               3.000000    3.209498   -0.209498 (VIOLATED)
_17907_/A3                              3.000000    3.207941   -0.207941 (VIOLATED)
_18007_/A2                              3.000000    3.207941   -0.207941 (VIOLATED)
_17906_/Z                               3.000000    3.207939   -0.207939 (VIOLATED)
_18153_/A1                              3.000000    3.207939   -0.207939 (VIOLATED)
_16476_/B1                              3.000000    3.207460   -0.207460 (VIOLATED)
_16474_/ZN                              3.000000    3.207448   -0.207448 (VIOLATED)
_12912_/ZN                              3.000000    3.196918   -0.196918 (VIOLATED)
_12939_/A1                              3.000000    3.196918   -0.196918 (VIOLATED)
_13019_/A1                              3.000000    3.196918   -0.196918 (VIOLATED)
_13020_/A1                              3.000000    3.196918   -0.196918 (VIOLATED)
_16705_/B1                              3.000000    3.192540   -0.192540 (VIOLATED)
_16703_/ZN                              3.000000    3.192525   -0.192526 (VIOLATED)
fanout1296/I                            3.000000    3.189036   -0.189036 (VIOLATED)
fanout1294/I                            3.000000    3.188906   -0.188906 (VIOLATED)
fanout1295/I                            3.000000    3.188644   -0.188644 (VIOLATED)
fanout1293/I                            3.000000    3.188643   -0.188644 (VIOLATED)
_15880_/ZN                              3.000000    3.188629   -0.188630 (VIOLATED)
_14898_/ZN                              3.000000    3.186517   -0.186517 (VIOLATED)
_14899_/B2                              3.000000    3.186517   -0.186517 (VIOLATED)
_14909_/B2                              3.000000    3.181331   -0.181331 (VIOLATED)
_14908_/ZN                              3.000000    3.181329   -0.181329 (VIOLATED)
_12940_/ZN                              3.000000    3.178938   -0.178938 (VIOLATED)
_12941_/I                               3.000000    3.178938   -0.178938 (VIOLATED)
_19374_/A1                              3.000000    3.169670   -0.169670 (VIOLATED)
_19323_/Z                               3.000000    3.169668   -0.169668 (VIOLATED)
_19327_/A2                              3.000000    3.169668   -0.169668 (VIOLATED)
_19679_/A1                              3.000000    3.169668   -0.169668 (VIOLATED)
_18550_/Z                               3.000000    3.147106   -0.147107 (VIOLATED)
_18551_/A3                              3.000000    3.147106   -0.147107 (VIOLATED)
_18605_/A1                              3.000000    3.147106   -0.147107 (VIOLATED)
_18617_/A1                              3.000000    3.147106   -0.147107 (VIOLATED)
_18491_/A2                              3.000000    3.140675   -0.140675 (VIOLATED)
_18490_/ZN                              3.000000    3.140670   -0.140670 (VIOLATED)
_19391_/A2                              3.000000    3.139727   -0.139727 (VIOLATED)
_19390_/Z                               3.000000    3.139725   -0.139725 (VIOLATED)
_18987_/Z                               3.000000    3.139551   -0.139551 (VIOLATED)
_18988_/A3                              3.000000    3.139551   -0.139551 (VIOLATED)
_19037_/A2                              3.000000    3.139551   -0.139551 (VIOLATED)
_19047_/A1                              3.000000    3.139551   -0.139551 (VIOLATED)
_14074_/Z                               3.000000    3.127171   -0.127171 (VIOLATED)
_14075_/A3                              3.000000    3.127171   -0.127171 (VIOLATED)
_14758_/A2                              3.000000    3.127171   -0.127171 (VIOLATED)
_14830_/A2                              3.000000    3.127171   -0.127171 (VIOLATED)
_17951_/A2                              3.000000    3.126864   -0.126865 (VIOLATED)
_17950_/Z                               3.000000    3.126863   -0.126863 (VIOLATED)
_19694_/A2                              3.000000    3.125551   -0.125551 (VIOLATED)
_19891_/A3                              3.000000    3.125531   -0.125531 (VIOLATED)
_19654_/ZN                              3.000000    3.125447   -0.125447 (VIOLATED)
_19655_/A3                              3.000000    3.125447   -0.125447 (VIOLATED)
_14696_/A3                              3.000000    3.120813   -0.120813 (VIOLATED)
_14937_/A1                              3.000000    3.120813   -0.120813 (VIOLATED)
_19233_/A1                              3.000000    3.120813   -0.120813 (VIOLATED)
_17654_/A1                              3.000000    3.120813   -0.120813 (VIOLATED)
_18159_/A2                              3.000000    3.120812   -0.120812 (VIOLATED)
_14695_/A2                              3.000000    3.120811   -0.120811 (VIOLATED)
_14694_/ZN                              3.000000    3.120804   -0.120804 (VIOLATED)
fanout1259/I                            3.000000    3.120422   -0.120423 (VIOLATED)
_15809_/ZN                              3.000000    3.120403   -0.120403 (VIOLATED)
_15081_/B1                              3.000000    3.115232   -0.115232 (VIOLATED)
_15097_/B1                              3.000000    3.115231   -0.115231 (VIOLATED)
fanout882/I                             3.000000    3.115223   -0.115223 (VIOLATED)
_14975_/ZN                              3.000000    3.115218   -0.115219 (VIOLATED)
fanout883/I                             3.000000    3.115218   -0.115219 (VIOLATED)
fanout1226/I                            3.000000    3.099539   -0.099539 (VIOLATED)
fanout1228/I                            3.000000    3.099293   -0.099293 (VIOLATED)
fanout1227/I                            3.000000    3.098688   -0.098688 (VIOLATED)
fanout1225/I                            3.000000    3.098541   -0.098541 (VIOLATED)
_15822_/ZN                              3.000000    3.098530   -0.098530 (VIOLATED)
_19619_/A1                              3.000000    3.094945   -0.094945 (VIOLATED)
_19240_/Z                               3.000000    3.094943   -0.094943 (VIOLATED)
_19249_/A1                              3.000000    3.094943   -0.094943 (VIOLATED)
_19298_/A1                              3.000000    3.094943   -0.094943 (VIOLATED)
_19199_/A2                              3.000000    3.093485   -0.093485 (VIOLATED)
_19198_/ZN                              3.000000    3.093475   -0.093475 (VIOLATED)
_23373_/A1                              3.000000    3.090772   -0.090773 (VIOLATED)
_22397_/A2                              3.000000    3.090771   -0.090771 (VIOLATED)
_21357_/A1                              3.000000    3.090769   -0.090769 (VIOLATED)
_20306_/A2                              3.000000    3.090769   -0.090769 (VIOLATED)
_20305_/ZN                              3.000000    3.090759   -0.090759 (VIOLATED)
_13547_/A2                              3.000000    3.089525   -0.089525 (VIOLATED)
_16024_/A2                              3.000000    3.089503   -0.089503 (VIOLATED)
_13548_/A2                              3.000000    3.089452   -0.089452 (VIOLATED)
_13555_/A2                              3.000000    3.087767   -0.087768 (VIOLATED)
_13546_/ZN                              3.000000    3.087755   -0.087756 (VIOLATED)
_16387_/B1                              3.000000    3.084395   -0.084396 (VIOLATED)
_16385_/ZN                              3.000000    3.084385   -0.084385 (VIOLATED)
_16943_/B                               3.000000    3.083559   -0.083559 (VIOLATED)
_16102_/B                               3.000000    3.083536   -0.083536 (VIOLATED)
_16354_/B                               3.000000    3.083458   -0.083459 (VIOLATED)
_16045_/B                               3.000000    3.083255   -0.083255 (VIOLATED)
_16062_/A2                              3.000000    3.082868   -0.082868 (VIOLATED)
max_cap1341/I                           3.000000    3.082680   -0.082680 (VIOLATED)
_15798_/ZN                              3.000000    3.082650   -0.082651 (VIOLATED)
_20900_/A2                              3.000000    3.081148   -0.081148 (VIOLATED)
_22917_/A2                              3.000000    3.081143   -0.081144 (VIOLATED)
_20899_/ZN                              3.000000    3.081127   -0.081127 (VIOLATED)
_21942_/A1                              3.000000    3.081127   -0.081127 (VIOLATED)
_23958_/A1                              3.000000    3.081127   -0.081127 (VIOLATED)
_14760_/B2                              3.000000    3.080529   -0.080529 (VIOLATED)
_14759_/ZN                              3.000000    3.080517   -0.080517 (VIOLATED)
fanout1234/I                            3.000000    3.071256   -0.071256 (VIOLATED)
fanout1236/I                            3.000000    3.071232   -0.071232 (VIOLATED)
fanout1235/I                            3.000000    3.071150   -0.071150 (VIOLATED)
fanout1233/I                            3.000000    3.071105   -0.071105 (VIOLATED)
_15820_/ZN                              3.000000    3.071067   -0.071067 (VIOLATED)
_19337_/Z                               3.000000    3.063459   -0.063459 (VIOLATED)
_19342_/A2                              3.000000    3.063459   -0.063459 (VIOLATED)
_19390_/A1                              3.000000    3.063459   -0.063459 (VIOLATED)
_19694_/A1                              3.000000    3.063459   -0.063459 (VIOLATED)
_13531_/B1                              3.000000    3.060035   -0.060035 (VIOLATED)
_13530_/ZN                              3.000000    3.060033   -0.060034 (VIOLATED)
_14045_/A2                              3.000000    3.057265   -0.057265 (VIOLATED)
_14043_/I0                              3.000000    3.057265   -0.057265 (VIOLATED)
_14042_/A2                              3.000000    3.057265   -0.057265 (VIOLATED)
_16478_/A2                              3.000000    3.057265   -0.057265 (VIOLATED)
_14041_/ZN                              3.000000    3.057236   -0.057236 (VIOLATED)
_14051_/A2                              3.000000    3.057236   -0.057236 (VIOLATED)
fanout33/I                              3.000000    3.055769   -0.055769 (VIOLATED)
fanout29/I                              3.000000    3.055732   -0.055732 (VIOLATED)
_22982_/ZN                              3.000000    3.055705   -0.055705 (VIOLATED)
_18189_/A2                              3.000000    3.055048   -0.055049 (VIOLATED)
_14631_/A3                              3.000000    3.055048   -0.055048 (VIOLATED)
_14925_/A1                              3.000000    3.055048   -0.055048 (VIOLATED)
_14630_/A2                              3.000000    3.055047   -0.055047 (VIOLATED)
_17696_/A1                              3.000000    3.055046   -0.055046 (VIOLATED)
_19271_/A1                              3.000000    3.055044   -0.055044 (VIOLATED)
_14629_/ZN                              3.000000    3.055038   -0.055038 (VIOLATED)
fanout1163/I                            3.000000    3.052601   -0.052601 (VIOLATED)
fanout1166/I                            3.000000    3.052530   -0.052530 (VIOLATED)
fanout1164/I                            3.000000    3.052096   -0.052096 (VIOLATED)
fanout1162/I                            3.000000    3.051961   -0.051962 (VIOLATED)
_15849_/ZN                              3.000000    3.051950   -0.051951 (VIOLATED)
_14494_/ZN                              3.000000    3.027451   -0.027451 (VIOLATED)
_14495_/B2                              3.000000    3.027451   -0.027451 (VIOLATED)
_18034_/A3                              3.000000    3.019856   -0.019856 (VIOLATED)
_18134_/A2                              3.000000    3.019856   -0.019856 (VIOLATED)
_18033_/Z                               3.000000    3.019855   -0.019855 (VIOLATED)
_18279_/A1                              3.000000    3.019855   -0.019855 (VIOLATED)
_17730_/A2                              3.000000    3.019281   -0.019281 (VIOLATED)
_17729_/Z                               3.000000    3.019279   -0.019279 (VIOLATED)
_13241_/I0                              3.000000    3.018216   -0.018216 (VIOLATED)
_13174_/I1                              3.000000    3.018207   -0.018207 (VIOLATED)
_13207_/I0                              3.000000    3.018192   -0.018192 (VIOLATED)
_13141_/I0                              3.000000    3.018180   -0.018180 (VIOLATED)
_15607_/I0                              3.000000    3.017171   -0.017171 (VIOLATED)
_25107_/Q                               3.000000    3.017171   -0.017171 (VIOLATED)
_17937_/A2                              3.000000    3.010363   -0.010363 (VIOLATED)
_17936_/Z                               3.000000    3.010361   -0.010361 (VIOLATED)
_13811_/A2                              3.000000    3.009132   -0.009132 (VIOLATED)
_16252_/A2                              3.000000    3.009132   -0.009132 (VIOLATED)
_13810_/A2                              3.000000    3.009116   -0.009116 (VIOLATED)
_13806_/ZN                              3.000000    3.008509   -0.008509 (VIOLATED)
_13807_/A2                              3.000000    3.008509   -0.008509 (VIOLATED)
_18446_/Z                               3.000000    3.008384   -0.008384 (VIOLATED)
_18447_/A2                              3.000000    3.008384   -0.008384 (VIOLATED)
_19213_/Z                               3.000000    3.004308   -0.004309 (VIOLATED)
_19221_/A1                              3.000000    3.004308   -0.004309 (VIOLATED)
_19283_/A1                              3.000000    3.004308   -0.004309 (VIOLATED)
_19607_/A1                              3.000000    3.004308   -0.004309 (VIOLATED)
_14817_/A1                              3.000000    3.003156   -0.003156 (VIOLATED)
_19586_/A1                              3.000000    3.003156   -0.003156 (VIOLATED)
_13762_/A2                              3.000000    3.003155   -0.003156 (VIOLATED)
_18027_/A1                              3.000000    3.003155   -0.003155 (VIOLATED)
_15330_/A1                              3.000000    3.003154   -0.003154 (VIOLATED)
_13761_/ZN                              3.000000    3.003149   -0.003149 (VIOLATED)
_18252_/Z                               3.000000    3.002526   -0.002526 (VIOLATED)
_18253_/A2                              3.000000    3.002526   -0.002526 (VIOLATED)
fanout1330/I                            3.000000    3.001067   -0.001067 (VIOLATED)
fanout1332/I                            3.000000    3.000697   -0.000697 (VIOLATED)
fanout1331/I                            3.000000    3.000369   -0.000369 (VIOLATED)

max fanout

Pin                                   Limit Fanout  Slack
---------------------------------------------------------
clkbuf_2_0_0_clk/Z                       10     16     -6 (VIOLATED)
clkbuf_2_1_0_clk/Z                       10     16     -6 (VIOLATED)
clkbuf_2_2_0_clk/Z                       10     16     -6 (VIOLATED)
clkbuf_2_3_0_clk/Z                       10     16     -6 (VIOLATED)
clkbuf_6_16_0_clk/Z                      10     14     -4 (VIOLATED)
clkbuf_6_18_0_clk/Z                      10     14     -4 (VIOLATED)
clkbuf_6_29_0_clk/Z                      10     14     -4 (VIOLATED)
clkbuf_6_17_0_clk/Z                      10     13     -3 (VIOLATED)
clkbuf_6_20_0_clk/Z                      10     13     -3 (VIOLATED)
clkbuf_6_23_0_clk/Z                      10     13     -3 (VIOLATED)
clkbuf_6_26_0_clk/Z                      10     13     -3 (VIOLATED)
clkbuf_6_27_0_clk/Z                      10     13     -3 (VIOLATED)
clkbuf_6_10_0_clk/Z                      10     12     -2 (VIOLATED)
clkbuf_6_15_0_clk/Z                      10     12     -2 (VIOLATED)
clkbuf_6_24_0_clk/Z                      10     12     -2 (VIOLATED)
clkbuf_6_25_0_clk/Z                      10     12     -2 (VIOLATED)
clkbuf_6_31_0_clk/Z                      10     12     -2 (VIOLATED)
clkbuf_6_4_0_clk/Z                       10     12     -2 (VIOLATED)
clkbuf_6_8_0_clk/Z                       10     12     -2 (VIOLATED)
clkbuf_6_22_0_clk/Z                      10     11        (VIOLATED)
clkbuf_6_30_0_clk/Z                      10     11        (VIOLATED)
clkbuf_6_62_0_clk/Z                      10     11        (VIOLATED)
clkbuf_leaf_102_clk/Z                    10     11        (VIOLATED)
clkbuf_leaf_354_clk/Z                    10     11        (VIOLATED)

max capacitance

Pin                                        Limit         Cap       Slack
------------------------------------------------------------------------
clkbuf_2_2_0_clk/Z                      0.200000    0.501692   -0.301692 (VIOLATED)
clkbuf_2_1_0_clk/Z                      0.200000    0.458995   -0.258995 (VIOLATED)
clkbuf_2_0_0_clk/Z                      0.200000    0.433325   -0.233325 (VIOLATED)
clkbuf_2_3_0_clk/Z                      0.200000    0.409551   -0.209551 (VIOLATED)
fanout266/Z                             0.200000    0.388234   -0.188234 (VIOLATED)
fanout1418/Z                            0.200000    0.370908   -0.170908 (VIOLATED)
fanout1108/Z                            0.200000    0.361421   -0.161421 (VIOLATED)
fanout643/Z                             0.200000    0.358314   -0.158314 (VIOLATED)
fanout1329/Z                            0.200000    0.357249   -0.157249 (VIOLATED)
fanout870/Z                             0.200000    0.357152   -0.157152 (VIOLATED)
fanout1199/Z                            0.200000    0.356467   -0.156467 (VIOLATED)
fanout241/Z                             0.200000    0.353553   -0.153553 (VIOLATED)
fanout1097/Z                            0.200000    0.352783   -0.152783 (VIOLATED)
fanout1074/Z                            0.200000    0.348744   -0.148744 (VIOLATED)
fanout1315/Z                            0.200000    0.347008   -0.147008 (VIOLATED)
fanout1221/Z                            0.200000    0.345159   -0.145159 (VIOLATED)
fanout140/Z                             0.200000    0.342235   -0.142235 (VIOLATED)
fanout1216/Z                            0.200000    0.340924   -0.140924 (VIOLATED)
fanout1067/Z                            0.200000    0.340895   -0.140895 (VIOLATED)
fanout1173/Z                            0.200000    0.339962   -0.139962 (VIOLATED)
fanout1103/Z                            0.200000    0.339203   -0.139203 (VIOLATED)
fanout1229/Z                            0.200000    0.338088   -0.138088 (VIOLATED)
fanout1178/Z                            0.200000    0.338019   -0.138019 (VIOLATED)
fanout1267/Z                            0.200000    0.337819   -0.137819 (VIOLATED)
fanout1062/Z                            0.200000    0.335231   -0.135231 (VIOLATED)
fanout1119/Z                            0.200000    0.334947   -0.134947 (VIOLATED)
fanout1072/Z                            0.200000    0.332282   -0.132282 (VIOLATED)
fanout1218/Z                            0.200000    0.332233   -0.132233 (VIOLATED)
fanout49/Z                              0.200000    0.330886   -0.130886 (VIOLATED)
fanout1319/Z                            0.200000    0.330687   -0.130687 (VIOLATED)
fanout1123/Z                            0.200000    0.330503   -0.130503 (VIOLATED)
fanout1104/Z                            0.200000    0.330054   -0.130054 (VIOLATED)
fanout1305/Z                            0.200000    0.329950   -0.129950 (VIOLATED)
fanout1323/Z                            0.200000    0.329566   -0.129566 (VIOLATED)
fanout1175/Z                            0.200000    0.329178   -0.129178 (VIOLATED)
max_cap1165/Z                           0.200000    0.329062   -0.129062 (VIOLATED)
fanout1291/Z                            0.200000    0.326915   -0.126915 (VIOLATED)
fanout1093/Z                            0.200000    0.325655   -0.125655 (VIOLATED)
fanout1247/Z                            0.200000    0.324496   -0.124496 (VIOLATED)
fanout1138/Z                            0.200000    0.323580   -0.123580 (VIOLATED)
fanout1210/Z                            0.200000    0.322890   -0.122890 (VIOLATED)
fanout1109/Z                            0.200000    0.321550   -0.121550 (VIOLATED)
fanout1241/Z                            0.200000    0.320458   -0.120458 (VIOLATED)
fanout1181/Z                            0.200000    0.320269   -0.120269 (VIOLATED)
fanout546/Z                             0.200000    0.319866   -0.119866 (VIOLATED)
fanout1321/Z                            0.200000    0.319851   -0.119851 (VIOLATED)
fanout699/Z                             0.200000    0.319239   -0.119239 (VIOLATED)
fanout1144/Z                            0.200000    0.319147   -0.119147 (VIOLATED)
fanout1263/Z                            0.200000    0.319099   -0.119099 (VIOLATED)
fanout1331/Z                            0.200000    0.319049   -0.119049 (VIOLATED)
fanout1293/Z                            0.200000    0.318744   -0.118744 (VIOLATED)
fanout981/Z                             0.200000    0.317838   -0.117838 (VIOLATED)
fanout1183/Z                            0.200000    0.317682   -0.117682 (VIOLATED)
max_cap1250/Z                           0.200000    0.317073   -0.117073 (VIOLATED)
fanout1242/Z                            0.200000    0.316854   -0.116854 (VIOLATED)
fanout875/Z                             0.200000    0.314888   -0.114888 (VIOLATED)
fanout1225/Z                            0.200000    0.314778   -0.114778 (VIOLATED)
fanout1148/Z                            0.200000    0.313735   -0.113735 (VIOLATED)
fanout1177/Z                            0.200000    0.311844   -0.111844 (VIOLATED)
fanout1158/Z                            0.200000    0.311648   -0.111648 (VIOLATED)
fanout1185/Z                            0.200000    0.311284   -0.111284 (VIOLATED)
fanout1179/Z                            0.200000    0.311160   -0.111160 (VIOLATED)
fanout1076/Z                            0.200000    0.311113   -0.111113 (VIOLATED)
fanout1295/Z                            0.200000    0.310477   -0.110477 (VIOLATED)
max_cap1253/Z                           0.200000    0.310357   -0.110357 (VIOLATED)
fanout1099/Z                            0.200000    0.309649   -0.109650 (VIOLATED)
fanout1206/Z                            0.200000    0.308804   -0.108804 (VIOLATED)
_14974_/ZN                              0.200000    0.308483   -0.108483 (VIOLATED)
fanout1127/Z                            0.200000    0.307497   -0.107497 (VIOLATED)
fanout1140/Z                            0.200000    0.306201   -0.106201 (VIOLATED)
fanout1063/Z                            0.200000    0.305589   -0.105589 (VIOLATED)
fanout1142/Z                            0.200000    0.305489   -0.105489 (VIOLATED)
fanout1265/Z                            0.200000    0.305421   -0.105421 (VIOLATED)
fanout1111/Z                            0.200000    0.304868   -0.104868 (VIOLATED)
fanout934/Z                             0.200000    0.304736   -0.104736 (VIOLATED)
fanout1189/Z                            0.200000    0.304501   -0.104501 (VIOLATED)
fanout1200/Z                            0.200000    0.304387   -0.104387 (VIOLATED)
fanout1115/Z                            0.200000    0.304333   -0.104333 (VIOLATED)
max_cap1262/Z                           0.200000    0.302973   -0.102973 (VIOLATED)
fanout1156/Z                            0.200000    0.302487   -0.102487 (VIOLATED)
fanout1273/Z                            0.200000    0.301770   -0.101770 (VIOLATED)
fanout1170/Z                            0.200000    0.301676   -0.101676 (VIOLATED)
fanout1078/Z                            0.200000    0.300775   -0.100775 (VIOLATED)
fanout1057/Z                            0.200000    0.300722   -0.100722 (VIOLATED)
clkbuf_0_clk/Z                          0.200000    0.299388   -0.099388 (VIOLATED)
fanout1288/Z                            0.200000    0.298412   -0.098412 (VIOLATED)
fanout1191/Z                            0.200000    0.298401   -0.098401 (VIOLATED)
fanout1162/Z                            0.200000    0.297656   -0.097656 (VIOLATED)
fanout1061/Z                            0.200000    0.297091   -0.097091 (VIOLATED)
fanout1317/Z                            0.200000    0.296781   -0.096781 (VIOLATED)
fanout1160/Z                            0.200000    0.296240   -0.096240 (VIOLATED)
fanout1239/Z                            0.200000    0.295989   -0.095989 (VIOLATED)
fanout1146/Z                            0.200000    0.295345   -0.095345 (VIOLATED)
fanout578/Z                             0.200000    0.294700   -0.094700 (VIOLATED)
wire1258/Z                              0.200000    0.294270   -0.094270 (VIOLATED)
fanout1447/Z                            0.200000    0.294013   -0.094013 (VIOLATED)
fanout834/Z                             0.200000    0.293646   -0.093646 (VIOLATED)
fanout1286/Z                            0.200000    0.292649   -0.092649 (VIOLATED)
fanout1699/Z                            0.200000    0.291932   -0.091932 (VIOLATED)
fanout1215/Z                            0.200000    0.291241   -0.091241 (VIOLATED)
fanout197/Z                             0.200000    0.289924   -0.089924 (VIOLATED)
fanout172/Z                             0.200000    0.289889   -0.089889 (VIOLATED)
fanout1301/Z                            0.200000    0.289582   -0.089582 (VIOLATED)
fanout1091/Z                            0.200000    0.289572   -0.089572 (VIOLATED)
fanout1207/Z                            0.200000    0.289429   -0.089429 (VIOLATED)
fanout1312/Z                            0.200000    0.288950   -0.088950 (VIOLATED)
fanout1118/Z                            0.200000    0.288384   -0.088384 (VIOLATED)
fanout1114/Z                            0.200000    0.288167   -0.088167 (VIOLATED)
fanout816/Z                             0.200000    0.287760   -0.087760 (VIOLATED)
fanout964/Z                             0.200000    0.287527   -0.087527 (VIOLATED)
fanout1309/Z                            0.200000    0.287394   -0.087394 (VIOLATED)
fanout1292/Z                            0.200000    0.287334   -0.087334 (VIOLATED)
fanout1231/Z                            0.200000    0.286920   -0.086920 (VIOLATED)
fanout1311/Z                            0.200000    0.286400   -0.086400 (VIOLATED)
fanout1445/Z                            0.200000    0.285428   -0.085428 (VIOLATED)
fanout1289/Z                            0.200000    0.285033   -0.085033 (VIOLATED)
fanout1546/Z                            0.200000    0.284949   -0.084949 (VIOLATED)
fanout1307/Z                            0.200000    0.284860   -0.084860 (VIOLATED)
fanout1303/Z                            0.200000    0.284814   -0.084814 (VIOLATED)
fanout1563/Z                            0.200000    0.284772   -0.084772 (VIOLATED)
fanout1080/Z                            0.200000    0.284453   -0.084453 (VIOLATED)
fanout1202/Z                            0.200000    0.284053   -0.084053 (VIOLATED)
fanout1212/Z                            0.200000    0.283884   -0.083884 (VIOLATED)
fanout1340/Z                            0.200000    0.283565   -0.083565 (VIOLATED)
fanout1151/Z                            0.200000    0.283473   -0.083473 (VIOLATED)
_18883_/ZN                              0.200000    0.283357   -0.083357 (VIOLATED)
fanout1171/Z                            0.200000    0.283310   -0.083310 (VIOLATED)
fanout1136/Z                            0.200000    0.282092   -0.082092 (VIOLATED)
fanout1188/Z                            0.200000    0.281897   -0.081897 (VIOLATED)
fanout1113/Z                            0.200000    0.281203   -0.081203 (VIOLATED)
fanout1208/Z                            0.200000    0.281079   -0.081079 (VIOLATED)
fanout1255/Z                            0.200000    0.280253   -0.080253 (VIOLATED)
fanout1089/Z                            0.200000    0.280219   -0.080220 (VIOLATED)
_13155_/Z                               0.200000    0.279305   -0.079305 (VIOLATED)
fanout1287/Z                            0.200000    0.279020   -0.079020 (VIOLATED)
fanout1088/Z                            0.200000    0.278517   -0.078517 (VIOLATED)
_18543_/Z                               0.200000    0.277422   -0.077422 (VIOLATED)
fanout1235/Z                            0.200000    0.276707   -0.076707 (VIOLATED)
fanout1227/Z                            0.200000    0.276568   -0.076568 (VIOLATED)
fanout1259/Z                            0.200000    0.276241   -0.076241 (VIOLATED)
fanout1168/Z                            0.200000    0.275649   -0.075649 (VIOLATED)
fanout1325/Z                            0.200000    0.275044   -0.075044 (VIOLATED)
fanout1313/Z                            0.200000    0.274357   -0.074357 (VIOLATED)
fanout799/Z                             0.200000    0.274042   -0.074042 (VIOLATED)
fanout1095/Z                            0.200000    0.273097   -0.073097 (VIOLATED)
fanout1187/Z                            0.200000    0.272791   -0.072791 (VIOLATED)
fanout570/Z                             0.200000    0.272756   -0.072756 (VIOLATED)
_15802_/ZN                              0.200000    0.272699   -0.072699 (VIOLATED)
fanout929/Z                             0.200000    0.272433   -0.072433 (VIOLATED)
fanout1086/Z                            0.200000    0.272384   -0.072384 (VIOLATED)
fanout164/Z                             0.200000    0.272075   -0.072075 (VIOLATED)
fanout874/Z                             0.200000    0.271615   -0.071615 (VIOLATED)
fanout1085/Z                            0.200000    0.270433   -0.070432 (VIOLATED)
fanout1150/Z                            0.200000    0.270015   -0.070015 (VIOLATED)
fanout843/Z                             0.200000    0.269250   -0.069250 (VIOLATED)
fanout1066/Z                            0.200000    0.268874   -0.068874 (VIOLATED)
fanout1055/Z                            0.200000    0.268838   -0.068838 (VIOLATED)
fanout1213/Z                            0.200000    0.268122   -0.068122 (VIOLATED)
fanout1117/Z                            0.200000    0.267488   -0.067488 (VIOLATED)
fanout774/Z                             0.200000    0.267033   -0.067033 (VIOLATED)
fanout1107/Z                            0.200000    0.266879   -0.066879 (VIOLATED)
fanout1153/Z                            0.200000    0.266638   -0.066638 (VIOLATED)
fanout854/Z                             0.200000    0.266541   -0.066541 (VIOLATED)
fanout1190/Z                            0.200000    0.265782   -0.065782 (VIOLATED)
fanout1102/Z                            0.200000    0.265306   -0.065306 (VIOLATED)
_13377_/Z                               0.200000    0.265227   -0.065227 (VIOLATED)
fanout1333/Z                            0.200000    0.265136   -0.065136 (VIOLATED)
fanout1245/Z                            0.200000    0.264798   -0.064798 (VIOLATED)
fanout40/Z                              0.200000    0.264052   -0.064052 (VIOLATED)
fanout1125/Z                            0.200000    0.263681   -0.063681 (VIOLATED)
fanout1224/Z                            0.200000    0.262750   -0.062750 (VIOLATED)
fanout1060/Z                            0.200000    0.262188   -0.062188 (VIOLATED)
fanout634/Z                             0.200000    0.261540   -0.061540 (VIOLATED)
fanout1417/Z                            0.200000    0.261453   -0.061453 (VIOLATED)
fanout1129/Z                            0.200000    0.261259   -0.061259 (VIOLATED)
fanout194/Z                             0.200000    0.260596   -0.060596 (VIOLATED)
fanout1405/Z                            0.200000    0.260592   -0.060592 (VIOLATED)
fanout1065/Z                            0.200000    0.260581   -0.060581 (VIOLATED)
fanout1195/Z                            0.200000    0.260488   -0.060488 (VIOLATED)
fanout1154/Z                            0.200000    0.260349   -0.060349 (VIOLATED)
fanout1476/Z                            0.200000    0.259848   -0.059848 (VIOLATED)
fanout1299/Z                            0.200000    0.259432   -0.059432 (VIOLATED)
fanout1684/Z                            0.200000    0.259050   -0.059050 (VIOLATED)
fanout716/Z                             0.200000    0.258825   -0.058825 (VIOLATED)
fanout1297/Z                            0.200000    0.258685   -0.058685 (VIOLATED)
fanout1130/Z                            0.200000    0.258646   -0.058646 (VIOLATED)
_15861_/ZN                              0.200000    0.257241   -0.057241 (VIOLATED)
fanout1327/Z                            0.200000    0.256897   -0.056897 (VIOLATED)
fanout1167/Z                            0.200000    0.256379   -0.056379 (VIOLATED)
max_cap1083/Z                           0.200000    0.256093   -0.056093 (VIOLATED)
fanout1134/Z                            0.200000    0.255954   -0.055954 (VIOLATED)
_15856_/ZN                              0.200000    0.255946   -0.055946 (VIOLATED)
fanout786/Z                             0.200000    0.255899   -0.055899 (VIOLATED)
fanout1193/Z                            0.200000    0.255859   -0.055859 (VIOLATED)
fanout1470/Z                            0.200000    0.255835   -0.055835 (VIOLATED)
fanout602/Z                             0.200000    0.255459   -0.055459 (VIOLATED)
fanout1559/Z                            0.200000    0.254906   -0.054906 (VIOLATED)
fanout1571/Z                            0.200000    0.254548   -0.054548 (VIOLATED)
fanout969/Z                             0.200000    0.254438   -0.054438 (VIOLATED)
fanout1220/Z                            0.200000    0.254051   -0.054051 (VIOLATED)
fanout1697/Z                            0.200000    0.252779   -0.052779 (VIOLATED)
fanout553/Z                             0.200000    0.252547   -0.052547 (VIOLATED)
fanout1141/Z                            0.200000    0.252146   -0.052146 (VIOLATED)
fanout1105/Z                            0.200000    0.251654   -0.051654 (VIOLATED)
fanout1139/Z                            0.200000    0.251601   -0.051601 (VIOLATED)
fanout1545/Z                            0.200000    0.251466   -0.051466 (VIOLATED)
_18146_/ZN                              0.200000    0.251325   -0.051325 (VIOLATED)
fanout872/Z                             0.200000    0.251219   -0.051219 (VIOLATED)
fanout1285/Z                            0.200000    0.251085   -0.051085 (VIOLATED)
_15873_/ZN                              0.200000    0.249218   -0.049218 (VIOLATED)
fanout769/Z                             0.200000    0.248766   -0.048766 (VIOLATED)
fanout260/Z                             0.200000    0.248741   -0.048741 (VIOLATED)
fanout1058/Z                            0.200000    0.248004   -0.048004 (VIOLATED)
clkbuf_6_18_0_clk/Z                     0.200000    0.247899   -0.047899 (VIOLATED)
_13188_/ZN                              0.200000    0.247362   -0.047362 (VIOLATED)
fanout960/Z                             0.200000    0.246451   -0.046451 (VIOLATED)
fanout1204/Z                            0.200000    0.246022   -0.046022 (VIOLATED)
fanout1106/Z                            0.200000    0.245872   -0.045872 (VIOLATED)
fanout895/Z                             0.200000    0.245630   -0.045630 (VIOLATED)
fanout833/Z                             0.200000    0.245286   -0.045286 (VIOLATED)
_13222_/ZN                              0.200000    0.244879   -0.044879 (VIOLATED)
fanout701/Z                             0.200000    0.244390   -0.044390 (VIOLATED)
fanout1233/Z                            0.200000    0.244371   -0.044371 (VIOLATED)
fanout621/Z                             0.200000    0.244290   -0.044290 (VIOLATED)
fanout1549/Z                            0.200000    0.243421   -0.043421 (VIOLATED)
fanout846/Z                             0.200000    0.243027   -0.043027 (VIOLATED)
_15818_/ZN                              0.200000    0.242966   -0.042966 (VIOLATED)
fanout181/Z                             0.200000    0.242865   -0.042865 (VIOLATED)
fanout110/Z                             0.200000    0.241714   -0.041714 (VIOLATED)
clkbuf_6_16_0_clk/Z                     0.200000    0.240767   -0.040767 (VIOLATED)
fanout1101/Z                            0.200000    0.240262   -0.040262 (VIOLATED)
fanout1406/Z                            0.200000    0.239997   -0.039997 (VIOLATED)
fanout1244/Z                            0.200000    0.238666   -0.038666 (VIOLATED)
fanout1120/Z                            0.200000    0.238626   -0.038626 (VIOLATED)
fanout1260/Z                            0.200000    0.238098   -0.038098 (VIOLATED)
fanout1116/Z                            0.200000    0.237906   -0.037906 (VIOLATED)
fanout613/Z                             0.200000    0.237364   -0.037364 (VIOLATED)
fanout847/Z                             0.200000    0.237269   -0.037269 (VIOLATED)
fanout1702/Z                            0.200000    0.236684   -0.036684 (VIOLATED)
_15875_/ZN                              0.200000    0.236632   -0.036632 (VIOLATED)
fanout593/Z                             0.200000    0.236558   -0.036558 (VIOLATED)
_22267_/ZN                              0.200000    0.236443   -0.036443 (VIOLATED)
fanout1243/Z                            0.200000    0.236294   -0.036294 (VIOLATED)
fanout865/Z                             0.200000    0.235744   -0.035744 (VIOLATED)
_13350_/ZN                              0.200000    0.234612   -0.034612 (VIOLATED)
fanout1237/Z                            0.200000    0.234605   -0.034605 (VIOLATED)
fanout841/Z                             0.200000    0.234584   -0.034584 (VIOLATED)
fanout233/Z                             0.200000    0.234390   -0.034390 (VIOLATED)
fanout276/Z                             0.200000    0.234381   -0.034381 (VIOLATED)
clkbuf_6_24_0_clk/Z                     0.200000    0.234352   -0.034352 (VIOLATED)
_15874_/ZN                              0.200000    0.234302   -0.034302 (VIOLATED)
fanout1708/Z                            0.200000    0.233765   -0.033765 (VIOLATED)
_15878_/ZN                              0.200000    0.233025   -0.033025 (VIOLATED)
fanout733/Z                             0.200000    0.232979   -0.032979 (VIOLATED)
fanout770/Z                             0.200000    0.232933   -0.032933 (VIOLATED)
fanout805/Z                             0.200000    0.232581   -0.032581 (VIOLATED)
fanout248/Z                             0.200000    0.232524   -0.032524 (VIOLATED)
fanout1472/Z                            0.200000    0.232429   -0.032429 (VIOLATED)
_15834_/ZN                              0.200000    0.232387   -0.032387 (VIOLATED)
clkbuf_6_27_0_clk/Z                     0.200000    0.232370   -0.032370 (VIOLATED)
fanout1464/Z                            0.200000    0.232299   -0.032299 (VIOLATED)
fanout832/Z                             0.200000    0.232292   -0.032292 (VIOLATED)
fanout1059/Z                            0.200000    0.232076   -0.032076 (VIOLATED)
fanout861/Z                             0.200000    0.231931   -0.031931 (VIOLATED)
clkbuf_6_30_0_clk/Z                     0.200000    0.231499   -0.031499 (VIOLATED)
fanout1174/Z                            0.200000    0.231438   -0.031438 (VIOLATED)
clkbuf_6_15_0_clk/Z                     0.200000    0.231238   -0.031238 (VIOLATED)
clkbuf_6_25_0_clk/Z                     0.200000    0.230155   -0.030155 (VIOLATED)
clkbuf_6_20_0_clk/Z                     0.200000    0.229886   -0.029886 (VIOLATED)
_15880_/ZN                              0.200000    0.229553   -0.029553 (VIOLATED)
fanout1176/Z                            0.200000    0.229136   -0.029136 (VIOLATED)
fanout1306/Z                            0.200000    0.229025   -0.029025 (VIOLATED)
_12849_/Z                               0.200000    0.228560   -0.028560 (VIOLATED)
_12843_/ZN                              0.200000    0.228526   -0.028526 (VIOLATED)
fanout902/Z                             0.200000    0.228201   -0.028201 (VIOLATED)
clkbuf_6_22_0_clk/Z                     0.200000    0.227952   -0.027952 (VIOLATED)
fanout1569/Z                            0.200000    0.227840   -0.027840 (VIOLATED)
fanout884/Z                             0.200000    0.227838   -0.027838 (VIOLATED)
fanout1468/Z                            0.200000    0.227683   -0.027683 (VIOLATED)
clkbuf_6_26_0_clk/Z                     0.200000    0.227598   -0.027598 (VIOLATED)
fanout741/Z                             0.200000    0.227524   -0.027524 (VIOLATED)
fanout65/Z                              0.200000    0.227163   -0.027163 (VIOLATED)
fanout559/Z                             0.200000    0.227040   -0.027040 (VIOLATED)
fanout982/Z                             0.200000    0.226719   -0.026719 (VIOLATED)
fanout931/Z                             0.200000    0.226448   -0.026448 (VIOLATED)
_14972_/Z                               0.200000    0.226244   -0.026244 (VIOLATED)
max_cap1223/Z                           0.200000    0.226235   -0.026235 (VIOLATED)
fanout1485/Z                            0.200000    0.225276   -0.025276 (VIOLATED)
fanout223/Z                             0.200000    0.225104   -0.025104 (VIOLATED)
fanout610/Z                             0.200000    0.224964   -0.024964 (VIOLATED)
fanout962/Z                             0.200000    0.224369   -0.024369 (VIOLATED)
fanout706/Z                             0.200000    0.224338   -0.024338 (VIOLATED)
fanout1302/Z                            0.200000    0.223926   -0.023926 (VIOLATED)
max_cap1132/Z                           0.200000    0.223618   -0.023618 (VIOLATED)
fanout1133/Z                            0.200000    0.223526   -0.023526 (VIOLATED)
_15822_/ZN                              0.200000    0.223476   -0.023476 (VIOLATED)
fanout707/Z                             0.200000    0.223284   -0.023284 (VIOLATED)
clkbuf_6_29_0_clk/Z                     0.200000    0.223221   -0.023221 (VIOLATED)
fanout893/Z                             0.200000    0.223199   -0.023199 (VIOLATED)
fanout1471/Z                            0.200000    0.223024   -0.023024 (VIOLATED)
_17802_/Z                               0.124600    0.147594   -0.022994 (VIOLATED)
fanout539/Z                             0.200000    0.222988   -0.022988 (VIOLATED)
_22072_/ZN                              0.200000    0.222598   -0.022598 (VIOLATED)
fanout1467/Z                            0.200000    0.222442   -0.022442 (VIOLATED)
fanout84/Z                              0.200000    0.222398   -0.022398 (VIOLATED)
_15798_/ZN                              0.200000    0.222201   -0.022201 (VIOLATED)
fanout1567/Z                            0.200000    0.221571   -0.021571 (VIOLATED)
fanout217/Z                             0.200000    0.221544   -0.021544 (VIOLATED)
max_cap1197/Z                           0.200000    0.221035   -0.021035 (VIOLATED)
clkbuf_6_23_0_clk/Z                     0.200000    0.221026   -0.021026 (VIOLATED)
fanout188/Z                             0.200000    0.220863   -0.020863 (VIOLATED)
_15820_/ZN                              0.200000    0.220505   -0.020505 (VIOLATED)
clkbuf_6_28_0_clk/Z                     0.200000    0.220443   -0.020443 (VIOLATED)
fanout781/Z                             0.200000    0.219812   -0.019812 (VIOLATED)
_15849_/ZN                              0.200000    0.219672   -0.019672 (VIOLATED)
clkbuf_6_17_0_clk/Z                     0.200000    0.219210   -0.019210 (VIOLATED)
fanout1152/Z                            0.200000    0.219204   -0.019204 (VIOLATED)
fanout915/Z                             0.200000    0.219103   -0.019103 (VIOLATED)
clkbuf_6_31_0_clk/Z                     0.200000    0.219018   -0.019018 (VIOLATED)
fanout552/Z                             0.200000    0.218626   -0.018626 (VIOLATED)
clkbuf_6_19_0_clk/Z                     0.200000    0.218148   -0.018148 (VIOLATED)
fanout1465/Z                            0.200000    0.217543   -0.017543 (VIOLATED)
fanout1577/Z                            0.200000    0.217315   -0.017315 (VIOLATED)
_25107_/Q                               0.200000    0.217105   -0.017105 (VIOLATED)
fanout1523/Z                            0.200000    0.217032   -0.017032 (VIOLATED)
fanout1469/Z                            0.200000    0.216995   -0.016995 (VIOLATED)
fanout778/Z                             0.200000    0.216952   -0.016952 (VIOLATED)
fanout1217/Z                            0.200000    0.216854   -0.016854 (VIOLATED)
fanout844/Z                             0.200000    0.216784   -0.016784 (VIOLATED)
fanout1475/Z                            0.200000    0.216633   -0.016633 (VIOLATED)
fanout1110/Z                            0.200000    0.216438   -0.016438 (VIOLATED)
fanout878/Z                             0.200000    0.216411   -0.016411 (VIOLATED)
_15826_/ZN                              0.200000    0.216151   -0.016151 (VIOLATED)
fanout193/Z                             0.200000    0.215807   -0.015807 (VIOLATED)
_13339_/ZN                              0.200000    0.215508   -0.015508 (VIOLATED)
_13403_/ZN                              0.200000    0.215465   -0.015465 (VIOLATED)
fanout1483/Z                            0.200000    0.215279   -0.015279 (VIOLATED)
fanout857/Z                             0.200000    0.215077   -0.015077 (VIOLATED)
fanout1310/Z                            0.200000    0.214904   -0.014904 (VIOLATED)
fanout927/Z                             0.200000    0.214750   -0.014750 (VIOLATED)
fanout1264/Z                            0.200000    0.214431   -0.014431 (VIOLATED)
fanout1121/Z                            0.200000    0.214121   -0.014121 (VIOLATED)
fanout208/Z                             0.200000    0.213977   -0.013977 (VIOLATED)
fanout257/Z                             0.200000    0.213725   -0.013725 (VIOLATED)
fanout1740/Z                            0.200000    0.213701   -0.013701 (VIOLATED)
clkbuf_6_10_0_clk/Z                     0.200000    0.213311   -0.013311 (VIOLATED)
fanout27/Z                              0.200000    0.213272   -0.013272 (VIOLATED)
_15872_/ZN                              0.200000    0.213234   -0.013234 (VIOLATED)
clkbuf_6_21_0_clk/Z                     0.200000    0.213182   -0.013182 (VIOLATED)
fanout933/Z                             0.200000    0.213126   -0.013126 (VIOLATED)
fanout1094/Z                            0.200000    0.213115   -0.013115 (VIOLATED)
fanout963/Z                             0.200000    0.212887   -0.012887 (VIOLATED)
fanout169/Z                             0.200000    0.212684   -0.012684 (VIOLATED)
fanout753/Z                             0.200000    0.212492   -0.012492 (VIOLATED)
max_cap1749/Z                           0.200000    0.212463   -0.012463 (VIOLATED)
fanout851/Z                             0.200000    0.212202   -0.012202 (VIOLATED)
fanout171/Z                             0.200000    0.212180   -0.012180 (VIOLATED)
fanout1554/Z                            0.200000    0.212139   -0.012139 (VIOLATED)
fanout859/Z                             0.200000    0.211986   -0.011986 (VIOLATED)
fanout139/Z                             0.200000    0.211759   -0.011759 (VIOLATED)
fanout1339/Z                            0.200000    0.211532   -0.011532 (VIOLATED)
_15830_/ZN                              0.200000    0.211463   -0.011463 (VIOLATED)
fanout777/Z                             0.200000    0.211394   -0.011394 (VIOLATED)
fanout115/Z                             0.200000    0.210863   -0.010863 (VIOLATED)
fanout1161/Z                            0.200000    0.210507   -0.010507 (VIOLATED)
fanout1683/Z                            0.200000    0.210417   -0.010417 (VIOLATED)
fanout1087/Z                            0.200000    0.210054   -0.010054 (VIOLATED)
fanout1368/Z                            0.200000    0.209643   -0.009643 (VIOLATED)
fanout1332/Z                            0.200000    0.209614   -0.009614 (VIOLATED)
_15858_/ZN                              0.200000    0.209555   -0.009555 (VIOLATED)
fanout73/Z                              0.200000    0.209328   -0.009328 (VIOLATED)
fanout25/Z                              0.200000    0.209325   -0.009325 (VIOLATED)
max_cap1481/Z                           0.200000    0.209109   -0.009109 (VIOLATED)
fanout765/Z                             0.200000    0.208872   -0.008872 (VIOLATED)
fanout1747/Z                            0.200000    0.208702   -0.008702 (VIOLATED)
fanout133/Z                             0.200000    0.208372   -0.008372 (VIOLATED)
_13344_/Z                               0.200000    0.208347   -0.008347 (VIOLATED)
_15860_/ZN                              0.200000    0.208320   -0.008320 (VIOLATED)
fanout1209/Z                            0.200000    0.207924   -0.007924 (VIOLATED)
fanout918/Z                             0.200000    0.207797   -0.007797 (VIOLATED)
fanout550/Z                             0.200000    0.207347   -0.007347 (VIOLATED)
fanout1282/Z                            0.200000    0.207300   -0.007300 (VIOLATED)
fanout1198/Z                            0.200000    0.207268   -0.007268 (VIOLATED)
fanout604/Z                             0.200000    0.207212   -0.007212 (VIOLATED)
fanout1701/Z                            0.200000    0.207162   -0.007162 (VIOLATED)
fanout1526/Z                            0.200000    0.206765   -0.006765 (VIOLATED)
_15870_/ZN                              0.200000    0.206724   -0.006724 (VIOLATED)
fanout1266/Z                            0.200000    0.206674   -0.006674 (VIOLATED)
fanout1575/Z                            0.200000    0.206658   -0.006658 (VIOLATED)
clkbuf_6_8_0_clk/Z                      0.200000    0.206617   -0.006617 (VIOLATED)
fanout92/Z                              0.200000    0.206606   -0.006606 (VIOLATED)
fanout961/Z                             0.200000    0.206196   -0.006196 (VIOLATED)
fanout853/Z                             0.200000    0.206145   -0.006145 (VIOLATED)
fanout1300/Z                            0.200000    0.205943   -0.005943 (VIOLATED)
fanout180/Z                             0.200000    0.205896   -0.005896 (VIOLATED)
_14277_/ZN                              0.200000    0.205850   -0.005850 (VIOLATED)
fanout688/Z                             0.200000    0.205686   -0.005686 (VIOLATED)
_25116_/Q                               0.200000    0.205456   -0.005456 (VIOLATED)
fanout1251/Z                            0.200000    0.205435   -0.005435 (VIOLATED)
fanout118/Z                             0.200000    0.205279   -0.005279 (VIOLATED)
fanout852/Z                             0.200000    0.205273   -0.005273 (VIOLATED)
fanout589/Z                             0.200000    0.205197   -0.005197 (VIOLATED)
_15842_/ZN                              0.200000    0.205106   -0.005106 (VIOLATED)
fanout1186/Z                            0.200000    0.204657   -0.004657 (VIOLATED)
clkbuf_6_4_0_clk/Z                      0.200000    0.204621   -0.004621 (VIOLATED)
fanout562/Z                             0.200000    0.204517   -0.004517 (VIOLATED)
_17781_/Z                               0.120700    0.125151   -0.004451 (VIOLATED)
fanout633/Z                             0.200000    0.204417   -0.004417 (VIOLATED)
fanout693/Z                             0.200000    0.204384   -0.004384 (VIOLATED)
fanout882/Z                             0.200000    0.204267   -0.004267 (VIOLATED)
fanout743/Z                             0.200000    0.204169   -0.004169 (VIOLATED)
fanout102/Z                             0.200000    0.204133   -0.004133 (VIOLATED)
fanout761/Z                             0.200000    0.204116   -0.004116 (VIOLATED)
fanout1256/Z                            0.200000    0.204088   -0.004088 (VIOLATED)
fanout29/Z                              0.200000    0.204085   -0.004085 (VIOLATED)
fanout1558/Z                            0.200000    0.204069   -0.004069 (VIOLATED)
max_cap1399/Z                           0.200000    0.203987   -0.003987 (VIOLATED)
fanout1587/Z                            0.200000    0.203975   -0.003975 (VIOLATED)
fanout1746/Z                            0.200000    0.203834   -0.003834 (VIOLATED)
fanout980/Z                             0.200000    0.203551   -0.003551 (VIOLATED)
fanout1248/Z                            0.200000    0.203396   -0.003396 (VIOLATED)
_15852_/ZN                              0.200000    0.203323   -0.003323 (VIOLATED)
fanout894/Z                             0.200000    0.203196   -0.003196 (VIOLATED)
fanout144/Z                             0.200000    0.202961   -0.002961 (VIOLATED)
_15810_/ZN                              0.200000    0.202659   -0.002659 (VIOLATED)
fanout958/Z                             0.200000    0.202566   -0.002566 (VIOLATED)
fanout1205/Z                            0.200000    0.202530   -0.002530 (VIOLATED)
fanout1536/Z                            0.200000    0.202404   -0.002404 (VIOLATED)
fanout1698/Z                            0.200000    0.202374   -0.002374 (VIOLATED)
fanout828/Z                             0.200000    0.201934   -0.001934 (VIOLATED)
fanout586/Z                             0.200000    0.201717   -0.001717 (VIOLATED)
fanout555/Z                             0.200000    0.201666   -0.001666 (VIOLATED)
fanout599/Z                             0.200000    0.201647   -0.001647 (VIOLATED)
fanout1155/Z                            0.200000    0.201636   -0.001636 (VIOLATED)
fanout892/Z                             0.200000    0.201615   -0.001615 (VIOLATED)
_15392_/ZN                              0.200000    0.201531   -0.001531 (VIOLATED)
fanout529/Z                             0.200000    0.201315   -0.001315 (VIOLATED)
fanout883/Z                             0.200000    0.201076   -0.001076 (VIOLATED)
fanout132/Z                             0.200000    0.200869   -0.000869 (VIOLATED)
fanout917/Z                             0.200000    0.200860   -0.000860 (VIOLATED)
fanout746/Z                             0.200000    0.200856   -0.000856 (VIOLATED)
_15855_/ZN                              0.200000    0.200595   -0.000595 (VIOLATED)
fanout815/Z                             0.200000    0.200519   -0.000519 (VIOLATED)
_15844_/ZN                              0.200000    0.200384   -0.000384 (VIOLATED)
input3/Z                                0.200000    0.200373   -0.000373 (VIOLATED)
fanout45/Z                              0.200000    0.200365   -0.000365 (VIOLATED)
fanout885/Z                             0.200000    0.200350   -0.000350 (VIOLATED)
fanout249/Z                             0.200000    0.200308   -0.000308 (VIOLATED)
fanout821/Z                             0.200000    0.200296   -0.000296 (VIOLATED)
fanout1589/Z                            0.200000    0.200250   -0.000250 (VIOLATED)
fanout863/Z                             0.200000    0.200083   -0.000083 (VIOLATED)



===========================================================================
report_parasitic_annotation -report_unannotated
============================================================================
Found 495 unannotated drivers.
 clkload0/ZN
 clkload1/ZN
 clkload10/ZN
 clkload100/Z
 clkload101/Z
 clkload102/ZN
 clkload103/Z
 clkload104/ZN
 clkload105/Z
 clkload106/ZN
 clkload107/Z
 clkload108/ZN
 clkload109/Z
 clkload11/ZN
 clkload110/Z
 clkload111/ZN
 clkload112/Z
 clkload113/ZN
 clkload114/ZN
 clkload115/ZN
 clkload116/ZN
 clkload117/Z
 clkload118/ZN
 clkload119/ZN
 clkload12/ZN
 clkload120/ZN
 clkload121/ZN
 clkload122/ZN
 clkload123/ZN
 clkload124/ZN
 clkload125/ZN
 clkload126/ZN
 clkload127/ZN
 clkload128/ZN
 clkload129/ZN
 clkload13/ZN
 clkload130/Z
 clkload131/ZN
 clkload132/ZN
 clkload133/ZN
 clkload134/ZN
 clkload135/Z
 clkload136/ZN
 clkload137/Z
 clkload138/ZN
 clkload139/ZN
 clkload14/Z
 clkload140/ZN
 clkload141/ZN
 clkload142/ZN
 clkload143/ZN
 clkload144/ZN
 clkload145/ZN
 clkload146/ZN
 clkload147/ZN
 clkload148/ZN
 clkload149/Z
 clkload15/ZN
 clkload150/ZN
 clkload151/Z
 clkload152/Z
 clkload153/ZN
 clkload154/ZN
 clkload155/ZN
 clkload156/Z
 clkload157/Z
 clkload158/ZN
 clkload159/ZN
 clkload16/ZN
 clkload160/ZN
 clkload161/Z
 clkload162/Z
 clkload163/ZN
 clkload164/Z
 clkload165/ZN
 clkload166/ZN
 clkload167/ZN
 clkload168/ZN
 clkload169/ZN
 clkload17/ZN
 clkload170/Z
 clkload171/Z
 clkload172/ZN
 clkload173/ZN
 clkload174/ZN
 clkload175/ZN
 clkload176/ZN
 clkload177/ZN
 clkload178/ZN
 clkload179/ZN
 clkload18/ZN
 clkload180/ZN
 clkload181/ZN
 clkload182/ZN
 clkload183/Z
 clkload184/Z
 clkload185/Z
 clkload186/Z
 clkload187/ZN
 clkload188/ZN
 clkload189/ZN
 clkload19/ZN
 clkload190/Z
 clkload191/Z
 clkload192/Z
 clkload193/Z
 clkload194/ZN
 clkload195/Z
 clkload196/ZN
 clkload197/ZN
 clkload198/ZN
 clkload199/ZN
 clkload2/ZN
 clkload20/ZN
 clkload200/Z
 clkload201/ZN
 clkload202/Z
 clkload203/ZN
 clkload204/ZN
 clkload205/ZN
 clkload206/Z
 clkload207/ZN
 clkload208/ZN
 clkload209/ZN
 clkload21/ZN
 clkload210/ZN
 clkload211/ZN
 clkload212/Z
 clkload213/Z
 clkload214/ZN
 clkload215/Z
 clkload216/Z
 clkload217/ZN
 clkload218/ZN
 clkload219/ZN
 clkload22/ZN
 clkload220/Z
 clkload221/ZN
 clkload222/ZN
 clkload223/ZN
 clkload224/Z
 clkload225/ZN
 clkload226/Z
 clkload227/Z
 clkload228/Z
 clkload229/ZN
 clkload23/ZN
 clkload230/ZN
 clkload231/Z
 clkload232/ZN
 clkload233/ZN
 clkload234/Z
 clkload235/ZN
 clkload236/ZN
 clkload237/ZN
 clkload238/ZN
 clkload239/Z
 clkload24/ZN
 clkload240/ZN
 clkload241/ZN
 clkload242/ZN
 clkload243/Z
 clkload244/ZN
 clkload245/ZN
 clkload246/Z
 clkload247/Z
 clkload248/Z
 clkload249/Z
 clkload25/ZN
 clkload250/ZN
 clkload251/ZN
 clkload252/Z
 clkload253/Z
 clkload254/ZN
 clkload255/Z
 clkload256/ZN
 clkload257/Z
 clkload258/ZN
 clkload259/Z
 clkload26/Z
 clkload260/ZN
 clkload261/ZN
 clkload262/Z
 clkload263/ZN
 clkload264/ZN
 clkload265/ZN
 clkload266/Z
 clkload267/Z
 clkload268/ZN
 clkload269/ZN
 clkload27/ZN
 clkload270/ZN
 clkload271/Z
 clkload272/Z
 clkload273/Z
 clkload274/ZN
 clkload275/Z
 clkload276/Z
 clkload277/Z
 clkload278/Z
 clkload279/Z
 clkload28/ZN
 clkload280/ZN
 clkload281/Z
 clkload282/ZN
 clkload283/Z
 clkload284/Z
 clkload285/ZN
 clkload286/Z
 clkload287/Z
 clkload288/ZN
 clkload289/ZN
 clkload29/ZN
 clkload290/Z
 clkload291/ZN
 clkload292/ZN
 clkload293/Z
 clkload294/Z
 clkload295/ZN
 clkload296/ZN
 clkload297/ZN
 clkload298/ZN
 clkload299/Z
 clkload3/ZN
 clkload30/ZN
 clkload300/ZN
 clkload301/ZN
 clkload302/ZN
 clkload303/Z
 clkload304/ZN
 clkload305/Z
 clkload306/ZN
 clkload307/ZN
 clkload308/Z
 clkload309/Z
 clkload31/ZN
 clkload310/ZN
 clkload311/ZN
 clkload312/Z
 clkload313/Z
 clkload314/ZN
 clkload315/Z
 clkload316/ZN
 clkload317/ZN
 clkload318/ZN
 clkload319/ZN
 clkload32/ZN
 clkload320/ZN
 clkload321/ZN
 clkload322/ZN
 clkload323/ZN
 clkload324/ZN
 clkload325/ZN
 clkload326/ZN
 clkload327/Z
 clkload328/ZN
 clkload329/Z
 clkload33/Z
 clkload330/ZN
 clkload331/Z
 clkload332/ZN
 clkload333/Z
 clkload334/ZN
 clkload335/ZN
 clkload336/ZN
 clkload337/Z
 clkload338/ZN
 clkload339/ZN
 clkload34/ZN
 clkload340/Z
 clkload341/ZN
 clkload342/Z
 clkload343/ZN
 clkload344/ZN
 clkload345/ZN
 clkload346/ZN
 clkload347/ZN
 clkload348/ZN
 clkload349/Z
 clkload35/ZN
 clkload350/Z
 clkload351/Z
 clkload352/Z
 clkload353/Z
 clkload354/Z
 clkload355/Z
 clkload356/Z
 clkload357/ZN
 clkload358/ZN
 clkload359/ZN
 clkload36/ZN
 clkload360/ZN
 clkload361/Z
 clkload362/Z
 clkload363/Z
 clkload364/Z
 clkload365/Z
 clkload366/Z
 clkload367/Z
 clkload368/ZN
 clkload369/Z
 clkload37/ZN
 clkload370/ZN
 clkload371/ZN
 clkload372/ZN
 clkload373/ZN
 clkload374/Z
 clkload375/Z
 clkload376/Z
 clkload377/Z
 clkload378/Z
 clkload379/Z
 clkload38/ZN
 clkload380/Z
 clkload381/Z
 clkload382/ZN
 clkload383/ZN
 clkload384/ZN
 clkload385/Z
 clkload386/ZN
 clkload387/Z
 clkload388/Z
 clkload389/Z
 clkload39/ZN
 clkload390/Z
 clkload391/Z
 clkload392/ZN
 clkload393/ZN
 clkload394/ZN
 clkload395/ZN
 clkload396/ZN
 clkload397/ZN
 clkload398/Z
 clkload399/ZN
 clkload4/Z
 clkload40/ZN
 clkload400/ZN
 clkload401/ZN
 clkload402/Z
 clkload403/ZN
 clkload404/Z
 clkload405/ZN
 clkload406/ZN
 clkload407/ZN
 clkload408/ZN
 clkload409/ZN
 clkload41/ZN
 clkload410/ZN
 clkload411/ZN
 clkload412/ZN
 clkload413/ZN
 clkload414/ZN
 clkload415/ZN
 clkload416/ZN
 clkload417/Z
 clkload418/ZN
 clkload419/ZN
 clkload42/ZN
 clkload420/ZN
 clkload421/ZN
 clkload422/ZN
 clkload423/ZN
 clkload424/ZN
 clkload425/ZN
 clkload426/ZN
 clkload427/Z
 clkload428/ZN
 clkload429/ZN
 clkload43/ZN
 clkload430/Z
 clkload431/Z
 clkload432/Z
 clkload433/ZN
 clkload434/ZN
 clkload435/ZN
 clkload436/ZN
 clkload437/Z
 clkload438/ZN
 clkload439/Z
 clkload44/ZN
 clkload440/ZN
 clkload441/ZN
 clkload442/ZN
 clkload443/Z
 clkload444/Z
 clkload445/Z
 clkload446/Z
 clkload447/ZN
 clkload448/Z
 clkload449/Z
 clkload45/ZN
 clkload450/Z
 clkload451/ZN
 clkload452/ZN
 clkload453/ZN
 clkload454/ZN
 clkload455/ZN
 clkload456/Z
 clkload457/ZN
 clkload458/Z
 clkload459/Z
 clkload46/ZN
 clkload460/Z
 clkload461/Z
 clkload462/ZN
 clkload463/Z
 clkload464/Z
 clkload465/Z
 clkload466/Z
 clkload467/Z
 clkload468/Z
 clkload469/Z
 clkload47/ZN
 clkload470/ZN
 clkload471/ZN
 clkload472/ZN
 clkload473/Z
 clkload474/ZN
 clkload475/Z
 clkload476/ZN
 clkload477/ZN
 clkload478/Z
 clkload479/ZN
 clkload48/ZN
 clkload480/ZN
 clkload481/Z
 clkload482/ZN
 clkload483/ZN
 clkload484/ZN
 clkload485/ZN
 clkload486/ZN
 clkload487/ZN
 clkload488/ZN
 clkload489/Z
 clkload49/ZN
 clkload490/Z
 clkload491/Z
 clkload492/ZN
 clkload493/Z
 clkload494/ZN
 clkload5/ZN
 clkload50/ZN
 clkload51/ZN
 clkload52/ZN
 clkload53/ZN
 clkload54/ZN
 clkload55/ZN
 clkload56/ZN
 clkload57/ZN
 clkload58/ZN
 clkload59/ZN
 clkload6/ZN
 clkload60/ZN
 clkload61/ZN
 clkload62/Z
 clkload63/ZN
 clkload64/ZN
 clkload65/ZN
 clkload66/ZN
 clkload67/ZN
 clkload68/ZN
 clkload69/ZN
 clkload7/ZN
 clkload70/ZN
 clkload71/ZN
 clkload72/ZN
 clkload73/ZN
 clkload74/ZN
 clkload75/ZN
 clkload76/ZN
 clkload77/ZN
 clkload78/ZN
 clkload79/Z
 clkload8/Z
 clkload80/Z
 clkload81/ZN
 clkload82/ZN
 clkload83/ZN
 clkload84/Z
 clkload85/Z
 clkload86/ZN
 clkload87/ZN
 clkload88/ZN
 clkload89/ZN
 clkload9/ZN
 clkload90/Z
 clkload91/Z
 clkload92/Z
 clkload93/Z
 clkload94/Z
 clkload95/Z
 clkload96/Z
 clkload97/ZN
 clkload98/Z
 clkload99/Z
Found 0 partially unannotated drivers.

===========================================================================
max slew violation count 591
max fanout violation count 24
max cap violation count 451
============================================================================

===========================================================================
check_setup -verbose -unconstrained_endpoints -multiple_clock -no_clock -no_input_delay -loops -generated_clocks
===========================================================================
