
===========================================================================
Violator List
============================================================================
[setup reg-reg] _25199_/Q -> _25231_/D : -97.023315
[setup reg-reg] _25199_/Q -> _25176_/D : -96.909630
[setup reg-reg] _25199_/Q -> _25185_/D : -96.909630
[setup reg-reg] _25199_/Q -> _25425_/D : -96.002441
[setup reg-reg] _25199_/Q -> _25463_/D : -95.917732
[setup reg-reg] _25199_/Q -> _25479_/D : -95.917732
[setup reg-reg] _25199_/Q -> _25430_/D : -92.337479
[setup reg-reg] _25199_/Q -> _25467_/D : -92.265388
[setup reg-reg] _25199_/Q -> _25361_/D : -91.990532
[setup reg-reg] _25199_/Q -> _25364_/D : -91.990532
[setup reg-reg] _25199_/Q -> _25365_/D : -91.990532
[setup reg-reg] _25199_/Q -> _25367_/D : -91.990532
[setup reg-reg] _25199_/Q -> _25368_/D : -91.990532
[setup reg-reg] _25199_/Q -> _25370_/D : -91.990532
[setup reg-reg] _25199_/Q -> _25372_/D : -91.990532
[setup reg-reg] _25199_/Q -> _25373_/D : -91.990532
[setup reg-reg] _25199_/Q -> _25374_/D : -91.990532
[setup reg-reg] _25199_/Q -> _25375_/D : -91.990532
[setup reg-reg] _25199_/Q -> _25376_/D : -91.990532
[setup reg-reg] _25199_/Q -> _25377_/D : -91.990532
[setup reg-reg] _25199_/Q -> _25378_/D : -91.990532
[setup reg-reg] _25199_/Q -> _25379_/D : -91.990532
[setup reg-reg] _25199_/Q -> _25380_/D : -91.990532
[setup reg-reg] _25199_/Q -> _25381_/D : -91.990532
[setup reg-reg] _25199_/Q -> _25382_/D : -91.990532
[setup reg-reg] _25199_/Q -> _25384_/D : -91.990532
[setup reg-reg] _25199_/Q -> _25385_/D : -91.990532
[setup reg-reg] _25199_/Q -> _25386_/D : -91.990532
[setup reg-reg] _25199_/Q -> _25387_/D : -91.990532
[setup reg-reg] _25199_/Q -> _25388_/D : -91.990532
[setup reg-reg] _25199_/Q -> _25389_/D : -91.990532
[setup reg-reg] _25199_/Q -> _25401_/D : -91.990532
[setup reg-reg] _25199_/Q -> _25151_/D : -91.547249
[setup reg-reg] _25199_/Q -> _25165_/D : -91.547249
[setup reg-reg] _25199_/Q -> _25172_/D : -91.547249
[setup reg-reg] _25199_/Q -> _25175_/D : -91.547249
[setup reg-reg] _25199_/Q -> _25178_/D : -91.547249
[setup reg-reg] _25199_/Q -> _25180_/D : -91.547249
[setup reg-reg] _25199_/Q -> _25191_/D : -91.547249
[setup reg-reg] _25199_/Q -> _25369_/D : -90.149330
[setup reg-reg] _25199_/Q -> _25295_/D : -90.105278
[setup reg-reg] _25199_/Q -> _25296_/D : -90.105278
[setup reg-reg] _25199_/Q -> _25297_/D : -90.105278
[setup reg-reg] _25199_/Q -> _25299_/D : -90.105278
[setup reg-reg] _25199_/Q -> _25300_/D : -90.105278
[setup reg-reg] _25199_/Q -> _25302_/D : -90.105278
[setup reg-reg] _25199_/Q -> _25304_/D : -90.105278
[setup reg-reg] _25199_/Q -> _25306_/D : -90.105278
[setup reg-reg] _25199_/Q -> _25308_/D : -90.105278
[setup reg-reg] _25199_/Q -> _25309_/D : -90.105278
[setup reg-reg] _25199_/Q -> _25310_/D : -90.105278
[setup reg-reg] _25199_/Q -> _25312_/D : -90.105278
[setup reg-reg] _25199_/Q -> _25313_/D : -90.105278
[setup reg-reg] _25199_/Q -> _25314_/D : -90.105278
[setup reg-reg] _25199_/Q -> _25315_/D : -90.105278
[setup reg-reg] _25199_/Q -> _25316_/D : -90.105278
[setup reg-reg] _25199_/Q -> _25317_/D : -90.105278
[setup reg-reg] _25199_/Q -> _25318_/D : -90.105278
[setup reg-reg] _25199_/Q -> _25321_/D : -90.105278
[setup reg-reg] _25199_/Q -> _25323_/D : -90.105278
[setup reg-reg] _25199_/Q -> _25324_/D : -90.105278
[setup reg-reg] _25199_/Q -> _25325_/D : -90.105278
[setup reg-reg] _25199_/Q -> _25326_/D : -90.105278
[setup reg-reg] _25199_/Q -> _25329_/D : -90.105278
[setup reg-reg] _25199_/Q -> _25358_/D : -90.105278
[setup reg-reg] _25199_/Q -> _25238_/D : -89.497849
[setup reg-reg] _25199_/Q -> _25263_/D : -89.497849
[setup reg-reg] _25199_/Q -> _25264_/D : -89.497849
[setup reg-reg] _25199_/Q -> _25265_/D : -89.497849
[setup reg-reg] _25199_/Q -> _25266_/D : -89.497849
[setup reg-reg] _25199_/Q -> _25267_/D : -89.497849
[setup reg-reg] _25199_/Q -> _25268_/D : -89.497849
[setup reg-reg] _25199_/Q -> _25269_/D : -89.497849
[setup reg-reg] _25199_/Q -> _25272_/D : -89.497849
[setup reg-reg] _25199_/Q -> _25274_/D : -89.497849
[setup reg-reg] _25199_/Q -> _25275_/D : -89.497849
[setup reg-reg] _25199_/Q -> _25276_/D : -89.497849
[setup reg-reg] _25199_/Q -> _25277_/D : -89.497849
[setup reg-reg] _25199_/Q -> _25278_/D : -89.497849
[setup reg-reg] _25199_/Q -> _25280_/D : -89.497849
[setup reg-reg] _25199_/Q -> _25281_/D : -89.497849
[setup reg-reg] _25199_/Q -> _25283_/D : -89.497849
[setup reg-reg] _25199_/Q -> _25284_/D : -89.497849
[setup reg-reg] _25199_/Q -> _25285_/D : -89.497849
[setup reg-reg] _25199_/Q -> _25286_/D : -89.497849
[setup reg-reg] _25199_/Q -> _25288_/D : -89.497849
[setup reg-reg] _25199_/Q -> _25289_/D : -89.497849
[setup reg-reg] _25199_/Q -> _25290_/D : -89.497849
[setup reg-reg] _25199_/Q -> _25291_/D : -89.497849
[setup reg-reg] _25199_/Q -> _25292_/D : -89.497849
[setup reg-reg] _25199_/Q -> _25293_/D : -89.497849
[setup reg-reg] _25199_/Q -> _25294_/D : -89.497849
[setup reg-reg] _25199_/Q -> _25298_/D : -88.171837
[setup reg-reg] _25199_/Q -> _25301_/D : -88.171837
[setup reg-reg] _25199_/Q -> _25395_/D : -87.632866
[setup reg-reg] _25199_/Q -> _25146_/D : -85.884865
[setup reg-reg] _25199_/Q -> _25136_/D : -85.016884
[setup reg-reg] _25199_/Q -> _25139_/D : -85.016884
[setup reg-reg] _25199_/Q -> _25143_/D : -85.016884
[setup reg-reg] _25199_/Q -> _25155_/D : -85.016884
[setup reg-reg] _25199_/Q -> _25156_/D : -85.016884
[setup reg-reg] _25199_/Q -> _25157_/D : -85.016884
[setup reg-reg] _25199_/Q -> _25160_/D : -85.016884
[setup reg-reg] _25199_/Q -> _25674_/D : -84.556923
[setup reg-reg] _25199_/Q -> _25359_/D : -84.097809
[setup reg-reg] _25199_/Q -> _25391_/D : -84.097809
[setup reg-reg] _25199_/Q -> _25392_/D : -84.097809
[setup reg-reg] _25199_/Q -> _25394_/D : -84.097809
[setup reg-reg] _25199_/Q -> _25396_/D : -84.097809
[setup reg-reg] _25199_/Q -> _25397_/D : -84.097809
[setup reg-reg] _25199_/Q -> _25398_/D : -84.097809
[setup reg-reg] _25199_/Q -> _25399_/D : -84.097809
[setup reg-reg] _25199_/Q -> _25400_/D : -84.097809
[setup reg-reg] _25199_/Q -> _25402_/D : -84.097809
[setup reg-reg] _25199_/Q -> _25404_/D : -84.097809
[setup reg-reg] _25199_/Q -> _25405_/D : -84.097809
[setup reg-reg] _25199_/Q -> _25421_/D : -84.097809
[setup reg-reg] _25199_/Q -> _25130_/D : -83.619316
[setup reg-reg] _25199_/Q -> _25132_/D : -83.619316
[setup reg-reg] _25199_/Q -> _25150_/D : -83.619316
[setup reg-reg] _25199_/Q -> _25303_/D : -82.266541
[setup reg-reg] _25199_/Q -> _25305_/D : -82.266541
[setup reg-reg] _25199_/Q -> _25307_/D : -82.266541
[setup reg-reg] _25199_/Q -> _25311_/D : -82.266541
[setup reg-reg] _25199_/Q -> _25319_/D : -82.266541
[setup reg-reg] _25199_/Q -> _25320_/D : -82.266541
[setup reg-reg] _25199_/Q -> _25322_/D : -82.266541
[setup reg-reg] _25199_/Q -> _25327_/D : -82.266541
[setup reg-reg] _25199_/Q -> _25328_/D : -82.266541
[setup reg-reg] _25199_/Q -> _25330_/D : -82.266541
[setup reg-reg] _25199_/Q -> _25331_/D : -82.266541
[setup reg-reg] _25199_/Q -> _25332_/D : -82.266541
[setup reg-reg] _25199_/Q -> _25333_/D : -82.266541
[setup reg-reg] _25199_/Q -> _25334_/D : -82.266541
[setup reg-reg] _25199_/Q -> _25336_/D : -82.266541
[setup reg-reg] _25199_/Q -> _25337_/D : -82.266541
[setup reg-reg] _25199_/Q -> _25338_/D : -82.266541
[setup reg-reg] _25199_/Q -> _25339_/D : -82.266541
[setup reg-reg] _25199_/Q -> _25340_/D : -82.266541
[setup reg-reg] _25199_/Q -> _25341_/D : -82.266541
[setup reg-reg] _25199_/Q -> _25342_/D : -82.266541
[setup reg-reg] _25199_/Q -> _25343_/D : -82.266541
[setup reg-reg] _25199_/Q -> _25344_/D : -82.266541
[setup reg-reg] _25199_/Q -> _25345_/D : -82.266541
[setup reg-reg] _25199_/Q -> _25346_/D : -82.266541
[setup reg-reg] _25199_/Q -> _25347_/D : -82.266541
[setup reg-reg] _25199_/Q -> _25348_/D : -82.266541
[setup reg-reg] _25199_/Q -> _25349_/D : -82.266541
[setup reg-reg] _25199_/Q -> _25350_/D : -82.266541
[setup reg-reg] _25199_/Q -> _25351_/D : -82.266541
[setup reg-reg] _25199_/Q -> _25352_/D : -82.266541
[setup reg-reg] _25199_/Q -> _25353_/D : -82.266541
[setup reg-reg] _25199_/Q -> _25354_/D : -82.266541
[setup reg-reg] _25199_/Q -> _25355_/D : -82.266541
[setup reg-reg] _25199_/Q -> _25356_/D : -82.266541
[setup reg-reg] _25199_/Q -> _25357_/D : -82.266541
[setup reg-reg] _25199_/Q -> _25262_/D : -81.928635
[setup reg-reg] _25199_/Q -> _25270_/D : -81.928635
[setup reg-reg] _25199_/Q -> _25279_/D : -81.928635
[setup reg-reg] _25199_/Q -> _25232_/D : -81.717606
[setup reg-reg] _25199_/Q -> _25233_/D : -81.717606
[setup reg-reg] _25199_/Q -> _25234_/D : -81.717606
[setup reg-reg] _25199_/Q -> _25235_/D : -81.717606
[setup reg-reg] _25199_/Q -> _25236_/D : -81.717606
[setup reg-reg] _25199_/Q -> _25237_/D : -81.717606
[setup reg-reg] _25199_/Q -> _25239_/D : -81.717606
[setup reg-reg] _25199_/Q -> _25240_/D : -81.717606
[setup reg-reg] _25199_/Q -> _25241_/D : -81.717606
[setup reg-reg] _25199_/Q -> _25242_/D : -81.717606
[setup reg-reg] _25199_/Q -> _25243_/D : -81.717606
[setup reg-reg] _25199_/Q -> _25244_/D : -81.717606
[setup reg-reg] _25199_/Q -> _25245_/D : -81.717606
[setup reg-reg] _25199_/Q -> _25246_/D : -81.717606
[setup reg-reg] _25199_/Q -> _25247_/D : -81.717606
[setup reg-reg] _25199_/Q -> _25248_/D : -81.717606
[setup reg-reg] _25199_/Q -> _25249_/D : -81.717606
[setup reg-reg] _25199_/Q -> _25250_/D : -81.717606
[setup reg-reg] _25199_/Q -> _25251_/D : -81.717606
[setup reg-reg] _25199_/Q -> _25252_/D : -81.717606
[setup reg-reg] _25199_/Q -> _25253_/D : -81.717606
[setup reg-reg] _25199_/Q -> _25254_/D : -81.717606
[setup reg-reg] _25199_/Q -> _25255_/D : -81.717606
[setup reg-reg] _25199_/Q -> _25256_/D : -81.717606
[setup reg-reg] _25199_/Q -> _25257_/D : -81.717606
[setup reg-reg] _25199_/Q -> _25258_/D : -81.717606
[setup reg-reg] _25199_/Q -> _25259_/D : -81.717606
[setup reg-reg] _25199_/Q -> _25260_/D : -81.717606
[setup reg-reg] _25199_/Q -> _25261_/D : -81.717606
[setup reg-reg] _25199_/Q -> _25271_/D : -81.717606
[setup reg-reg] _25199_/Q -> _25273_/D : -81.717606
[setup reg-reg] _25199_/Q -> _25282_/D : -81.717606
[setup reg-reg] _25199_/Q -> _25287_/D : -81.717606
[setup reg-reg] _25199_/Q -> _25168_/D : -81.209442
[setup reg-reg] _25199_/Q -> _25187_/D : -81.209442
[setup reg-reg] _25199_/Q -> _25133_/D : -80.504784
[setup reg-reg] _25199_/Q -> _25138_/D : -80.504784
[setup reg-reg] _25199_/Q -> _25141_/D : -80.504784
[setup reg-reg] _25199_/Q -> _25144_/D : -80.504784
[setup reg-reg] _25199_/Q -> _25145_/D : -80.504784
[setup reg-reg] _25199_/Q -> _25147_/D : -80.504784
[setup reg-reg] _25199_/Q -> _25148_/D : -80.504784
[setup reg-reg] _25199_/Q -> _25149_/D : -80.504784
[setup reg-reg] _25199_/Q -> _25152_/D : -80.504784
[setup reg-reg] _25199_/Q -> _25153_/D : -80.504784
[setup reg-reg] _25199_/Q -> _25158_/D : -80.504784
[setup reg-reg] _25199_/Q -> _25159_/D : -80.504784
[setup reg-reg] _25199_/Q -> _25161_/D : -80.504784
[setup reg-reg] _25199_/Q -> _25162_/D : -80.504784
[setup reg-reg] _25199_/Q -> _25163_/D : -80.504784
[setup reg-reg] _25199_/Q -> _25164_/D : -80.504784
[setup reg-reg] _25199_/Q -> _25167_/D : -80.504784
[setup reg-reg] _25199_/Q -> _25170_/D : -80.504784
[setup reg-reg] _25199_/Q -> _25173_/D : -80.504784
[setup reg-reg] _25199_/Q -> _25177_/D : -80.504784
[setup reg-reg] _25199_/Q -> _25179_/D : -80.504784
[setup reg-reg] _25199_/Q -> _25181_/D : -80.504784
[setup reg-reg] _25199_/Q -> _25184_/D : -80.504784
[setup reg-reg] _25199_/Q -> _25186_/D : -80.504784
[setup reg-reg] _25199_/Q -> _25189_/D : -80.504784
[setup reg-reg] _25199_/Q -> _25423_/D : -80.504784
[setup reg-reg] _25199_/Q -> _25335_/D : -80.461121
[setup reg-reg] _25199_/Q -> _25677_/D : -79.000427
[setup reg-reg] _25199_/Q -> _25131_/D : -78.976868
[setup reg-reg] _25199_/Q -> _25134_/D : -78.976868
[setup reg-reg] _25199_/Q -> _25135_/D : -78.976868
[setup reg-reg] _25199_/Q -> _25154_/D : -78.976868
[setup reg-reg] _25199_/Q -> _25166_/D : -78.976868
[setup reg-reg] _25199_/Q -> _25169_/D : -78.976868
[setup reg-reg] _25199_/Q -> _25171_/D : -78.976868
[setup reg-reg] _25199_/Q -> _25174_/D : -78.976868
[setup reg-reg] _25199_/Q -> _25182_/D : -78.976868
[setup reg-reg] _25199_/Q -> _25183_/D : -78.976868
[setup reg-reg] _25199_/Q -> _25188_/D : -78.976868
[setup reg-reg] _25199_/Q -> _25190_/D : -78.976868
[setup reg-reg] _25199_/Q -> _25192_/D : -78.976868
[setup reg-reg] _25199_/Q -> _25390_/D : -78.934601
[setup reg-reg] _25199_/Q -> _25230_/D : -78.459290
[setup reg-reg] _25199_/Q -> _25441_/D : -77.959740
[setup reg-reg] _25199_/Q -> _25442_/D : -77.959740
[setup reg-reg] _25199_/Q -> _25446_/D : -77.959740
[setup reg-reg] _25199_/Q -> _25360_/D : -77.740677
[setup reg-reg] _25199_/Q -> _25366_/D : -77.740677
[setup reg-reg] _25199_/Q -> _25409_/D : -77.740677
[setup reg-reg] _25199_/Q -> _25414_/D : -77.740677
[setup reg-reg] _25199_/Q -> _25142_/D : -77.585686
[setup reg-reg] _25199_/Q -> _25675_/D : -76.066559
[setup in-reg] rst -> _26169_/D : -64.099899
[setup in-reg] rst -> _26170_/D : -64.099899
[setup in-reg] rst -> _26171_/D : -64.099899
[setup in-reg] rst -> _26173_/D : -64.099899
[setup in-reg] rst -> _26182_/D : -64.099899
[setup in-reg] rst -> _26201_/D : -64.099907
[setup in-reg] rst -> _26202_/D : -64.099907
[setup in-reg] rst -> _26203_/D : -64.099907
[setup in-reg] rst -> _26205_/D : -64.099907
[setup in-reg] rst -> _26214_/D : -64.099907
[setup in-reg] rst -> _26233_/D : -64.099907
[setup in-reg] rst -> _26234_/D : -64.099907
[setup in-reg] rst -> _26235_/D : -64.099907
[setup in-reg] rst -> _26237_/D : -64.099907
[setup in-reg] rst -> _26246_/D : -64.099907
[setup in-reg] rst -> _26265_/D : -64.099907
[setup in-reg] rst -> _26266_/D : -64.099907
[setup in-reg] rst -> _26267_/D : -64.099907
[setup in-reg] rst -> _26269_/D : -64.099907
[setup in-reg] rst -> _26278_/D : -64.099907
[setup in-reg] rst -> _26297_/D : -64.099907
[setup in-reg] rst -> _26298_/D : -64.099907
[setup in-reg] rst -> _26299_/D : -64.099907
[setup in-reg] rst -> _26301_/D : -64.099907
[setup in-reg] rst -> _26310_/D : -64.099907
[setup in-reg] rst -> _26329_/D : -64.099907
[setup in-reg] rst -> _26330_/D : -64.099907
[setup in-reg] rst -> _26331_/D : -64.099907
[setup in-reg] rst -> _26333_/D : -64.099907
[setup in-reg] rst -> _26342_/D : -64.099907
[setup in-reg] rst -> _26361_/D : -64.099907
[setup in-reg] rst -> _26362_/D : -64.099907
[setup in-reg] rst -> _26363_/D : -64.099907
[setup in-reg] rst -> _26365_/D : -64.099907
[setup in-reg] rst -> _26374_/D : -64.099907
[setup in-reg] rst -> _26393_/D : -64.099907
[setup in-reg] rst -> _26394_/D : -64.099907
[setup in-reg] rst -> _26395_/D : -64.099907
[setup in-reg] rst -> _26397_/D : -64.099907
[setup in-reg] rst -> _26406_/D : -64.099907
[setup in-reg] rst -> _26425_/D : -64.099907
[setup in-reg] rst -> _26426_/D : -64.099907
[setup in-reg] rst -> _26427_/D : -64.099907
[setup in-reg] rst -> _26429_/D : -64.099907
[setup in-reg] rst -> _26438_/D : -64.099907
[setup in-reg] rst -> _26457_/D : -64.099907
[setup in-reg] rst -> _26458_/D : -64.099907
[setup in-reg] rst -> _26459_/D : -64.099907
[setup in-reg] rst -> _26461_/D : -64.099907
[setup in-reg] rst -> _26470_/D : -64.099907
[setup in-reg] rst -> _26489_/D : -64.099915
[setup in-reg] rst -> _26490_/D : -64.099915
[setup in-reg] rst -> _26491_/D : -64.099915
[setup in-reg] rst -> _26493_/D : -64.099915
[setup in-reg] rst -> _26502_/D : -64.099915
[setup in-reg] rst -> _26494_/D : -64.099846
[setup in-reg] rst -> _26495_/D : -64.099846
[setup in-reg] rst -> _26499_/D : -64.099846
[setup in-reg] rst -> _26521_/D : -64.099907
[setup in-reg] rst -> _26522_/D : -64.099907
[setup in-reg] rst -> _26523_/D : -64.099907
[setup in-reg] rst -> _26525_/D : -64.099907
[setup in-reg] rst -> _26534_/D : -64.099907
[setup in-reg] rst -> _26553_/D : -64.099907
[setup in-reg] rst -> _26554_/D : -64.099907
[setup in-reg] rst -> _26555_/D : -64.099907
[setup in-reg] rst -> _26557_/D : -64.099907
[setup in-reg] rst -> _26566_/D : -64.099907
[setup in-reg] rst -> _26585_/D : -64.099907
[setup in-reg] rst -> _26586_/D : -64.099907
[setup in-reg] rst -> _26587_/D : -64.099907
[setup in-reg] rst -> _26589_/D : -64.099907
[setup in-reg] rst -> _26598_/D : -64.099907
[setup in-reg] rst -> _26617_/D : -64.099907
[setup in-reg] rst -> _26618_/D : -64.099907
[setup in-reg] rst -> _26619_/D : -64.099907
[setup in-reg] rst -> _26621_/D : -64.099907
[setup in-reg] rst -> _26630_/D : -64.099907
[setup in-reg] rst -> _26649_/D : -64.099907
[setup in-reg] rst -> _26650_/D : -64.099907
[setup in-reg] rst -> _26651_/D : -64.099907
[setup in-reg] rst -> _26653_/D : -64.099907
[setup in-reg] rst -> _26662_/D : -64.099907
[setup in-reg] rst -> _26174_/D : -64.099831
[setup in-reg] rst -> _26175_/D : -64.099831
[setup in-reg] rst -> _26179_/D : -64.099831
[setup in-reg] rst -> _26206_/D : -64.099838
[setup in-reg] rst -> _26207_/D : -64.099838
[setup in-reg] rst -> _26211_/D : -64.099838
[setup in-reg] rst -> _26238_/D : -64.099838
[setup in-reg] rst -> _26239_/D : -64.099838
[setup in-reg] rst -> _26243_/D : -64.099838
[setup in-reg] rst -> _26270_/D : -64.099838
[setup in-reg] rst -> _26271_/D : -64.099838
[setup in-reg] rst -> _26275_/D : -64.099838
[setup in-reg] rst -> _26302_/D : -64.099838
[setup in-reg] rst -> _26303_/D : -64.099838
[setup in-reg] rst -> _26307_/D : -64.099838
[setup in-reg] rst -> _26334_/D : -64.099838
[setup in-reg] rst -> _26335_/D : -64.099838
[setup in-reg] rst -> _26339_/D : -64.099838
[setup in-reg] rst -> _26366_/D : -64.099838
[setup in-reg] rst -> _26367_/D : -64.099838
[setup in-reg] rst -> _26371_/D : -64.099838
[setup in-reg] rst -> _26398_/D : -64.099838
[setup in-reg] rst -> _26399_/D : -64.099838
[setup in-reg] rst -> _26403_/D : -64.099838
[setup in-reg] rst -> _26430_/D : -64.099838
[setup in-reg] rst -> _26431_/D : -64.099838
[setup in-reg] rst -> _26435_/D : -64.099838
[setup in-reg] rst -> _26462_/D : -64.099838
[setup in-reg] rst -> _26463_/D : -64.099838
[setup in-reg] rst -> _26467_/D : -64.099838
[setup in-reg] rst -> _26526_/D : -64.099838
[setup in-reg] rst -> _26527_/D : -64.099838
[setup in-reg] rst -> _26531_/D : -64.099838
[setup in-reg] rst -> _26558_/D : -64.099838
[setup in-reg] rst -> _26559_/D : -64.099838
[setup in-reg] rst -> _26563_/D : -64.099838
[setup in-reg] rst -> _26590_/D : -64.099838
[setup in-reg] rst -> _26591_/D : -64.099838
[setup in-reg] rst -> _26595_/D : -64.099838
[setup in-reg] rst -> _26622_/D : -64.099838
[setup in-reg] rst -> _26623_/D : -64.099838
[setup in-reg] rst -> _26627_/D : -64.099838
[setup in-reg] rst -> _26654_/D : -64.099838
[setup in-reg] rst -> _26655_/D : -64.099838
[setup in-reg] rst -> _26659_/D : -64.099838
[setup in-reg] rst -> _26180_/D : -64.099670
[setup in-reg] rst -> _26185_/D : -64.099632
[setup in-reg] rst -> _26186_/D : -64.099632
[setup in-reg] rst -> _26187_/D : -64.099632
[setup in-reg] rst -> _26190_/D : -64.099632
[setup in-reg] rst -> _26212_/D : -64.099678
[setup in-reg] rst -> _26217_/D : -64.099640
[setup in-reg] rst -> _26218_/D : -64.099640
[setup in-reg] rst -> _26219_/D : -64.099640
[setup in-reg] rst -> _26222_/D : -64.099640
[setup in-reg] rst -> _26244_/D : -64.099678
[setup in-reg] rst -> _26249_/D : -64.099640
[setup in-reg] rst -> _26250_/D : -64.099640
[setup in-reg] rst -> _26251_/D : -64.099640
[setup in-reg] rst -> _26254_/D : -64.099640
[setup in-reg] rst -> _26276_/D : -64.099678
[setup in-reg] rst -> _26281_/D : -64.099640
[setup in-reg] rst -> _26282_/D : -64.099640
[setup in-reg] rst -> _26283_/D : -64.099640
[setup in-reg] rst -> _26286_/D : -64.099640
[setup in-reg] rst -> _26308_/D : -64.099678
[setup in-reg] rst -> _26313_/D : -64.099640
[setup in-reg] rst -> _26314_/D : -64.099640
[setup in-reg] rst -> _26315_/D : -64.099640
[setup in-reg] rst -> _26318_/D : -64.099640
[setup in-reg] rst -> _26340_/D : -64.099678
[setup in-reg] rst -> _26345_/D : -64.099640
[setup in-reg] rst -> _26346_/D : -64.099640
[setup in-reg] rst -> _26347_/D : -64.099640
[setup in-reg] rst -> _26350_/D : -64.099640
[setup in-reg] rst -> _26372_/D : -64.099678
[setup in-reg] rst -> _26377_/D : -64.099640
[setup in-reg] rst -> _26378_/D : -64.099640
[setup in-reg] rst -> _26379_/D : -64.099640
[setup in-reg] rst -> _26382_/D : -64.099640
[setup in-reg] rst -> _26404_/D : -64.099678
[setup in-reg] rst -> _26409_/D : -64.099640
[setup in-reg] rst -> _26410_/D : -64.099640
[setup in-reg] rst -> _26411_/D : -64.099640
[setup in-reg] rst -> _26414_/D : -64.099640
[setup in-reg] rst -> _26436_/D : -64.099678
[setup in-reg] rst -> _26441_/D : -64.099640
[setup in-reg] rst -> _26442_/D : -64.099640
[setup in-reg] rst -> _26443_/D : -64.099640
[setup in-reg] rst -> _26446_/D : -64.099640
[setup in-reg] rst -> _26468_/D : -64.099678
[setup in-reg] rst -> _26473_/D : -64.099640
[setup in-reg] rst -> _26474_/D : -64.099640
[setup in-reg] rst -> _26475_/D : -64.099640
[setup in-reg] rst -> _26478_/D : -64.099640
[setup in-reg] rst -> _26500_/D : -64.099686
[setup in-reg] rst -> _26505_/D : -64.099648
[setup in-reg] rst -> _26506_/D : -64.099648
[setup in-reg] rst -> _26507_/D : -64.099648
[setup in-reg] rst -> _26510_/D : -64.099648
[setup in-reg] rst -> _26532_/D : -64.099678
[setup in-reg] rst -> _26537_/D : -64.099640
[setup in-reg] rst -> _26538_/D : -64.099640
[setup in-reg] rst -> _26539_/D : -64.099640
[setup in-reg] rst -> _26542_/D : -64.099640
[setup in-reg] rst -> _26564_/D : -64.099678
[setup in-reg] rst -> _26569_/D : -64.099640
[setup in-reg] rst -> _26570_/D : -64.099640
[setup in-reg] rst -> _26571_/D : -64.099640
[setup in-reg] rst -> _26574_/D : -64.099640
[setup in-reg] rst -> _26596_/D : -64.099678
[setup in-reg] rst -> _26601_/D : -64.099640
[setup in-reg] rst -> _26602_/D : -64.099640
[setup in-reg] rst -> _26603_/D : -64.099640
[setup in-reg] rst -> _26606_/D : -64.099640
[setup in-reg] rst -> _26628_/D : -64.099678
[setup in-reg] rst -> _26633_/D : -64.099640
[setup in-reg] rst -> _26634_/D : -64.099640
[setup in-reg] rst -> _26635_/D : -64.099640
[setup in-reg] rst -> _26638_/D : -64.099640
[setup in-reg] rst -> _26660_/D : -64.099678
[setup in-reg] rst -> _26665_/D : -64.099640
[setup in-reg] rst -> _26666_/D : -64.099640
[setup in-reg] rst -> _26667_/D : -64.099640
[setup in-reg] rst -> _26670_/D : -64.099640
[setup in-reg] rst -> _26184_/D : -64.099541
[setup in-reg] rst -> _26216_/D : -64.099548
[setup in-reg] rst -> _26248_/D : -64.099548
[setup in-reg] rst -> _26280_/D : -64.099548
[setup in-reg] rst -> _26312_/D : -64.099548
[setup in-reg] rst -> _26344_/D : -64.099548
[setup in-reg] rst -> _26376_/D : -64.099548
[setup in-reg] rst -> _26408_/D : -64.099548
[setup in-reg] rst -> _26440_/D : -64.099548
[setup in-reg] rst -> _26472_/D : -64.099548
[setup in-reg] rst -> _26504_/D : -64.099556
[setup in-reg] rst -> _26536_/D : -64.099548
[setup in-reg] rst -> _26568_/D : -64.099548
[setup in-reg] rst -> _26600_/D : -64.099548
[setup in-reg] rst -> _26632_/D : -64.099548
[setup in-reg] rst -> _26664_/D : -64.099548
[setup in-reg] rst -> _26172_/D : -64.099335
[setup in-reg] rst -> _26209_/D : -64.099373
[setup in-reg] rst -> _26241_/D : -64.099373
[setup in-reg] rst -> _26401_/D : -64.099373
[setup in-reg] rst -> _26465_/D : -64.099373
[setup in-reg] rst -> _26625_/D : -64.099373
[setup in-reg] rst -> _26657_/D : -64.099373
[setup in-reg] rst -> _26176_/D : -64.099297
[setup in-reg] rst -> _26177_/D : -64.099358
[setup in-reg] rst -> _26181_/D : -64.099281
[setup in-reg] rst -> _26204_/D : -64.099342
[setup in-reg] rst -> _26208_/D : -64.099297
[setup in-reg] rst -> _26236_/D : -64.099342
[setup in-reg] rst -> _26268_/D : -64.099342
[setup in-reg] rst -> _26273_/D : -64.099373
[setup in-reg] rst -> _26305_/D : -64.099373
[setup in-reg] rst -> _26277_/D : -64.099289
[setup in-reg] rst -> _26300_/D : -64.099342
[setup in-reg] rst -> _26304_/D : -64.099297
[setup in-reg] rst -> _26332_/D : -64.099342
[setup in-reg] rst -> _26337_/D : -64.099373
[setup in-reg] rst -> _26364_/D : -64.099342
[setup in-reg] rst -> _26369_/D : -64.099373
[setup in-reg] rst -> _26178_/D : -64.099266
[setup in-reg] rst -> _26210_/D : -64.099274
[setup in-reg] rst -> _26213_/D : -64.099289
[setup in-reg] rst -> _26240_/D : -64.099297
[setup in-reg] rst -> _26242_/D : -64.099274
[setup in-reg] rst -> _26245_/D : -64.099289
[setup in-reg] rst -> _26272_/D : -64.099297
[setup in-reg] rst -> _26274_/D : -64.099274
[setup in-reg] rst -> _26306_/D : -64.099274
[setup in-reg] rst -> _26309_/D : -64.099289
[setup in-reg] rst -> _26336_/D : -64.099297
[setup in-reg] rst -> _26338_/D : -64.099274
[setup in-reg] rst -> _26341_/D : -64.099289
[setup in-reg] rst -> _26368_/D : -64.099297
[setup in-reg] rst -> _26396_/D : -64.099342
[setup in-reg] rst -> _26400_/D : -64.099297
[setup in-reg] rst -> _26428_/D : -64.099342
[setup in-reg] rst -> _26433_/D : -64.099373
[setup in-reg] rst -> _26492_/D : -64.099350
[setup in-reg] rst -> _26529_/D : -64.099373
[setup in-reg] rst -> _26561_/D : -64.099373
[setup in-reg] rst -> _26370_/D : -64.099274
[setup in-reg] rst -> _26373_/D : -64.099289
[setup in-reg] rst -> _26402_/D : -64.099274
[setup in-reg] rst -> _26405_/D : -64.099289
[setup in-reg] rst -> _26432_/D : -64.099297
[setup in-reg] rst -> _26460_/D : -64.099342
[setup in-reg] rst -> _26497_/D : -64.099373
[setup in-reg] rst -> _26434_/D : -64.099274
[setup in-reg] rst -> _26437_/D : -64.099289
[setup in-reg] rst -> _26464_/D : -64.099297
[setup in-reg] rst -> _26466_/D : -64.099274
[setup in-reg] rst -> _26469_/D : -64.099289
[setup in-reg] rst -> _26496_/D : -64.099312
[setup in-reg] rst -> _26498_/D : -64.099274
[setup in-reg] rst -> _26501_/D : -64.099297
[setup in-reg] rst -> _26524_/D : -64.099342
[setup in-reg] rst -> _26528_/D : -64.099297
[setup in-reg] rst -> _26556_/D : -64.099342
[setup in-reg] rst -> _26560_/D : -64.099297
[setup in-reg] rst -> _26588_/D : -64.099342
[setup in-reg] rst -> _26593_/D : -64.099373
[setup in-reg] rst -> _26530_/D : -64.099274
[setup in-reg] rst -> _26533_/D : -64.099289
[setup in-reg] rst -> _26562_/D : -64.099274
[setup in-reg] rst -> _26565_/D : -64.099289
[setup in-reg] rst -> _26592_/D : -64.099297
[setup in-reg] rst -> _26620_/D : -64.099342
[setup in-reg] rst -> _26624_/D : -64.099297
[setup in-reg] rst -> _26652_/D : -64.099342
[setup in-reg] rst -> _26594_/D : -64.099274
[setup in-reg] rst -> _26597_/D : -64.099289
[setup in-reg] rst -> _26626_/D : -64.099274
[setup in-reg] rst -> _26629_/D : -64.099289
[setup in-reg] rst -> _26656_/D : -64.099297
[setup in-reg] rst -> _26658_/D : -64.099274
[setup in-reg] rst -> _26661_/D : -64.099289
[setup in-reg] rst -> _26189_/D : -64.099113
[setup in-reg] rst -> _26221_/D : -64.099121
[setup in-reg] rst -> _26253_/D : -64.099121
[setup in-reg] rst -> _26285_/D : -64.099121
[setup in-reg] rst -> _26317_/D : -64.099121
[setup in-reg] rst -> _26349_/D : -64.099121
[setup in-reg] rst -> _26381_/D : -64.099121
[setup in-reg] rst -> _26413_/D : -64.099121
[setup in-reg] rst -> _26445_/D : -64.099121
[setup in-reg] rst -> _26477_/D : -64.099121
[setup in-reg] rst -> _26509_/D : -64.099129
[setup in-reg] rst -> _26541_/D : -64.099121
[setup in-reg] rst -> _26573_/D : -64.099121
[setup in-reg] rst -> _26605_/D : -64.099121
[setup in-reg] rst -> _26637_/D : -64.099121
[setup in-reg] rst -> _26669_/D : -64.099121
[setup in-reg] rst -> _26188_/D : -64.099007
[setup in-reg] rst -> _26220_/D : -64.099014
[setup in-reg] rst -> _26252_/D : -64.099014
[setup in-reg] rst -> _26284_/D : -64.099014
[setup in-reg] rst -> _26316_/D : -64.099014
[setup in-reg] rst -> _26348_/D : -64.099014
[setup in-reg] rst -> _26380_/D : -64.099014
[setup in-reg] rst -> _26412_/D : -64.099014
[setup in-reg] rst -> _26444_/D : -64.099014
[setup in-reg] rst -> _26476_/D : -64.099014
[setup in-reg] rst -> _26508_/D : -64.099022
[setup in-reg] rst -> _26540_/D : -64.099014
[setup in-reg] rst -> _26572_/D : -64.099014
[setup in-reg] rst -> _26604_/D : -64.099014
[setup in-reg] rst -> _26636_/D : -64.099014
[setup in-reg] rst -> _26668_/D : -64.099014
[setup in-reg] rst -> _26191_/D : -64.098701
[setup in-reg] rst -> _26223_/D : -64.098709
[setup in-reg] rst -> _26255_/D : -64.098709
[setup in-reg] rst -> _26287_/D : -64.098709
[setup in-reg] rst -> _26319_/D : -64.098709
[setup in-reg] rst -> _26351_/D : -64.098709
[setup in-reg] rst -> _26383_/D : -64.098709
[setup in-reg] rst -> _26415_/D : -64.098709
[setup in-reg] rst -> _26447_/D : -64.098709
[setup in-reg] rst -> _26479_/D : -64.098709
[setup in-reg] rst -> _26511_/D : -64.098717
[setup in-reg] rst -> _26543_/D : -64.098709
[setup in-reg] rst -> _26575_/D : -64.098709
[setup in-reg] rst -> _26607_/D : -64.098709
[setup in-reg] rst -> _26639_/D : -64.098709
[setup in-reg] rst -> _26671_/D : -64.098709
[setup in-reg] rst -> _26168_/D : -64.098198
[setup in-reg] rst -> _26200_/D : -64.098206
[setup in-reg] rst -> _26232_/D : -64.098206
[setup in-reg] rst -> _26264_/D : -64.098206
[setup in-reg] rst -> _26296_/D : -64.098206
[setup in-reg] rst -> _26328_/D : -64.098206
[setup in-reg] rst -> _26360_/D : -64.098206
[setup in-reg] rst -> _26392_/D : -64.098206
[setup in-reg] rst -> _26424_/D : -64.098206
[setup in-reg] rst -> _26456_/D : -64.098206
[setup in-reg] rst -> _26488_/D : -64.098213
[setup in-reg] rst -> _26520_/D : -64.098206
[setup in-reg] rst -> _26552_/D : -64.098206
[setup in-reg] rst -> _26584_/D : -64.098206
[setup in-reg] rst -> _26616_/D : -64.098206
[setup in-reg] rst -> _26648_/D : -64.098206
[setup in-reg] rst -> _26183_/D : -64.094521
[setup in-reg] rst -> _26215_/D : -64.094528
[setup in-reg] rst -> _26247_/D : -64.094528
[setup in-reg] rst -> _26279_/D : -64.094528
[setup in-reg] rst -> _26311_/D : -64.094528
[setup in-reg] rst -> _26343_/D : -64.094528
[setup in-reg] rst -> _26375_/D : -64.094528
[setup in-reg] rst -> _26407_/D : -64.094528
[setup in-reg] rst -> _26439_/D : -64.094528
[setup in-reg] rst -> _26471_/D : -64.094528
[setup in-reg] rst -> _26503_/D : -64.094536
[setup in-reg] rst -> _26535_/D : -64.094528
[setup in-reg] rst -> _26567_/D : -64.094528
[setup in-reg] rst -> _26599_/D : -64.094528
[setup in-reg] rst -> _26631_/D : -64.094528
[setup in-reg] rst -> _26663_/D : -64.094528
[setup in-reg] rst -> _26160_/D : -64.094360
[setup in-reg] rst -> _26162_/D : -64.094360
[setup in-reg] rst -> _26163_/D : -64.094360
[setup in-reg] rst -> _26164_/D : -64.094360
[setup in-reg] rst -> _26192_/D : -64.094368
[setup in-reg] rst -> _26194_/D : -64.094368
[setup in-reg] rst -> _26195_/D : -64.094368
[setup in-reg] rst -> _26196_/D : -64.094368
[setup in-reg] rst -> _26224_/D : -64.094368
[setup in-reg] rst -> _26226_/D : -64.094368
[setup in-reg] rst -> _26227_/D : -64.094368
[setup in-reg] rst -> _26228_/D : -64.094368
[setup in-reg] rst -> _26256_/D : -64.094368
[setup in-reg] rst -> _26258_/D : -64.094368
[setup in-reg] rst -> _26259_/D : -64.094368
[setup in-reg] rst -> _26260_/D : -64.094368
[setup in-reg] rst -> _26288_/D : -64.094368
[setup in-reg] rst -> _26290_/D : -64.094368
[setup in-reg] rst -> _26291_/D : -64.094368
[setup in-reg] rst -> _26292_/D : -64.094368
[setup in-reg] rst -> _26320_/D : -64.094368
[setup in-reg] rst -> _26322_/D : -64.094368
[setup in-reg] rst -> _26323_/D : -64.094368
[setup in-reg] rst -> _26324_/D : -64.094368
[setup in-reg] rst -> _26352_/D : -64.094368
[setup in-reg] rst -> _26354_/D : -64.094368
[setup in-reg] rst -> _26355_/D : -64.094368
[setup in-reg] rst -> _26356_/D : -64.094368
[setup in-reg] rst -> _26384_/D : -64.094368
[setup in-reg] rst -> _26386_/D : -64.094368
[setup in-reg] rst -> _26387_/D : -64.094368
[setup in-reg] rst -> _26388_/D : -64.094368
[setup in-reg] rst -> _26416_/D : -64.094368
[setup in-reg] rst -> _26418_/D : -64.094368
[setup in-reg] rst -> _26419_/D : -64.094368
[setup in-reg] rst -> _26420_/D : -64.094368
[setup in-reg] rst -> _26448_/D : -64.094368
[setup in-reg] rst -> _26450_/D : -64.094368
[setup in-reg] rst -> _26451_/D : -64.094368
[setup in-reg] rst -> _26452_/D : -64.094368
[setup in-reg] rst -> _26480_/D : -64.094376
[setup in-reg] rst -> _26482_/D : -64.094376
[setup in-reg] rst -> _26483_/D : -64.094376
[setup in-reg] rst -> _26484_/D : -64.094376
[setup in-reg] rst -> _26161_/D : -64.094292
[setup in-reg] rst -> _26165_/D : -64.094292
[setup in-reg] rst -> _26166_/D : -64.094292
[setup in-reg] rst -> _26167_/D : -64.094292
[setup in-reg] rst -> _26193_/D : -64.094299
[setup in-reg] rst -> _26197_/D : -64.094299
[setup in-reg] rst -> _26198_/D : -64.094299
[setup in-reg] rst -> _26199_/D : -64.094299
[setup in-reg] rst -> _26225_/D : -64.094299
[setup in-reg] rst -> _26229_/D : -64.094299
[setup in-reg] rst -> _26230_/D : -64.094299
[setup in-reg] rst -> _26231_/D : -64.094299
[setup in-reg] rst -> _26257_/D : -64.094299
[setup in-reg] rst -> _26261_/D : -64.094299
[setup in-reg] rst -> _26262_/D : -64.094299
[setup in-reg] rst -> _26263_/D : -64.094299
[setup in-reg] rst -> _26289_/D : -64.094299
[setup in-reg] rst -> _26293_/D : -64.094299
[setup in-reg] rst -> _26294_/D : -64.094299
[setup in-reg] rst -> _26295_/D : -64.094299
[setup in-reg] rst -> _26321_/D : -64.094299
[setup in-reg] rst -> _26325_/D : -64.094299
[setup in-reg] rst -> _26326_/D : -64.094299
[setup in-reg] rst -> _26327_/D : -64.094299
[setup in-reg] rst -> _26353_/D : -64.094299
[setup in-reg] rst -> _26357_/D : -64.094299
[setup in-reg] rst -> _26358_/D : -64.094299
[setup in-reg] rst -> _26359_/D : -64.094299
[setup in-reg] rst -> _26385_/D : -64.094299
[setup in-reg] rst -> _26389_/D : -64.094299
[setup in-reg] rst -> _26390_/D : -64.094299
[setup in-reg] rst -> _26391_/D : -64.094299
[setup in-reg] rst -> _26417_/D : -64.094299
[setup in-reg] rst -> _26421_/D : -64.094299
[setup in-reg] rst -> _26422_/D : -64.094299
[setup in-reg] rst -> _26423_/D : -64.094299
[setup in-reg] rst -> _26449_/D : -64.094299
[setup in-reg] rst -> _26453_/D : -64.094299
[setup in-reg] rst -> _26454_/D : -64.094299
[setup in-reg] rst -> _26455_/D : -64.094299
[setup in-reg] rst -> _26481_/D : -64.094307
[setup in-reg] rst -> _26485_/D : -64.094307
[setup in-reg] rst -> _26486_/D : -64.094307
[setup in-reg] rst -> _26487_/D : -64.094307
[setup in-reg] rst -> _26512_/D : -64.094368
[setup in-reg] rst -> _26514_/D : -64.094368
[setup in-reg] rst -> _26515_/D : -64.094368
[setup in-reg] rst -> _26516_/D : -64.094368
[setup in-reg] rst -> _26544_/D : -64.094368
[setup in-reg] rst -> _26546_/D : -64.094368
[setup in-reg] rst -> _26547_/D : -64.094368
[setup in-reg] rst -> _26548_/D : -64.094368
[setup in-reg] rst -> _26576_/D : -64.094368
[setup in-reg] rst -> _26578_/D : -64.094368
[setup in-reg] rst -> _26579_/D : -64.094368
[setup in-reg] rst -> _26580_/D : -64.094368
[setup in-reg] rst -> _26608_/D : -64.094368
[setup in-reg] rst -> _26610_/D : -64.094368
[setup in-reg] rst -> _26611_/D : -64.094368
[setup in-reg] rst -> _26612_/D : -64.094368
[setup in-reg] rst -> _26640_/D : -64.094368
[setup in-reg] rst -> _26642_/D : -64.094368
[setup in-reg] rst -> _26643_/D : -64.094368
[setup in-reg] rst -> _26644_/D : -64.094368
[setup in-reg] rst -> _26513_/D : -64.094299
[setup in-reg] rst -> _26517_/D : -64.094299
[setup in-reg] rst -> _26518_/D : -64.094299
[setup in-reg] rst -> _26519_/D : -64.094299
[setup in-reg] rst -> _26545_/D : -64.094299
[setup in-reg] rst -> _26549_/D : -64.094299
[setup in-reg] rst -> _26550_/D : -64.094299
[setup in-reg] rst -> _26551_/D : -64.094299
[setup in-reg] rst -> _26577_/D : -64.094299
[setup in-reg] rst -> _26581_/D : -64.094299
[setup in-reg] rst -> _26582_/D : -64.094299
[setup in-reg] rst -> _26583_/D : -64.094299
[setup in-reg] rst -> _26609_/D : -64.094299
[setup in-reg] rst -> _26613_/D : -64.094299
[setup in-reg] rst -> _26614_/D : -64.094299
[setup in-reg] rst -> _26615_/D : -64.094299
[setup in-reg] rst -> _26641_/D : -64.094299
[setup in-reg] rst -> _26645_/D : -64.094299
[setup in-reg] rst -> _26646_/D : -64.094299
[setup in-reg] rst -> _26647_/D : -64.094299
[setup reg-reg] _25059_/Q -> _25424_/D : -60.900429
[setup reg-reg] _25059_/Q -> _25426_/D : -60.900429
[setup reg-reg] _25059_/Q -> _25427_/D : -60.900429
[setup reg-reg] _25059_/Q -> _25428_/D : -60.900429
[setup reg-reg] _25059_/Q -> _25429_/D : -60.900429
[setup reg-reg] _25059_/Q -> _25431_/D : -60.900429
[setup reg-reg] _25059_/Q -> _25432_/D : -60.900429
[setup reg-reg] _25059_/Q -> _25433_/D : -60.900429
[setup reg-reg] _25059_/Q -> _25434_/D : -60.900429
[setup reg-reg] _25059_/Q -> _25435_/D : -60.900429
[setup reg-reg] _25059_/Q -> _25436_/D : -60.900429
[setup reg-reg] _25059_/Q -> _25437_/D : -60.900429
[setup reg-reg] _25059_/Q -> _25438_/D : -60.900429
[setup reg-reg] _25059_/Q -> _25439_/D : -60.900429
[setup reg-reg] _25059_/Q -> _25440_/D : -60.900429
[setup reg-reg] _25059_/Q -> _25443_/D : -60.900429
[setup reg-reg] _25059_/Q -> _25444_/D : -60.900429
[setup reg-reg] _25059_/Q -> _25445_/D : -60.900429
[setup reg-reg] _25059_/Q -> _25447_/D : -60.900429
[setup reg-reg] _25059_/Q -> _25448_/D : -60.900429
[setup reg-reg] _25059_/Q -> _25449_/D : -60.900429
[setup reg-reg] _25059_/Q -> _25450_/D : -60.900429
[setup reg-reg] _25059_/Q -> _25451_/D : -60.900429
[setup reg-reg] _25059_/Q -> _25452_/D : -60.900429
[setup reg-reg] _25059_/Q -> _25453_/D : -60.900429
[setup in-reg] rst -> _25651_/D : -42.205940
[setup in-reg] rst -> _25652_/D : -42.205940
[setup in-reg] rst -> _25653_/D : -42.205940
[setup in-reg] rst -> _25655_/D : -42.205940
[setup in-reg] rst -> _25664_/D : -42.205940
[setup in-reg] rst -> _26681_/D : -42.205940
[setup in-reg] rst -> _26682_/D : -42.205940
[setup in-reg] rst -> _26683_/D : -42.205940
[setup in-reg] rst -> _26685_/D : -42.205940
[setup in-reg] rst -> _26694_/D : -42.205940
[setup in-reg] rst -> _25656_/D : -42.205872
[setup in-reg] rst -> _25657_/D : -42.205872
[setup in-reg] rst -> _25661_/D : -42.205872
[setup in-reg] rst -> _26686_/D : -42.205872
[setup in-reg] rst -> _26687_/D : -42.205872
[setup in-reg] rst -> _26691_/D : -42.205872
[setup in-reg] rst -> _25662_/D : -42.205708
[setup in-reg] rst -> _25667_/D : -42.205669
[setup in-reg] rst -> _25668_/D : -42.205669
[setup in-reg] rst -> _25669_/D : -42.205669
[setup in-reg] rst -> _25672_/D : -42.205669
[setup in-reg] rst -> _26692_/D : -42.205708
[setup in-reg] rst -> _26697_/D : -42.205669
[setup in-reg] rst -> _26698_/D : -42.205669
[setup in-reg] rst -> _26699_/D : -42.205669
[setup in-reg] rst -> _26702_/D : -42.205669
[setup in-reg] rst -> _25666_/D : -42.205578
[setup in-reg] rst -> _26696_/D : -42.205578
[setup in-reg] rst -> _25654_/D : -42.205372
[setup in-reg] rst -> _25659_/D : -42.205399
[setup in-reg] rst -> _26684_/D : -42.205372
[setup in-reg] rst -> _26689_/D : -42.205399
[setup in-reg] rst -> _25658_/D : -42.205334
[setup in-reg] rst -> _25660_/D : -42.205303
[setup in-reg] rst -> _25663_/D : -42.205322
[setup in-reg] rst -> _26688_/D : -42.205334
[setup in-reg] rst -> _26690_/D : -42.205303
[setup in-reg] rst -> _26693_/D : -42.205322
[setup in-reg] rst -> _25671_/D : -42.205154
[setup in-reg] rst -> _26701_/D : -42.205154
[setup in-reg] rst -> _25670_/D : -42.205048
[setup in-reg] rst -> _26700_/D : -42.205048
[setup in-reg] rst -> _25673_/D : -42.204739
[setup in-reg] rst -> _26703_/D : -42.204739
[setup in-reg] rst -> _25650_/D : -42.204235
[setup in-reg] rst -> _26680_/D : -42.204235
[setup in-reg] rst -> _25665_/D : -42.200562
[setup in-reg] rst -> _26695_/D : -42.200562
[setup in-reg] rst -> _25642_/D : -42.200397
[setup in-reg] rst -> _25644_/D : -42.200397
[setup in-reg] rst -> _25645_/D : -42.200397
[setup in-reg] rst -> _25646_/D : -42.200397
[setup in-reg] rst -> _26672_/D : -42.200397
[setup in-reg] rst -> _26674_/D : -42.200397
[setup in-reg] rst -> _26675_/D : -42.200397
[setup in-reg] rst -> _26676_/D : -42.200397
[setup in-reg] rst -> _25643_/D : -42.200329
[setup in-reg] rst -> _25647_/D : -42.200329
[setup in-reg] rst -> _25648_/D : -42.200329
[setup in-reg] rst -> _25649_/D : -42.200329
[setup in-reg] rst -> _26673_/D : -42.200329
[setup in-reg] rst -> _26677_/D : -42.200329
[setup in-reg] rst -> _26678_/D : -42.200329
[setup in-reg] rst -> _26679_/D : -42.200329
[setup in-reg] rst -> _26713_/D : -42.176765
[setup in-reg] rst -> _26714_/D : -42.176765
[setup in-reg] rst -> _26715_/D : -42.176765
[setup in-reg] rst -> _26717_/D : -42.176765
[setup in-reg] rst -> _26726_/D : -42.176765
[setup in-reg] rst -> _26745_/D : -42.176765
[setup in-reg] rst -> _26746_/D : -42.176765
[setup in-reg] rst -> _26747_/D : -42.176765
[setup in-reg] rst -> _26749_/D : -42.176765
[setup in-reg] rst -> _26758_/D : -42.176765
[setup in-reg] rst -> _26777_/D : -42.176765
[setup in-reg] rst -> _26778_/D : -42.176765
[setup in-reg] rst -> _26779_/D : -42.176765
[setup in-reg] rst -> _26781_/D : -42.176765
[setup in-reg] rst -> _26790_/D : -42.176765
[setup in-reg] rst -> _26809_/D : -42.176765
[setup in-reg] rst -> _26810_/D : -42.176765
[setup in-reg] rst -> _26811_/D : -42.176765
[setup in-reg] rst -> _26813_/D : -42.176765
[setup in-reg] rst -> _26822_/D : -42.176765
[setup in-reg] rst -> _26841_/D : -42.176773
[setup in-reg] rst -> _26842_/D : -42.176773
[setup in-reg] rst -> _26843_/D : -42.176773
[setup in-reg] rst -> _26845_/D : -42.176773
[setup in-reg] rst -> _26854_/D : -42.176773
[setup in-reg] rst -> _26873_/D : -42.176773
[setup in-reg] rst -> _26874_/D : -42.176773
[setup in-reg] rst -> _26875_/D : -42.176773
[setup in-reg] rst -> _26877_/D : -42.176773
[setup in-reg] rst -> _26886_/D : -42.176773
[setup in-reg] rst -> _26905_/D : -42.176773
[setup in-reg] rst -> _26906_/D : -42.176773
[setup in-reg] rst -> _26907_/D : -42.176773
[setup in-reg] rst -> _26909_/D : -42.176773
[setup in-reg] rst -> _26918_/D : -42.176773
[setup in-reg] rst -> _26937_/D : -42.176765
[setup in-reg] rst -> _26938_/D : -42.176765
[setup in-reg] rst -> _26939_/D : -42.176765
[setup in-reg] rst -> _26941_/D : -42.176765
[setup in-reg] rst -> _26950_/D : -42.176765
[setup in-reg] rst -> _26969_/D : -42.176773
[setup in-reg] rst -> _26970_/D : -42.176773
[setup in-reg] rst -> _26971_/D : -42.176773
[setup in-reg] rst -> _26973_/D : -42.176773
[setup in-reg] rst -> _26982_/D : -42.176773
[setup in-reg] rst -> _27001_/D : -42.176773
[setup in-reg] rst -> _27002_/D : -42.176773
[setup in-reg] rst -> _27003_/D : -42.176773
[setup in-reg] rst -> _27005_/D : -42.176773
[setup in-reg] rst -> _27014_/D : -42.176773
[setup in-reg] rst -> _27033_/D : -42.176765
[setup in-reg] rst -> _27034_/D : -42.176765
[setup in-reg] rst -> _27035_/D : -42.176765
[setup in-reg] rst -> _27037_/D : -42.176765
[setup in-reg] rst -> _27046_/D : -42.176765
[setup in-reg] rst -> _27065_/D : -42.176773
[setup in-reg] rst -> _27066_/D : -42.176773
[setup in-reg] rst -> _27067_/D : -42.176773
[setup in-reg] rst -> _27069_/D : -42.176773
[setup in-reg] rst -> _27078_/D : -42.176773
[setup in-reg] rst -> _27097_/D : -42.176773
[setup in-reg] rst -> _27098_/D : -42.176773
[setup in-reg] rst -> _27099_/D : -42.176773
[setup in-reg] rst -> _27101_/D : -42.176773
[setup in-reg] rst -> _27110_/D : -42.176773
[setup in-reg] rst -> _27129_/D : -42.176773
[setup in-reg] rst -> _27130_/D : -42.176773
[setup in-reg] rst -> _27131_/D : -42.176773
[setup in-reg] rst -> _27133_/D : -42.176773
[setup in-reg] rst -> _27142_/D : -42.176773
[setup in-reg] rst -> _26718_/D : -42.176697
[setup in-reg] rst -> _26719_/D : -42.176697
[setup in-reg] rst -> _26723_/D : -42.176697
[setup in-reg] rst -> _26750_/D : -42.176697
[setup in-reg] rst -> _26751_/D : -42.176697
[setup in-reg] rst -> _26755_/D : -42.176697
[setup in-reg] rst -> _26782_/D : -42.176697
[setup in-reg] rst -> _26783_/D : -42.176697
[setup in-reg] rst -> _26787_/D : -42.176697
[setup in-reg] rst -> _26814_/D : -42.176697
[setup in-reg] rst -> _26815_/D : -42.176697
[setup in-reg] rst -> _26819_/D : -42.176697
[setup in-reg] rst -> _26846_/D : -42.176701
[setup in-reg] rst -> _26847_/D : -42.176701
[setup in-reg] rst -> _26851_/D : -42.176701
[setup in-reg] rst -> _26878_/D : -42.176701
[setup in-reg] rst -> _26879_/D : -42.176701
[setup in-reg] rst -> _26883_/D : -42.176701
[setup in-reg] rst -> _26910_/D : -42.176701
[setup in-reg] rst -> _26911_/D : -42.176701
[setup in-reg] rst -> _26915_/D : -42.176701
[setup in-reg] rst -> _26942_/D : -42.176697
[setup in-reg] rst -> _26943_/D : -42.176697
[setup in-reg] rst -> _26947_/D : -42.176697
[setup in-reg] rst -> _26974_/D : -42.176701
[setup in-reg] rst -> _26975_/D : -42.176701
[setup in-reg] rst -> _26979_/D : -42.176701
[setup in-reg] rst -> _27006_/D : -42.176701
[setup in-reg] rst -> _27007_/D : -42.176701
[setup in-reg] rst -> _27011_/D : -42.176701
[setup in-reg] rst -> _27038_/D : -42.176697
[setup in-reg] rst -> _27039_/D : -42.176697
[setup in-reg] rst -> _27043_/D : -42.176697
[setup in-reg] rst -> _27070_/D : -42.176701
[setup in-reg] rst -> _27071_/D : -42.176701
[setup in-reg] rst -> _27075_/D : -42.176701
[setup in-reg] rst -> _27102_/D : -42.176701
[setup in-reg] rst -> _27103_/D : -42.176701
[setup in-reg] rst -> _27107_/D : -42.176701
[setup in-reg] rst -> _27134_/D : -42.176701
[setup in-reg] rst -> _27135_/D : -42.176701
[setup in-reg] rst -> _27139_/D : -42.176701
[setup in-reg] rst -> _26724_/D : -42.176533
[setup in-reg] rst -> _26852_/D : -42.176540
[setup in-reg] rst -> _26916_/D : -42.176540
[setup in-reg] rst -> _26729_/D : -42.176495
[setup in-reg] rst -> _26730_/D : -42.176495
[setup in-reg] rst -> _26731_/D : -42.176495
[setup in-reg] rst -> _26734_/D : -42.176495
[setup in-reg] rst -> _26756_/D : -42.176533
[setup in-reg] rst -> _26761_/D : -42.176495
[setup in-reg] rst -> _26762_/D : -42.176495
[setup in-reg] rst -> _26763_/D : -42.176495
[setup in-reg] rst -> _26766_/D : -42.176495
[setup in-reg] rst -> _26788_/D : -42.176533
[setup in-reg] rst -> _26793_/D : -42.176495
[setup in-reg] rst -> _26794_/D : -42.176495
[setup in-reg] rst -> _26795_/D : -42.176495
[setup in-reg] rst -> _26798_/D : -42.176495
[setup in-reg] rst -> _26820_/D : -42.176533
[setup in-reg] rst -> _26825_/D : -42.176495
[setup in-reg] rst -> _26826_/D : -42.176495
[setup in-reg] rst -> _26827_/D : -42.176495
[setup in-reg] rst -> _26830_/D : -42.176495
[setup in-reg] rst -> _26857_/D : -42.176502
[setup in-reg] rst -> _26858_/D : -42.176502
[setup in-reg] rst -> _26859_/D : -42.176502
[setup in-reg] rst -> _26862_/D : -42.176502
[setup in-reg] rst -> _26884_/D : -42.176540
[setup in-reg] rst -> _26889_/D : -42.176502
[setup in-reg] rst -> _26890_/D : -42.176502
[setup in-reg] rst -> _26891_/D : -42.176502
[setup in-reg] rst -> _26894_/D : -42.176502
[setup in-reg] rst -> _26921_/D : -42.176502
[setup in-reg] rst -> _26922_/D : -42.176502
[setup in-reg] rst -> _26923_/D : -42.176502
[setup in-reg] rst -> _26926_/D : -42.176502
[setup in-reg] rst -> _26948_/D : -42.176533
[setup in-reg] rst -> _26980_/D : -42.176540
[setup in-reg] rst -> _26953_/D : -42.176495
[setup in-reg] rst -> _26954_/D : -42.176495
[setup in-reg] rst -> _26955_/D : -42.176495
[setup in-reg] rst -> _26958_/D : -42.176495
[setup in-reg] rst -> _26985_/D : -42.176502
[setup in-reg] rst -> _26986_/D : -42.176502
[setup in-reg] rst -> _26987_/D : -42.176502
[setup in-reg] rst -> _26990_/D : -42.176502
[setup in-reg] rst -> _27012_/D : -42.176540
[setup in-reg] rst -> _27017_/D : -42.176502
[setup in-reg] rst -> _27018_/D : -42.176502
[setup in-reg] rst -> _27019_/D : -42.176502
[setup in-reg] rst -> _27022_/D : -42.176502
[setup in-reg] rst -> _27044_/D : -42.176533
[setup in-reg] rst -> _27076_/D : -42.176540
[setup in-reg] rst -> _27049_/D : -42.176495
[setup in-reg] rst -> _27050_/D : -42.176495
[setup in-reg] rst -> _27051_/D : -42.176495
[setup in-reg] rst -> _27054_/D : -42.176495
[setup in-reg] rst -> _27081_/D : -42.176502
[setup in-reg] rst -> _27082_/D : -42.176502
[setup in-reg] rst -> _27083_/D : -42.176502
[setup in-reg] rst -> _27086_/D : -42.176502
[setup in-reg] rst -> _27108_/D : -42.176540
[setup in-reg] rst -> _27113_/D : -42.176502
[setup in-reg] rst -> _27114_/D : -42.176502
[setup in-reg] rst -> _27115_/D : -42.176502
[setup in-reg] rst -> _27118_/D : -42.176502
[setup in-reg] rst -> _27140_/D : -42.176540
[setup in-reg] rst -> _27145_/D : -42.176502
[setup in-reg] rst -> _27146_/D : -42.176502
[setup in-reg] rst -> _27147_/D : -42.176502
[setup in-reg] rst -> _27150_/D : -42.176502
[setup in-reg] rst -> _26728_/D : -42.176403
[setup in-reg] rst -> _26760_/D : -42.176403
[setup in-reg] rst -> _26792_/D : -42.176403
[setup in-reg] rst -> _26824_/D : -42.176403
[setup in-reg] rst -> _26856_/D : -42.176411
[setup in-reg] rst -> _26888_/D : -42.176411
[setup in-reg] rst -> _26920_/D : -42.176411
[setup in-reg] rst -> _26952_/D : -42.176403
[setup in-reg] rst -> _26984_/D : -42.176411
[setup in-reg] rst -> _27016_/D : -42.176411
[setup in-reg] rst -> _27048_/D : -42.176403
[setup in-reg] rst -> _27080_/D : -42.176411
[setup in-reg] rst -> _27112_/D : -42.176411
[setup in-reg] rst -> _27144_/D : -42.176411
[setup in-reg] rst -> _26716_/D : -42.176197
[setup in-reg] rst -> _26721_/D : -42.176224
[setup in-reg] rst -> _26748_/D : -42.176197
[setup in-reg] rst -> _26753_/D : -42.176224
[setup in-reg] rst -> _26785_/D : -42.176224
[setup in-reg] rst -> _26876_/D : -42.176205
[setup in-reg] rst -> _26881_/D : -42.176231
[setup in-reg] rst -> _26913_/D : -42.176231
[setup in-reg] rst -> _27004_/D : -42.176205
[setup in-reg] rst -> _27009_/D : -42.176231
[setup in-reg] rst -> _27041_/D : -42.176224
[setup in-reg] rst -> _27068_/D : -42.176205
[setup in-reg] rst -> _27073_/D : -42.176231
[setup in-reg] rst -> _27100_/D : -42.176205
[setup in-reg] rst -> _27105_/D : -42.176231
[setup in-reg] rst -> _27132_/D : -42.176205
[setup in-reg] rst -> _27137_/D : -42.176231
[setup in-reg] rst -> _26720_/D : -42.176159
[setup in-reg] rst -> _26812_/D : -42.176197
[setup in-reg] rst -> _26817_/D : -42.176224
[setup in-reg] rst -> _26844_/D : -42.176205
[setup in-reg] rst -> _26849_/D : -42.176231
[setup in-reg] rst -> _26940_/D : -42.176197
[setup in-reg] rst -> _26945_/D : -42.176224
[setup in-reg] rst -> _26972_/D : -42.176205
[setup in-reg] rst -> _26977_/D : -42.176231
[setup in-reg] rst -> _27036_/D : -42.176197
[setup in-reg] rst -> _26722_/D : -42.176128
[setup in-reg] rst -> _26725_/D : -42.176147
[setup in-reg] rst -> _26752_/D : -42.176159
[setup in-reg] rst -> _26780_/D : -42.176197
[setup in-reg] rst -> _26754_/D : -42.176128
[setup in-reg] rst -> _26757_/D : -42.176147
[setup in-reg] rst -> _26784_/D : -42.176159
[setup in-reg] rst -> _26786_/D : -42.176128
[setup in-reg] rst -> _26789_/D : -42.176147
[setup in-reg] rst -> _26816_/D : -42.176159
[setup in-reg] rst -> _26818_/D : -42.176128
[setup in-reg] rst -> _26821_/D : -42.176147
[setup in-reg] rst -> _26848_/D : -42.176167
[setup in-reg] rst -> _26850_/D : -42.176132
[setup in-reg] rst -> _26853_/D : -42.176155
[setup in-reg] rst -> _26880_/D : -42.176167
[setup in-reg] rst -> _26908_/D : -42.176205
[setup in-reg] rst -> _26882_/D : -42.176132
[setup in-reg] rst -> _26885_/D : -42.176155
[setup in-reg] rst -> _26912_/D : -42.176167
[setup in-reg] rst -> _26914_/D : -42.176132
[setup in-reg] rst -> _26917_/D : -42.176155
[setup in-reg] rst -> _26944_/D : -42.176159
[setup in-reg] rst -> _26946_/D : -42.176128
[setup in-reg] rst -> _26949_/D : -42.176147
[setup in-reg] rst -> _26976_/D : -42.176167
[setup in-reg] rst -> _26978_/D : -42.176132
[setup in-reg] rst -> _26981_/D : -42.176155
[setup in-reg] rst -> _27008_/D : -42.176167
[setup in-reg] rst -> _27010_/D : -42.176132
[setup in-reg] rst -> _27013_/D : -42.176155
[setup in-reg] rst -> _27040_/D : -42.176159
[setup in-reg] rst -> _27042_/D : -42.176128
[setup in-reg] rst -> _27045_/D : -42.176147
[setup in-reg] rst -> _27072_/D : -42.176167
[setup in-reg] rst -> _27074_/D : -42.176132
[setup in-reg] rst -> _27077_/D : -42.176155
[setup in-reg] rst -> _27104_/D : -42.176167
[setup in-reg] rst -> _27106_/D : -42.176132
[setup in-reg] rst -> _27109_/D : -42.176155
[setup in-reg] rst -> _27136_/D : -42.176167
[setup in-reg] rst -> _27138_/D : -42.176132
[setup in-reg] rst -> _27141_/D : -42.176155
[setup in-reg] rst -> _26733_/D : -42.175976
[setup in-reg] rst -> _26765_/D : -42.175976
[setup in-reg] rst -> _26797_/D : -42.175976
[setup in-reg] rst -> _26829_/D : -42.175976
[setup in-reg] rst -> _26861_/D : -42.175983
[setup in-reg] rst -> _26893_/D : -42.175983
[setup in-reg] rst -> _26925_/D : -42.175983
[setup in-reg] rst -> _26957_/D : -42.175976
[setup in-reg] rst -> _26989_/D : -42.175983
[setup in-reg] rst -> _27021_/D : -42.175983
[setup in-reg] rst -> _27053_/D : -42.175976
[setup in-reg] rst -> _27085_/D : -42.175983
[setup in-reg] rst -> _27117_/D : -42.175983
[setup in-reg] rst -> _27149_/D : -42.175983
[setup in-reg] rst -> _26732_/D : -42.175873
[setup in-reg] rst -> _26764_/D : -42.175873
[setup in-reg] rst -> _26796_/D : -42.175873
[setup in-reg] rst -> _26828_/D : -42.175873
[setup in-reg] rst -> _26860_/D : -42.175877
[setup in-reg] rst -> _26892_/D : -42.175877
[setup in-reg] rst -> _26924_/D : -42.175877
[setup in-reg] rst -> _26956_/D : -42.175873
[setup in-reg] rst -> _26988_/D : -42.175877
[setup in-reg] rst -> _27020_/D : -42.175877
[setup in-reg] rst -> _27052_/D : -42.175873
[setup in-reg] rst -> _27084_/D : -42.175877
[setup in-reg] rst -> _27116_/D : -42.175877
[setup in-reg] rst -> _27148_/D : -42.175877
[setup in-reg] rst -> _26735_/D : -42.175564
[setup in-reg] rst -> _26767_/D : -42.175564
[setup in-reg] rst -> _26799_/D : -42.175564
[setup in-reg] rst -> _26831_/D : -42.175564
[setup in-reg] rst -> _26863_/D : -42.175571
[setup in-reg] rst -> _26895_/D : -42.175571
[setup in-reg] rst -> _26927_/D : -42.175571
[setup in-reg] rst -> _26959_/D : -42.175564
[setup in-reg] rst -> _26991_/D : -42.175571
[setup in-reg] rst -> _27023_/D : -42.175571
[setup in-reg] rst -> _27055_/D : -42.175564
[setup in-reg] rst -> _27087_/D : -42.175571
[setup in-reg] rst -> _27119_/D : -42.175571
[setup in-reg] rst -> _27151_/D : -42.175571
[setup in-reg] rst -> _26712_/D : -42.175060
[setup in-reg] rst -> _26744_/D : -42.175060
[setup in-reg] rst -> _26776_/D : -42.175060
[setup in-reg] rst -> _26808_/D : -42.175060
[setup in-reg] rst -> _26840_/D : -42.175068
[setup in-reg] rst -> _26872_/D : -42.175068
[setup in-reg] rst -> _26904_/D : -42.175068
[setup in-reg] rst -> _26936_/D : -42.175060
[setup in-reg] rst -> _26968_/D : -42.175068
[setup in-reg] rst -> _27000_/D : -42.175068
[setup in-reg] rst -> _27032_/D : -42.175060
[setup in-reg] rst -> _27064_/D : -42.175068
[setup in-reg] rst -> _27096_/D : -42.175068
[setup in-reg] rst -> _27128_/D : -42.175068
[setup in-reg] rst -> _26727_/D : -42.171387
[setup in-reg] rst -> _26759_/D : -42.171387
[setup in-reg] rst -> _26791_/D : -42.171387
[setup in-reg] rst -> _26823_/D : -42.171387
[setup in-reg] rst -> _26855_/D : -42.171394
[setup in-reg] rst -> _26887_/D : -42.171394
[setup in-reg] rst -> _26919_/D : -42.171394
[setup in-reg] rst -> _26951_/D : -42.171387
[setup in-reg] rst -> _26983_/D : -42.171394
[setup in-reg] rst -> _27015_/D : -42.171394
[setup in-reg] rst -> _27047_/D : -42.171387
[setup in-reg] rst -> _27079_/D : -42.171394
[setup in-reg] rst -> _27111_/D : -42.171394
[setup in-reg] rst -> _27143_/D : -42.171394
[setup in-reg] rst -> _26704_/D : -42.171223
[setup in-reg] rst -> _26706_/D : -42.171223
[setup in-reg] rst -> _26707_/D : -42.171223
[setup in-reg] rst -> _26708_/D : -42.171223
[setup in-reg] rst -> _26736_/D : -42.171223
[setup in-reg] rst -> _26738_/D : -42.171223
[setup in-reg] rst -> _26739_/D : -42.171223
[setup in-reg] rst -> _26740_/D : -42.171223
[setup in-reg] rst -> _26768_/D : -42.171223
[setup in-reg] rst -> _26770_/D : -42.171223
[setup in-reg] rst -> _26771_/D : -42.171223
[setup in-reg] rst -> _26772_/D : -42.171223
[setup in-reg] rst -> _26800_/D : -42.171223
[setup in-reg] rst -> _26802_/D : -42.171223
[setup in-reg] rst -> _26803_/D : -42.171223
[setup in-reg] rst -> _26804_/D : -42.171223
[setup in-reg] rst -> _26832_/D : -42.171230
[setup in-reg] rst -> _26834_/D : -42.171230
[setup in-reg] rst -> _26835_/D : -42.171230
[setup in-reg] rst -> _26836_/D : -42.171230
[setup in-reg] rst -> _26864_/D : -42.171230
[setup in-reg] rst -> _26866_/D : -42.171230
[setup in-reg] rst -> _26867_/D : -42.171230
[setup in-reg] rst -> _26868_/D : -42.171230
[setup in-reg] rst -> _26896_/D : -42.171230
[setup in-reg] rst -> _26898_/D : -42.171230
[setup in-reg] rst -> _26899_/D : -42.171230
[setup in-reg] rst -> _26900_/D : -42.171230
[setup in-reg] rst -> _26928_/D : -42.171223
[setup in-reg] rst -> _26930_/D : -42.171223
[setup in-reg] rst -> _26931_/D : -42.171223
[setup in-reg] rst -> _26932_/D : -42.171223
[setup in-reg] rst -> _26960_/D : -42.171230
[setup in-reg] rst -> _26962_/D : -42.171230
[setup in-reg] rst -> _26963_/D : -42.171230
[setup in-reg] rst -> _26964_/D : -42.171230
[setup in-reg] rst -> _26992_/D : -42.171230
[setup in-reg] rst -> _26994_/D : -42.171230
[setup in-reg] rst -> _26995_/D : -42.171230
[setup in-reg] rst -> _26996_/D : -42.171230
[setup in-reg] rst -> _27024_/D : -42.171223
[setup in-reg] rst -> _27026_/D : -42.171223
[setup in-reg] rst -> _27027_/D : -42.171223
[setup in-reg] rst -> _27028_/D : -42.171223
[setup in-reg] rst -> _27056_/D : -42.171230
[setup in-reg] rst -> _27058_/D : -42.171230
[setup in-reg] rst -> _27059_/D : -42.171230
[setup in-reg] rst -> _27060_/D : -42.171230
[setup in-reg] rst -> _27088_/D : -42.171230
[setup in-reg] rst -> _27090_/D : -42.171230
[setup in-reg] rst -> _27091_/D : -42.171230
[setup in-reg] rst -> _27092_/D : -42.171230
[setup in-reg] rst -> _27120_/D : -42.171230
[setup in-reg] rst -> _27122_/D : -42.171230
[setup in-reg] rst -> _27123_/D : -42.171230
[setup in-reg] rst -> _27124_/D : -42.171230
[setup in-reg] rst -> _26705_/D : -42.171154
[setup in-reg] rst -> _26709_/D : -42.171154
[setup in-reg] rst -> _26710_/D : -42.171154
[setup in-reg] rst -> _26711_/D : -42.171154
[setup in-reg] rst -> _26737_/D : -42.171154
[setup in-reg] rst -> _26741_/D : -42.171154
[setup in-reg] rst -> _26742_/D : -42.171154
[setup in-reg] rst -> _26743_/D : -42.171154
[setup in-reg] rst -> _26769_/D : -42.171154
[setup in-reg] rst -> _26773_/D : -42.171154
[setup in-reg] rst -> _26774_/D : -42.171154
[setup in-reg] rst -> _26775_/D : -42.171154
[setup in-reg] rst -> _26801_/D : -42.171154
[setup in-reg] rst -> _26805_/D : -42.171154
[setup in-reg] rst -> _26806_/D : -42.171154
[setup in-reg] rst -> _26807_/D : -42.171154
[setup in-reg] rst -> _26833_/D : -42.171162
[setup in-reg] rst -> _26837_/D : -42.171162
[setup in-reg] rst -> _26838_/D : -42.171162
[setup in-reg] rst -> _26839_/D : -42.171162
[setup in-reg] rst -> _26865_/D : -42.171162
[setup in-reg] rst -> _26869_/D : -42.171162
[setup in-reg] rst -> _26870_/D : -42.171162
[setup in-reg] rst -> _26871_/D : -42.171162
[setup in-reg] rst -> _26897_/D : -42.171162
[setup in-reg] rst -> _26901_/D : -42.171162
[setup in-reg] rst -> _26902_/D : -42.171162
[setup in-reg] rst -> _26903_/D : -42.171162
[setup in-reg] rst -> _26929_/D : -42.171154
[setup in-reg] rst -> _26933_/D : -42.171154
[setup in-reg] rst -> _26934_/D : -42.171154
[setup in-reg] rst -> _26935_/D : -42.171154
[setup in-reg] rst -> _26961_/D : -42.171162
[setup in-reg] rst -> _26965_/D : -42.171162
[setup in-reg] rst -> _26966_/D : -42.171162
[setup in-reg] rst -> _26967_/D : -42.171162
[setup in-reg] rst -> _26993_/D : -42.171162
[setup in-reg] rst -> _26997_/D : -42.171162
[setup in-reg] rst -> _26998_/D : -42.171162
[setup in-reg] rst -> _26999_/D : -42.171162
[setup in-reg] rst -> _27025_/D : -42.171154
[setup in-reg] rst -> _27029_/D : -42.171154
[setup in-reg] rst -> _27030_/D : -42.171154
[setup in-reg] rst -> _27031_/D : -42.171154
[setup in-reg] rst -> _27057_/D : -42.171162
[setup in-reg] rst -> _27061_/D : -42.171162
[setup in-reg] rst -> _27062_/D : -42.171162
[setup in-reg] rst -> _27063_/D : -42.171162
[setup in-reg] rst -> _27089_/D : -42.171162
[setup in-reg] rst -> _27093_/D : -42.171162
[setup in-reg] rst -> _27094_/D : -42.171162
[setup in-reg] rst -> _27095_/D : -42.171162
[setup in-reg] rst -> _27121_/D : -42.171162
[setup in-reg] rst -> _27125_/D : -42.171162
[setup in-reg] rst -> _27126_/D : -42.171162
[setup in-reg] rst -> _27127_/D : -42.171162
[setup in-reg] rst -> _25689_/D : -41.792091
[setup in-reg] rst -> _25690_/D : -41.792091
[setup in-reg] rst -> _25691_/D : -41.792091
[setup in-reg] rst -> _25693_/D : -41.792091
[setup in-reg] rst -> _25702_/D : -41.792091
[setup in-reg] rst -> _26009_/D : -41.792091
[setup in-reg] rst -> _26010_/D : -41.792091
[setup in-reg] rst -> _26011_/D : -41.792091
[setup in-reg] rst -> _26013_/D : -41.792091
[setup in-reg] rst -> _26022_/D : -41.792091
[setup in-reg] rst -> _27689_/D : -41.792091
[setup in-reg] rst -> _27690_/D : -41.792091
[setup in-reg] rst -> _27691_/D : -41.792091
[setup in-reg] rst -> _27693_/D : -41.792091
[setup in-reg] rst -> _27702_/D : -41.792091
[setup in-reg] rst -> _25694_/D : -41.792023
[setup in-reg] rst -> _25695_/D : -41.792023
[setup in-reg] rst -> _25699_/D : -41.792023
[setup in-reg] rst -> _26014_/D : -41.792023
[setup in-reg] rst -> _26015_/D : -41.792023
[setup in-reg] rst -> _26019_/D : -41.792023
[setup in-reg] rst -> _27694_/D : -41.792023
[setup in-reg] rst -> _27695_/D : -41.792023
[setup in-reg] rst -> _27699_/D : -41.792023
[setup in-reg] rst -> _25700_/D : -41.791859
[setup in-reg] rst -> _25705_/D : -41.791824
[setup in-reg] rst -> _25706_/D : -41.791824
[setup in-reg] rst -> _25707_/D : -41.791824
[setup in-reg] rst -> _25710_/D : -41.791824
[setup in-reg] rst -> _26020_/D : -41.791859
[setup in-reg] rst -> _26025_/D : -41.791824
[setup in-reg] rst -> _26026_/D : -41.791824
[setup in-reg] rst -> _26027_/D : -41.791824
[setup in-reg] rst -> _26030_/D : -41.791824
[setup in-reg] rst -> _27700_/D : -41.791859
[setup in-reg] rst -> _27705_/D : -41.791824
[setup in-reg] rst -> _27706_/D : -41.791824
[setup in-reg] rst -> _27707_/D : -41.791824
[setup in-reg] rst -> _27710_/D : -41.791824
[setup in-reg] rst -> _25704_/D : -41.791729
[setup in-reg] rst -> _26024_/D : -41.791729
[setup in-reg] rst -> _27704_/D : -41.791729
[setup in-reg] rst -> _25692_/D : -41.791523
[setup in-reg] rst -> _25697_/D : -41.791550
[setup in-reg] rst -> _26017_/D : -41.791550
[setup in-reg] rst -> _25696_/D : -41.791485
[setup in-reg] rst -> _26012_/D : -41.791523
[setup in-reg] rst -> _26016_/D : -41.791485
[setup in-reg] rst -> _27692_/D : -41.791523
[setup in-reg] rst -> _27697_/D : -41.791550
[setup in-reg] rst -> _25698_/D : -41.791454
[setup in-reg] rst -> _25701_/D : -41.791473
[setup in-reg] rst -> _26018_/D : -41.791454
[setup in-reg] rst -> _26021_/D : -41.791473
[setup in-reg] rst -> _27696_/D : -41.791485
[setup in-reg] rst -> _27698_/D : -41.791454
[setup in-reg] rst -> _27701_/D : -41.791473
[setup in-reg] rst -> _25709_/D : -41.791306
[setup in-reg] rst -> _26029_/D : -41.791306
[setup in-reg] rst -> _27709_/D : -41.791306
[setup in-reg] rst -> _25708_/D : -41.791199
[setup in-reg] rst -> _26028_/D : -41.791199
[setup in-reg] rst -> _27708_/D : -41.791199
[setup in-reg] rst -> _25711_/D : -41.790894
[setup in-reg] rst -> _26031_/D : -41.790894
[setup in-reg] rst -> _27711_/D : -41.790894
[setup in-reg] rst -> _25688_/D : -41.790386
[setup in-reg] rst -> _26008_/D : -41.790386
[setup in-reg] rst -> _27688_/D : -41.790386
[setup in-reg] rst -> _25703_/D : -41.786713
[setup in-reg] rst -> _26023_/D : -41.786713
[setup in-reg] rst -> _27703_/D : -41.786713
[setup in-reg] rst -> _25680_/D : -41.786549
[setup in-reg] rst -> _25682_/D : -41.786549
[setup in-reg] rst -> _25683_/D : -41.786549
[setup in-reg] rst -> _25684_/D : -41.786549
[setup in-reg] rst -> _26000_/D : -41.786549
[setup in-reg] rst -> _26002_/D : -41.786549
[setup in-reg] rst -> _26003_/D : -41.786549
[setup in-reg] rst -> _26004_/D : -41.786549
[setup in-reg] rst -> _27680_/D : -41.786549
[setup in-reg] rst -> _27682_/D : -41.786549
[setup in-reg] rst -> _27683_/D : -41.786549
[setup in-reg] rst -> _27684_/D : -41.786549
[setup in-reg] rst -> _25681_/D : -41.786480
[setup in-reg] rst -> _25685_/D : -41.786480
[setup in-reg] rst -> _25686_/D : -41.786480
[setup in-reg] rst -> _25687_/D : -41.786480
[setup in-reg] rst -> _26001_/D : -41.786480
[setup in-reg] rst -> _26005_/D : -41.786480
[setup in-reg] rst -> _26006_/D : -41.786480
[setup in-reg] rst -> _26007_/D : -41.786480
[setup in-reg] rst -> _27681_/D : -41.786480
[setup in-reg] rst -> _27685_/D : -41.786480
[setup in-reg] rst -> _27686_/D : -41.786480
[setup in-reg] rst -> _27687_/D : -41.786480
[setup in-reg] rst -> _25721_/D : -41.762306
[setup in-reg] rst -> _25722_/D : -41.762306
[setup in-reg] rst -> _25723_/D : -41.762306
[setup in-reg] rst -> _25725_/D : -41.762306
[setup in-reg] rst -> _25734_/D : -41.762306
[setup in-reg] rst -> _25753_/D : -41.762306
[setup in-reg] rst -> _25754_/D : -41.762306
[setup in-reg] rst -> _25755_/D : -41.762306
[setup in-reg] rst -> _25757_/D : -41.762306
[setup in-reg] rst -> _25766_/D : -41.762306
[setup in-reg] rst -> _25785_/D : -41.762306
[setup in-reg] rst -> _25786_/D : -41.762306
[setup in-reg] rst -> _25787_/D : -41.762306
[setup in-reg] rst -> _25789_/D : -41.762306
[setup in-reg] rst -> _25798_/D : -41.762306
[setup in-reg] rst -> _25817_/D : -41.762314
[setup in-reg] rst -> _25818_/D : -41.762314
[setup in-reg] rst -> _25819_/D : -41.762314
[setup in-reg] rst -> _25821_/D : -41.762314
[setup in-reg] rst -> _25830_/D : -41.762314
[setup in-reg] rst -> _25849_/D : -41.762314
[setup in-reg] rst -> _25850_/D : -41.762314
[setup in-reg] rst -> _25851_/D : -41.762314
[setup in-reg] rst -> _25853_/D : -41.762314
[setup in-reg] rst -> _25862_/D : -41.762314
[setup in-reg] rst -> _25881_/D : -41.762314
[setup in-reg] rst -> _25882_/D : -41.762314
[setup in-reg] rst -> _25883_/D : -41.762314
[setup in-reg] rst -> _25885_/D : -41.762314
[setup in-reg] rst -> _25894_/D : -41.762314
[setup in-reg] rst -> _25913_/D : -41.762306
[setup in-reg] rst -> _25914_/D : -41.762306
[setup in-reg] rst -> _25915_/D : -41.762306
[setup in-reg] rst -> _25917_/D : -41.762306
[setup in-reg] rst -> _25926_/D : -41.762306
[setup in-reg] rst -> _25945_/D : -41.762314
[setup in-reg] rst -> _25946_/D : -41.762314
[setup in-reg] rst -> _25947_/D : -41.762314
[setup in-reg] rst -> _25949_/D : -41.762314
[setup in-reg] rst -> _25958_/D : -41.762314
[setup in-reg] rst -> _25977_/D : -41.762314
[setup in-reg] rst -> _25978_/D : -41.762314
[setup in-reg] rst -> _25979_/D : -41.762314
[setup in-reg] rst -> _25981_/D : -41.762314
[setup in-reg] rst -> _25990_/D : -41.762314
[setup in-reg] rst -> _26041_/D : -41.762306
[setup in-reg] rst -> _26042_/D : -41.762306
[setup in-reg] rst -> _26043_/D : -41.762306
[setup in-reg] rst -> _26045_/D : -41.762306
[setup in-reg] rst -> _26054_/D : -41.762306
[setup in-reg] rst -> _26073_/D : -41.762314
[setup in-reg] rst -> _26074_/D : -41.762314
[setup in-reg] rst -> _26075_/D : -41.762314
[setup in-reg] rst -> _26077_/D : -41.762314
[setup in-reg] rst -> _26086_/D : -41.762314
[setup in-reg] rst -> _26105_/D : -41.762314
[setup in-reg] rst -> _26106_/D : -41.762314
[setup in-reg] rst -> _26107_/D : -41.762314
[setup in-reg] rst -> _26109_/D : -41.762314
[setup in-reg] rst -> _26118_/D : -41.762314
[setup in-reg] rst -> _26137_/D : -41.762314
[setup in-reg] rst -> _26138_/D : -41.762314
[setup in-reg] rst -> _26139_/D : -41.762314
[setup in-reg] rst -> _26141_/D : -41.762314
[setup in-reg] rst -> _26150_/D : -41.762314
[setup in-reg] rst -> _25726_/D : -41.762238
[setup in-reg] rst -> _25727_/D : -41.762238
[setup in-reg] rst -> _25731_/D : -41.762238
[setup in-reg] rst -> _25758_/D : -41.762238
[setup in-reg] rst -> _25759_/D : -41.762238
[setup in-reg] rst -> _25763_/D : -41.762238
[setup in-reg] rst -> _25790_/D : -41.762238
[setup in-reg] rst -> _25791_/D : -41.762238
[setup in-reg] rst -> _25795_/D : -41.762238
[setup in-reg] rst -> _25822_/D : -41.762241
[setup in-reg] rst -> _25823_/D : -41.762241
[setup in-reg] rst -> _25827_/D : -41.762241
[setup in-reg] rst -> _25854_/D : -41.762241
[setup in-reg] rst -> _25855_/D : -41.762241
[setup in-reg] rst -> _25859_/D : -41.762241
[setup in-reg] rst -> _25886_/D : -41.762241
[setup in-reg] rst -> _25887_/D : -41.762241
[setup in-reg] rst -> _25891_/D : -41.762241
[setup in-reg] rst -> _25918_/D : -41.762238
[setup in-reg] rst -> _25919_/D : -41.762238
[setup in-reg] rst -> _25923_/D : -41.762238
[setup in-reg] rst -> _25950_/D : -41.762241
[setup in-reg] rst -> _25951_/D : -41.762241
[setup in-reg] rst -> _25955_/D : -41.762241
[setup in-reg] rst -> _25982_/D : -41.762241
[setup in-reg] rst -> _25983_/D : -41.762241
[setup in-reg] rst -> _25987_/D : -41.762241
[setup in-reg] rst -> _26046_/D : -41.762238
[setup in-reg] rst -> _26047_/D : -41.762238
[setup in-reg] rst -> _26051_/D : -41.762238
[setup in-reg] rst -> _26078_/D : -41.762241
[setup in-reg] rst -> _26079_/D : -41.762241
[setup in-reg] rst -> _26083_/D : -41.762241
[setup in-reg] rst -> _26110_/D : -41.762241
[setup in-reg] rst -> _26111_/D : -41.762241
[setup in-reg] rst -> _26115_/D : -41.762241
[setup in-reg] rst -> _26142_/D : -41.762241
[setup in-reg] rst -> _26143_/D : -41.762241
[setup in-reg] rst -> _26147_/D : -41.762241
[setup in-reg] rst -> _25732_/D : -41.762074
[setup in-reg] rst -> _25828_/D : -41.762081
[setup in-reg] rst -> _25860_/D : -41.762081
[setup in-reg] rst -> _25892_/D : -41.762081
[setup in-reg] rst -> _25897_/D : -41.762043
[setup in-reg] rst -> _25898_/D : -41.762043
[setup in-reg] rst -> _25899_/D : -41.762043
[setup in-reg] rst -> _25902_/D : -41.762043
[setup in-reg] rst -> _25924_/D : -41.762074
[setup in-reg] rst -> _25956_/D : -41.762081
[setup in-reg] rst -> _25961_/D : -41.762043
[setup in-reg] rst -> _25963_/D : -41.762043
[setup in-reg] rst -> _25966_/D : -41.762043
[setup in-reg] rst -> _25988_/D : -41.762081
[setup in-reg] rst -> _26148_/D : -41.762081
[setup in-reg] rst -> _25737_/D : -41.762035
[setup in-reg] rst -> _25738_/D : -41.762035
[setup in-reg] rst -> _25739_/D : -41.762035
[setup in-reg] rst -> _25742_/D : -41.762035
[setup in-reg] rst -> _25764_/D : -41.762074
[setup in-reg] rst -> _25769_/D : -41.762035
[setup in-reg] rst -> _25770_/D : -41.762035
[setup in-reg] rst -> _25771_/D : -41.762035
[setup in-reg] rst -> _25774_/D : -41.762035
[setup in-reg] rst -> _25796_/D : -41.762074
[setup in-reg] rst -> _25801_/D : -41.762035
[setup in-reg] rst -> _25802_/D : -41.762035
[setup in-reg] rst -> _25803_/D : -41.762035
[setup in-reg] rst -> _25806_/D : -41.762035
[setup in-reg] rst -> _25833_/D : -41.762043
[setup in-reg] rst -> _25834_/D : -41.762043
[setup in-reg] rst -> _25835_/D : -41.762043
[setup in-reg] rst -> _25838_/D : -41.762043
[setup in-reg] rst -> _25865_/D : -41.762043
[setup in-reg] rst -> _25866_/D : -41.762043
[setup in-reg] rst -> _25867_/D : -41.762043
[setup in-reg] rst -> _25870_/D : -41.762043
[setup in-reg] rst -> _25929_/D : -41.762035
[setup in-reg] rst -> _25930_/D : -41.762035
[setup in-reg] rst -> _25931_/D : -41.762035
[setup in-reg] rst -> _25934_/D : -41.762035
[setup in-reg] rst -> _25962_/D : -41.762043
[setup in-reg] rst -> _25993_/D : -41.762043
[setup in-reg] rst -> _25994_/D : -41.762043
[setup in-reg] rst -> _25995_/D : -41.762043
[setup in-reg] rst -> _25998_/D : -41.762043
[setup in-reg] rst -> _26052_/D : -41.762074
[setup in-reg] rst -> _26084_/D : -41.762081
[setup in-reg] rst -> _26057_/D : -41.762035
[setup in-reg] rst -> _26058_/D : -41.762035
[setup in-reg] rst -> _26059_/D : -41.762035
[setup in-reg] rst -> _26062_/D : -41.762035
[setup in-reg] rst -> _26089_/D : -41.762043
[setup in-reg] rst -> _26090_/D : -41.762043
[setup in-reg] rst -> _26091_/D : -41.762043
[setup in-reg] rst -> _26094_/D : -41.762043
[setup in-reg] rst -> _26116_/D : -41.762081
[setup in-reg] rst -> _26121_/D : -41.762043
[setup in-reg] rst -> _26122_/D : -41.762043
[setup in-reg] rst -> _26123_/D : -41.762043
[setup in-reg] rst -> _26126_/D : -41.762043
[setup in-reg] rst -> _26153_/D : -41.762043
[setup in-reg] rst -> _26154_/D : -41.762043
[setup in-reg] rst -> _26155_/D : -41.762043
[setup in-reg] rst -> _26158_/D : -41.762043
[setup in-reg] rst -> _25736_/D : -41.761944
[setup in-reg] rst -> _25768_/D : -41.761944
[setup in-reg] rst -> _25800_/D : -41.761944
[setup in-reg] rst -> _25832_/D : -41.761951
[setup in-reg] rst -> _25864_/D : -41.761951
[setup in-reg] rst -> _25896_/D : -41.761951
[setup in-reg] rst -> _25928_/D : -41.761944
[setup in-reg] rst -> _25960_/D : -41.761951
[setup in-reg] rst -> _25992_/D : -41.761951
[setup in-reg] rst -> _26056_/D : -41.761944
[setup in-reg] rst -> _26088_/D : -41.761951
[setup in-reg] rst -> _26120_/D : -41.761951
[setup in-reg] rst -> _26152_/D : -41.761951
[setup in-reg] rst -> _25724_/D : -41.761738
[setup in-reg] rst -> _25729_/D : -41.761765
[setup in-reg] rst -> _25756_/D : -41.761738
[setup in-reg] rst -> _25761_/D : -41.761765
[setup in-reg] rst -> _25793_/D : -41.761765
[setup in-reg] rst -> _25820_/D : -41.761745
[setup in-reg] rst -> _25825_/D : -41.761772
[setup in-reg] rst -> _25852_/D : -41.761745
[setup in-reg] rst -> _25857_/D : -41.761772
[setup in-reg] rst -> _25921_/D : -41.761765
[setup in-reg] rst -> _25856_/D : -41.761707
[setup in-reg] rst -> _25948_/D : -41.761745
[setup in-reg] rst -> _25953_/D : -41.761772
[setup in-reg] rst -> _25980_/D : -41.761745
[setup in-reg] rst -> _25985_/D : -41.761772
[setup in-reg] rst -> _26044_/D : -41.761738
[setup in-reg] rst -> _26049_/D : -41.761765
[setup in-reg] rst -> _26076_/D : -41.761745
[setup in-reg] rst -> _26081_/D : -41.761772
[setup in-reg] rst -> _26108_/D : -41.761745
[setup in-reg] rst -> _26113_/D : -41.761772
[setup in-reg] rst -> _26140_/D : -41.761745
[setup in-reg] rst -> _26145_/D : -41.761772
[setup in-reg] rst -> _25728_/D : -41.761700
[setup in-reg] rst -> _25760_/D : -41.761700
[setup in-reg] rst -> _25788_/D : -41.761738
[setup in-reg] rst -> _25916_/D : -41.761738
[setup in-reg] rst -> _25730_/D : -41.761669
[setup in-reg] rst -> _25733_/D : -41.761688
[setup in-reg] rst -> _25762_/D : -41.761669
[setup in-reg] rst -> _25765_/D : -41.761688
[setup in-reg] rst -> _25792_/D : -41.761700
[setup in-reg] rst -> _25794_/D : -41.761669
[setup in-reg] rst -> _25797_/D : -41.761688
[setup in-reg] rst -> _25824_/D : -41.761707
[setup in-reg] rst -> _25884_/D : -41.761745
[setup in-reg] rst -> _25889_/D : -41.761772
[setup in-reg] rst -> _25826_/D : -41.761673
[setup in-reg] rst -> _25829_/D : -41.761696
[setup in-reg] rst -> _25858_/D : -41.761673
[setup in-reg] rst -> _25861_/D : -41.761696
[setup in-reg] rst -> _25888_/D : -41.761707
[setup in-reg] rst -> _25890_/D : -41.761673
[setup in-reg] rst -> _25893_/D : -41.761696
[setup in-reg] rst -> _25920_/D : -41.761700
[setup in-reg] rst -> _25922_/D : -41.761669
[setup in-reg] rst -> _25925_/D : -41.761688
[setup in-reg] rst -> _25952_/D : -41.761707
[setup in-reg] rst -> _25954_/D : -41.761673
[setup in-reg] rst -> _25957_/D : -41.761696
[setup in-reg] rst -> _25984_/D : -41.761707
[setup in-reg] rst -> _25986_/D : -41.761673
[setup in-reg] rst -> _25989_/D : -41.761696
[setup in-reg] rst -> _26048_/D : -41.761700
[setup in-reg] rst -> _26050_/D : -41.761669
[setup in-reg] rst -> _26053_/D : -41.761688
[setup in-reg] rst -> _26080_/D : -41.761707
[setup in-reg] rst -> _26082_/D : -41.761673
[setup in-reg] rst -> _26085_/D : -41.761696
[setup in-reg] rst -> _26112_/D : -41.761707
[setup in-reg] rst -> _26114_/D : -41.761673
[setup in-reg] rst -> _26117_/D : -41.761696
[setup in-reg] rst -> _26144_/D : -41.761707
[setup in-reg] rst -> _26146_/D : -41.761673
[setup in-reg] rst -> _26149_/D : -41.761696
[setup in-reg] rst -> _25741_/D : -41.761517
[setup in-reg] rst -> _25773_/D : -41.761517
[setup in-reg] rst -> _25805_/D : -41.761517
[setup in-reg] rst -> _25837_/D : -41.761524
[setup in-reg] rst -> _25869_/D : -41.761524
[setup in-reg] rst -> _25901_/D : -41.761524
[setup in-reg] rst -> _25933_/D : -41.761517
[setup in-reg] rst -> _25965_/D : -41.761524
[setup in-reg] rst -> _25997_/D : -41.761524
[setup in-reg] rst -> _26061_/D : -41.761517
[setup in-reg] rst -> _26093_/D : -41.761524
[setup in-reg] rst -> _26125_/D : -41.761524
[setup in-reg] rst -> _26157_/D : -41.761524
[setup in-reg] rst -> _25740_/D : -41.761410
[setup in-reg] rst -> _25772_/D : -41.761410
[setup in-reg] rst -> _25804_/D : -41.761410
[setup in-reg] rst -> _25836_/D : -41.761417
[setup in-reg] rst -> _25868_/D : -41.761417
[setup in-reg] rst -> _25900_/D : -41.761417
[setup in-reg] rst -> _25932_/D : -41.761410
[setup in-reg] rst -> _25964_/D : -41.761417
[setup in-reg] rst -> _25996_/D : -41.761417
[setup in-reg] rst -> _26060_/D : -41.761410
[setup in-reg] rst -> _26092_/D : -41.761417
[setup in-reg] rst -> _26124_/D : -41.761417
[setup in-reg] rst -> _26156_/D : -41.761417
[setup in-reg] rst -> _25743_/D : -41.761105
[setup in-reg] rst -> _25775_/D : -41.761105
[setup in-reg] rst -> _25807_/D : -41.761105
[setup in-reg] rst -> _25839_/D : -41.761112
[setup in-reg] rst -> _25871_/D : -41.761112
[setup in-reg] rst -> _25903_/D : -41.761112
[setup in-reg] rst -> _25935_/D : -41.761105
[setup in-reg] rst -> _25967_/D : -41.761112
[setup in-reg] rst -> _25999_/D : -41.761112
[setup in-reg] rst -> _26063_/D : -41.761105
[setup in-reg] rst -> _26095_/D : -41.761112
[setup in-reg] rst -> _26127_/D : -41.761112
[setup in-reg] rst -> _26159_/D : -41.761112
[setup in-reg] rst -> _25720_/D : -41.760601
[setup in-reg] rst -> _25752_/D : -41.760601
[setup in-reg] rst -> _25784_/D : -41.760601
[setup in-reg] rst -> _25816_/D : -41.760609
[setup in-reg] rst -> _25848_/D : -41.760609
[setup in-reg] rst -> _25880_/D : -41.760609
[setup in-reg] rst -> _25912_/D : -41.760601
[setup in-reg] rst -> _25944_/D : -41.760609
[setup in-reg] rst -> _25976_/D : -41.760609
[setup in-reg] rst -> _26040_/D : -41.760601
[setup in-reg] rst -> _26072_/D : -41.760609
[setup in-reg] rst -> _26104_/D : -41.760609
[setup in-reg] rst -> _26136_/D : -41.760609
[setup in-reg] rst -> _25735_/D : -41.756927
[setup in-reg] rst -> _25767_/D : -41.756927
[setup in-reg] rst -> _25799_/D : -41.756927
[setup in-reg] rst -> _25831_/D : -41.756935
[setup in-reg] rst -> _25863_/D : -41.756935
[setup in-reg] rst -> _25895_/D : -41.756935
[setup in-reg] rst -> _25927_/D : -41.756927
[setup in-reg] rst -> _25959_/D : -41.756935
[setup in-reg] rst -> _25991_/D : -41.756935
[setup in-reg] rst -> _26055_/D : -41.756927
[setup in-reg] rst -> _26087_/D : -41.756935
[setup in-reg] rst -> _26119_/D : -41.756935
[setup in-reg] rst -> _26151_/D : -41.756935
[setup in-reg] rst -> _25712_/D : -41.756763
[setup in-reg] rst -> _25714_/D : -41.756763
[setup in-reg] rst -> _25715_/D : -41.756763
[setup in-reg] rst -> _25716_/D : -41.756763
[setup in-reg] rst -> _25744_/D : -41.756763
[setup in-reg] rst -> _25746_/D : -41.756763
[setup in-reg] rst -> _25747_/D : -41.756763
[setup in-reg] rst -> _25748_/D : -41.756763
[setup in-reg] rst -> _25776_/D : -41.756763
[setup in-reg] rst -> _25778_/D : -41.756763
[setup in-reg] rst -> _25779_/D : -41.756763
[setup in-reg] rst -> _25780_/D : -41.756763
[setup in-reg] rst -> _25808_/D : -41.756771
[setup in-reg] rst -> _25810_/D : -41.756771
[setup in-reg] rst -> _25811_/D : -41.756771
[setup in-reg] rst -> _25812_/D : -41.756771
[setup in-reg] rst -> _25840_/D : -41.756771
[setup in-reg] rst -> _25842_/D : -41.756771
[setup in-reg] rst -> _25843_/D : -41.756771
[setup in-reg] rst -> _25844_/D : -41.756771
[setup in-reg] rst -> _25872_/D : -41.756771
[setup in-reg] rst -> _25874_/D : -41.756771
[setup in-reg] rst -> _25875_/D : -41.756771
[setup in-reg] rst -> _25876_/D : -41.756771
[setup in-reg] rst -> _25904_/D : -41.756763
[setup in-reg] rst -> _25906_/D : -41.756763
[setup in-reg] rst -> _25907_/D : -41.756763
[setup in-reg] rst -> _25908_/D : -41.756763
[setup in-reg] rst -> _25936_/D : -41.756771
[setup in-reg] rst -> _25938_/D : -41.756771
[setup in-reg] rst -> _25939_/D : -41.756771
[setup in-reg] rst -> _25940_/D : -41.756771
[setup in-reg] rst -> _25968_/D : -41.756771
[setup in-reg] rst -> _25970_/D : -41.756771
[setup in-reg] rst -> _25971_/D : -41.756771
[setup in-reg] rst -> _25972_/D : -41.756771
[setup in-reg] rst -> _26032_/D : -41.756763
[setup in-reg] rst -> _26034_/D : -41.756763
[setup in-reg] rst -> _26035_/D : -41.756763
[setup in-reg] rst -> _26036_/D : -41.756763
[setup in-reg] rst -> _26064_/D : -41.756771
[setup in-reg] rst -> _26066_/D : -41.756771
[setup in-reg] rst -> _26067_/D : -41.756771
[setup in-reg] rst -> _26068_/D : -41.756771
[setup in-reg] rst -> _26096_/D : -41.756771
[setup in-reg] rst -> _26098_/D : -41.756771
[setup in-reg] rst -> _26099_/D : -41.756771
[setup in-reg] rst -> _26100_/D : -41.756771
[setup in-reg] rst -> _26128_/D : -41.756771
[setup in-reg] rst -> _26130_/D : -41.756771
[setup in-reg] rst -> _26131_/D : -41.756771
[setup in-reg] rst -> _26132_/D : -41.756771
[setup in-reg] rst -> _25713_/D : -41.756695
[setup in-reg] rst -> _25717_/D : -41.756695
[setup in-reg] rst -> _25718_/D : -41.756695
[setup in-reg] rst -> _25719_/D : -41.756695
[setup in-reg] rst -> _25745_/D : -41.756695
[setup in-reg] rst -> _25749_/D : -41.756695
[setup in-reg] rst -> _25750_/D : -41.756695
[setup in-reg] rst -> _25751_/D : -41.756695
[setup in-reg] rst -> _25777_/D : -41.756695
[setup in-reg] rst -> _25781_/D : -41.756695
[setup in-reg] rst -> _25782_/D : -41.756695
[setup in-reg] rst -> _25783_/D : -41.756695
[setup in-reg] rst -> _25809_/D : -41.756702
[setup in-reg] rst -> _25813_/D : -41.756702
[setup in-reg] rst -> _25814_/D : -41.756702
[setup in-reg] rst -> _25815_/D : -41.756702
[setup in-reg] rst -> _25841_/D : -41.756702
[setup in-reg] rst -> _25845_/D : -41.756702
[setup in-reg] rst -> _25846_/D : -41.756702
[setup in-reg] rst -> _25847_/D : -41.756702
[setup in-reg] rst -> _25873_/D : -41.756702
[setup in-reg] rst -> _25877_/D : -41.756702
[setup in-reg] rst -> _25878_/D : -41.756702
[setup in-reg] rst -> _25879_/D : -41.756702
[setup in-reg] rst -> _25905_/D : -41.756695
[setup in-reg] rst -> _25909_/D : -41.756695
[setup in-reg] rst -> _25910_/D : -41.756695
[setup in-reg] rst -> _25911_/D : -41.756695
[setup in-reg] rst -> _25937_/D : -41.756702
[setup in-reg] rst -> _25941_/D : -41.756702
[setup in-reg] rst -> _25942_/D : -41.756702
[setup in-reg] rst -> _25943_/D : -41.756702
[setup in-reg] rst -> _25969_/D : -41.756702
[setup in-reg] rst -> _25973_/D : -41.756702
[setup in-reg] rst -> _25974_/D : -41.756702
[setup in-reg] rst -> _25975_/D : -41.756702
[setup in-reg] rst -> _26033_/D : -41.756695
[setup in-reg] rst -> _26037_/D : -41.756695
[setup in-reg] rst -> _26038_/D : -41.756695
[setup in-reg] rst -> _26039_/D : -41.756695
[setup in-reg] rst -> _26065_/D : -41.756702
[setup in-reg] rst -> _26069_/D : -41.756702
[setup in-reg] rst -> _26070_/D : -41.756702
[setup in-reg] rst -> _26071_/D : -41.756702
[setup in-reg] rst -> _26097_/D : -41.756702
[setup in-reg] rst -> _26101_/D : -41.756702
[setup in-reg] rst -> _26102_/D : -41.756702
[setup in-reg] rst -> _26103_/D : -41.756702
[setup in-reg] rst -> _26129_/D : -41.756702
[setup in-reg] rst -> _26133_/D : -41.756702
[setup in-reg] rst -> _26134_/D : -41.756702
[setup in-reg] rst -> _26135_/D : -41.756702
[setup reg-reg] _25059_/Q -> _25485_/D : -41.586994
[setup in-reg] rst -> _27161_/D : -41.445370
[setup in-reg] rst -> _27162_/D : -41.445370
[setup in-reg] rst -> _27163_/D : -41.445370
[setup in-reg] rst -> _27165_/D : -41.445370
[setup in-reg] rst -> _27174_/D : -41.445370
[setup in-reg] rst -> _27193_/D : -41.445370
[setup in-reg] rst -> _27194_/D : -41.445370
[setup in-reg] rst -> _27195_/D : -41.445370
[setup in-reg] rst -> _27197_/D : -41.445370
[setup in-reg] rst -> _27206_/D : -41.445370
[setup in-reg] rst -> _27225_/D : -41.445370
[setup in-reg] rst -> _27226_/D : -41.445370
[setup in-reg] rst -> _27227_/D : -41.445370
[setup in-reg] rst -> _27229_/D : -41.445370
[setup in-reg] rst -> _27238_/D : -41.445370
[setup in-reg] rst -> _27257_/D : -41.445370
[setup in-reg] rst -> _27258_/D : -41.445370
[setup in-reg] rst -> _27259_/D : -41.445370
[setup in-reg] rst -> _27261_/D : -41.445370
[setup in-reg] rst -> _27270_/D : -41.445370
[setup in-reg] rst -> _27289_/D : -41.445370
[setup in-reg] rst -> _27290_/D : -41.445370
[setup in-reg] rst -> _27291_/D : -41.445370
[setup in-reg] rst -> _27293_/D : -41.445370
[setup in-reg] rst -> _27302_/D : -41.445370
[setup in-reg] rst -> _27321_/D : -41.445370
[setup in-reg] rst -> _27322_/D : -41.445370
[setup in-reg] rst -> _27323_/D : -41.445370
[setup in-reg] rst -> _27325_/D : -41.445370
[setup in-reg] rst -> _27334_/D : -41.445370
[setup in-reg] rst -> _27353_/D : -41.445370
[setup in-reg] rst -> _27354_/D : -41.445370
[setup in-reg] rst -> _27355_/D : -41.445370
[setup in-reg] rst -> _27357_/D : -41.445370
[setup in-reg] rst -> _27366_/D : -41.445370
[setup in-reg] rst -> _27385_/D : -41.445370
[setup in-reg] rst -> _27386_/D : -41.445370
[setup in-reg] rst -> _27387_/D : -41.445370
[setup in-reg] rst -> _27389_/D : -41.445370
[setup in-reg] rst -> _27398_/D : -41.445370
[setup in-reg] rst -> _27417_/D : -41.445370
[setup in-reg] rst -> _27418_/D : -41.445370
[setup in-reg] rst -> _27419_/D : -41.445370
[setup in-reg] rst -> _27421_/D : -41.445370
[setup in-reg] rst -> _27430_/D : -41.445370
[setup in-reg] rst -> _27449_/D : -41.445370
[setup in-reg] rst -> _27450_/D : -41.445370
[setup in-reg] rst -> _27451_/D : -41.445370
[setup in-reg] rst -> _27453_/D : -41.445370
[setup in-reg] rst -> _27462_/D : -41.445370
[setup in-reg] rst -> _27481_/D : -41.445370
[setup in-reg] rst -> _27482_/D : -41.445370
[setup in-reg] rst -> _27483_/D : -41.445370
[setup in-reg] rst -> _27485_/D : -41.445370
[setup in-reg] rst -> _27494_/D : -41.445370
[setup in-reg] rst -> _27513_/D : -41.445370
[setup in-reg] rst -> _27514_/D : -41.445370
[setup in-reg] rst -> _27515_/D : -41.445370
[setup in-reg] rst -> _27517_/D : -41.445370
[setup in-reg] rst -> _27526_/D : -41.445370
[setup in-reg] rst -> _27545_/D : -41.445370
[setup in-reg] rst -> _27546_/D : -41.445370
[setup in-reg] rst -> _27547_/D : -41.445370
[setup in-reg] rst -> _27549_/D : -41.445370
[setup in-reg] rst -> _27558_/D : -41.445370
[setup in-reg] rst -> _27577_/D : -41.445370
[setup in-reg] rst -> _27578_/D : -41.445370
[setup in-reg] rst -> _27579_/D : -41.445370
[setup in-reg] rst -> _27581_/D : -41.445370
[setup in-reg] rst -> _27590_/D : -41.445370
[setup in-reg] rst -> _27609_/D : -41.445370
[setup in-reg] rst -> _27610_/D : -41.445370
[setup in-reg] rst -> _27611_/D : -41.445370
[setup in-reg] rst -> _27613_/D : -41.445370
[setup in-reg] rst -> _27622_/D : -41.445370
[setup in-reg] rst -> _27641_/D : -41.445370
[setup in-reg] rst -> _27642_/D : -41.445370
[setup in-reg] rst -> _27643_/D : -41.445370
[setup in-reg] rst -> _27645_/D : -41.445370
[setup in-reg] rst -> _27654_/D : -41.445370
[setup in-reg] rst -> _27166_/D : -41.445297
[setup in-reg] rst -> _27167_/D : -41.445297
[setup in-reg] rst -> _27171_/D : -41.445297
[setup in-reg] rst -> _27198_/D : -41.445297
[setup in-reg] rst -> _27199_/D : -41.445297
[setup in-reg] rst -> _27203_/D : -41.445297
[setup in-reg] rst -> _27230_/D : -41.445297
[setup in-reg] rst -> _27231_/D : -41.445297
[setup in-reg] rst -> _27235_/D : -41.445297
[setup in-reg] rst -> _27262_/D : -41.445297
[setup in-reg] rst -> _27263_/D : -41.445297
[setup in-reg] rst -> _27267_/D : -41.445297
[setup in-reg] rst -> _27294_/D : -41.445297
[setup in-reg] rst -> _27295_/D : -41.445297
[setup in-reg] rst -> _27299_/D : -41.445297
[setup in-reg] rst -> _27326_/D : -41.445297
[setup in-reg] rst -> _27327_/D : -41.445297
[setup in-reg] rst -> _27331_/D : -41.445297
[setup in-reg] rst -> _27358_/D : -41.445297
[setup in-reg] rst -> _27359_/D : -41.445297
[setup in-reg] rst -> _27363_/D : -41.445297
[setup in-reg] rst -> _27390_/D : -41.445297
[setup in-reg] rst -> _27391_/D : -41.445297
[setup in-reg] rst -> _27395_/D : -41.445297
[setup in-reg] rst -> _27422_/D : -41.445297
[setup in-reg] rst -> _27423_/D : -41.445297
[setup in-reg] rst -> _27427_/D : -41.445297
[setup in-reg] rst -> _27454_/D : -41.445297
[setup in-reg] rst -> _27455_/D : -41.445297
[setup in-reg] rst -> _27459_/D : -41.445297
[setup in-reg] rst -> _27486_/D : -41.445297
[setup in-reg] rst -> _27487_/D : -41.445297
[setup in-reg] rst -> _27491_/D : -41.445297
[setup in-reg] rst -> _27518_/D : -41.445297
[setup in-reg] rst -> _27519_/D : -41.445297
[setup in-reg] rst -> _27523_/D : -41.445297
[setup in-reg] rst -> _27550_/D : -41.445297
[setup in-reg] rst -> _27551_/D : -41.445297
[setup in-reg] rst -> _27555_/D : -41.445297
[setup in-reg] rst -> _27582_/D : -41.445297
[setup in-reg] rst -> _27583_/D : -41.445297
[setup in-reg] rst -> _27587_/D : -41.445297
[setup in-reg] rst -> _27614_/D : -41.445297
[setup in-reg] rst -> _27615_/D : -41.445297
[setup in-reg] rst -> _27619_/D : -41.445297
[setup in-reg] rst -> _27646_/D : -41.445297
[setup in-reg] rst -> _27647_/D : -41.445297
[setup in-reg] rst -> _27651_/D : -41.445297
[setup in-reg] rst -> _27172_/D : -41.445133
[setup in-reg] rst -> _27177_/D : -41.445099
[setup in-reg] rst -> _27178_/D : -41.445099
[setup in-reg] rst -> _27179_/D : -41.445099
[setup in-reg] rst -> _27182_/D : -41.445099
[setup in-reg] rst -> _27204_/D : -41.445133
[setup in-reg] rst -> _27209_/D : -41.445099
[setup in-reg] rst -> _27210_/D : -41.445099
[setup in-reg] rst -> _27211_/D : -41.445099
[setup in-reg] rst -> _27214_/D : -41.445099
[setup in-reg] rst -> _27236_/D : -41.445133
[setup in-reg] rst -> _27241_/D : -41.445099
[setup in-reg] rst -> _27242_/D : -41.445099
[setup in-reg] rst -> _27243_/D : -41.445099
[setup in-reg] rst -> _27246_/D : -41.445099
[setup in-reg] rst -> _27268_/D : -41.445133
[setup in-reg] rst -> _27273_/D : -41.445099
[setup in-reg] rst -> _27274_/D : -41.445099
[setup in-reg] rst -> _27275_/D : -41.445099
[setup in-reg] rst -> _27278_/D : -41.445099
[setup in-reg] rst -> _27300_/D : -41.445133
[setup in-reg] rst -> _27305_/D : -41.445099
[setup in-reg] rst -> _27306_/D : -41.445099
[setup in-reg] rst -> _27307_/D : -41.445099
[setup in-reg] rst -> _27310_/D : -41.445099
[setup in-reg] rst -> _27332_/D : -41.445133
[setup in-reg] rst -> _27337_/D : -41.445099
[setup in-reg] rst -> _27338_/D : -41.445099
[setup in-reg] rst -> _27339_/D : -41.445099
[setup in-reg] rst -> _27342_/D : -41.445099
[setup in-reg] rst -> _27364_/D : -41.445133
[setup in-reg] rst -> _27369_/D : -41.445099
[setup in-reg] rst -> _27370_/D : -41.445099
[setup in-reg] rst -> _27371_/D : -41.445099
[setup in-reg] rst -> _27374_/D : -41.445099
[setup in-reg] rst -> _27396_/D : -41.445133
[setup in-reg] rst -> _27401_/D : -41.445099
[setup in-reg] rst -> _27402_/D : -41.445099
[setup in-reg] rst -> _27403_/D : -41.445099
[setup in-reg] rst -> _27406_/D : -41.445099
[setup in-reg] rst -> _27428_/D : -41.445133
[setup in-reg] rst -> _27433_/D : -41.445099
[setup in-reg] rst -> _27434_/D : -41.445099
[setup in-reg] rst -> _27435_/D : -41.445099
[setup in-reg] rst -> _27438_/D : -41.445099
[setup in-reg] rst -> _27460_/D : -41.445133
[setup in-reg] rst -> _27465_/D : -41.445099
[setup in-reg] rst -> _27466_/D : -41.445099
[setup in-reg] rst -> _27467_/D : -41.445099
[setup in-reg] rst -> _27470_/D : -41.445099
[setup in-reg] rst -> _27492_/D : -41.445133
[setup in-reg] rst -> _27497_/D : -41.445099
[setup in-reg] rst -> _27498_/D : -41.445099
[setup in-reg] rst -> _27499_/D : -41.445099
[setup in-reg] rst -> _27502_/D : -41.445099
[setup in-reg] rst -> _27524_/D : -41.445133
[setup in-reg] rst -> _27529_/D : -41.445099
[setup in-reg] rst -> _27530_/D : -41.445099
[setup in-reg] rst -> _27531_/D : -41.445099
[setup in-reg] rst -> _27534_/D : -41.445099
[setup in-reg] rst -> _27556_/D : -41.445133
[setup in-reg] rst -> _27561_/D : -41.445099
[setup in-reg] rst -> _27562_/D : -41.445099
[setup in-reg] rst -> _27563_/D : -41.445099
[setup in-reg] rst -> _27566_/D : -41.445099
[setup in-reg] rst -> _27588_/D : -41.445133
[setup in-reg] rst -> _27593_/D : -41.445099
[setup in-reg] rst -> _27594_/D : -41.445099
[setup in-reg] rst -> _27595_/D : -41.445099
[setup in-reg] rst -> _27598_/D : -41.445099
[setup in-reg] rst -> _27620_/D : -41.445133
[setup in-reg] rst -> _27625_/D : -41.445099
[setup in-reg] rst -> _27626_/D : -41.445099
[setup in-reg] rst -> _27627_/D : -41.445099
[setup in-reg] rst -> _27630_/D : -41.445099
[setup in-reg] rst -> _27652_/D : -41.445133
[setup in-reg] rst -> _27657_/D : -41.445099
[setup in-reg] rst -> _27658_/D : -41.445099
[setup in-reg] rst -> _27659_/D : -41.445099
[setup in-reg] rst -> _27662_/D : -41.445099
[setup in-reg] rst -> _27176_/D : -41.445007
[setup in-reg] rst -> _27208_/D : -41.445007
[setup in-reg] rst -> _27240_/D : -41.445007
[setup in-reg] rst -> _27272_/D : -41.445007
[setup in-reg] rst -> _27304_/D : -41.445007
[setup in-reg] rst -> _27336_/D : -41.445007
[setup in-reg] rst -> _27368_/D : -41.445007
[setup in-reg] rst -> _27400_/D : -41.445007
[setup in-reg] rst -> _27432_/D : -41.445007
[setup in-reg] rst -> _27464_/D : -41.445007
[setup in-reg] rst -> _27496_/D : -41.445007
[setup in-reg] rst -> _27528_/D : -41.445007
[setup in-reg] rst -> _27560_/D : -41.445007
[setup in-reg] rst -> _27592_/D : -41.445007
[setup in-reg] rst -> _27624_/D : -41.445007
[setup in-reg] rst -> _27656_/D : -41.445007
[setup in-reg] rst -> _27164_/D : -41.444801
[setup in-reg] rst -> _27169_/D : -41.444824
[setup in-reg] rst -> _27201_/D : -41.444824
[setup in-reg] rst -> _27233_/D : -41.444824
[setup in-reg] rst -> _27168_/D : -41.444763
[setup in-reg] rst -> _27196_/D : -41.444801
[setup in-reg] rst -> _27228_/D : -41.444801
[setup in-reg] rst -> _27260_/D : -41.444801
[setup in-reg] rst -> _27265_/D : -41.444824
[setup in-reg] rst -> _27292_/D : -41.444801
[setup in-reg] rst -> _27297_/D : -41.444824
[setup in-reg] rst -> _27324_/D : -41.444801
[setup in-reg] rst -> _27329_/D : -41.444824
[setup in-reg] rst -> _27356_/D : -41.444801
[setup in-reg] rst -> _27361_/D : -41.444824
[setup in-reg] rst -> _27388_/D : -41.444801
[setup in-reg] rst -> _27393_/D : -41.444824
[setup in-reg] rst -> _27420_/D : -41.444801
[setup in-reg] rst -> _27425_/D : -41.444824
[setup in-reg] rst -> _27452_/D : -41.444801
[setup in-reg] rst -> _27457_/D : -41.444824
[setup in-reg] rst -> _27484_/D : -41.444801
[setup in-reg] rst -> _27489_/D : -41.444824
[setup in-reg] rst -> _27521_/D : -41.444824
[setup in-reg] rst -> _27585_/D : -41.444824
[setup in-reg] rst -> _27612_/D : -41.444801
[setup in-reg] rst -> _27617_/D : -41.444824
[setup in-reg] rst -> _27644_/D : -41.444801
[setup in-reg] rst -> _27649_/D : -41.444824
[setup in-reg] rst -> _27170_/D : -41.444729
[setup in-reg] rst -> _27173_/D : -41.444752
[setup in-reg] rst -> _27200_/D : -41.444763
[setup in-reg] rst -> _27202_/D : -41.444729
[setup in-reg] rst -> _27205_/D : -41.444752
[setup in-reg] rst -> _27232_/D : -41.444763
[setup in-reg] rst -> _27234_/D : -41.444729
[setup in-reg] rst -> _27237_/D : -41.444752
[setup in-reg] rst -> _27264_/D : -41.444763
[setup in-reg] rst -> _27266_/D : -41.444729
[setup in-reg] rst -> _27269_/D : -41.444752
[setup in-reg] rst -> _27296_/D : -41.444763
[setup in-reg] rst -> _27298_/D : -41.444729
[setup in-reg] rst -> _27301_/D : -41.444752
[setup in-reg] rst -> _27328_/D : -41.444763
[setup in-reg] rst -> _27330_/D : -41.444729
[setup in-reg] rst -> _27333_/D : -41.444752
[setup in-reg] rst -> _27360_/D : -41.444763
[setup in-reg] rst -> _27362_/D : -41.444729
[setup in-reg] rst -> _27365_/D : -41.444752
[setup in-reg] rst -> _27392_/D : -41.444763
[setup in-reg] rst -> _27394_/D : -41.444729
[setup in-reg] rst -> _27397_/D : -41.444752
[setup in-reg] rst -> _27424_/D : -41.444763
[setup in-reg] rst -> _27426_/D : -41.444729
[setup in-reg] rst -> _27429_/D : -41.444752
[setup in-reg] rst -> _27456_/D : -41.444763
[setup in-reg] rst -> _27458_/D : -41.444729
[setup in-reg] rst -> _27461_/D : -41.444752
[setup in-reg] rst -> _27488_/D : -41.444763
[setup in-reg] rst -> _27516_/D : -41.444801
[setup in-reg] rst -> _27520_/D : -41.444763
[setup in-reg] rst -> _27548_/D : -41.444801
[setup in-reg] rst -> _27553_/D : -41.444824
[setup in-reg] rst -> _27490_/D : -41.444729
[setup in-reg] rst -> _27493_/D : -41.444752
[setup in-reg] rst -> _27522_/D : -41.444729
[setup in-reg] rst -> _27525_/D : -41.444752
[setup in-reg] rst -> _27552_/D : -41.444763
[setup in-reg] rst -> _27580_/D : -41.444801
[setup in-reg] rst -> _27554_/D : -41.444729
[setup in-reg] rst -> _27557_/D : -41.444752
[setup in-reg] rst -> _27584_/D : -41.444763
[setup in-reg] rst -> _27586_/D : -41.444729
[setup in-reg] rst -> _27589_/D : -41.444752
[setup in-reg] rst -> _27616_/D : -41.444763
[setup in-reg] rst -> _27618_/D : -41.444729
[setup in-reg] rst -> _27621_/D : -41.444752
[setup in-reg] rst -> _27648_/D : -41.444763
[setup in-reg] rst -> _27650_/D : -41.444729
[setup in-reg] rst -> _27653_/D : -41.444752
[setup in-reg] rst -> _27181_/D : -41.444580
[setup in-reg] rst -> _27213_/D : -41.444580
[setup in-reg] rst -> _27245_/D : -41.444580
[setup in-reg] rst -> _27277_/D : -41.444580
[setup in-reg] rst -> _27309_/D : -41.444580
[setup in-reg] rst -> _27341_/D : -41.444580
[setup in-reg] rst -> _27373_/D : -41.444580
[setup in-reg] rst -> _27405_/D : -41.444580
[setup in-reg] rst -> _27437_/D : -41.444580
[setup in-reg] rst -> _27469_/D : -41.444580
[setup in-reg] rst -> _27501_/D : -41.444580
[setup in-reg] rst -> _27533_/D : -41.444580
[setup in-reg] rst -> _27565_/D : -41.444580
[setup in-reg] rst -> _27597_/D : -41.444580
[setup in-reg] rst -> _27629_/D : -41.444580
[setup in-reg] rst -> _27661_/D : -41.444580
[setup in-reg] rst -> _27180_/D : -41.444473
[setup in-reg] rst -> _27212_/D : -41.444473
[setup in-reg] rst -> _27244_/D : -41.444473
[setup in-reg] rst -> _27276_/D : -41.444473
[setup in-reg] rst -> _27308_/D : -41.444473
[setup in-reg] rst -> _27340_/D : -41.444473
[setup in-reg] rst -> _27372_/D : -41.444473
[setup in-reg] rst -> _27404_/D : -41.444473
[setup in-reg] rst -> _27436_/D : -41.444473
[setup in-reg] rst -> _27468_/D : -41.444473
[setup in-reg] rst -> _27500_/D : -41.444473
[setup in-reg] rst -> _27532_/D : -41.444473
[setup in-reg] rst -> _27564_/D : -41.444473
[setup in-reg] rst -> _27596_/D : -41.444473
[setup in-reg] rst -> _27628_/D : -41.444473
[setup in-reg] rst -> _27660_/D : -41.444473
[setup in-reg] rst -> _27183_/D : -41.444168
[setup in-reg] rst -> _27215_/D : -41.444168
[setup in-reg] rst -> _27247_/D : -41.444168
[setup in-reg] rst -> _27279_/D : -41.444168
[setup in-reg] rst -> _27311_/D : -41.444168
[setup in-reg] rst -> _27343_/D : -41.444168
[setup in-reg] rst -> _27375_/D : -41.444168
[setup in-reg] rst -> _27407_/D : -41.444168
[setup in-reg] rst -> _27439_/D : -41.444168
[setup in-reg] rst -> _27471_/D : -41.444168
[setup in-reg] rst -> _27503_/D : -41.444168
[setup in-reg] rst -> _27535_/D : -41.444168
[setup in-reg] rst -> _27567_/D : -41.444168
[setup in-reg] rst -> _27599_/D : -41.444168
[setup in-reg] rst -> _27631_/D : -41.444168
[setup in-reg] rst -> _27663_/D : -41.444168
[setup in-reg] rst -> _27160_/D : -41.443665
[setup in-reg] rst -> _27192_/D : -41.443665
[setup in-reg] rst -> _27224_/D : -41.443665
[setup in-reg] rst -> _27256_/D : -41.443665
[setup in-reg] rst -> _27288_/D : -41.443665
[setup in-reg] rst -> _27320_/D : -41.443665
[setup in-reg] rst -> _27352_/D : -41.443665
[setup in-reg] rst -> _27384_/D : -41.443665
[setup in-reg] rst -> _27416_/D : -41.443665
[setup in-reg] rst -> _27448_/D : -41.443665
[setup in-reg] rst -> _27480_/D : -41.443665
[setup in-reg] rst -> _27512_/D : -41.443665
[setup in-reg] rst -> _27544_/D : -41.443665
[setup in-reg] rst -> _27576_/D : -41.443665
[setup in-reg] rst -> _27608_/D : -41.443665
[setup in-reg] rst -> _27640_/D : -41.443665
[setup in-reg] rst -> _27175_/D : -41.439991
[setup in-reg] rst -> _27207_/D : -41.439991
[setup in-reg] rst -> _27239_/D : -41.439991
[setup in-reg] rst -> _27271_/D : -41.439991
[setup in-reg] rst -> _27303_/D : -41.439991
[setup in-reg] rst -> _27335_/D : -41.439991
[setup in-reg] rst -> _27367_/D : -41.439991
[setup in-reg] rst -> _27399_/D : -41.439991
[setup in-reg] rst -> _27431_/D : -41.439991
[setup in-reg] rst -> _27463_/D : -41.439991
[setup in-reg] rst -> _27495_/D : -41.439991
[setup in-reg] rst -> _27527_/D : -41.439991
[setup in-reg] rst -> _27559_/D : -41.439991
[setup in-reg] rst -> _27591_/D : -41.439991
[setup in-reg] rst -> _27623_/D : -41.439991
[setup in-reg] rst -> _27655_/D : -41.439991
[setup in-reg] rst -> _27152_/D : -41.439827
[setup in-reg] rst -> _27154_/D : -41.439827
[setup in-reg] rst -> _27155_/D : -41.439827
[setup in-reg] rst -> _27156_/D : -41.439827
[setup in-reg] rst -> _27184_/D : -41.439827
[setup in-reg] rst -> _27186_/D : -41.439827
[setup in-reg] rst -> _27187_/D : -41.439827
[setup in-reg] rst -> _27188_/D : -41.439827
[setup in-reg] rst -> _27216_/D : -41.439827
[setup in-reg] rst -> _27218_/D : -41.439827
[setup in-reg] rst -> _27219_/D : -41.439827
[setup in-reg] rst -> _27220_/D : -41.439827
[setup in-reg] rst -> _27248_/D : -41.439827
[setup in-reg] rst -> _27250_/D : -41.439827
[setup in-reg] rst -> _27251_/D : -41.439827
[setup in-reg] rst -> _27252_/D : -41.439827
[setup in-reg] rst -> _27280_/D : -41.439827
[setup in-reg] rst -> _27282_/D : -41.439827
[setup in-reg] rst -> _27283_/D : -41.439827
[setup in-reg] rst -> _27284_/D : -41.439827
[setup in-reg] rst -> _27312_/D : -41.439827
[setup in-reg] rst -> _27314_/D : -41.439827
[setup in-reg] rst -> _27315_/D : -41.439827
[setup in-reg] rst -> _27316_/D : -41.439827
[setup in-reg] rst -> _27344_/D : -41.439827
[setup in-reg] rst -> _27346_/D : -41.439827
[setup in-reg] rst -> _27347_/D : -41.439827
[setup in-reg] rst -> _27348_/D : -41.439827
[setup in-reg] rst -> _27376_/D : -41.439827
[setup in-reg] rst -> _27378_/D : -41.439827
[setup in-reg] rst -> _27379_/D : -41.439827
[setup in-reg] rst -> _27380_/D : -41.439827
[setup in-reg] rst -> _27408_/D : -41.439827
[setup in-reg] rst -> _27410_/D : -41.439827
[setup in-reg] rst -> _27411_/D : -41.439827
[setup in-reg] rst -> _27412_/D : -41.439827
[setup in-reg] rst -> _27440_/D : -41.439827
[setup in-reg] rst -> _27442_/D : -41.439827
[setup in-reg] rst -> _27443_/D : -41.439827
[setup in-reg] rst -> _27444_/D : -41.439827
[setup in-reg] rst -> _27472_/D : -41.439827
[setup in-reg] rst -> _27474_/D : -41.439827
[setup in-reg] rst -> _27475_/D : -41.439827
[setup in-reg] rst -> _27476_/D : -41.439827
[setup in-reg] rst -> _27504_/D : -41.439827
[setup in-reg] rst -> _27506_/D : -41.439827
[setup in-reg] rst -> _27507_/D : -41.439827
[setup in-reg] rst -> _27508_/D : -41.439827
[setup in-reg] rst -> _27536_/D : -41.439827
[setup in-reg] rst -> _27538_/D : -41.439827
[setup in-reg] rst -> _27539_/D : -41.439827
[setup in-reg] rst -> _27540_/D : -41.439827
[setup in-reg] rst -> _27568_/D : -41.439827
[setup in-reg] rst -> _27570_/D : -41.439827
[setup in-reg] rst -> _27571_/D : -41.439827
[setup in-reg] rst -> _27572_/D : -41.439827
[setup in-reg] rst -> _27600_/D : -41.439827
[setup in-reg] rst -> _27602_/D : -41.439827
[setup in-reg] rst -> _27603_/D : -41.439827
[setup in-reg] rst -> _27604_/D : -41.439827
[setup in-reg] rst -> _27632_/D : -41.439827
[setup in-reg] rst -> _27634_/D : -41.439827
[setup in-reg] rst -> _27635_/D : -41.439827
[setup in-reg] rst -> _27636_/D : -41.439827
[setup in-reg] rst -> _27153_/D : -41.439754
[setup in-reg] rst -> _27157_/D : -41.439754
[setup in-reg] rst -> _27158_/D : -41.439754
[setup in-reg] rst -> _27159_/D : -41.439754
[setup in-reg] rst -> _27185_/D : -41.439754
[setup in-reg] rst -> _27189_/D : -41.439754
[setup in-reg] rst -> _27190_/D : -41.439754
[setup in-reg] rst -> _27191_/D : -41.439754
[setup in-reg] rst -> _27217_/D : -41.439754
[setup in-reg] rst -> _27221_/D : -41.439754
[setup in-reg] rst -> _27222_/D : -41.439754
[setup in-reg] rst -> _27223_/D : -41.439754
[setup in-reg] rst -> _27249_/D : -41.439754
[setup in-reg] rst -> _27253_/D : -41.439754
[setup in-reg] rst -> _27254_/D : -41.439754
[setup in-reg] rst -> _27255_/D : -41.439754
[setup in-reg] rst -> _27281_/D : -41.439754
[setup in-reg] rst -> _27285_/D : -41.439754
[setup in-reg] rst -> _27286_/D : -41.439754
[setup in-reg] rst -> _27287_/D : -41.439754
[setup in-reg] rst -> _27313_/D : -41.439754
[setup in-reg] rst -> _27317_/D : -41.439754
[setup in-reg] rst -> _27318_/D : -41.439754
[setup in-reg] rst -> _27319_/D : -41.439754
[setup in-reg] rst -> _27345_/D : -41.439754
[setup in-reg] rst -> _27349_/D : -41.439754
[setup in-reg] rst -> _27350_/D : -41.439754
[setup in-reg] rst -> _27351_/D : -41.439754
[setup in-reg] rst -> _27377_/D : -41.439754
[setup in-reg] rst -> _27381_/D : -41.439754
[setup in-reg] rst -> _27382_/D : -41.439754
[setup in-reg] rst -> _27383_/D : -41.439754
[setup in-reg] rst -> _27409_/D : -41.439754
[setup in-reg] rst -> _27413_/D : -41.439754
[setup in-reg] rst -> _27414_/D : -41.439754
[setup in-reg] rst -> _27415_/D : -41.439754
[setup in-reg] rst -> _27441_/D : -41.439754
[setup in-reg] rst -> _27445_/D : -41.439754
[setup in-reg] rst -> _27446_/D : -41.439754
[setup in-reg] rst -> _27447_/D : -41.439754
[setup in-reg] rst -> _27473_/D : -41.439754
[setup in-reg] rst -> _27477_/D : -41.439754
[setup in-reg] rst -> _27478_/D : -41.439754
[setup in-reg] rst -> _27479_/D : -41.439754
[setup in-reg] rst -> _27505_/D : -41.439754
[setup in-reg] rst -> _27509_/D : -41.439754
[setup in-reg] rst -> _27510_/D : -41.439754
[setup in-reg] rst -> _27511_/D : -41.439754
[setup in-reg] rst -> _27537_/D : -41.439754
[setup in-reg] rst -> _27541_/D : -41.439754
[setup in-reg] rst -> _27542_/D : -41.439754
[setup in-reg] rst -> _27543_/D : -41.439754
[setup in-reg] rst -> _27569_/D : -41.439754
[setup in-reg] rst -> _27573_/D : -41.439754
[setup in-reg] rst -> _27574_/D : -41.439754
[setup in-reg] rst -> _27575_/D : -41.439754
[setup in-reg] rst -> _27601_/D : -41.439754
[setup in-reg] rst -> _27605_/D : -41.439754
[setup in-reg] rst -> _27606_/D : -41.439754
[setup in-reg] rst -> _27607_/D : -41.439754
[setup in-reg] rst -> _27633_/D : -41.439754
[setup in-reg] rst -> _27637_/D : -41.439754
[setup in-reg] rst -> _27638_/D : -41.439754
[setup in-reg] rst -> _27639_/D : -41.439754
[setup reg-reg] _25059_/Q -> _25455_/D : -41.000149
[setup reg-reg] _25059_/Q -> _25457_/D : -41.000149
[setup reg-reg] _25059_/Q -> _25456_/D : -40.944366
[setup reg-reg] _25059_/Q -> _25458_/D : -40.944366
[setup reg-reg] _25059_/Q -> _25462_/D : -40.944366
[setup reg-reg] _25059_/Q -> _25466_/D : -40.944366
[setup reg-reg] _25059_/Q -> _25468_/D : -40.944366
[setup reg-reg] _25059_/Q -> _25473_/D : -40.944366
[setup reg-reg] _25059_/Q -> _25476_/D : -40.944366
[setup reg-reg] _25059_/Q -> _25477_/D : -40.944366
[setup reg-reg] _25059_/Q -> _25482_/D : -40.944366
[setup reg-reg] _25059_/Q -> _25483_/D : -40.944366
[setup reg-reg] _25059_/Q -> _25484_/D : -40.944366
[setup reg-reg] _25059_/Q -> _25461_/D : -40.846424
[setup reg-reg] _25059_/Q -> _25465_/D : -40.846424
[setup reg-reg] _25059_/Q -> _25469_/D : -40.846424
[setup reg-reg] _25059_/Q -> _25470_/D : -40.846424
[setup reg-reg] _25059_/Q -> _25474_/D : -40.846424
[setup reg-reg] _25059_/Q -> _25140_/D : -36.553738
[setup reg-reg] _25061_/Q -> _25676_/D : -35.357780
[setup reg-reg] _25061_/Q -> _25497_/D : -35.152840
[setup reg-reg] _25061_/Q -> _25495_/D : -35.110397
[setup reg-reg] _25061_/Q -> _25496_/D : -34.936111
[setup reg-reg] _25061_/Q -> _25494_/D : -34.541389
[setup reg-reg] _25059_/Q -> _25371_/D : -32.852337
[setup reg-reg] _25059_/Q -> _25383_/D : -32.852337
[setup reg-reg] _25059_/Q -> _25486_/D : -32.612385
[setup reg-reg] _25059_/Q -> _25460_/D : -31.931713
[setup reg-reg] _25059_/Q -> _25472_/D : -31.931713
[setup reg-reg] _25059_/Q -> _25459_/D : -31.910610
[setup reg-reg] _25059_/Q -> _25464_/D : -31.910610
[setup reg-reg] _25059_/Q -> _25475_/D : -31.910610
[setup reg-reg] _25059_/Q -> _25481_/D : -31.910610
[setup reg-reg] _25061_/Q -> _25205_/D : -31.767508
[setup reg-reg] _25061_/Q -> _25203_/D : -31.655760
[setup reg-reg] _25061_/Q -> _25209_/D : -31.655760
[setup reg-reg] _25061_/Q -> _25197_/D : -31.592287
[setup reg-reg] _25061_/Q -> _25202_/D : -31.592287
[setup reg-reg] _25059_/Q -> _25471_/D : -30.930054
[setup reg-reg] _25059_/Q -> _25478_/D : -30.930054
[setup reg-reg] _25059_/Q -> _25480_/D : -30.930054
[setup reg-reg] _25494_/Q -> _24978_/D : -30.565113
[setup reg-reg] _25061_/Q -> _25196_/D : -30.564674
[setup reg-reg] _25494_/Q -> _24937_/D : -30.564245
[setup reg-reg] _25494_/Q -> _24991_/D : -30.318575
[setup reg-reg] _25494_/Q -> _24950_/D : -30.317709
[setup reg-reg] _25494_/Q -> _24983_/D : -30.265654
[setup reg-reg] _25494_/Q -> _24942_/D : -30.264791
[setup reg-reg] _25494_/Q -> _24940_/D : -30.204096
[setup reg-reg] _25494_/Q -> _24981_/D : -30.198465
[setup reg-reg] _25061_/Q -> _25200_/D : -30.057848
[setup reg-reg] _25494_/Q -> _24934_/D : -29.861650
[setup reg-reg] _25494_/Q -> _24975_/D : -29.856018
[setup reg-reg] _25494_/Q -> _24938_/D : -29.827003
[setup reg-reg] _25494_/Q -> _24979_/D : -29.821373
[setup reg-reg] _25061_/Q -> _25199_/D : -29.741179
[setup reg-reg] _25494_/Q -> _24977_/D : -29.653320
[setup reg-reg] _25494_/Q -> _24936_/D : -29.652456
[setup reg-reg] _25059_/Q -> _25454_/D : -29.596798
[setup reg-reg] _25494_/Q -> _24947_/D : -29.584747
[setup reg-reg] _25494_/Q -> _24988_/D : -29.579119
[setup reg-reg] _25061_/Q -> _25198_/D : -29.564709
[setup reg-reg] _25061_/Q -> _25207_/D : -29.524296
[setup reg-reg] _25494_/Q -> _24945_/D : -29.372648
[setup reg-reg] _25494_/Q -> _24986_/D : -29.367018
[setup reg-reg] _25494_/Q -> _25000_/D : -29.357130
[setup reg-reg] _25494_/Q -> _24999_/D : -29.353483
[setup reg-reg] _25494_/Q -> _24959_/D : -29.348358
[setup reg-reg] _25494_/Q -> _25001_/D : -29.347641
[setup reg-reg] _25494_/Q -> _24958_/D : -29.344709
[setup reg-reg] _25494_/Q -> _24960_/D : -29.338869
[setup reg-reg] _25061_/Q -> _25204_/D : -29.286188
[setup reg-reg] _25494_/Q -> _24974_/D : -29.216650
[setup reg-reg] _25494_/Q -> _24933_/D : -29.215784
[setup reg-reg] _25059_/Q -> _25362_/D : -29.150753
[setup reg-reg] _25059_/Q -> _25363_/D : -29.150522
[setup reg-reg] _25494_/Q -> _24948_/D : -28.825031
[setup reg-reg] _25494_/Q -> _24989_/D : -28.819403
[setup reg-reg] _25494_/Q -> _24987_/D : -28.742146
[setup reg-reg] _25494_/Q -> _24946_/D : -28.741280
[setup reg-reg] _25494_/Q -> _25003_/D : -28.422308
[setup reg-reg] _25494_/Q -> _25004_/D : -28.414074
[setup reg-reg] _25494_/Q -> _24962_/D : -28.406811
[setup reg-reg] _25494_/Q -> _24963_/D : -28.405300
[setup reg-reg] _25494_/Q -> _24982_/D : -28.153000
[setup reg-reg] _25494_/Q -> _24941_/D : -28.137501
[setup reg-reg] _25494_/Q -> _24939_/D : -27.884722
[setup reg-reg] _25494_/Q -> _24980_/D : -27.879091
[setup reg-reg] _25494_/Q -> _24976_/D : -27.751049
[setup reg-reg] _25494_/Q -> _24935_/D : -27.750183
[setup reg-reg] _25494_/Q -> _24954_/D : -27.644962
[setup reg-reg] _25494_/Q -> _24995_/D : -27.639334
[setup reg-reg] _25494_/Q -> _24953_/D : -27.439871
[setup reg-reg] _25494_/Q -> _24994_/D : -27.434242
[setup reg-reg] _25494_/Q -> _24996_/D : -27.400166
[setup reg-reg] _25494_/Q -> _24955_/D : -27.399300
[setup reg-reg] _25494_/Q -> _24984_/D : -27.373577
[setup reg-reg] _25494_/Q -> _24943_/D : -27.372711
[setup reg-reg] _25061_/Q -> _25201_/D : -27.356979
[setup reg-reg] _25494_/Q -> _25137_/D : -24.846617
[setup reg-reg] _25494_/Q -> _25418_/D : -24.331533
[setup reg-reg] _25494_/Q -> _25407_/D : -24.329319
[setup reg-reg] _25494_/Q -> _25408_/D : -24.177193
[setup reg-reg] _25494_/Q -> _25417_/D : -24.137413
[setup reg-reg] _25494_/Q -> _25403_/D : -23.678629
[setup reg-reg] _25494_/Q -> _25422_/D : -23.678629
[setup reg-reg] _25061_/Q -> _25223_/D : -23.214247
[setup reg-reg] _25494_/Q -> _25416_/D : -23.181456
[setup reg-reg] _25494_/Q -> _25420_/D : -23.171949
[setup in-reg] rst -> _24910_/RN : -22.764587
[setup in-reg] rst -> _24911_/RN : -22.764587
[setup in-reg] rst -> _24912_/RN : -22.764587
[setup in-reg] rst -> _24913_/RN : -22.764587
[setup in-reg] rst -> _24914_/RN : -22.764587
[setup in-reg] rst -> _24915_/RN : -22.764587
[setup in-reg] rst -> _24916_/RN : -22.764587
[setup in-reg] rst -> _24917_/RN : -22.764587
[setup in-reg] rst -> _24918_/RN : -22.764587
[setup in-reg] rst -> _24919_/RN : -22.764587
[setup in-reg] rst -> _24920_/RN : -22.764587
[setup in-reg] rst -> _24921_/RN : -22.764587
[setup in-reg] rst -> _24922_/RN : -22.764587
[setup in-reg] rst -> _24923_/RN : -22.764587
[setup in-reg] rst -> _24924_/RN : -22.764587
[setup in-reg] rst -> _24925_/RN : -22.764587
[setup in-reg] rst -> _24926_/RN : -22.764587
[setup in-reg] rst -> _24927_/RN : -22.764587
[setup in-reg] rst -> _24928_/RN : -22.764587
[setup in-reg] rst -> _24929_/RN : -22.764587
[setup in-reg] rst -> _24930_/RN : -22.764587
[setup in-reg] rst -> _24931_/RN : -22.764587
[setup in-reg] rst -> _24932_/RN : -22.764587
[setup in-reg] rst -> _24933_/RN : -22.764587
[setup in-reg] rst -> _24934_/RN : -22.764587
[setup in-reg] rst -> _24935_/RN : -22.764587
[setup in-reg] rst -> _24936_/RN : -22.764587
[setup in-reg] rst -> _24937_/RN : -22.764587
[setup in-reg] rst -> _24938_/RN : -22.764587
[setup in-reg] rst -> _24939_/RN : -22.764587
[setup in-reg] rst -> _24940_/RN : -22.764587
[setup in-reg] rst -> _24941_/RN : -22.764587
[setup in-reg] rst -> _24942_/RN : -22.764587
[setup in-reg] rst -> _24943_/RN : -22.764587
[setup in-reg] rst -> _24944_/RN : -22.764587
[setup in-reg] rst -> _24945_/RN : -22.764587
[setup in-reg] rst -> _24946_/RN : -22.764587
[setup in-reg] rst -> _24947_/RN : -22.764587
[setup in-reg] rst -> _24948_/RN : -22.764587
[setup in-reg] rst -> _24949_/RN : -22.764587
[setup in-reg] rst -> _24950_/RN : -22.764587
[setup in-reg] rst -> _24951_/RN : -22.764587
[setup in-reg] rst -> _24952_/RN : -22.764587
[setup in-reg] rst -> _24953_/RN : -22.764587
[setup in-reg] rst -> _24954_/RN : -22.764587
[setup in-reg] rst -> _24955_/RN : -22.764587
[setup in-reg] rst -> _24956_/RN : -22.764587
[setup in-reg] rst -> _24957_/RN : -22.764587
[setup in-reg] rst -> _24958_/RN : -22.764587
[setup in-reg] rst -> _24959_/RN : -22.764587
[setup in-reg] rst -> _24960_/RN : -22.764587
[setup in-reg] rst -> _24961_/RN : -22.764587
[setup in-reg] rst -> _24962_/RN : -22.764587
[setup in-reg] rst -> _24963_/RN : -22.764587
[setup in-reg] rst -> _24964_/RN : -22.764587
[setup in-reg] rst -> _24965_/RN : -22.764587
[setup in-reg] rst -> _24966_/RN : -22.764587
[setup in-reg] rst -> _24967_/RN : -22.764587
[setup in-reg] rst -> _24968_/RN : -22.764587
[setup in-reg] rst -> _24969_/RN : -22.764587
[setup in-reg] rst -> _24970_/RN : -22.764587
[setup in-reg] rst -> _24971_/RN : -22.764587
[setup in-reg] rst -> _24972_/RN : -22.764587
[setup in-reg] rst -> _24973_/RN : -22.764587
[setup in-reg] rst -> _24974_/RN : -22.764587
[setup in-reg] rst -> _24975_/RN : -22.764587
[setup in-reg] rst -> _24976_/RN : -22.764587
[setup in-reg] rst -> _24977_/RN : -22.764587
[setup in-reg] rst -> _24978_/RN : -22.764587
[setup in-reg] rst -> _24979_/RN : -22.764587
[setup in-reg] rst -> _24980_/RN : -22.764587
[setup in-reg] rst -> _24981_/RN : -22.764587
[setup in-reg] rst -> _24982_/RN : -22.764587
[setup in-reg] rst -> _24983_/RN : -22.764587
[setup in-reg] rst -> _24984_/RN : -22.764587
[setup in-reg] rst -> _24985_/RN : -22.764587
[setup in-reg] rst -> _24986_/RN : -22.764587
[setup in-reg] rst -> _24987_/RN : -22.764587
[setup in-reg] rst -> _24988_/RN : -22.764587
[setup in-reg] rst -> _24989_/RN : -22.764587
[setup in-reg] rst -> _24990_/RN : -22.764587
[setup in-reg] rst -> _24991_/RN : -22.764587
[setup in-reg] rst -> _24992_/RN : -22.764587
[setup in-reg] rst -> _24993_/RN : -22.764587
[setup in-reg] rst -> _24994_/RN : -22.764587
[setup in-reg] rst -> _24995_/RN : -22.764587
[setup in-reg] rst -> _24996_/RN : -22.764587
[setup in-reg] rst -> _24997_/RN : -22.764587
[setup in-reg] rst -> _24998_/RN : -22.764587
[setup in-reg] rst -> _24999_/RN : -22.764587
[setup in-reg] rst -> _25000_/RN : -22.764587
[setup in-reg] rst -> _25001_/RN : -22.764587
[setup in-reg] rst -> _25002_/RN : -22.764587
[setup in-reg] rst -> _25003_/RN : -22.764587
[setup in-reg] rst -> _25004_/RN : -22.764587
[setup in-reg] rst -> _25005_/RN : -22.764587
[setup in-reg] rst -> _25006_/RN : -22.764587
[setup in-reg] rst -> _25007_/RN : -22.764587
[setup in-reg] rst -> _25008_/RN : -22.764587
[setup in-reg] rst -> _25009_/RN : -22.764587
[setup in-reg] rst -> _25010_/RN : -22.764587
[setup in-reg] rst -> _25011_/RN : -22.764587
[setup in-reg] rst -> _25012_/RN : -22.764587
[setup in-reg] rst -> _25013_/RN : -22.764587
[setup in-reg] rst -> _25014_/RN : -22.764587
[setup in-reg] rst -> _25015_/RN : -22.764587
[setup in-reg] rst -> _25016_/RN : -22.764587
[setup in-reg] rst -> _25017_/RN : -22.764587
[setup in-reg] rst -> _25018_/RN : -22.764587
[setup in-reg] rst -> _25019_/RN : -22.764587
[setup in-reg] rst -> _25020_/RN : -22.764587
[setup in-reg] rst -> _25021_/RN : -22.764587
[setup in-reg] rst -> _25022_/RN : -22.764587
[setup in-reg] rst -> _25023_/RN : -22.764587
[setup in-reg] rst -> _25024_/RN : -22.764587
[setup in-reg] rst -> _25025_/RN : -22.764587
[setup in-reg] rst -> _25026_/RN : -22.764587
[setup in-reg] rst -> _25027_/RN : -22.764587
[setup in-reg] rst -> _25028_/RN : -22.764587
[setup in-reg] rst -> _25029_/RN : -22.764587
[setup in-reg] rst -> _25030_/RN : -22.764587
[setup in-reg] rst -> _25031_/RN : -22.764587
[setup in-reg] rst -> _25032_/RN : -22.764587
[setup in-reg] rst -> _25033_/RN : -22.764587
[setup in-reg] rst -> _25034_/RN : -22.764587
[setup in-reg] rst -> _25035_/RN : -22.764587
[setup in-reg] rst -> _25036_/RN : -22.764587
[setup in-reg] rst -> _25037_/RN : -22.764587
[setup in-reg] rst -> _25038_/RN : -22.764587
[setup in-reg] rst -> _25039_/RN : -22.764587
[setup in-reg] rst -> _25040_/RN : -22.764587
[setup in-reg] rst -> _25041_/RN : -22.764587
[setup in-reg] rst -> _25042_/RN : -22.764587
[setup in-reg] rst -> _25043_/RN : -22.764587
[setup in-reg] rst -> _25044_/RN : -22.764587
[setup in-reg] rst -> _25045_/RN : -22.764587
[setup in-reg] rst -> _25046_/RN : -22.764587
[setup in-reg] rst -> _25047_/RN : -22.764587
[setup in-reg] rst -> _25048_/RN : -22.764587
[setup in-reg] rst -> _25049_/RN : -22.764587
[setup in-reg] rst -> _25050_/RN : -22.764587
[setup in-reg] rst -> _25051_/RN : -22.764587
[setup in-reg] rst -> _25052_/RN : -22.764587
[setup in-reg] rst -> _25053_/RN : -22.764587
[setup in-reg] rst -> _25054_/RN : -22.764587
[setup in-reg] rst -> _25055_/RN : -22.764587
[setup in-reg] rst -> _25056_/RN : -22.764587
[setup in-reg] rst -> _25057_/RN : -22.764587
[setup in-reg] rst -> _25058_/RN : -22.764587
[setup in-reg] rst -> _25059_/RN : -22.764587
[setup in-reg] rst -> _25060_/RN : -22.764587
[setup in-reg] rst -> _25061_/RN : -22.764587
[setup in-reg] rst -> _25062_/RN : -22.764587
[setup in-reg] rst -> _25063_/RN : -22.764587
[setup in-reg] rst -> _25064_/RN : -22.764587
[setup in-reg] rst -> _25065_/RN : -22.764587
[setup in-reg] rst -> _25066_/RN : -22.764587
[setup in-reg] rst -> _25067_/RN : -22.764587
[setup in-reg] rst -> _25068_/RN : -22.764587
[setup in-reg] rst -> _25069_/RN : -22.764587
[setup in-reg] rst -> _25070_/RN : -22.764587
[setup in-reg] rst -> _25071_/RN : -22.764587
[setup in-reg] rst -> _25072_/RN : -22.764587
[setup in-reg] rst -> _25073_/RN : -22.764587
[setup in-reg] rst -> _25074_/RN : -22.764587
[setup in-reg] rst -> _25075_/RN : -22.764587
[setup in-reg] rst -> _25076_/RN : -22.764587
[setup in-reg] rst -> _25077_/RN : -22.764587
[setup in-reg] rst -> _25078_/RN : -22.764587
[setup in-reg] rst -> _25079_/RN : -22.764587
[setup in-reg] rst -> _25080_/RN : -22.764587
[setup in-reg] rst -> _25081_/RN : -22.764587
[setup in-reg] rst -> _25082_/RN : -22.764587
[setup in-reg] rst -> _25083_/RN : -22.764587
[setup in-reg] rst -> _25084_/RN : -22.764587
[setup in-reg] rst -> _25085_/RN : -22.764587
[setup in-reg] rst -> _25086_/RN : -22.764587
[setup in-reg] rst -> _25087_/RN : -22.764587
[setup in-reg] rst -> _25088_/RN : -22.764587
[setup in-reg] rst -> _25089_/RN : -22.764587
[setup in-reg] rst -> _25090_/RN : -22.764587
[setup in-reg] rst -> _25091_/RN : -22.764587
[setup in-reg] rst -> _25092_/RN : -22.764587
[setup in-reg] rst -> _25093_/RN : -22.764587
[setup in-reg] rst -> _25094_/RN : -22.764587
[setup in-reg] rst -> _25095_/RN : -22.764587
[setup in-reg] rst -> _25096_/RN : -22.764587
[setup in-reg] rst -> _25097_/RN : -22.764587
[setup in-reg] rst -> _25098_/RN : -22.764587
[setup in-reg] rst -> _25099_/RN : -22.764587
[setup in-reg] rst -> _25100_/RN : -22.764587
[setup in-reg] rst -> _25101_/RN : -22.764587
[setup in-reg] rst -> _25102_/RN : -22.764587
[setup in-reg] rst -> _25103_/RN : -22.764587
[setup in-reg] rst -> _25104_/RN : -22.764587
[setup in-reg] rst -> _25105_/RN : -22.764587
[setup in-reg] rst -> _25106_/RN : -22.764587
[setup in-reg] rst -> _25107_/RN : -22.764587
[setup in-reg] rst -> _25108_/RN : -22.764587
[setup in-reg] rst -> _25109_/RN : -22.764587
[setup in-reg] rst -> _25110_/RN : -22.764587
[setup in-reg] rst -> _25111_/RN : -22.764587
[setup in-reg] rst -> _25112_/RN : -22.764587
[setup in-reg] rst -> _25113_/RN : -22.764587
[setup in-reg] rst -> _25114_/RN : -22.764587
[setup in-reg] rst -> _25115_/RN : -22.764587
[setup in-reg] rst -> _25116_/RN : -22.764587
[setup in-reg] rst -> _25117_/RN : -22.764587
[setup in-reg] rst -> _25118_/RN : -22.764587
[setup in-reg] rst -> _25119_/RN : -22.764587
[setup in-reg] rst -> _25120_/RN : -22.764587
[setup in-reg] rst -> _25121_/RN : -22.764587
[setup in-reg] rst -> _25122_/RN : -22.764587
[setup in-reg] rst -> _25123_/RN : -22.764587
[setup in-reg] rst -> _25124_/RN : -22.764587
[setup in-reg] rst -> _25125_/RN : -22.764587
[setup in-reg] rst -> _25126_/RN : -22.764587
[setup in-reg] rst -> _25127_/RN : -22.764587
[setup in-reg] rst -> _25128_/RN : -22.764587
[setup in-reg] rst -> _25129_/RN : -22.764587
[setup in-reg] rst -> _25130_/RN : -22.764587
[setup in-reg] rst -> _25131_/RN : -22.764587
[setup in-reg] rst -> _25132_/RN : -22.764587
[setup in-reg] rst -> _25133_/RN : -22.764587
[setup in-reg] rst -> _25134_/RN : -22.764587
[setup in-reg] rst -> _25135_/RN : -22.764587
[setup in-reg] rst -> _25136_/RN : -22.764587
[setup in-reg] rst -> _25137_/RN : -22.764587
[setup in-reg] rst -> _25138_/RN : -22.764587
[setup in-reg] rst -> _25139_/RN : -22.764587
[setup in-reg] rst -> _25140_/RN : -22.764587
[setup in-reg] rst -> _25141_/RN : -22.764587
[setup in-reg] rst -> _25142_/RN : -22.764587
[setup in-reg] rst -> _25143_/RN : -22.764587
[setup in-reg] rst -> _25144_/RN : -22.764587
[setup in-reg] rst -> _25145_/RN : -22.764587
[setup in-reg] rst -> _25146_/RN : -22.764587
[setup in-reg] rst -> _25147_/RN : -22.764587
[setup in-reg] rst -> _25148_/RN : -22.764587
[setup in-reg] rst -> _25149_/RN : -22.764587
[setup in-reg] rst -> _25150_/RN : -22.764587
[setup in-reg] rst -> _25151_/RN : -22.764587
[setup in-reg] rst -> _25152_/RN : -22.764587
[setup in-reg] rst -> _25153_/RN : -22.764587
[setup in-reg] rst -> _25154_/RN : -22.764587
[setup in-reg] rst -> _25155_/RN : -22.764587
[setup in-reg] rst -> _25156_/RN : -22.764587
[setup in-reg] rst -> _25157_/RN : -22.764587
[setup in-reg] rst -> _25158_/RN : -22.764587
[setup in-reg] rst -> _25159_/RN : -22.764587
[setup in-reg] rst -> _25160_/RN : -22.764587
[setup in-reg] rst -> _25161_/RN : -22.764587
[setup in-reg] rst -> _25162_/RN : -22.764587
[setup in-reg] rst -> _25163_/RN : -22.764587
[setup in-reg] rst -> _25164_/RN : -22.764587
[setup in-reg] rst -> _25165_/RN : -22.764587
[setup in-reg] rst -> _25166_/RN : -22.764587
[setup in-reg] rst -> _25167_/RN : -22.764587
[setup in-reg] rst -> _25168_/RN : -22.764587
[setup in-reg] rst -> _25169_/RN : -22.764587
[setup in-reg] rst -> _25170_/RN : -22.764587
[setup in-reg] rst -> _25171_/RN : -22.764587
[setup in-reg] rst -> _25172_/RN : -22.764587
[setup in-reg] rst -> _25173_/RN : -22.764587
[setup in-reg] rst -> _25174_/RN : -22.764587
[setup in-reg] rst -> _25175_/RN : -22.764587
[setup in-reg] rst -> _25176_/RN : -22.764587
[setup in-reg] rst -> _25177_/RN : -22.764587
[setup in-reg] rst -> _25178_/RN : -22.764587
[setup in-reg] rst -> _25179_/RN : -22.764587
[setup in-reg] rst -> _25180_/RN : -22.764587
[setup in-reg] rst -> _25181_/RN : -22.764587
[setup in-reg] rst -> _25182_/RN : -22.764587
[setup in-reg] rst -> _25183_/RN : -22.764587
[setup in-reg] rst -> _25184_/RN : -22.764587
[setup in-reg] rst -> _25185_/RN : -22.764587
[setup in-reg] rst -> _25186_/RN : -22.764587
[setup in-reg] rst -> _25187_/RN : -22.764587
[setup in-reg] rst -> _25188_/RN : -22.764587
[setup in-reg] rst -> _25189_/RN : -22.764587
[setup in-reg] rst -> _25190_/RN : -22.764587
[setup in-reg] rst -> _25191_/RN : -22.764587
[setup in-reg] rst -> _25192_/RN : -22.764587
[setup in-reg] rst -> _25197_/RN : -22.764587
[setup in-reg] rst -> _25198_/RN : -22.764587
[setup in-reg] rst -> _25199_/RN : -22.764587
[setup in-reg] rst -> _25200_/RN : -22.764587
[setup in-reg] rst -> _25201_/RN : -22.764587
[setup in-reg] rst -> _25202_/RN : -22.764587
[setup in-reg] rst -> _25203_/RN : -22.764587
[setup in-reg] rst -> _25204_/RN : -22.764587
[setup in-reg] rst -> _25205_/RN : -22.764587
[setup in-reg] rst -> _25206_/RN : -22.764587
[setup in-reg] rst -> _25207_/RN : -22.764587
[setup in-reg] rst -> _25208_/RN : -22.764587
[setup in-reg] rst -> _25209_/RN : -22.764587
[setup in-reg] rst -> _25210_/RN : -22.764587
[setup in-reg] rst -> _25211_/RN : -22.764587
[setup in-reg] rst -> _25212_/RN : -22.764587
[setup in-reg] rst -> _25214_/RN : -22.764587
[setup in-reg] rst -> _25215_/RN : -22.764587
[setup in-reg] rst -> _25216_/RN : -22.764587
[setup in-reg] rst -> _25217_/RN : -22.764587
[setup in-reg] rst -> _25218_/RN : -22.764587
[setup in-reg] rst -> _25219_/RN : -22.764587
[setup in-reg] rst -> _25220_/RN : -22.764587
[setup in-reg] rst -> _25221_/RN : -22.764587
[setup in-reg] rst -> _25222_/RN : -22.764587
[setup in-reg] rst -> _25223_/RN : -22.764587
[setup in-reg] rst -> _25224_/RN : -22.764587
[setup in-reg] rst -> _25225_/RN : -22.764587
[setup in-reg] rst -> _25226_/RN : -22.764587
[setup in-reg] rst -> _25227_/RN : -22.764587
[setup in-reg] rst -> _25228_/RN : -22.764587
[setup in-reg] rst -> _25229_/RN : -22.764587
[setup in-reg] rst -> _25230_/RN : -22.764587
[setup in-reg] rst -> _25231_/RN : -22.764587
[setup in-reg] rst -> _25232_/RN : -22.764587
[setup in-reg] rst -> _25233_/RN : -22.764587
[setup in-reg] rst -> _25234_/RN : -22.764587
[setup in-reg] rst -> _25235_/RN : -22.764587
[setup in-reg] rst -> _25236_/RN : -22.764587
[setup in-reg] rst -> _25237_/RN : -22.764587
[setup in-reg] rst -> _25238_/RN : -22.764587
[setup in-reg] rst -> _25239_/RN : -22.764587
[setup in-reg] rst -> _25240_/RN : -22.764587
[setup in-reg] rst -> _25241_/RN : -22.764587
[setup in-reg] rst -> _25242_/RN : -22.764587
[setup in-reg] rst -> _25243_/RN : -22.764587
[setup in-reg] rst -> _25244_/RN : -22.764587
[setup in-reg] rst -> _25245_/RN : -22.764587
[setup in-reg] rst -> _25246_/RN : -22.764587
[setup in-reg] rst -> _25247_/RN : -22.764587
[setup in-reg] rst -> _25248_/RN : -22.764587
[setup in-reg] rst -> _25249_/RN : -22.764587
[setup in-reg] rst -> _25250_/RN : -22.764587
[setup in-reg] rst -> _25251_/RN : -22.764587
[setup in-reg] rst -> _25252_/RN : -22.764587
[setup in-reg] rst -> _25253_/RN : -22.764587
[setup in-reg] rst -> _25254_/RN : -22.764587
[setup in-reg] rst -> _25255_/RN : -22.764587
[setup in-reg] rst -> _25256_/RN : -22.764587
[setup in-reg] rst -> _25257_/RN : -22.764587
[setup in-reg] rst -> _25258_/RN : -22.764587
[setup in-reg] rst -> _25259_/RN : -22.764587
[setup in-reg] rst -> _25260_/RN : -22.764587
[setup in-reg] rst -> _25261_/RN : -22.764587
[setup in-reg] rst -> _25262_/RN : -22.764587
[setup in-reg] rst -> _25263_/RN : -22.764587
[setup in-reg] rst -> _25264_/RN : -22.764587
[setup in-reg] rst -> _25265_/RN : -22.764587
[setup in-reg] rst -> _25266_/RN : -22.764587
[setup in-reg] rst -> _25267_/RN : -22.764587
[setup in-reg] rst -> _25268_/RN : -22.764587
[setup in-reg] rst -> _25269_/RN : -22.764587
[setup in-reg] rst -> _25270_/RN : -22.764587
[setup in-reg] rst -> _25271_/RN : -22.764587
[setup in-reg] rst -> _25272_/RN : -22.764587
[setup in-reg] rst -> _25273_/RN : -22.764587
[setup in-reg] rst -> _25274_/RN : -22.764587
[setup in-reg] rst -> _25275_/RN : -22.764587
[setup in-reg] rst -> _25276_/RN : -22.764587
[setup in-reg] rst -> _25277_/RN : -22.764587
[setup in-reg] rst -> _25278_/RN : -22.764587
[setup in-reg] rst -> _25279_/RN : -22.764587
[setup in-reg] rst -> _25280_/RN : -22.764587
[setup in-reg] rst -> _25281_/RN : -22.764587
[setup in-reg] rst -> _25282_/RN : -22.764587
[setup in-reg] rst -> _25283_/RN : -22.764587
[setup in-reg] rst -> _25284_/RN : -22.764587
[setup in-reg] rst -> _25285_/RN : -22.764587
[setup in-reg] rst -> _25286_/RN : -22.764587
[setup in-reg] rst -> _25287_/RN : -22.764587
[setup in-reg] rst -> _25288_/RN : -22.764587
[setup in-reg] rst -> _25289_/RN : -22.764587
[setup in-reg] rst -> _25290_/RN : -22.764587
[setup in-reg] rst -> _25291_/RN : -22.764587
[setup in-reg] rst -> _25292_/RN : -22.764587
[setup in-reg] rst -> _25293_/RN : -22.764587
[setup in-reg] rst -> _25294_/RN : -22.764587
[setup in-reg] rst -> _25295_/RN : -22.764587
[setup in-reg] rst -> _25296_/RN : -22.764587
[setup in-reg] rst -> _25297_/RN : -22.764587
[setup in-reg] rst -> _25298_/RN : -22.764587
[setup in-reg] rst -> _25299_/RN : -22.764587
[setup in-reg] rst -> _25300_/RN : -22.764587
[setup in-reg] rst -> _25301_/RN : -22.764587
[setup in-reg] rst -> _25302_/RN : -22.764587
[setup in-reg] rst -> _25303_/RN : -22.764587
[setup in-reg] rst -> _25304_/RN : -22.764587
[setup in-reg] rst -> _25305_/RN : -22.764587
[setup in-reg] rst -> _25306_/RN : -22.764587
[setup in-reg] rst -> _25307_/RN : -22.764587
[setup in-reg] rst -> _25308_/RN : -22.764587
[setup in-reg] rst -> _25309_/RN : -22.764587
[setup in-reg] rst -> _25310_/RN : -22.764587
[setup in-reg] rst -> _25311_/RN : -22.764587
[setup in-reg] rst -> _25312_/RN : -22.764587
[setup in-reg] rst -> _25313_/RN : -22.764587
[setup in-reg] rst -> _25314_/RN : -22.764587
[setup in-reg] rst -> _25315_/RN : -22.764587
[setup in-reg] rst -> _25316_/RN : -22.764587
[setup in-reg] rst -> _25317_/RN : -22.764587
[setup in-reg] rst -> _25318_/RN : -22.764587
[setup in-reg] rst -> _25319_/RN : -22.764587
[setup in-reg] rst -> _25320_/RN : -22.764587
[setup in-reg] rst -> _25321_/RN : -22.764587
[setup in-reg] rst -> _25322_/RN : -22.764587
[setup in-reg] rst -> _25323_/RN : -22.764587
[setup in-reg] rst -> _25324_/RN : -22.764587
[setup in-reg] rst -> _25325_/RN : -22.764587
[setup in-reg] rst -> _25326_/RN : -22.764587
[setup in-reg] rst -> _25327_/RN : -22.764587
[setup in-reg] rst -> _25328_/RN : -22.764587
[setup in-reg] rst -> _25329_/RN : -22.764587
[setup in-reg] rst -> _25330_/RN : -22.764587
[setup in-reg] rst -> _25331_/RN : -22.764587
[setup in-reg] rst -> _25332_/RN : -22.764587
[setup in-reg] rst -> _25333_/RN : -22.764587
[setup in-reg] rst -> _25334_/RN : -22.764587
[setup in-reg] rst -> _25335_/RN : -22.764587
[setup in-reg] rst -> _25336_/RN : -22.764587
[setup in-reg] rst -> _25337_/RN : -22.764587
[setup in-reg] rst -> _25338_/RN : -22.764587
[setup in-reg] rst -> _25339_/RN : -22.764587
[setup in-reg] rst -> _25340_/RN : -22.764587
[setup in-reg] rst -> _25341_/RN : -22.764587
[setup in-reg] rst -> _25342_/RN : -22.764587
[setup in-reg] rst -> _25343_/RN : -22.764587
[setup in-reg] rst -> _25344_/RN : -22.764587
[setup in-reg] rst -> _25345_/RN : -22.764587
[setup in-reg] rst -> _25346_/RN : -22.764587
[setup in-reg] rst -> _25347_/RN : -22.764587
[setup in-reg] rst -> _25348_/RN : -22.764587
[setup in-reg] rst -> _25349_/RN : -22.764587
[setup in-reg] rst -> _25350_/RN : -22.764587
[setup in-reg] rst -> _25351_/RN : -22.764587
[setup in-reg] rst -> _25352_/RN : -22.764587
[setup in-reg] rst -> _25353_/RN : -22.764587
[setup in-reg] rst -> _25354_/RN : -22.764587
[setup in-reg] rst -> _25355_/RN : -22.764587
[setup in-reg] rst -> _25356_/RN : -22.764587
[setup in-reg] rst -> _25357_/RN : -22.764587
[setup in-reg] rst -> _25358_/RN : -22.764587
[setup in-reg] rst -> _25359_/RN : -22.764587
[setup in-reg] rst -> _25360_/RN : -22.764587
[setup in-reg] rst -> _25361_/RN : -22.764587
[setup in-reg] rst -> _25362_/RN : -22.764587
[setup in-reg] rst -> _25363_/RN : -22.764587
[setup in-reg] rst -> _25364_/RN : -22.764587
[setup in-reg] rst -> _25365_/RN : -22.764587
[setup in-reg] rst -> _25366_/RN : -22.764587
[setup in-reg] rst -> _25367_/RN : -22.764587
[setup in-reg] rst -> _25368_/RN : -22.764587
[setup in-reg] rst -> _25369_/RN : -22.764587
[setup in-reg] rst -> _25370_/RN : -22.764587
[setup in-reg] rst -> _25371_/RN : -22.764587
[setup in-reg] rst -> _25372_/RN : -22.764587
[setup in-reg] rst -> _25373_/RN : -22.764587
[setup in-reg] rst -> _25374_/RN : -22.764587
[setup in-reg] rst -> _25375_/RN : -22.764587
[setup in-reg] rst -> _25376_/RN : -22.764587
[setup in-reg] rst -> _25377_/RN : -22.764587
[setup in-reg] rst -> _25378_/RN : -22.764587
[setup in-reg] rst -> _25379_/RN : -22.764587
[setup in-reg] rst -> _25380_/RN : -22.764587
[setup in-reg] rst -> _25381_/RN : -22.764587
[setup in-reg] rst -> _25382_/RN : -22.764587
[setup in-reg] rst -> _25383_/RN : -22.764587
[setup in-reg] rst -> _25384_/RN : -22.764587
[setup in-reg] rst -> _25385_/RN : -22.764587
[setup in-reg] rst -> _25386_/RN : -22.764587
[setup in-reg] rst -> _25387_/RN : -22.764587
[setup in-reg] rst -> _25388_/RN : -22.764587
[setup in-reg] rst -> _25389_/RN : -22.764587
[setup in-reg] rst -> _25390_/RN : -22.764587
[setup in-reg] rst -> _25391_/RN : -22.764587
[setup in-reg] rst -> _25392_/RN : -22.764587
[setup in-reg] rst -> _25393_/RN : -22.764587
[setup in-reg] rst -> _25394_/RN : -22.764587
[setup in-reg] rst -> _25395_/RN : -22.764587
[setup in-reg] rst -> _25396_/RN : -22.764587
[setup in-reg] rst -> _25397_/RN : -22.764587
[setup in-reg] rst -> _25398_/RN : -22.764587
[setup in-reg] rst -> _25399_/RN : -22.764587
[setup in-reg] rst -> _25400_/RN : -22.764587
[setup in-reg] rst -> _25401_/RN : -22.764587
[setup in-reg] rst -> _25402_/RN : -22.764587
[setup in-reg] rst -> _25403_/RN : -22.764587
[setup in-reg] rst -> _25404_/RN : -22.764587
[setup in-reg] rst -> _25405_/RN : -22.764587
[setup in-reg] rst -> _25406_/RN : -22.764587
[setup in-reg] rst -> _25407_/RN : -22.764587
[setup in-reg] rst -> _25408_/RN : -22.764587
[setup in-reg] rst -> _25409_/RN : -22.764587
[setup in-reg] rst -> _25410_/RN : -22.764587
[setup in-reg] rst -> _25411_/RN : -22.764587
[setup in-reg] rst -> _25412_/RN : -22.764587
[setup in-reg] rst -> _25413_/RN : -22.764587
[setup in-reg] rst -> _25414_/RN : -22.764587
[setup in-reg] rst -> _25415_/RN : -22.764587
[setup in-reg] rst -> _25416_/RN : -22.764587
[setup in-reg] rst -> _25417_/RN : -22.764587
[setup in-reg] rst -> _25418_/RN : -22.764587
[setup in-reg] rst -> _25419_/RN : -22.764587
[setup in-reg] rst -> _25420_/RN : -22.764587
[setup in-reg] rst -> _25421_/RN : -22.764587
[setup in-reg] rst -> _25422_/RN : -22.764587
[setup in-reg] rst -> _25423_/RN : -22.764587
[setup in-reg] rst -> _25424_/RN : -22.764587
[setup in-reg] rst -> _25425_/RN : -22.764587
[setup in-reg] rst -> _25426_/RN : -22.764587
[setup in-reg] rst -> _25427_/RN : -22.764587
[setup in-reg] rst -> _25428_/RN : -22.764587
[setup in-reg] rst -> _25429_/RN : -22.764587
[setup in-reg] rst -> _25430_/RN : -22.764587
[setup in-reg] rst -> _25431_/RN : -22.764587
[setup in-reg] rst -> _25432_/RN : -22.764587
[setup in-reg] rst -> _25433_/RN : -22.764587
[setup in-reg] rst -> _25434_/RN : -22.764587
[setup in-reg] rst -> _25435_/RN : -22.764587
[setup in-reg] rst -> _25436_/RN : -22.764587
[setup in-reg] rst -> _25437_/RN : -22.764587
[setup in-reg] rst -> _25438_/RN : -22.764587
[setup in-reg] rst -> _25439_/RN : -22.764587
[setup in-reg] rst -> _25440_/RN : -22.764587
[setup in-reg] rst -> _25441_/RN : -22.764587
[setup in-reg] rst -> _25442_/RN : -22.764587
[setup in-reg] rst -> _25443_/RN : -22.764587
[setup in-reg] rst -> _25444_/RN : -22.764587
[setup in-reg] rst -> _25445_/RN : -22.764587
[setup in-reg] rst -> _25446_/RN : -22.764587
[setup in-reg] rst -> _25447_/RN : -22.764587
[setup in-reg] rst -> _25448_/RN : -22.764587
[setup in-reg] rst -> _25449_/RN : -22.764587
[setup in-reg] rst -> _25450_/RN : -22.764587
[setup in-reg] rst -> _25451_/RN : -22.764587
[setup in-reg] rst -> _25452_/RN : -22.764587
[setup in-reg] rst -> _25453_/RN : -22.764587
[setup in-reg] rst -> _25454_/RN : -22.764587
[setup in-reg] rst -> _25455_/RN : -22.764587
[setup in-reg] rst -> _25456_/RN : -22.764587
[setup in-reg] rst -> _25457_/RN : -22.764587
[setup in-reg] rst -> _25458_/RN : -22.764587
[setup in-reg] rst -> _25459_/RN : -22.764587
[setup in-reg] rst -> _25460_/RN : -22.764587
[setup in-reg] rst -> _25461_/RN : -22.764587
[setup in-reg] rst -> _25462_/RN : -22.764587
[setup in-reg] rst -> _25463_/RN : -22.764587
[setup in-reg] rst -> _25464_/RN : -22.764587
[setup in-reg] rst -> _25465_/RN : -22.764587
[setup in-reg] rst -> _25466_/RN : -22.764587
[setup in-reg] rst -> _25467_/RN : -22.764587
[setup in-reg] rst -> _25468_/RN : -22.764587
[setup in-reg] rst -> _25469_/RN : -22.764587
[setup in-reg] rst -> _25470_/RN : -22.764587
[setup in-reg] rst -> _25471_/RN : -22.764587
[setup in-reg] rst -> _25472_/RN : -22.764587
[setup in-reg] rst -> _25473_/RN : -22.764587
[setup in-reg] rst -> _25474_/RN : -22.764587
[setup in-reg] rst -> _25475_/RN : -22.764587
[setup in-reg] rst -> _25476_/RN : -22.764587
[setup in-reg] rst -> _25477_/RN : -22.764587
[setup in-reg] rst -> _25478_/RN : -22.764587
[setup in-reg] rst -> _25479_/RN : -22.764587
[setup in-reg] rst -> _25480_/RN : -22.764587
[setup in-reg] rst -> _25481_/RN : -22.764587
[setup in-reg] rst -> _25482_/RN : -22.764587
[setup in-reg] rst -> _25483_/RN : -22.764587
[setup in-reg] rst -> _25484_/RN : -22.764587
[setup in-reg] rst -> _25485_/RN : -22.764587
[setup in-reg] rst -> _25486_/RN : -22.764587
[setup in-reg] rst -> _25487_/RN : -22.764587
[setup in-reg] rst -> _25488_/RN : -22.764587
[setup in-reg] rst -> _25489_/RN : -22.764587
[setup in-reg] rst -> _25490_/RN : -22.764587
[setup in-reg] rst -> _25491_/RN : -22.764587
[setup in-reg] rst -> _25492_/RN : -22.764587
[setup in-reg] rst -> _25493_/RN : -22.764587
[setup in-reg] rst -> _25494_/RN : -22.764587
[setup in-reg] rst -> _25495_/RN : -22.764587
[setup in-reg] rst -> _25496_/RN : -22.764587
[setup in-reg] rst -> _25497_/RN : -22.764587
[setup in-reg] rst -> _25498_/RN : -22.764587
[setup in-reg] rst -> _25499_/RN : -22.764587
[setup in-reg] rst -> _25500_/RN : -22.764587
[setup in-reg] rst -> _25501_/RN : -22.764587
[setup in-reg] rst -> _25502_/RN : -22.764587
[setup in-reg] rst -> _25503_/RN : -22.764587
[setup in-reg] rst -> _25504_/RN : -22.764587
[setup in-reg] rst -> _25505_/RN : -22.764587
[setup in-reg] rst -> _25506_/RN : -22.764587
[setup in-reg] rst -> _25507_/RN : -22.764587
[setup in-reg] rst -> _25508_/RN : -22.764587
[setup in-reg] rst -> _25509_/RN : -22.764587
[setup in-reg] rst -> _25510_/RN : -22.764587
[setup in-reg] rst -> _25511_/RN : -22.764587
[setup in-reg] rst -> _25512_/RN : -22.764587
[setup in-reg] rst -> _25513_/RN : -22.764587
[setup in-reg] rst -> _25514_/RN : -22.764587
[setup in-reg] rst -> _25515_/RN : -22.764587
[setup in-reg] rst -> _25516_/RN : -22.764587
[setup in-reg] rst -> _25517_/RN : -22.764587
[setup in-reg] rst -> _25518_/RN : -22.764587
[setup in-reg] rst -> _25519_/RN : -22.764587
[setup in-reg] rst -> _25520_/RN : -22.764587
[setup in-reg] rst -> _25521_/RN : -22.764587
[setup in-reg] rst -> _25522_/RN : -22.764587
[setup in-reg] rst -> _25523_/RN : -22.764587
[setup in-reg] rst -> _25524_/RN : -22.764587
[setup in-reg] rst -> _25525_/RN : -22.764587
[setup in-reg] rst -> _25526_/RN : -22.764587
[setup in-reg] rst -> _25527_/RN : -22.764587
[setup in-reg] rst -> _25528_/RN : -22.764587
[setup in-reg] rst -> _25529_/RN : -22.764587
[setup in-reg] rst -> _25530_/RN : -22.764587
[setup in-reg] rst -> _25531_/RN : -22.764587
[setup in-reg] rst -> _25532_/RN : -22.764587
[setup in-reg] rst -> _25533_/RN : -22.764587
[setup in-reg] rst -> _25534_/RN : -22.764587
[setup in-reg] rst -> _25535_/RN : -22.764587
[setup in-reg] rst -> _25536_/RN : -22.764587
[setup in-reg] rst -> _25537_/RN : -22.764587
[setup in-reg] rst -> _25538_/RN : -22.764587
[setup in-reg] rst -> _25539_/RN : -22.764587
[setup in-reg] rst -> _25540_/RN : -22.764587
[setup in-reg] rst -> _25541_/RN : -22.764587
[setup in-reg] rst -> _25542_/RN : -22.764587
[setup in-reg] rst -> _25543_/RN : -22.764587
[setup in-reg] rst -> _25544_/RN : -22.764587
[setup in-reg] rst -> _25545_/RN : -22.764587
[setup in-reg] rst -> _25546_/RN : -22.764587
[setup in-reg] rst -> _25547_/RN : -22.764587
[setup in-reg] rst -> _25548_/RN : -22.764587
[setup in-reg] rst -> _25549_/RN : -22.764587
[setup in-reg] rst -> _25550_/RN : -22.764587
[setup in-reg] rst -> _25551_/RN : -22.764587
[setup in-reg] rst -> _25552_/RN : -22.764587
[setup in-reg] rst -> _25553_/RN : -22.764587
[setup in-reg] rst -> _25554_/RN : -22.764587
[setup in-reg] rst -> _25555_/RN : -22.764587
[setup in-reg] rst -> _25556_/RN : -22.764587
[setup in-reg] rst -> _25557_/RN : -22.764587
[setup in-reg] rst -> _25558_/RN : -22.764587
[setup in-reg] rst -> _25559_/RN : -22.764587
[setup in-reg] rst -> _25560_/RN : -22.764587
[setup in-reg] rst -> _25561_/RN : -22.764587
[setup in-reg] rst -> _25562_/RN : -22.764587
[setup in-reg] rst -> _25563_/RN : -22.764587
[setup in-reg] rst -> _25564_/RN : -22.764587
[setup in-reg] rst -> _25565_/RN : -22.764587
[setup in-reg] rst -> _25566_/RN : -22.764587
[setup in-reg] rst -> _25567_/RN : -22.764587
[setup in-reg] rst -> _25568_/RN : -22.764587
[setup in-reg] rst -> _25569_/RN : -22.764587
[setup in-reg] rst -> _25570_/RN : -22.764587
[setup in-reg] rst -> _25571_/RN : -22.764587
[setup in-reg] rst -> _25572_/RN : -22.764587
[setup in-reg] rst -> _25573_/RN : -22.764587
[setup in-reg] rst -> _25574_/RN : -22.764587
[setup in-reg] rst -> _25575_/RN : -22.764587
[setup in-reg] rst -> _25576_/RN : -22.764587
[setup in-reg] rst -> _25577_/RN : -22.764587
[setup in-reg] rst -> _25578_/RN : -22.764587
[setup in-reg] rst -> _25579_/RN : -22.764587
[setup in-reg] rst -> _25580_/RN : -22.764587
[setup in-reg] rst -> _25581_/RN : -22.764587
[setup in-reg] rst -> _25582_/RN : -22.764587
[setup in-reg] rst -> _25583_/RN : -22.764587
[setup in-reg] rst -> _25584_/RN : -22.764587
[setup in-reg] rst -> _25585_/RN : -22.764587
[setup in-reg] rst -> _25586_/RN : -22.764587
[setup in-reg] rst -> _25587_/RN : -22.764587
[setup in-reg] rst -> _25588_/RN : -22.764587
[setup in-reg] rst -> _25589_/RN : -22.764587
[setup in-reg] rst -> _25590_/RN : -22.764587
[setup in-reg] rst -> _25591_/RN : -22.764587
[setup in-reg] rst -> _25592_/RN : -22.764587
[setup in-reg] rst -> _25593_/RN : -22.764587
[setup in-reg] rst -> _25594_/RN : -22.764587
[setup in-reg] rst -> _25595_/RN : -22.764587
[setup in-reg] rst -> _25596_/RN : -22.764587
[setup in-reg] rst -> _25597_/RN : -22.764587
[setup in-reg] rst -> _25598_/RN : -22.764587
[setup in-reg] rst -> _25599_/RN : -22.764587
[setup in-reg] rst -> _25600_/RN : -22.764587
[setup in-reg] rst -> _25601_/RN : -22.764587
[setup in-reg] rst -> _25602_/RN : -22.764587
[setup in-reg] rst -> _25603_/RN : -22.764587
[setup in-reg] rst -> _25604_/RN : -22.764587
[setup in-reg] rst -> _25605_/RN : -22.764587
[setup in-reg] rst -> _25606_/RN : -22.764587
[setup in-reg] rst -> _25607_/RN : -22.764587
[setup in-reg] rst -> _25608_/RN : -22.764587
[setup in-reg] rst -> _25609_/RN : -22.764587
[setup in-reg] rst -> _25610_/RN : -22.764587
[setup in-reg] rst -> _25611_/RN : -22.764587
[setup in-reg] rst -> _25612_/RN : -22.764587
[setup in-reg] rst -> _25613_/RN : -22.764587
[setup in-reg] rst -> _25614_/RN : -22.764587
[setup in-reg] rst -> _25615_/RN : -22.764587
[setup in-reg] rst -> _25616_/RN : -22.764587
[setup in-reg] rst -> _25617_/RN : -22.764587
[setup in-reg] rst -> _25618_/RN : -22.764587
[setup in-reg] rst -> _25619_/RN : -22.764587
[setup in-reg] rst -> _25620_/RN : -22.764587
[setup in-reg] rst -> _25621_/RN : -22.764587
[setup in-reg] rst -> _25622_/RN : -22.764587
[setup in-reg] rst -> _25623_/RN : -22.764587
[setup in-reg] rst -> _25624_/RN : -22.764587
[setup in-reg] rst -> _25625_/RN : -22.764587
[setup in-reg] rst -> _25626_/RN : -22.764587
[setup in-reg] rst -> _25627_/RN : -22.764587
[setup in-reg] rst -> _25628_/RN : -22.764587
[setup in-reg] rst -> _25629_/RN : -22.764587
[setup in-reg] rst -> _25630_/RN : -22.764587
[setup in-reg] rst -> _25631_/RN : -22.764587
[setup in-reg] rst -> _25632_/RN : -22.764587
[setup in-reg] rst -> _25633_/RN : -22.764587
[setup in-reg] rst -> _25634_/RN : -22.764587
[setup in-reg] rst -> _25635_/RN : -22.764587
[setup in-reg] rst -> _25636_/RN : -22.764587
[setup in-reg] rst -> _25637_/RN : -22.764587
[setup in-reg] rst -> _25638_/RN : -22.764587
[setup in-reg] rst -> _25639_/RN : -22.764587
[setup in-reg] rst -> _25640_/RN : -22.764587
[setup in-reg] rst -> _25641_/RN : -22.764587
[setup in-reg] rst -> _25674_/RN : -22.764587
[setup in-reg] rst -> _25675_/RN : -22.764587
[setup in-reg] rst -> _25676_/RN : -22.764587
[setup in-reg] rst -> _25677_/RN : -22.764587
[setup in-reg] rst -> _25678_/RN : -22.764587
[setup in-reg] rst -> _25679_/RN : -22.764587
[setup in-reg] rst -> _27664_/RN : -22.764587
[setup in-reg] rst -> _27665_/RN : -22.764587
[setup in-reg] rst -> _27666_/RN : -22.764587
[setup in-reg] rst -> _27667_/RN : -22.764587
[setup in-reg] rst -> _27668_/RN : -22.764587
[setup in-reg] rst -> _27669_/RN : -22.764587
[setup in-reg] rst -> _27670_/RN : -22.764587
[setup in-reg] rst -> _27671_/RN : -22.764587
[setup in-reg] rst -> _27672_/RN : -22.764587
[setup in-reg] rst -> _27673_/RN : -22.764587
[setup in-reg] rst -> _27674_/RN : -22.764587
[setup in-reg] rst -> _27675_/RN : -22.764587
[setup in-reg] rst -> _27676_/RN : -22.764587
[setup in-reg] rst -> _27677_/RN : -22.764587
[setup in-reg] rst -> _27678_/RN : -22.764587
[setup in-reg] rst -> _27679_/RN : -22.764587
[setup in-reg] rst -> _27712_/RN : -22.764587
[setup in-reg] rst -> _27713_/RN : -22.764587
[setup in-reg] rst -> _27714_/RN : -22.764587
[setup in-reg] rst -> _27715_/RN : -22.764587
[setup reg-reg] _25494_/Q -> _25406_/D : -22.512575
[setup reg-reg] _25494_/Q -> _25393_/D : -22.464724
[setup in-reg] rst -> _25193_/SETN : -22.462482
[setup in-reg] rst -> _25194_/SETN : -22.462482
[setup in-reg] rst -> _25195_/SETN : -22.462482
[setup in-reg] rst -> _25196_/SETN : -22.462482
[setup in-reg] rst -> _25213_/SETN : -22.462482
[setup reg-reg] _25494_/Q -> _25227_/D : -22.011553
[setup reg-reg] _25494_/Q -> _25411_/D : -21.778664
[setup reg-reg] _25494_/Q -> _25413_/D : -21.303267
[setup reg-reg] _25494_/Q -> _25412_/D : -21.288937
[setup reg-reg] _25494_/Q -> _25225_/D : -20.940756
[setup reg-reg] _25494_/Q -> _24992_/D : -20.141413
[setup reg-reg] _25494_/Q -> _24951_/D : -20.140547
[setup reg-reg] _25494_/Q -> _24985_/D : -19.129988
[setup reg-reg] _25494_/Q -> _24944_/D : -19.129122
[setup reg-reg] _25494_/Q -> _24990_/D : -18.627865
[setup reg-reg] _25494_/Q -> _24949_/D : -18.626999
[setup reg-reg] _25494_/Q -> _24952_/D : -17.864786
[setup reg-reg] _25494_/Q -> _24993_/D : -17.859156
[setup reg-reg] _25494_/Q -> _25005_/D : -17.235905
[setup reg-reg] _25494_/Q -> _24964_/D : -17.229237
[setup reg-reg] _25494_/Q -> _24997_/D : -17.212225
[setup reg-reg] _25494_/Q -> _24956_/D : -17.211359
[setup reg-reg] _25061_/Q -> _25415_/D : -16.951748
[setup reg-reg] _25061_/Q -> _25410_/D : -16.892885
[setup reg-reg] _25061_/Q -> _25419_/D : -16.892885
[setup reg-reg] _25197_/Q -> _25002_/D : -12.683566
[setup reg-reg] _25197_/Q -> _24961_/D : -12.667090
[setup reg-reg] _25494_/Q -> _24998_/D : -10.801776
[setup reg-reg] _25494_/Q -> _24957_/D : -10.795102
