
===========================================================================
Violator List
============================================================================
[setup reg-reg] _25494_/Q -> _26219_/D : -8.580561
[setup reg-reg] _25494_/Q -> _27371_/D : -8.573068
[setup reg-reg] _25494_/Q -> _27307_/D : -8.564913
[setup reg-reg] _25494_/Q -> _25803_/D : -8.547645
[setup reg-reg] _25494_/Q -> _26315_/D : -8.541236
[setup reg-reg] _25494_/Q -> _25835_/D : -8.529064
[setup reg-reg] _25494_/Q -> _26891_/D : -8.511336
[setup reg-reg] _25494_/Q -> _27083_/D : -8.504303
[setup reg-reg] _25494_/Q -> _27051_/D : -8.492487
[setup reg-reg] _25494_/Q -> _27595_/D : -8.489554
[setup reg-reg] _25494_/Q -> _25481_/D : -8.393040
[setup reg-reg] _25494_/Q -> _26123_/D : -8.314059
[setup reg-reg] _25494_/Q -> _26763_/D : -8.296027
[setup reg-reg] _25494_/Q -> _27627_/D : -8.288760
[setup reg-reg] _25494_/Q -> _27563_/D : -8.280106
[setup reg-reg] _25494_/Q -> _26347_/D : -8.274237
[setup reg-reg] _25494_/Q -> _26443_/D : -8.255074
[setup reg-reg] _25494_/Q -> _26603_/D : -8.247694
[setup reg-reg] _25494_/Q -> _27707_/D : -8.219784
[setup reg-reg] _25494_/Q -> _27403_/D : -8.217755
[setup reg-reg] _25494_/Q -> _26155_/D : -8.198857
[setup reg-reg] _25494_/Q -> _25321_/D : -8.094116
[setup reg-reg] _25494_/Q -> _25482_/D : -8.048209
[setup reg-reg] _25494_/Q -> _25290_/D : -7.982225
[setup reg-reg] _25494_/Q -> _25289_/D : -7.920816
[setup reg-reg] _25494_/Q -> _25353_/D : -7.801774
[setup reg-reg] _25494_/Q -> _25189_/D : -7.749170
[setup reg-reg] _25494_/Q -> _25156_/D : -7.687735
[setup reg-reg] _25494_/Q -> _25188_/D : -7.652922
[setup reg-reg] _25494_/Q -> _27156_/D : -7.590252
[setup reg-reg] _25494_/Q -> _25137_/D : -7.570670
[setup reg-reg] _25494_/Q -> _25844_/D : -7.564427
[setup reg-reg] _25494_/Q -> _25157_/D : -7.562428
[setup reg-reg] _25494_/Q -> _27252_/D : -7.552494
[setup reg-reg] _25494_/Q -> _26859_/D : -7.546166
[setup reg-reg] _25494_/Q -> _25354_/D : -7.543094
[setup reg-reg] _25494_/Q -> _25191_/D : -7.536747
[setup reg-reg] _25494_/Q -> _25385_/D : -7.531888
[setup reg-reg] _25494_/Q -> _26036_/D : -7.530275
[setup reg-reg] _25494_/Q -> _27279_/D : -7.500971
[setup reg-reg] _25494_/Q -> _25132_/D : -7.498219
[setup reg-reg] _25494_/Q -> _25155_/D : -7.494581
[setup reg-reg] _25494_/Q -> _26027_/D : -7.489943
[setup reg-reg] _25494_/Q -> _25386_/D : -7.477643
[setup reg-reg] _25494_/Q -> _25707_/D : -7.471529
[setup reg-reg] _25494_/Q -> _25257_/D : -7.471130
[setup reg-reg] _25494_/Q -> _27380_/D : -7.469965
[setup reg-reg] _25494_/Q -> _26795_/D : -7.468579
[setup reg-reg] _25494_/Q -> _25682_/D : -7.452117
[setup reg-reg] _25494_/Q -> _26130_/D : -7.448692
[setup reg-reg] _25494_/Q -> _25459_/D : -7.427524
[setup reg-reg] _25494_/Q -> _25227_/D : -7.425673
[setup reg-reg] _25494_/Q -> _26479_/D : -7.411281
[setup reg-reg] _25494_/Q -> _27311_/D : -7.410190
[setup reg-reg] _25494_/Q -> _26153_/D : -7.402463
[setup reg-reg] _25494_/Q -> _27369_/D : -7.393331
[setup reg-reg] _25494_/Q -> _27570_/D : -7.388053
[setup reg-reg] _25494_/Q -> _27437_/D : -7.379482
[setup reg-reg] _25494_/Q -> _25805_/D : -7.370677
[setup reg-reg] _25494_/Q -> _26674_/D : -7.369616
[setup reg-reg] _25494_/Q -> _26191_/D : -7.368121
[setup reg-reg] _25494_/Q -> _26836_/D : -7.366071
[setup reg-reg] _25494_/Q -> _26793_/D : -7.363147
[setup reg-reg] _25494_/Q -> _26196_/D : -7.362765
[setup reg-reg] _25494_/Q -> _27565_/D : -7.358766
[setup reg-reg] _25494_/Q -> _27604_/D : -7.358473
[setup reg-reg] _25494_/Q -> _26601_/D : -7.358004
[setup reg-reg] _25494_/Q -> _26953_/D : -7.353389
[setup reg-reg] _25494_/Q -> _27049_/D : -7.351137
[setup reg-reg] _25494_/Q -> _26708_/D : -7.350563
[setup reg-reg] _25494_/Q -> _26989_/D : -7.349856
[setup reg-reg] _25494_/Q -> _26834_/D : -7.342299
[setup reg-reg] _25494_/Q -> _27401_/D : -7.342011
[setup reg-reg] _25494_/Q -> _26605_/D : -7.338820
[setup reg-reg] _25494_/Q -> _27444_/D : -7.327112
[setup reg-reg] _25494_/Q -> _27625_/D : -7.326708
[setup reg-reg] _25494_/Q -> _27113_/D : -7.323431
[setup reg-reg] _25494_/Q -> _26345_/D : -7.322484
[setup reg-reg] _25494_/Q -> _27540_/D : -7.317571
[setup reg-reg] _25494_/Q -> _25741_/D : -7.314322
[setup reg-reg] _25494_/Q -> _26511_/D : -7.309748
[setup reg-reg] _25494_/Q -> _26733_/D : -7.307948
[setup reg-reg] _25494_/Q -> _25669_/D : -7.306916
[setup reg-reg] _25494_/Q -> _26445_/D : -7.306858
[setup reg-reg] _25494_/Q -> _26132_/D : -7.303715
[setup reg-reg] _25494_/Q -> _26290_/D : -7.292226
[setup reg-reg] _25494_/Q -> _26159_/D : -7.291416
[setup reg-reg] _25494_/Q -> _27405_/D : -7.289917
[setup reg-reg] _25494_/Q -> _25324_/D : -7.289826
[setup reg-reg] _25494_/Q -> _25901_/D : -7.288872
[setup reg-reg] _25494_/Q -> _27499_/D : -7.276764
[setup reg-reg] _25494_/Q -> _25292_/D : -7.274054
[setup reg-reg] _25494_/Q -> _26388_/D : -7.273498
[setup reg-reg] _25494_/Q -> _26987_/D : -7.261182
[setup reg-reg] _25494_/Q -> _27147_/D : -7.258569
[setup reg-reg] _25494_/Q -> _26475_/D : -7.255038
[setup reg-reg] _25494_/Q -> _26539_/D : -7.254281
[setup reg-reg] _25494_/Q -> _26135_/D : -7.248961
[setup reg-reg] _25494_/Q -> _25899_/D : -7.247492
[setup reg-reg] _25494_/Q -> _27055_/D : -7.223207
[setup reg-reg] _25494_/Q -> _25293_/D : -7.221076
[setup reg-reg] _25494_/Q -> _27159_/D : -7.219777
[setup reg-reg] _25494_/Q -> _25810_/D : -7.218318
[setup reg-reg] _25494_/Q -> _27211_/D : -7.218246
[setup reg-reg] _25494_/Q -> _26711_/D : -7.203937
[setup reg-reg] _25494_/Q -> _26071_/D : -7.197125
[setup reg-reg] _25494_/Q -> _26039_/D : -7.186327
[setup reg-reg] _25494_/Q -> _25911_/D : -7.185053
[setup reg-reg] _25494_/Q -> _25165_/D : -7.184518
[setup reg-reg] _25494_/Q -> _26484_/D : -7.180358
[setup reg-reg] _25494_/Q -> _26231_/D : -7.178898
[setup reg-reg] _25494_/Q -> _26423_/D : -7.178544
[setup reg-reg] _25494_/Q -> _25975_/D : -7.178082
[setup reg-reg] _25494_/Q -> _25646_/D : -7.176393
[setup reg-reg] _25494_/Q -> _25484_/D : -7.155473
[setup reg-reg] _25494_/Q -> _26927_/D : -7.154165
[setup reg-reg] _25494_/Q -> _25322_/D : -7.149851
[setup reg-reg] _25494_/Q -> _26098_/D : -7.148456
[setup reg-reg] _25494_/Q -> _26615_/D : -7.147799
[setup reg-reg] _25494_/Q -> _25908_/D : -7.132847
[setup reg-reg] _25494_/Q -> _26004_/D : -7.130071
[setup reg-reg] _25494_/Q -> _25175_/D : -7.123600
[setup reg-reg] _25494_/Q -> _27599_/D : -7.119546
[setup reg-reg] _25494_/Q -> _26676_/D : -7.115084
[setup reg-reg] _25494_/Q -> _27188_/D : -7.110211
[setup reg-reg] _25494_/Q -> _25780_/D : -7.108806
[setup reg-reg] _25494_/Q -> _25258_/D : -7.096208
[setup reg-reg] _25494_/Q -> _25418_/D : -7.095037
[setup reg-reg] _25494_/Q -> _27186_/D : -7.054972
[setup reg-reg] _25494_/Q -> _25874_/D : -7.027847
[setup reg-reg] _25494_/Q -> _25775_/D : -6.998880
[setup reg-reg] _25494_/Q -> _27282_/D : -6.974540
[setup reg-reg] _25494_/Q -> _25325_/D : -6.950098
[setup reg-reg] _25494_/Q -> _25288_/D : -6.945309
[setup reg-reg] _25494_/Q -> _26898_/D : -6.940180
[setup reg-reg] _25494_/Q -> _26194_/D : -6.934716
[setup reg-reg] _25494_/Q -> _25356_/D : -6.931867
[setup reg-reg] _25494_/Q -> _25417_/D : -6.918168
[setup reg-reg] _25494_/Q -> _25361_/D : -6.916574
[setup reg-reg] _25494_/Q -> _25366_/D : -6.912336
[setup reg-reg] _25494_/Q -> _27343_/D : -6.908691
[setup reg-reg] _25494_/Q -> _27506_/D : -6.903460
[setup reg-reg] _25494_/Q -> _26514_/D : -6.880859
[setup reg-reg] _25494_/Q -> _27378_/D : -6.879589
[setup reg-reg] _25494_/Q -> _25286_/D : -6.874093
[setup reg-reg] _25494_/Q -> _26610_/D : -6.873741
[setup reg-reg] _25494_/Q -> _25159_/D : -6.863621
[setup reg-reg] _25494_/Q -> _26162_/D : -6.860747
[setup reg-reg] _25494_/Q -> _25842_/D : -6.854164
[setup reg-reg] _25494_/Q -> _26450_/D : -6.850543
[setup reg-reg] _25494_/Q -> _25180_/D : -6.830130
[setup reg-reg] _25494_/Q -> _26226_/D : -6.801157
[setup reg-reg] _25494_/Q -> _25357_/D : -6.800221
[setup reg-reg] _25494_/Q -> _25468_/D : -6.790689
[setup reg-reg] _25494_/Q -> _27026_/D : -6.783202
[setup reg-reg] _25494_/Q -> _26131_/D : -6.779219
[setup reg-reg] _25494_/Q -> _25644_/D : -6.767294
[setup reg-reg] _25494_/Q -> _27155_/D : -6.766841
[setup reg-reg] _25494_/Q -> _26866_/D : -6.765408
[setup reg-reg] _25494_/Q -> _25384_/D : -6.757174
[setup reg-reg] _25494_/Q -> _25160_/D : -6.755085
[setup reg-reg] _25494_/Q -> _25260_/D : -6.746454
[setup reg-reg] _25494_/Q -> _25421_/D : -6.738338
[setup reg-reg] _25494_/Q -> _25748_/D : -6.728293
[setup reg-reg] _25494_/Q -> _25233_/D : -6.727952
[setup reg-reg] _25494_/Q -> _25485_/D : -6.723058
[setup reg-reg] _25494_/Q -> _26739_/D : -6.709586
[setup reg-reg] _25494_/Q -> _25382_/D : -6.706046
[setup reg-reg] _25494_/Q -> _25187_/D : -6.701980
[setup reg-reg] _25494_/Q -> _27213_/D : -6.699131
[setup reg-reg] _25494_/Q -> _25480_/D : -6.698807
[setup reg-reg] _25494_/Q -> _24978_/D : -6.692208
[setup reg-reg] _25494_/Q -> _25276_/D : -6.680994
[setup reg-reg] _25494_/Q -> _25179_/D : -6.671584
[setup reg-reg] _25494_/Q -> _25940_/D : -6.659184
[setup reg-reg] _25494_/Q -> _26873_/D : -6.658544
[setup reg-reg] _25494_/Q -> _26285_/D : -6.651963
[setup reg-reg] _25494_/Q -> _26546_/D : -6.643557
[setup reg-reg] _25494_/Q -> _26777_/D : -6.639408
[setup reg-reg] _25494_/Q -> _26169_/D : -6.634675
[setup reg-reg] _25494_/Q -> _26029_/D : -6.633613
[setup reg-reg] _25494_/Q -> _27001_/D : -6.632874
[setup reg-reg] _25494_/Q -> _25372_/D : -6.620947
[setup reg-reg] _25494_/Q -> _25683_/D : -6.613469
[setup reg-reg] _25494_/Q -> _27597_/D : -6.613023
[setup reg-reg] _25494_/Q -> _26292_/D : -6.610140
[setup reg-reg] _25494_/Q -> _25281_/D : -6.607968
[setup reg-reg] _25494_/Q -> _25267_/D : -6.607609
[setup reg-reg] _25494_/Q -> _26041_/D : -6.602285
[setup reg-reg] _25494_/Q -> _26803_/D : -6.599319
[setup reg-reg] _25494_/Q -> _26100_/D : -6.595767
[setup reg-reg] _25494_/Q -> _25458_/D : -6.588493
[setup reg-reg] _25494_/Q -> _27028_/D : -6.582440
[setup reg-reg] _25494_/Q -> _26073_/D : -6.582218
[setup reg-reg] _25494_/Q -> _25299_/D : -6.578979
[setup reg-reg] _25494_/Q -> _25388_/D : -6.568019
[setup reg-reg] _25494_/Q -> _25404_/D : -6.566998
[setup reg-reg] _25494_/Q -> _26964_/D : -6.565228
[setup reg-reg] _25494_/Q -> _25166_/D : -6.564152
[setup reg-reg] _25494_/Q -> _27124_/D : -6.560955
[setup reg-reg] _25494_/Q -> _26521_/D : -6.560724
[setup reg-reg] _25494_/Q -> _26868_/D : -6.559608
[setup reg-reg] _25494_/Q -> _25308_/D : -6.556825
[setup reg-reg] _25494_/Q -> _26324_/D : -6.555505
[setup reg-reg] _25494_/Q -> _27193_/D : -6.545666
[setup reg-reg] _25494_/Q -> _26809_/D : -6.543932
[setup reg-reg] _25494_/Q -> _26221_/D : -6.540880
[setup reg-reg] _25494_/Q -> _25298_/D : -6.538569
[setup reg-reg] _25494_/Q -> _25381_/D : -6.536260
[setup reg-reg] _25494_/Q -> _25185_/D : -6.535203
[setup reg-reg] _25494_/Q -> _26841_/D : -6.533879
[setup reg-reg] _25494_/Q -> _25318_/D : -6.525973
[setup reg-reg] _25494_/Q -> _25837_/D : -6.523815
[setup reg-reg] _25494_/Q -> _26644_/D : -6.519382
[setup reg-reg] _25494_/Q -> _26893_/D : -6.518228
[setup reg-reg] _25494_/Q -> _26008_/D : -6.516205
[setup reg-reg] _25494_/Q -> _26701_/D : -6.510046
[setup reg-reg] _25494_/Q -> _26189_/D : -6.506632
[setup reg-reg] _25494_/Q -> _27284_/D : -6.502655
[setup reg-reg] _25494_/Q -> _26637_/D : -6.501342
[setup reg-reg] _25494_/Q -> _25352_/D : -6.498333
[setup reg-reg] _25494_/Q -> _27370_/D : -6.485419
[setup reg-reg] _25494_/Q -> _26904_/D : -6.484575
[setup reg-reg] _25494_/Q -> _26669_/D : -6.484461
[setup reg-reg] _25494_/Q -> _27192_/D : -6.484285
[setup reg-reg] _25494_/Q -> _26026_/D : -6.483646
[setup reg-reg] _25494_/Q -> _26744_/D : -6.482143
[setup reg-reg] _25494_/Q -> _26840_/D : -6.478990
[setup reg-reg] _25494_/Q -> _25377_/D : -6.476727
[setup reg-reg] _25494_/Q -> _26456_/D : -6.473144
[setup reg-reg] _25494_/Q -> _27531_/D : -6.472684
[setup reg-reg] _25494_/Q -> _25265_/D : -6.470716
[setup reg-reg] _25494_/Q -> _27562_/D : -6.468373
[setup reg-reg] _25494_/Q -> _26765_/D : -6.462836
[setup reg-reg] _25494_/Q -> _26698_/D : -6.460919
[setup reg-reg] _25494_/Q -> _26072_/D : -6.458858
[setup reg-reg] _25494_/Q -> _26666_/D : -6.458825
[setup reg-reg] _25494_/Q -> _25331_/D : -6.455331
[setup reg-reg] _25494_/Q -> _25738_/D : -6.455287
[setup reg-reg] _25494_/Q -> _26381_/D : -6.455080
[setup reg-reg] _25494_/Q -> _26986_/D : -6.453108
[setup reg-reg] _25494_/Q -> _25773_/D : -6.451178
[setup reg-reg] _25494_/Q -> _25944_/D : -6.447134
[setup reg-reg] _25494_/Q -> _26925_/D : -6.444523
[setup reg-reg] _25494_/Q -> _26007_/D : -6.444433
[setup reg-reg] _25494_/Q -> _27572_/D : -6.443710
[setup reg-reg] _25494_/Q -> _27658_/D : -6.439926
[setup reg-reg] _25494_/Q -> _26386_/D : -6.437872
[setup reg-reg] _25494_/Q -> _26379_/D : -6.436683
[setup reg-reg] _25494_/Q -> _26712_/D : -6.435764
[setup reg-reg] _25494_/Q -> _26411_/D : -6.433784
[setup reg-reg] _25494_/Q -> _26186_/D : -6.432518
[setup reg-reg] _25494_/Q -> _26871_/D : -6.432395
[setup reg-reg] _25494_/Q -> _27021_/D : -6.430989
[setup reg-reg] _25494_/Q -> _25668_/D : -6.429536
[setup reg-reg] _25494_/Q -> _25933_/D : -6.429525
[setup reg-reg] _25494_/Q -> _26474_/D : -6.427767
[setup reg-reg] _25494_/Q -> _26410_/D : -6.427627
[setup reg-reg] _25494_/Q -> _27050_/D : -6.425991
[setup reg-reg] _25494_/Q -> _25378_/D : -6.425307
[setup reg-reg] _25494_/Q -> _26583_/D : -6.424643
[setup reg-reg] _25494_/Q -> _26059_/D : -6.422411
[setup reg-reg] _25494_/Q -> _26377_/D : -6.420834
[setup reg-reg] _25494_/Q -> _26346_/D : -6.420225
[setup reg-reg] _25494_/Q -> _26168_/D : -6.419935
[setup reg-reg] _25494_/Q -> _26826_/D : -6.418553
[setup reg-reg] _25494_/Q -> _27243_/D : -6.416247
[setup reg-reg] _25494_/Q -> _25783_/D : -6.415538
[setup reg-reg] _25494_/Q -> _25225_/D : -6.415253
[setup reg-reg] _25494_/Q -> _26157_/D : -6.414568
[setup reg-reg] _25494_/Q -> _27086_/D : -6.413620
[setup reg-reg] _25494_/Q -> _26473_/D : -6.413497
[setup reg-reg] _25494_/Q -> _27629_/D : -6.413485
[setup reg-reg] _25494_/Q -> _26391_/D : -6.407376
[setup reg-reg] _25494_/Q -> _26954_/D : -6.403621
[setup reg-reg] _25494_/Q -> _26187_/D : -6.400251
[setup reg-reg] _25494_/Q -> _26283_/D : -6.400031
[setup reg-reg] _25494_/Q -> _26890_/D : -6.397874
[setup reg-reg] _25494_/Q -> _26258_/D : -6.397681
[setup reg-reg] _25494_/Q -> _26538_/D : -6.397153
[setup reg-reg] _25494_/Q -> _25475_/D : -6.392359
[setup reg-reg] _25494_/Q -> _25462_/D : -6.390954
[setup reg-reg] _25494_/Q -> _26002_/D : -6.390304
[setup reg-reg] _25494_/Q -> _26731_/D : -6.389778
[setup reg-reg] _25494_/Q -> _26354_/D : -6.389714
[setup reg-reg] _25494_/Q -> _27019_/D : -6.388776
[setup reg-reg] _25494_/Q -> _26009_/D : -6.386161
[setup reg-reg] _25494_/Q -> _26455_/D : -6.383632
[setup reg-reg] _25494_/Q -> _25847_/D : -6.381784
[setup reg-reg] _25494_/Q -> _27543_/D : -6.380562
[setup reg-reg] _25494_/Q -> _27682_/D : -6.378942
[setup reg-reg] _25494_/Q -> _27063_/D : -6.378759
[setup reg-reg] _25494_/Q -> _26923_/D : -6.377516
[setup reg-reg] _25494_/Q -> _27662_/D : -6.372101
[setup reg-reg] _25494_/Q -> _25153_/D : -6.368218
[setup reg-reg] _25494_/Q -> _25963_/D : -6.363294
[setup reg-reg] _25494_/Q -> _27274_/D : -6.363172
[setup reg-reg] _25494_/Q -> _25867_/D : -6.360963
[setup reg-reg] _25494_/Q -> _25739_/D : -6.360397
[setup reg-reg] _25494_/Q -> _26734_/D : -6.360199
[setup reg-reg] _25494_/Q -> _25929_/D : -6.357794
[setup reg-reg] _25494_/Q -> _26729_/D : -6.357510
[setup reg-reg] _25494_/Q -> _26190_/D : -6.357114
[setup reg-reg] _25494_/Q -> _26218_/D : -6.356365
[setup reg-reg] _25494_/Q -> _27497_/D : -6.355382
[setup reg-reg] _25494_/Q -> _27214_/D : -6.354741
[setup reg-reg] _25494_/Q -> _26327_/D : -6.353995
[setup reg-reg] _25494_/Q -> _27434_/D : -6.353776
[setup reg-reg] _25494_/Q -> _26441_/D : -6.353565
[setup reg-reg] _25494_/Q -> _27467_/D : -6.352511
[setup reg-reg] _25494_/Q -> _26699_/D : -6.351158
[setup reg-reg] _25494_/Q -> _25457_/D : -6.350998
[setup reg-reg] _25494_/Q -> _27241_/D : -6.348515
[setup reg-reg] _25494_/Q -> _27705_/D : -6.347694
[setup reg-reg] _25494_/Q -> _25962_/D : -6.347412
[setup reg-reg] _25494_/Q -> _26761_/D : -6.346452
[setup reg-reg] _25494_/Q -> _26507_/D : -6.344111
[setup reg-reg] _25494_/Q -> _26167_/D : -6.343625
[setup reg-reg] _25494_/Q -> _27435_/D : -6.341731
[setup reg-reg] _25494_/Q -> _27209_/D : -6.341550
[setup reg-reg] _25494_/Q -> _25714_/D : -6.340987
[setup reg-reg] _25494_/Q -> _25870_/D : -6.340457
[setup reg-reg] _25494_/Q -> _27082_/D : -6.336077
[setup reg-reg] _25494_/Q -> _25801_/D : -6.335915
[setup reg-reg] _25494_/Q -> _27465_/D : -6.334574
[setup reg-reg] _25494_/Q -> _27289_/D : -6.334308
[setup reg-reg] _25494_/Q -> _25283_/D : -6.334076
[setup reg-reg] _25494_/Q -> _26253_/D : -6.333537
[setup reg-reg] _25494_/Q -> _26185_/D : -6.333292
[setup reg-reg] _25494_/Q -> _27339_/D : -6.331918
[setup reg-reg] _25494_/Q -> _27179_/D : -6.331636
[setup reg-reg] _25494_/Q -> _26827_/D : -6.331513
[setup reg-reg] _25494_/Q -> _27305_/D : -6.329554
[setup reg-reg] _25494_/Q -> _25930_/D : -6.329394
[setup reg-reg] _25494_/Q -> _26217_/D : -6.328243
[setup reg-reg] _25494_/Q -> _26602_/D : -6.326600
[setup reg-reg] _25494_/Q -> _27385_/D : -6.326102
[setup reg-reg] _25494_/Q -> _26697_/D : -6.322521
[setup reg-reg] _25494_/Q -> _25802_/D : -6.321718
[setup reg-reg] _25494_/Q -> _25961_/D : -6.321351
[setup reg-reg] _25494_/Q -> _25833_/D : -6.320400
[setup reg-reg] _25494_/Q -> _25705_/D : -6.320121
[setup reg-reg] _25494_/Q -> _26921_/D : -6.319615
[setup reg-reg] _25494_/Q -> _26089_/D : -6.319048
[setup reg-reg] _25494_/Q -> _27538_/D : -6.318990
[setup reg-reg] _25494_/Q -> _25897_/D : -6.317088
[setup reg-reg] _25494_/Q -> _26250_/D : -6.315029
[setup reg-reg] _25494_/Q -> _27117_/D : -6.314155
[setup reg-reg] _25494_/Q -> _26713_/D : -6.313863
[setup reg-reg] _25494_/Q -> _25671_/D : -6.313842
[setup reg-reg] _25494_/Q -> _25476_/D : -6.313437
[setup reg-reg] _25494_/Q -> _27115_/D : -6.309956
[setup reg-reg] _25494_/Q -> _27593_/D : -6.309145
[setup reg-reg] _25494_/Q -> _26667_/D : -6.308136
[setup reg-reg] _25494_/Q -> _26030_/D : -6.307262
[setup reg-reg] _25494_/Q -> _27706_/D : -6.306621
[setup reg-reg] _25494_/Q -> _25869_/D : -6.306259
[setup reg-reg] _25494_/Q -> _26058_/D : -6.306047
[setup reg-reg] _25494_/Q -> _27529_/D : -6.305273
[setup reg-reg] _25494_/Q -> _26034_/D : -6.304738
[setup reg-reg] _25494_/Q -> _25313_/D : -6.303726
[setup reg-reg] _25494_/Q -> _27145_/D : -6.303431
[setup reg-reg] _25494_/Q -> _25297_/D : -6.303365
[setup reg-reg] _25494_/Q -> _26612_/D : -6.303159
[setup reg-reg] _25494_/Q -> _27275_/D : -6.303074
[setup reg-reg] _25494_/Q -> _25672_/D : -6.302880
[setup reg-reg] _25494_/Q -> _26797_/D : -6.302624
[setup reg-reg] _25494_/Q -> _27321_/D : -6.301363
[setup reg-reg] _25494_/Q -> _26091_/D : -6.299494
[setup reg-reg] _25494_/Q -> _25977_/D : -6.298308
[setup reg-reg] _25494_/Q -> _25186_/D : -6.296390
[setup reg-reg] _25494_/Q -> _27626_/D : -6.296308
[setup reg-reg] _25494_/Q -> _26574_/D : -6.296057
[setup reg-reg] _25494_/Q -> _26829_/D : -6.295482
[setup reg-reg] _25494_/Q -> _26889_/D : -6.294703
[setup reg-reg] _25494_/Q -> _25995_/D : -6.294679
[setup reg-reg] _25494_/Q -> _25771_/D : -6.294488
[setup reg-reg] _25494_/Q -> _27022_/D : -6.294437
[setup reg-reg] _25494_/Q -> _26478_/D : -6.287049
[setup reg-reg] _25494_/Q -> _27577_/D : -6.286712
[setup reg-reg] _25494_/Q -> _26570_/D : -6.284662
[setup reg-reg] _25494_/Q -> _25350_/D : -6.283951
[setup reg-reg] _25494_/Q -> _25721_/D : -6.283660
[setup reg-reg] _25494_/Q -> _27498_/D : -6.283378
[setup reg-reg] _25494_/Q -> _26926_/D : -6.283309
[setup reg-reg] _25494_/Q -> _27017_/D : -6.282802
[setup reg-reg] _25494_/Q -> _25743_/D : -6.282308
[setup reg-reg] _25494_/Q -> _26414_/D : -6.279722
[setup reg-reg] _25494_/Q -> _27502_/D : -6.278885
[setup reg-reg] _25494_/Q -> _26571_/D : -6.278516
[setup reg-reg] _25494_/Q -> _25706_/D : -6.278324
[setup reg-reg] _25494_/Q -> _25192_/D : -6.277761
[setup reg-reg] _25494_/Q -> _26025_/D : -6.276965
[setup reg-reg] _25494_/Q -> _27374_/D : -6.276745
[setup reg-reg] _25494_/Q -> _25994_/D : -6.275022
[setup reg-reg] _25494_/Q -> _26649_/D : -6.274796
[setup reg-reg] _25494_/Q -> _27242_/D : -6.272910
[setup reg-reg] _25494_/Q -> _27177_/D : -6.272728
[setup reg-reg] _25494_/Q -> _26702_/D : -6.272387
[setup reg-reg] _25494_/Q -> _26681_/D : -6.272254
[setup reg-reg] _25494_/Q -> _25172_/D : -6.271888
[setup reg-reg] _25494_/Q -> _25931_/D : -6.271595
[setup reg-reg] _25494_/Q -> _25473_/D : -6.271003
[setup reg-reg] _25494_/Q -> _27054_/D : -6.268005
[setup reg-reg] _25494_/Q -> _24981_/D : -6.267079
[setup reg-reg] _25494_/Q -> _26251_/D : -6.265422
[setup reg-reg] _25494_/Q -> _26314_/D : -6.263839
[setup reg-reg] _25494_/Q -> _26862_/D : -6.263655
[setup reg-reg] _25494_/Q -> _27530_/D : -6.263354
[setup reg-reg] _25494_/Q -> _26158_/D : -6.262301
[setup reg-reg] _25494_/Q -> _27178_/D : -6.262068
[setup reg-reg] _25494_/Q -> _25486_/D : -6.259656
[setup reg-reg] _25494_/Q -> _26201_/D : -6.258503
[setup reg-reg] _25494_/Q -> _26094_/D : -6.258032
[setup reg-reg] _25494_/Q -> _24975_/D : -6.257159
[setup reg-reg] _25494_/Q -> _26767_/D : -6.256927
[setup reg-reg] _25494_/Q -> _27092_/D : -6.254149
[setup reg-reg] _25494_/Q -> _26922_/D : -6.253442
[setup reg-reg] _25494_/Q -> _25849_/D : -6.252066
[setup reg-reg] _25494_/Q -> _27513_/D : -6.250549
[setup reg-reg] _25494_/Q -> _26297_/D : -6.249095
[setup reg-reg] _25494_/Q -> _26551_/D : -6.249087
[setup reg-reg] _25494_/Q -> _26122_/D : -6.248930
[setup reg-reg] _25494_/Q -> _25866_/D : -6.247513
[setup reg-reg] _25494_/Q -> _25902_/D : -6.244545
[setup reg-reg] _25494_/Q -> _27449_/D : -6.242436
[setup reg-reg] _25494_/Q -> _26955_/D : -6.239318
[setup reg-reg] _25494_/Q -> _27255_/D : -6.237965
[setup reg-reg] _25494_/Q -> _25879_/D : -6.236993
[setup reg-reg] _25494_/Q -> _25340_/D : -6.234975
[setup reg-reg] _25494_/Q -> _27182_/D : -6.232588
[setup reg-reg] _25494_/Q -> _26762_/D : -6.231918
[setup reg-reg] _25494_/Q -> _26634_/D : -6.230149
[setup reg-reg] _25494_/Q -> _26730_/D : -6.225626
[setup reg-reg] _25494_/Q -> _27161_/D : -6.225289
[setup reg-reg] _25494_/Q -> _27447_/D : -6.221679
[setup reg-reg] _25494_/Q -> _25834_/D : -6.218297
[setup reg-reg] _25494_/Q -> _25774_/D : -6.217693
[setup reg-reg] _25494_/Q -> _24937_/D : -6.214753
[setup reg-reg] _25494_/Q -> _26487_/D : -6.214279
[setup reg-reg] _25494_/Q -> _26199_/D : -6.214178
[setup reg-reg] _25494_/Q -> _26548_/D : -6.213712
[setup reg-reg] _25494_/Q -> _26958_/D : -6.212677
[setup reg-reg] _25494_/Q -> _25394_/D : -6.209095
[setup reg-reg] _25494_/Q -> _25687_/D : -6.206179
[setup reg-reg] _25494_/Q -> _27630_/D : -6.205909
[setup reg-reg] _25494_/Q -> _26839_/D : -6.200919
[setup reg-reg] _25494_/Q -> _26999_/D : -6.200855
[setup reg-reg] _25494_/Q -> _27575_/D : -6.192698
[setup reg-reg] _25494_/Q -> _27342_/D : -6.190428
[setup reg-reg] _25494_/Q -> _25190_/D : -6.180242
[setup reg-reg] _25494_/Q -> _25169_/D : -6.177214
[setup reg-reg] _25494_/Q -> _25649_/D : -6.175943
[setup reg-reg] _25494_/Q -> _25183_/D : -6.175537
[setup reg-reg] _25494_/Q -> _26738_/D : -6.174625
[setup reg-reg] _25494_/Q -> _25455_/D : -6.174334
[setup reg-reg] _25494_/Q -> _25329_/D : -6.170621
[setup reg-reg] _25494_/Q -> _25363_/D : -6.170293
[setup reg-reg] _25494_/Q -> _25389_/D : -6.162871
[setup reg-reg] _25494_/Q -> _25134_/D : -6.159031
[setup reg-reg] _25494_/Q -> _27687_/D : -6.156519
[setup reg-reg] _25494_/Q -> _26935_/D : -6.155917
[setup reg-reg] _25494_/Q -> _25143_/D : -6.152966
[setup reg-reg] _25494_/Q -> _26903_/D : -6.149920
[setup reg-reg] _25494_/Q -> _25815_/D : -6.149611
[setup reg-reg] _25494_/Q -> _25778_/D : -6.148620
[setup reg-reg] _25494_/Q -> _25751_/D : -6.132311
[setup reg-reg] _25494_/Q -> _25943_/D : -6.132222
[setup reg-reg] _25494_/Q -> _27204_/D : -6.130808
[setup reg-reg] _25494_/Q -> _25256_/D : -6.128517
[setup reg-reg] _25494_/Q -> _26468_/D : -6.124243
[setup reg-reg] _25494_/Q -> _25347_/D : -6.118916
[setup reg-reg] _25494_/Q -> _25395_/D : -6.117946
[setup reg-reg] _25494_/Q -> _25178_/D : -6.117528
[setup reg-reg] _25494_/Q -> _26788_/D : -6.115307
[setup reg-reg] _25494_/Q -> _25472_/D : -6.114540
[setup reg-reg] _25494_/Q -> _27268_/D : -6.112632
[setup reg-reg] _25494_/Q -> _27535_/D : -6.107046
[setup reg-reg] _25494_/Q -> _25345_/D : -6.106797
[setup reg-reg] _25494_/Q -> _26482_/D : -6.105593
[setup reg-reg] _25494_/Q -> _25320_/D : -6.096943
[setup reg-reg] _25494_/Q -> _25700_/D : -6.095231
[setup reg-reg] _25494_/Q -> _25478_/D : -6.090760
[setup reg-reg] _25494_/Q -> _25420_/D : -6.086303
[setup reg-reg] _25494_/Q -> _27236_/D : -6.086308
[setup reg-reg] _25494_/Q -> _25277_/D : -6.086166
[setup reg-reg] _25494_/Q -> _25334_/D : -6.083454
[setup reg-reg] _25494_/Q -> _25456_/D : -6.080452
[setup reg-reg] _25494_/Q -> _26340_/D : -6.077117
[setup reg-reg] _25494_/Q -> _26660_/D : -6.076089
[setup reg-reg] _25494_/Q -> _25285_/D : -6.074491
[setup reg-reg] _25494_/Q -> _25182_/D : -6.073847
[setup reg-reg] _25494_/Q -> _25460_/D : -6.064863
[setup reg-reg] _25494_/Q -> _25465_/D : -6.056999
[setup reg-reg] _25494_/Q -> _25261_/D : -6.056217
[setup reg-reg] _25494_/Q -> _26351_/D : -6.052997
[setup reg-reg] _25494_/Q -> _25662_/D : -6.052020
[setup reg-reg] _25494_/Q -> _25393_/D : -6.051904
[setup reg-reg] _25494_/Q -> _25461_/D : -6.050858
[setup reg-reg] _25494_/Q -> _25450_/D : -6.050540
[setup reg-reg] _25494_/Q -> _25266_/D : -6.046659
[setup reg-reg] _25494_/Q -> _25464_/D : -6.046472
[setup reg-reg] _25494_/Q -> _25312_/D : -6.042740
[setup reg-reg] _25494_/Q -> _25449_/D : -6.037894
[setup reg-reg] _25494_/Q -> _27711_/D : -6.036363
[setup reg-reg] _25494_/Q -> _25336_/D : -6.031941
[setup reg-reg] _25494_/Q -> _26566_/D : -6.031465
[setup reg-reg] _25494_/Q -> _26276_/D : -6.028989
[setup reg-reg] _25494_/Q -> _25477_/D : -6.027163
[setup reg-reg] _25494_/Q -> _25423_/D : -6.024683
[setup reg-reg] _25494_/Q -> _26959_/D : -6.023022
[setup reg-reg] _25494_/Q -> _25295_/D : -6.020663
[setup reg-reg] _25494_/Q -> _25244_/D : -6.016887
[setup reg-reg] _25494_/Q -> _25379_/D : -6.015172
[setup reg-reg] _25494_/Q -> _27183_/D : -6.011119
[setup reg-reg] _25494_/Q -> _25309_/D : -6.009373
[setup reg-reg] _25494_/Q -> _24940_/D : -6.006447
[setup reg-reg] _25494_/Q -> _25416_/D : -5.997963
[setup reg-reg] _25494_/Q -> _25171_/D : -5.991840
[setup reg-reg] _25494_/Q -> _25317_/D : -5.991296
[setup reg-reg] _25494_/Q -> _25483_/D : -5.987975
[setup reg-reg] _25494_/Q -> _25342_/D : -5.987394
[setup reg-reg] _25494_/Q -> _25369_/D : -5.986950
[setup reg-reg] _25494_/Q -> _26415_/D : -5.984573
[setup reg-reg] _25494_/Q -> _25839_/D : -5.982413
[setup reg-reg] _25494_/Q -> _27602_/D : -5.982214
[setup reg-reg] _25494_/Q -> _27119_/D : -5.969895
[setup reg-reg] _25494_/Q -> _25999_/D : -5.968561
[setup reg-reg] _25494_/Q -> _25235_/D : -5.966278
[setup reg-reg] _25494_/Q -> _26804_/D : -5.960889
[setup reg-reg] _25494_/Q -> _25935_/D : -5.956185
[setup reg-reg] _25494_/Q -> _25184_/D : -5.955079
[setup reg-reg] _25494_/Q -> _25794_/D : -5.952796
[setup reg-reg] _25494_/Q -> _26735_/D : -5.950902
[setup reg-reg] _25494_/Q -> _26287_/D : -5.950296
[setup reg-reg] _25494_/Q -> _25264_/D : -5.950012
[setup reg-reg] _25494_/Q -> _25296_/D : -5.947870
[setup reg-reg] _25494_/Q -> _25270_/D : -5.941702
[setup reg-reg] _25494_/Q -> _27426_/D : -5.940615
[setup reg-reg] _25494_/Q -> _26895_/D : -5.939819
[setup reg-reg] _25494_/Q -> _27471_/D : -5.933297
[setup reg-reg] _25494_/Q -> _26068_/D : -5.931101
[setup reg-reg] _25494_/Q -> _25173_/D : -5.930845
[setup reg-reg] _25494_/Q -> _26799_/D : -5.924008
[setup reg-reg] _25494_/Q -> _25367_/D : -5.922685
[setup reg-reg] _25494_/Q -> _26031_/D : -5.921427
[setup reg-reg] _25494_/Q -> _26622_/D : -5.919839
[setup reg-reg] _25494_/Q -> _25148_/D : -5.917517
[setup reg-reg] _25494_/Q -> _27407_/D : -5.917198
[setup reg-reg] _25494_/Q -> _26502_/D : -5.917027
[setup reg-reg] _25494_/Q -> _26402_/D : -5.916174
[setup reg-reg] _25494_/Q -> _25164_/D : -5.913492
[setup reg-reg] _25494_/Q -> _26374_/D : -5.911284
[setup reg-reg] _25494_/Q -> _27074_/D : -5.909407
[setup reg-reg] _25494_/Q -> _25133_/D : -5.908646
[setup reg-reg] _25494_/Q -> _27215_/D : -5.906518
[setup reg-reg] _25494_/Q -> _27503_/D : -5.905974
[setup reg-reg] _25494_/Q -> _27010_/D : -5.904648
[setup reg-reg] _25494_/Q -> _25335_/D : -5.903509
[setup reg-reg] _25494_/Q -> _27298_/D : -5.899930
[setup reg-reg] _25494_/Q -> _25474_/D : -5.899594
[setup reg-reg] _25494_/Q -> _26822_/D : -5.899237
[setup reg-reg] _25494_/Q -> _25181_/D : -5.894734
[setup reg-reg] _25494_/Q -> _25807_/D : -5.894664
[setup reg-reg] _25494_/Q -> _27042_/D : -5.892824
[setup reg-reg] _25494_/Q -> _27110_/D : -5.885440
[setup reg-reg] _25494_/Q -> _25341_/D : -5.883070
[setup reg-reg] _25494_/Q -> _26050_/D : -5.883006
[setup reg-reg] _25494_/Q -> _25362_/D : -5.881811
[setup reg-reg] _25494_/Q -> _25387_/D : -5.879935
[setup reg-reg] _25494_/Q -> _26228_/D : -5.878953
[setup reg-reg] _25494_/Q -> _25330_/D : -5.876080
[setup reg-reg] _25494_/Q -> _25304_/D : -5.875901
[setup reg-reg] _25494_/Q -> _25280_/D : -5.871886
[setup reg-reg] _25494_/Q -> _25400_/D : -5.868907
[setup reg-reg] _25494_/Q -> _25392_/D : -5.863951
[setup reg-reg] _25494_/Q -> _25762_/D : -5.863829
[setup reg-reg] _25494_/Q -> _25664_/D : -5.861271
[setup reg-reg] _25494_/Q -> _27334_/D : -5.860592
[setup reg-reg] _25494_/Q -> _25398_/D : -5.857450
[setup reg-reg] _25494_/Q -> _26022_/D : -5.856393
[setup reg-reg] _25494_/Q -> _26671_/D : -5.854456
[setup reg-reg] _25494_/Q -> _25272_/D : -5.849628
[setup reg-reg] _25494_/Q -> _26214_/D : -5.848131
[setup reg-reg] _25494_/Q -> _27663_/D : -5.845266
[setup reg-reg] _25494_/Q -> _25684_/D : -5.844918
[setup reg-reg] _25494_/Q -> _25397_/D : -5.844490
[setup reg-reg] _25494_/Q -> _27154_/D : -5.838368
[setup reg-reg] _25494_/Q -> _25694_/D : -5.832762
[setup reg-reg] _25494_/Q -> _25254_/D : -5.831332
[setup reg-reg] _25494_/Q -> _26370_/D : -5.830113
[setup reg-reg] _25494_/Q -> _26319_/D : -5.829988
[setup reg-reg] _25494_/Q -> _25734_/D : -5.828733
[setup reg-reg] _25494_/Q -> _26547_/D : -5.826243
[setup reg-reg] _25494_/Q -> _25466_/D : -5.821750
[setup reg-reg] _25494_/Q -> _26419_/D : -5.814240
[setup reg-reg] _25494_/Q -> _26270_/D : -5.813194
[setup reg-reg] _25494_/Q -> _26483_/D : -5.810570
[setup reg-reg] _25494_/Q -> _25344_/D : -5.808881
[setup reg-reg] _25494_/Q -> _25306_/D : -5.807422
[setup reg-reg] _25494_/Q -> _27006_/D : -5.801620
[setup reg-reg] _25494_/Q -> _27247_/D : -5.800900
[setup reg-reg] _25494_/Q -> _27439_/D : -5.800768
[setup reg-reg] _25494_/Q -> _26063_/D : -5.800395
[setup reg-reg] _25494_/Q -> _27443_/D : -5.800312
[setup reg-reg] _25494_/Q -> _25368_/D : -5.799285
[setup reg-reg] _25494_/Q -> _26430_/D : -5.798604
[setup reg-reg] _25494_/Q -> _25150_/D : -5.796903
[setup reg-reg] _25494_/Q -> _25239_/D : -5.789511
[setup reg-reg] _25494_/Q -> _27123_/D : -5.776846
[setup reg-reg] _25494_/Q -> _26310_/D : -5.772577
[setup reg-reg] _25494_/Q -> _25470_/D : -5.770959
[setup reg-reg] _25494_/Q -> _26771_/D : -5.767493
[setup reg-reg] _25494_/Q -> _25355_/D : -5.767001
[setup reg-reg] _25494_/Q -> _25333_/D : -5.759489
[setup reg-reg] _25494_/Q -> _25396_/D : -5.756961
[setup reg-reg] _25494_/Q -> _26260_/D : -5.755441
[setup reg-reg] _25494_/Q -> _26142_/D : -5.748442
[setup reg-reg] _25494_/Q -> _24934_/D : -5.748118
[setup reg-reg] _25494_/Q -> _25716_/D : -5.746909
[setup reg-reg] _25494_/Q -> _26163_/D : -5.745635
[setup reg-reg] _25494_/Q -> _25822_/D : -5.740692
[setup reg-reg] _25494_/Q -> _27070_/D : -5.739970
[setup reg-reg] _25494_/Q -> _26579_/D : -5.739479
[setup reg-reg] _25494_/Q -> _25469_/D : -5.735290
[setup reg-reg] _25494_/Q -> _26580_/D : -5.732178
[setup reg-reg] _25494_/Q -> _27027_/D : -5.731428
[setup reg-reg] _25494_/Q -> _26494_/D : -5.729554
[setup reg-reg] _25494_/Q -> _25162_/D : -5.720075
[setup reg-reg] _25494_/Q -> _25886_/D : -5.714126
[setup reg-reg] _25494_/Q -> _25151_/D : -5.712113
[setup reg-reg] _25494_/Q -> _25349_/D : -5.706888
[setup reg-reg] _25494_/Q -> _27174_/D : -5.703083
[setup reg-reg] _25494_/Q -> _25328_/D : -5.700900
[setup reg-reg] _25494_/Q -> _26227_/D : -5.695986
[setup reg-reg] _25494_/Q -> _27446_/D : -5.687426
[setup reg-reg] _25494_/Q -> _27398_/D : -5.685593
[setup reg-reg] _25494_/Q -> _26515_/D : -5.682345
[setup reg-reg] _25494_/Q -> _25715_/D : -5.681681
[setup reg-reg] _25494_/Q -> _27277_/D : -5.680242
[setup reg-reg] _25494_/Q -> _26195_/D : -5.676787
[setup reg-reg] _25494_/Q -> _27542_/D : -5.673210
[setup reg-reg] _25494_/Q -> _25376_/D : -5.670447
[setup reg-reg] _25494_/Q -> _25812_/D : -5.669650
[setup reg-reg] _25494_/Q -> _25176_/D : -5.668062
[setup reg-reg] _25494_/Q -> _27091_/D : -5.665784
[setup reg-reg] _25494_/Q -> _25814_/D : -5.664939
[setup reg-reg] _25494_/Q -> _26740_/D : -5.661583
[setup reg-reg] _25494_/Q -> _26387_/D : -5.658721
[setup reg-reg] _25494_/Q -> _25348_/D : -5.658263
[setup reg-reg] _25494_/Q -> _26438_/D : -5.656963
[setup reg-reg] _25494_/Q -> _25971_/D : -5.652707
[setup reg-reg] _25494_/Q -> _25139_/D : -5.651993
[setup reg-reg] _25494_/Q -> _25302_/D : -5.651666
[setup reg-reg] _25494_/Q -> _26675_/D : -5.647062
[setup reg-reg] _25494_/Q -> _27283_/D : -5.644493
[setup reg-reg] _25494_/Q -> _25405_/D : -5.643825
[setup reg-reg] _25494_/Q -> _25391_/D : -5.639328
[setup reg-reg] _25494_/Q -> _26899_/D : -5.637492
[setup reg-reg] _25494_/Q -> _25876_/D : -5.636743
[setup reg-reg] _25494_/Q -> _27603_/D : -5.634574
[setup reg-reg] _25494_/Q -> _27361_/D : -5.631561
[setup reg-reg] _25494_/Q -> _27094_/D : -5.631155
[setup reg-reg] _25494_/Q -> _25843_/D : -5.631135
[setup reg-reg] _25494_/Q -> _25168_/D : -5.629739
[setup reg-reg] _25494_/Q -> _25131_/D : -5.628549
[setup reg-reg] _25494_/Q -> _27251_/D : -5.627697
[setup reg-reg] _25494_/Q -> _26772_/D : -5.625420
[setup reg-reg] _25494_/Q -> _26578_/D : -5.624557
[setup reg-reg] _25494_/Q -> _27347_/D : -5.624385
[setup reg-reg] _25494_/Q -> _26776_/D : -5.624053
[setup reg-reg] _25494_/Q -> _27571_/D : -5.622809
[setup reg-reg] _25494_/Q -> _25323_/D : -5.621237
[setup reg-reg] _25494_/Q -> _25316_/D : -5.618016
[setup reg-reg] _25494_/Q -> _25779_/D : -5.616407
[setup reg-reg] _25494_/Q -> _25234_/D : -5.615592
[setup reg-reg] _25494_/Q -> _25380_/D : -5.615572
[setup reg-reg] _25494_/Q -> _25371_/D : -5.615324
[setup reg-reg] _25494_/Q -> _26654_/D : -5.615245
[setup reg-reg] _25494_/Q -> _26643_/D : -5.614738
[setup reg-reg] _25494_/Q -> _26452_/D : -5.614004
[setup reg-reg] _25494_/Q -> _26035_/D : -5.612265
[setup reg-reg] _25494_/Q -> _25163_/D : -5.611513
[setup reg-reg] _25494_/Q -> _27315_/D : -5.609030
[setup reg-reg] _25494_/Q -> _25399_/D : -5.608088
[setup reg-reg] _25494_/Q -> _25375_/D : -5.608078
[setup reg-reg] _25494_/Q -> _26794_/D : -5.607051
[setup reg-reg] _25494_/Q -> _25645_/D : -5.603568
[setup reg-reg] _25494_/Q -> _25167_/D : -5.601731
[setup reg-reg] _25494_/Q -> _25907_/D : -5.598196
[setup reg-reg] _25494_/Q -> _25463_/D : -5.597729
[setup reg-reg] _25494_/Q -> _26291_/D : -5.597720
[setup reg-reg] _25494_/Q -> _24959_/D : -5.597626
[setup reg-reg] _25494_/Q -> _26278_/D : -5.596879
[setup reg-reg] _25494_/Q -> _26950_/D : -5.596754
[setup reg-reg] _25494_/Q -> _26099_/D : -5.592547
[setup reg-reg] _25494_/Q -> _26259_/D : -5.591204
[setup reg-reg] _25494_/Q -> _25965_/D : -5.589920
[setup reg-reg] _25494_/Q -> _27622_/D : -5.586463
[setup reg-reg] _25494_/Q -> _25000_/D : -5.586221
[setup reg-reg] _25494_/Q -> _25825_/D : -5.584845
[setup reg-reg] _25494_/Q -> _27457_/D : -5.584148
[setup reg-reg] _25494_/Q -> _27059_/D : -5.577661
[setup reg-reg] _25494_/Q -> _25273_/D : -5.575942
[setup reg-reg] _25494_/Q -> _27683_/D : -5.575831
[setup reg-reg] _25494_/Q -> _25997_/D : -5.573617
[setup reg-reg] _25494_/Q -> _25926_/D : -5.572115
[setup reg-reg] _25494_/Q -> _25315_/D : -5.570934
[setup reg-reg] _25494_/Q -> _26067_/D : -5.570087
[setup reg-reg] _25494_/Q -> _26541_/D : -5.566776
[setup reg-reg] _25494_/Q -> _27411_/D : -5.564763
[setup reg-reg] _25494_/Q -> _27245_/D : -5.563426
[setup reg-reg] _25494_/Q -> _26046_/D : -5.562800
[setup reg-reg] _25494_/Q -> _27309_/D : -5.562651
[setup reg-reg] _25494_/Q -> _27265_/D : -5.561390
[setup reg-reg] _25494_/Q -> _25758_/D : -5.556624
[setup reg-reg] _25494_/Q -> _26003_/D : -5.555480
[setup reg-reg] _25494_/Q -> _26066_/D : -5.555196
[setup reg-reg] _25494_/Q -> _26164_/D : -5.554677
[setup reg-reg] _25494_/Q -> _25985_/D : -5.554087
[setup reg-reg] _25494_/Q -> _26317_/D : -5.553980
[setup reg-reg] _25494_/Q -> _26867_/D : -5.551250
[setup reg-reg] _25494_/Q -> _26662_/D : -5.550941
[setup reg-reg] _25494_/Q -> _26878_/D : -5.550929
[setup reg-reg] _25494_/Q -> _25830_/D : -5.550316
[setup reg-reg] _25494_/Q -> _25659_/D : -5.549817
[setup reg-reg] _25494_/Q -> _26519_/D : -5.547269
[setup reg-reg] _25494_/Q -> _25238_/D : -5.546524
[setup reg-reg] _25494_/Q -> _27146_/D : -5.546017
[setup reg-reg] _25494_/Q -> _25144_/D : -5.544322
[setup reg-reg] _25494_/Q -> _25284_/D : -5.542761
[setup reg-reg] _25494_/Q -> _26413_/D : -5.538128
[setup reg-reg] _25494_/Q -> _26835_/D : -5.538064
[setup reg-reg] _25494_/Q -> _26910_/D : -5.537549
[setup reg-reg] _25494_/Q -> _26689_/D : -5.534400
[setup reg-reg] _25494_/Q -> _27373_/D : -5.534060
[setup reg-reg] _25494_/Q -> _25939_/D : -5.532586
[setup reg-reg] _25494_/Q -> _26349_/D : -5.532279
[setup reg-reg] _25494_/Q -> _25918_/D : -5.531542
[setup reg-reg] _25494_/Q -> _27539_/D : -5.530352
[setup reg-reg] _25494_/Q -> _27102_/D : -5.529621
[setup reg-reg] _25494_/Q -> _25174_/D : -5.529014
[setup reg-reg] _25494_/Q -> _26359_/D : -5.528499
[setup reg-reg] _25494_/Q -> _26861_/D : -5.528012
[setup reg-reg] _25494_/Q -> _26721_/D : -5.526442
[setup reg-reg] _25494_/Q -> _27351_/D : -5.526310
[setup reg-reg] _25494_/Q -> _25720_/D : -5.525736
[setup reg-reg] _25494_/Q -> _26125_/D : -5.525646
[setup reg-reg] _25494_/Q -> _25650_/D : -5.525241
[setup reg-reg] _25494_/Q -> _26273_/D : -5.524589
[setup reg-reg] _25494_/Q -> _27000_/D : -5.523860
[setup reg-reg] _25494_/Q -> _27533_/D : -5.521670
[setup reg-reg] _25494_/Q -> _27085_/D : -5.519503
[setup reg-reg] _25494_/Q -> _26742_/D : -5.516537
[setup reg-reg] _25494_/Q -> _25177_/D : -5.513947
[setup reg-reg] _25494_/Q -> _26957_/D : -5.513233
[setup reg-reg] _25494_/Q -> _27318_/D : -5.510105
[setup reg-reg] _25494_/Q -> _25170_/D : -5.509774
[setup reg-reg] _25494_/Q -> _26611_/D : -5.508358
[setup reg-reg] _25494_/Q -> _26061_/D : -5.504612
[setup reg-reg] _25494_/Q -> _27224_/D : -5.504099
[setup reg-reg] _25494_/Q -> _27501_/D : -5.504026
[setup reg-reg] _25494_/Q -> _27187_/D : -5.502496
[setup reg-reg] _25494_/Q -> _26506_/D : -5.501978
[setup reg-reg] _25494_/Q -> _25709_/D : -5.500766
[setup reg-reg] _25494_/Q -> _25249_/D : -5.498272
[setup reg-reg] _25494_/Q -> _27454_/D : -5.497741
[setup reg-reg] _25494_/Q -> _25953_/D : -5.497468
[setup reg-reg] _25494_/Q -> _27218_/D : -5.494334
[setup reg-reg] _25494_/Q -> _27358_/D : -5.493238
[setup reg-reg] _25494_/Q -> _25898_/D : -5.493220
[setup reg-reg] _25494_/Q -> _27448_/D : -5.493185
[setup reg-reg] _25494_/Q -> _26558_/D : -5.492758
[setup reg-reg] _25494_/Q -> _26785_/D : -5.491275
[setup reg-reg] _25494_/Q -> _25770_/D : -5.490177
[setup reg-reg] _25494_/Q -> _26241_/D : -5.489291
[setup reg-reg] _25494_/Q -> _26509_/D : -5.488824
[setup reg-reg] _25494_/Q -> _26537_/D : -5.487868
[setup reg-reg] _25494_/Q -> _27341_/D : -5.486973
[setup reg-reg] _25494_/Q -> _27489_/D : -5.485985
[setup reg-reg] _25494_/Q -> _27105_/D : -5.485807
[setup reg-reg] _25494_/Q -> _26573_/D : -5.481102
[setup reg-reg] _25494_/Q -> _26753_/D : -5.480805
[setup reg-reg] _25494_/Q -> _26121_/D : -5.478805
[setup reg-reg] _25494_/Q -> _27053_/D : -5.477112
[setup reg-reg] _25494_/Q -> _26249_/D : -5.473634
[setup reg-reg] _25494_/Q -> _26505_/D : -5.473076
[setup reg-reg] _25494_/Q -> _25688_/D : -5.472588
[setup reg-reg] _25494_/Q -> _27306_/D : -5.472537
[setup reg-reg] _25494_/Q -> _27064_/D : -5.472405
[setup reg-reg] _25494_/Q -> _27041_/D : -5.468181
[setup reg-reg] _25494_/Q -> _25921_/D : -5.467739
[setup reg-reg] _25494_/Q -> _25942_/D : -5.464942
[setup reg-reg] _25494_/Q -> _26409_/D : -5.463324
[setup reg-reg] _25494_/Q -> _27160_/D : -5.461653
[setup reg-reg] _25494_/Q -> _26516_/D : -5.461491
[setup reg-reg] _25494_/Q -> _25865_/D : -5.459223
[setup reg-reg] _25494_/Q -> _26561_/D : -5.459029
[setup reg-reg] _25494_/Q -> _26014_/D : -5.458327
[setup reg-reg] _25494_/Q -> _27469_/D : -5.455615
[setup reg-reg] _25494_/Q -> _27338_/D : -5.448465
[setup reg-reg] _25494_/Q -> _25790_/D : -5.448362
[setup reg-reg] _25494_/Q -> _25729_/D : -5.448202
[setup reg-reg] _25494_/Q -> _26313_/D : -5.447181
[setup reg-reg] _25494_/Q -> _27709_/D : -5.445875
[setup reg-reg] _25494_/Q -> _25147_/D : -5.444347
[setup reg-reg] _25494_/Q -> _27329_/D : -5.444239
[setup reg-reg] _25494_/Q -> _26569_/D : -5.443569
[setup reg-reg] _25494_/Q -> _26900_/D : -5.442937
[setup reg-reg] _25494_/Q -> _25373_/D : -5.441841
[setup reg-reg] _25494_/Q -> _27297_/D : -5.439733
[setup reg-reg] _25494_/Q -> _27547_/D : -5.439551
[setup reg-reg] _25494_/Q -> _27319_/D : -5.438906
[setup reg-reg] _25494_/Q -> _26798_/D : -5.438668
[setup reg-reg] _25494_/Q -> _26477_/D : -5.438565
[setup reg-reg] _25494_/Q -> _25889_/D : -5.436714
[setup reg-reg] _25494_/Q -> _26093_/D : -5.436435
[setup reg-reg] _25494_/Q -> _26807_/D : -5.433819
[setup reg-reg] _25494_/Q -> _27617_/D : -5.432691
[setup reg-reg] _25494_/Q -> _26110_/D : -5.432595
[setup reg-reg] _25494_/Q -> _27585_/D : -5.430551
[setup reg-reg] _25494_/Q -> _26281_/D : -5.430492
[setup reg-reg] _25494_/Q -> _27594_/D : -5.426706
[setup reg-reg] _25494_/Q -> _27097_/D : -5.426651
[setup reg-reg] _25494_/Q -> _25271_/D : -5.426561
[setup reg-reg] _25494_/Q -> _27114_/D : -5.425044
[setup reg-reg] _25494_/Q -> _27415_/D : -5.423818
[setup reg-reg] _25494_/Q -> _27466_/D : -5.423477
[setup reg-reg] _25494_/Q -> _25689_/D : -5.418583
[setup reg-reg] _25494_/Q -> _25761_/D : -5.417400
[setup reg-reg] _25494_/Q -> _27009_/D : -5.417311
[setup reg-reg] _25494_/Q -> _25719_/D : -5.416041
[setup reg-reg] _25494_/Q -> _27127_/D : -5.415347
[setup reg-reg] _25494_/Q -> _27158_/D : -5.414418
[setup reg-reg] _25494_/Q -> _25806_/D : -5.411948
[setup reg-reg] _25494_/Q -> _27697_/D : -5.410824
[setup reg-reg] _25494_/Q -> _27479_/D : -5.410751
[setup reg-reg] _25494_/Q -> _27262_/D : -5.408254
[setup reg-reg] _25494_/Q -> _25001_/D : -5.407273
[setup reg-reg] _25494_/Q -> _26382_/D : -5.406998
[setup reg-reg] _25494_/Q -> _26282_/D : -5.406429
[setup reg-reg] _25494_/Q -> _26442_/D : -5.405577
[setup reg-reg] _25494_/Q -> _25710_/D : -5.405552
[setup reg-reg] _25494_/Q -> _27118_/D : -5.403770
[setup reg-reg] _25494_/Q -> _25838_/D : -5.401505
[setup reg-reg] _25494_/Q -> _27310_/D : -5.397537
[setup reg-reg] _25494_/Q -> _27545_/D : -5.396792
[setup reg-reg] _25494_/Q -> _26967_/D : -5.396469
[setup reg-reg] _25494_/Q -> _26969_/D : -5.396283
[setup reg-reg] _25494_/Q -> _26849_/D : -5.395997
[setup reg-reg] _25494_/Q -> _26542_/D : -5.394947
[setup reg-reg] _25494_/Q -> _27425_/D : -5.394853
[setup reg-reg] _25494_/Q -> _26830_/D : -5.393085
[setup reg-reg] _25494_/Q -> _26166_/D : -5.390710
[setup reg-reg] _25494_/Q -> _26103_/D : -5.389426
[setup reg-reg] _25494_/Q -> _27438_/D : -5.388188
[setup reg-reg] _25494_/Q -> _27511_/D : -5.387277
[setup reg-reg] _25494_/Q -> _25934_/D : -5.386212
[setup reg-reg] _25494_/Q -> _26418_/D : -5.385914
[setup reg-reg] _25494_/Q -> _25130_/D : -5.384102
[setup reg-reg] _25494_/Q -> _26057_/D : -5.383518
[setup reg-reg] _25494_/Q -> _25817_/D : -5.381923
[setup reg-reg] _25494_/Q -> _26465_/D : -5.380928
[setup reg-reg] _25494_/Q -> _26350_/D : -5.380512
[setup reg-reg] _25494_/Q -> _27233_/D : -5.380345
[setup reg-reg] _25494_/Q -> _26971_/D : -5.377601
[setup reg-reg] _25494_/Q -> _26510_/D : -5.376430
[setup reg-reg] _25494_/Q -> _26295_/D : -5.376359
[setup reg-reg] _25494_/Q -> _26062_/D : -5.375529
[setup reg-reg] _25494_/Q -> _26743_/D : -5.375341
[setup reg-reg] _25494_/Q -> _27521_/D : -5.374808
[setup reg-reg] _25494_/Q -> _26145_/D : -5.374105
[setup reg-reg] _25494_/Q -> _27607_/D : -5.371822
[setup reg-reg] _25494_/Q -> _25742_/D : -5.371728
[setup reg-reg] _25494_/Q -> _27508_/D : -5.370517
[setup reg-reg] _25494_/Q -> _26913_/D : -5.367529
[setup reg-reg] _25494_/Q -> _27659_/D : -5.366682
[setup reg-reg] _25494_/Q -> _27166_/D : -5.365577
[setup reg-reg] _25494_/Q -> _26049_/D : -5.363857
[setup reg-reg] _25494_/Q -> _27412_/D : -5.362992
[setup reg-reg] _25494_/Q -> _26126_/D : -5.361004
[setup reg-reg] _25494_/Q -> _26137_/D : -5.360322
[setup reg-reg] _25494_/Q -> _26302_/D : -5.357482
[setup reg-reg] _25494_/Q -> _25152_/D : -5.355000
[setup reg-reg] _25494_/Q -> _26446_/D : -5.354908
[setup reg-reg] _25494_/Q -> _27073_/D : -5.353604
[setup reg-reg] _25494_/Q -> _26369_/D : -5.353149
[setup reg-reg] _25494_/Q -> _26177_/D : -5.350913
[setup reg-reg] _25494_/Q -> _26606_/D : -5.349014
[setup reg-reg] _25494_/Q -> _27383_/D : -5.347351
[setup reg-reg] _25494_/Q -> _26017_/D : -5.342681
[setup reg-reg] _25494_/Q -> _25241_/D : -5.337579
[setup reg-reg] _25494_/Q -> _27003_/D : -5.335309
[setup reg-reg] _25494_/Q -> _26990_/D : -5.335286
[setup reg-reg] _25494_/Q -> _27031_/D : -5.335220
[setup reg-reg] _25494_/Q -> _26810_/D : -5.331826
[setup reg-reg] _25494_/Q -> _27406_/D : -5.331403
[setup reg-reg] _25494_/Q -> _25913_/D : -5.328593
[setup reg-reg] _25494_/Q -> _25291_/D : -5.327189
[setup reg-reg] _25494_/Q -> _25251_/D : -5.327101
[setup reg-reg] _25494_/Q -> _27433_/D : -5.327101
[setup reg-reg] _25494_/Q -> _27137_/D : -5.326491
[setup reg-reg] _25494_/Q -> _27018_/D : -5.323720
[setup reg-reg] _25494_/Q -> _25972_/D : -5.323123
[setup reg-reg] _25494_/Q -> _27273_/D : -5.323081
[setup reg-reg] _25494_/Q -> _27126_/D : -5.322923
[setup reg-reg] _25494_/Q -> _26174_/D : -5.322912
[setup reg-reg] _25494_/Q -> _27223_/D : -5.321928
[setup reg-reg] _25494_/Q -> _26905_/D : -5.321836
[setup reg-reg] _25494_/Q -> _27445_/D : -5.320065
[setup reg-reg] _25494_/Q -> _25383_/D : -5.319585
[setup reg-reg] _25494_/Q -> _27291_/D : -5.318011
[setup reg-reg] _25494_/Q -> _26105_/D : -5.316261
[setup reg-reg] _25494_/Q -> _26263_/D : -5.315773
[setup reg-reg] _25494_/Q -> _27534_/D : -5.315673
[setup reg-reg] _25494_/Q -> _26329_/D : -5.314099
[setup reg-reg] _25494_/Q -> _25749_/D : -5.313925
[setup reg-reg] _25494_/Q -> _27035_/D : -5.313775
[setup reg-reg] _25494_/Q -> _27639_/D : -5.313769
[setup reg-reg] _25494_/Q -> _27125_/D : -5.313087
[setup reg-reg] _25494_/Q -> _25479_/D : -5.312817
[setup reg-reg] _25494_/Q -> _25845_/D : -5.312181
[setup reg-reg] _25494_/Q -> _27402_/D : -5.310872
[setup reg-reg] _25494_/Q -> _26766_/D : -5.309538
[setup reg-reg] _25494_/Q -> _27210_/D : -5.309312
[setup reg-reg] _25494_/Q -> _27451_/D : -5.308234
[setup reg-reg] _25494_/Q -> _27337_/D : -5.306660
[setup reg-reg] _25494_/Q -> _27225_/D : -5.305957
[setup reg-reg] _25494_/Q -> _27643_/D : -5.305950
[setup reg-reg] _25494_/Q -> _27278_/D : -5.305926
[setup reg-reg] _25494_/Q -> _27353_/D : -5.305891
[setup reg-reg] _25494_/Q -> _27222_/D : -5.302978
[setup reg-reg] _25494_/Q -> _27550_/D : -5.301969
[setup reg-reg] _25494_/Q -> _26180_/D : -5.300441
[setup reg-reg] _25494_/Q -> _25737_/D : -5.300390
[setup reg-reg] _25494_/Q -> _25883_/D : -5.300283
[setup reg-reg] _25494_/Q -> _27710_/D : -5.299670
[setup reg-reg] _25494_/Q -> _26679_/D : -5.299436
[setup reg-reg] _25494_/Q -> _27470_/D : -5.299164
[setup reg-reg] _25494_/Q -> _26858_/D : -5.298736
[setup reg-reg] _25494_/Q -> _27257_/D : -5.297681
[setup reg-reg] _25494_/Q -> _26457_/D : -5.296379
[setup reg-reg] _25494_/Q -> _26745_/D : -5.295703
[setup reg-reg] _25494_/Q -> _27566_/D : -5.295055
[setup reg-reg] _25494_/Q -> _27081_/D : -5.294909
[setup reg-reg] _25494_/Q -> _26267_/D : -5.294080
[setup reg-reg] _25494_/Q -> _27657_/D : -5.294000
[setup reg-reg] _25494_/Q -> _26233_/D : -5.292998
[setup reg-reg] _25494_/Q -> _27512_/D : -5.292254
[setup reg-reg] _25494_/Q -> _26756_/D : -5.291149
[setup reg-reg] _25494_/Q -> _26090_/D : -5.290989
[setup reg-reg] _25494_/Q -> _26825_/D : -5.290735
[setup reg-reg] _25494_/Q -> _27095_/D : -5.290167
[setup reg-reg] _25494_/Q -> _26322_/D : -5.290106
[setup reg-reg] _25494_/Q -> _26677_/D : -5.290097
[setup reg-reg] _25494_/Q -> _27354_/D : -5.289778
[setup reg-reg] _25494_/Q -> _27065_/D : -5.287879
[setup reg-reg] _25494_/Q -> _26936_/D : -5.287292
[setup reg-reg] _25494_/Q -> _25303_/D : -5.286655
[setup reg-reg] _25494_/Q -> _25998_/D : -5.286557
[setup reg-reg] _25494_/Q -> _27191_/D : -5.284601
[setup reg-reg] _25494_/Q -> _26638_/D : -5.283782
[setup reg-reg] _25494_/Q -> _27689_/D : -5.283475
[setup reg-reg] _25494_/Q -> _27316_/D : -5.282507
[setup reg-reg] _25494_/Q -> _25769_/D : -5.280018
[setup reg-reg] _25494_/Q -> _25248_/D : -5.279734
[setup reg-reg] _25494_/Q -> _26154_/D : -5.277574
[setup reg-reg] _25494_/Q -> _26805_/D : -5.277276
[setup reg-reg] _25494_/Q -> _27481_/D : -5.274460
[setup reg-reg] _25494_/Q -> _26148_/D : -5.272418
[setup reg-reg] _25494_/Q -> _27561_/D : -5.269447
[setup reg-reg] _25494_/Q -> _27287_/D : -5.268948
[setup reg-reg] _25494_/Q -> _27384_/D : -5.268889
[setup reg-reg] _25494_/Q -> _25652_/D : -5.268197
[setup reg-reg] _25494_/Q -> _26328_/D : -5.266100
[setup reg-reg] _25494_/Q -> _27476_/D : -5.265738
[setup reg-reg] _25494_/Q -> _26424_/D : -5.264868
[setup reg-reg] _25494_/Q -> _26104_/D : -5.264050
[setup reg-reg] _25494_/Q -> _26585_/D : -5.263940
[setup reg-reg] _25494_/Q -> _26635_/D : -5.262930
[setup reg-reg] _25494_/Q -> _26985_/D : -5.262095
[setup reg-reg] _25494_/Q -> _26170_/D : -5.261233
[setup reg-reg] _25494_/Q -> _27246_/D : -5.259992
[setup reg-reg] _25494_/Q -> _26296_/D : -5.259391
[setup reg-reg] _25494_/Q -> _26020_/D : -5.259286
[setup reg-reg] _25494_/Q -> _26670_/D : -5.256538
[setup reg-reg] _25494_/Q -> _27381_/D : -5.256484
[setup reg-reg] _25494_/Q -> _25906_/D : -5.256016
[setup reg-reg] _25494_/Q -> _26232_/D : -5.254853
[setup reg-reg] _25494_/Q -> _25882_/D : -5.254831
[setup reg-reg] _25494_/Q -> _26005_/D : -5.254128
[setup reg-reg] _25494_/Q -> _27524_/D : -5.253272
[setup reg-reg] _25494_/Q -> _27350_/D : -5.252485
[setup reg-reg] _25494_/Q -> _27419_/D : -5.251112
[setup reg-reg] _25494_/Q -> _25278_/D : -5.246495
[setup reg-reg] _25494_/Q -> _26453_/D : -5.244417
[setup reg-reg] _25494_/Q -> _25651_/D : -5.244123
[setup reg-reg] _25494_/Q -> _27684_/D : -5.241351
[setup reg-reg] _25494_/Q -> _25667_/D : -5.240810
[setup reg-reg] _25494_/Q -> _26616_/D : -5.239590
[setup reg-reg] _25494_/Q -> _27060_/D : -5.238811
[setup reg-reg] _25494_/Q -> _27256_/D : -5.238725
[setup reg-reg] _25494_/Q -> _25993_/D : -5.238013
[setup reg-reg] _25494_/Q -> _25414_/D : -5.237894
[setup reg-reg] _25494_/Q -> _26489_/D : -5.235364
[setup reg-reg] _25494_/Q -> _27332_/D : -5.234561
[setup reg-reg] _25494_/Q -> _26102_/D : -5.234234
[setup reg-reg] _25494_/Q -> _27150_/D : -5.233815
[setup reg-reg] _25494_/Q -> _25232_/D : -5.233043
[setup reg-reg] _25494_/Q -> _26293_/D : -5.232442
[setup reg-reg] _25494_/Q -> _26552_/D : -5.231755
[setup reg-reg] _25494_/Q -> _26393_/D : -5.231351
[setup reg-reg] _25494_/Q -> _26425_/D : -5.230819
[setup reg-reg] _25494_/Q -> _27348_/D : -5.229732
[setup reg-reg] _25494_/Q -> _27417_/D : -5.229609
[setup reg-reg] _25494_/Q -> _27128_/D : -5.227756
[setup reg-reg] _25494_/Q -> _27189_/D : -5.227413
[setup reg-reg] _25494_/Q -> _25686_/D : -5.224926
[setup reg-reg] _25494_/Q -> _26872_/D : -5.224651
[setup reg-reg] _25494_/Q -> _26857_/D : -5.224642
[setup reg-reg] _25494_/Q -> _27032_/D : -5.224410
[setup reg-reg] _25494_/Q -> _27700_/D : -5.223674
[setup reg-reg] _25494_/Q -> _27510_/D : -5.222674
[setup reg-reg] _25494_/Q -> _26584_/D : -5.220986
[setup reg-reg] _25494_/Q -> _25813_/D : -5.220887
[setup reg-reg] _25494_/Q -> _27477_/D : -5.220766
[setup reg-reg] _25494_/Q -> _24960_/D : -5.220621
[setup reg-reg] _25494_/Q -> _25945_/D : -5.219413
[setup reg-reg] _25494_/Q -> _25966_/D : -5.217501
[setup reg-reg] _25494_/Q -> _25245_/D : -5.217279
[setup reg-reg] _25494_/Q -> _26932_/D : -5.217160
[setup reg-reg] _25494_/Q -> _25912_/D : -5.215844
[setup reg-reg] _25494_/Q -> _26564_/D : -5.214309
[setup reg-reg] _25494_/Q -> _25413_/D : -5.213163
[setup reg-reg] _25494_/Q -> _27608_/D : -5.210190
[setup reg-reg] _25494_/Q -> _25974_/D : -5.203441
[setup reg-reg] _25494_/Q -> _27636_/D : -5.202274
[setup reg-reg] _25494_/Q -> _26852_/D : -5.201814
[setup reg-reg] _25494_/Q -> _25909_/D : -5.199162
[setup reg-reg] _25494_/Q -> _26404_/D : -5.199105
[setup reg-reg] _25494_/Q -> _26680_/D : -5.195565
[setup reg-reg] _25494_/Q -> _26884_/D : -5.194485
[setup reg-reg] _25494_/Q -> _27688_/D : -5.194487
[setup reg-reg] _25494_/Q -> _25370_/D : -5.194288
[setup reg-reg] _25494_/Q -> _26420_/D : -5.192307
[setup reg-reg] _25494_/Q -> _26254_/D : -5.190063
[setup reg-reg] _25494_/Q -> _25753_/D : -5.188931
[setup reg-reg] _25494_/Q -> _25956_/D : -5.187893
[setup reg-reg] _25494_/Q -> _26360_/D : -5.185914
[setup reg-reg] _25494_/Q -> _27556_/D : -5.184783
[setup reg-reg] _25494_/Q -> _26230_/D : -5.183386
[setup reg-reg] _25494_/Q -> _26134_/D : -5.179897
[setup reg-reg] _25494_/Q -> _25401_/D : -5.179505
[setup reg-reg] _25494_/Q -> _25240_/D : -5.178562
[setup reg-reg] _25494_/Q -> _26394_/D : -5.177709
[setup reg-reg] _25494_/Q -> _26500_/D : -5.175137
[setup reg-reg] _25494_/Q -> _26933_/D : -5.173648
[setup reg-reg] _25494_/Q -> _27382_/D : -5.172630
[setup reg-reg] _25494_/Q -> _25374_/D : -5.172313
[setup reg-reg] _25494_/Q -> _26774_/D : -5.170897
[setup reg-reg] _25494_/Q -> _26628_/D : -5.170437
[setup reg-reg] _25494_/Q -> _26802_/D : -5.168255
[setup reg-reg] _25494_/Q -> _25750_/D : -5.167941
[setup reg-reg] _25494_/Q -> _26517_/D : -5.166348
[setup reg-reg] _25494_/Q -> _25274_/D : -5.165845
[setup reg-reg] _25494_/Q -> _26244_/D : -5.165383
[setup reg-reg] _25494_/Q -> _26901_/D : -5.163923
[setup reg-reg] _25494_/Q -> _27285_/D : -5.160647
[setup reg-reg] _25494_/Q -> _26678_/D : -5.160342
[setup reg-reg] _25494_/Q -> _26773_/D : -5.160001
[setup reg-reg] _25494_/Q -> _25305_/D : -5.158976
[setup reg-reg] _25494_/Q -> _25973_/D : -5.158888
[setup reg-reg] _25494_/Q -> _25448_/D : -5.158287
[setup reg-reg] _25494_/Q -> _26356_/D : -5.157691
[setup reg-reg] _25494_/Q -> _27509_/D : -5.157057
[setup reg-reg] _25494_/Q -> _27220_/D : -5.156439
[setup reg-reg] _25494_/Q -> _26294_/D : -5.152462
[setup reg-reg] _25494_/Q -> _27606_/D : -5.151709
[setup reg-reg] _25494_/Q -> _25253_/D : -5.149698
[setup reg-reg] _25494_/Q -> _26934_/D : -5.149333
[setup reg-reg] _25494_/Q -> _26070_/D : -5.148682
[setup reg-reg] _25494_/Q -> _26262_/D : -5.144127
[setup reg-reg] _25494_/Q -> _26837_/D : -5.143445
[setup reg-reg] _25494_/Q -> _26033_/D : -5.143232
[setup reg-reg] _25494_/Q -> _25471_/D : -5.140558
[setup reg-reg] _25494_/Q -> _27140_/D : -5.138882
[setup reg-reg] _25494_/Q -> _26042_/D : -5.137258
[setup reg-reg] _25494_/Q -> _26084_/D : -5.136341
[setup reg-reg] _25494_/Q -> _27062_/D : -5.135222
[setup reg-reg] _25494_/Q -> _25287_/D : -5.134640
[setup reg-reg] _25494_/Q -> _27574_/D : -5.134277
[setup reg-reg] _25494_/Q -> _27061_/D : -5.130440
[setup reg-reg] _25494_/Q -> _27413_/D : -5.130238
[setup reg-reg] _25494_/Q -> _25452_/D : -5.130183
[setup reg-reg] _25494_/Q -> _25411_/D : -5.129122
[setup reg-reg] _25494_/Q -> _27541_/D : -5.127188
[setup reg-reg] _25494_/Q -> _26869_/D : -5.115604
[setup reg-reg] _25494_/Q -> _27349_/D : -5.114105
[setup reg-reg] _25494_/Q -> _26645_/D : -5.107379
[setup reg-reg] _25494_/Q -> _27286_/D : -5.107119
[setup reg-reg] _25494_/Q -> _25871_/D : -5.105077
[setup reg-reg] _25494_/Q -> _26325_/D : -5.104939
[setup reg-reg] _25494_/Q -> _26161_/D : -5.102658
[setup reg-reg] _25494_/Q -> _26362_/D : -5.093359
[setup reg-reg] _25494_/Q -> _27554_/D : -5.091279
[setup reg-reg] _25494_/Q -> _25003_/D : -5.088586
[setup reg-reg] _25494_/Q -> _26709_/D : -5.088564
[setup reg-reg] _25494_/Q -> _25941_/D : -5.088124
[setup reg-reg] _25494_/Q -> _27194_/D : -5.087072
[setup reg-reg] _25494_/Q -> _25402_/D : -5.085575
[setup reg-reg] _25494_/Q -> _25890_/D : -5.076069
[setup reg-reg] _25494_/Q -> _27441_/D : -5.070952
[setup reg-reg] _25494_/Q -> _27258_/D : -5.066822
[setup reg-reg] _25494_/Q -> _27317_/D : -5.061862
[setup reg-reg] _25494_/Q -> _25954_/D : -5.059629
[setup reg-reg] _25494_/Q -> _27093_/D : -5.058521
[setup reg-reg] _25494_/Q -> _26690_/D : -5.056094
[setup reg-reg] _25494_/Q -> _27281_/D : -5.054789
[setup reg-reg] _25494_/Q -> _26705_/D : -5.052544
[setup reg-reg] _25494_/Q -> _25408_/D : -5.047797
[setup reg-reg] _25494_/Q -> _26545_/D : -5.047728
[setup reg-reg] _25494_/Q -> _25969_/D : -5.045536
[setup reg-reg] _25494_/Q -> _27250_/D : -5.044448
[setup reg-reg] _25494_/Q -> _25781_/D : -5.042368
[setup reg-reg] _25494_/Q -> _26065_/D : -5.042280
[setup reg-reg] _25494_/Q -> _27202_/D : -5.041125
[setup reg-reg] _25494_/Q -> _26513_/D : -5.040526
[setup reg-reg] _25494_/Q -> _25252_/D : -5.039725
[setup reg-reg] _25494_/Q -> _25717_/D : -5.038233
[setup reg-reg] _25494_/Q -> _27618_/D : -5.038222
[setup reg-reg] _25494_/Q -> _26133_/D : -5.036595
[setup reg-reg] _25494_/Q -> _25243_/D : -5.034531
[setup reg-reg] _25494_/Q -> _25409_/D : -5.032842
[setup reg-reg] _25494_/Q -> _26146_/D : -5.029829
[setup reg-reg] _25494_/Q -> _25877_/D : -5.027429
[setup reg-reg] _25494_/Q -> _26993_/D : -5.026397
[setup reg-reg] _25494_/Q -> _26275_/D : -5.024802
[setup reg-reg] _25494_/Q -> _27377_/D : -5.023193
[setup reg-reg] _25494_/Q -> _26818_/D : -5.023157
[setup reg-reg] _25494_/Q -> _27681_/D : -5.020910
[setup reg-reg] _25494_/Q -> _25841_/D : -5.020730
[setup reg-reg] _25494_/Q -> _25681_/D : -5.018583
[setup reg-reg] _25494_/Q -> _26001_/D : -5.018544
[setup reg-reg] _25494_/Q -> _27234_/D : -5.018405
[setup reg-reg] _25494_/Q -> _26147_/D : -5.015501
[setup reg-reg] _25494_/Q -> _27138_/D : -5.014281
[setup reg-reg] _25494_/Q -> _26225_/D : -5.012300
[setup reg-reg] _25494_/Q -> _25673_/D : -5.011899
[setup reg-reg] _25494_/Q -> _27151_/D : -5.010756
[setup reg-reg] _25494_/Q -> _26019_/D : -5.009254
[setup reg-reg] _25494_/Q -> _27185_/D : -5.009257
[setup reg-reg] _25494_/Q -> _26197_/D : -5.007355
[setup reg-reg] _25494_/Q -> _25850_/D : -5.003860
[setup reg-reg] _25494_/Q -> _26389_/D : -5.002024
[setup reg-reg] _25494_/Q -> _24962_/D : -5.001777
[setup reg-reg] _25494_/Q -> _26833_/D : -5.001376
[setup reg-reg] _25494_/Q -> _26737_/D : -5.000992
[setup reg-reg] _25494_/Q -> _26626_/D : -4.999196
[setup reg-reg] _25494_/Q -> _27235_/D : -4.998441
[setup reg-reg] _25494_/Q -> _27029_/D : -4.996254
[setup reg-reg] _25494_/Q -> _26594_/D : -4.996103
[setup reg-reg] _25494_/Q -> _27409_/D : -4.995751
[setup reg-reg] _25494_/Q -> _27106_/D : -4.995306
[setup reg-reg] _25494_/Q -> _25268_/D : -4.994316
[setup reg-reg] _25494_/Q -> _26850_/D : -4.994158
[setup reg-reg] _25494_/Q -> _26306_/D : -4.990646
[setup reg-reg] _25494_/Q -> _27458_/D : -4.990234
[setup reg-reg] _25494_/Q -> _26498_/D : -4.989902
[setup reg-reg] _25494_/Q -> _26127_/D : -4.988078
[setup reg-reg] _25494_/Q -> _27375_/D : -4.987641
[setup reg-reg] _25494_/Q -> _26037_/D : -4.987215
[setup reg-reg] _25494_/Q -> _25136_/D : -4.986816
[setup reg-reg] _25494_/Q -> _25660_/D : -4.986571
[setup reg-reg] _25494_/Q -> _25412_/D : -4.983335
[setup reg-reg] _25494_/Q -> _27089_/D : -4.983070
[setup reg-reg] _25494_/Q -> _26965_/D : -4.981077
[setup reg-reg] _25494_/Q -> _27586_/D : -4.977775
[setup reg-reg] _25494_/Q -> _27313_/D : -4.977728
[setup reg-reg] _25494_/Q -> _25937_/D : -4.976586
[setup reg-reg] _25494_/Q -> _25873_/D : -4.975597
[setup reg-reg] _25494_/Q -> _27121_/D : -4.975238
[setup reg-reg] _25494_/Q -> _27011_/D : -4.975190
[setup reg-reg] _25494_/Q -> _26385_/D : -4.974282
[setup reg-reg] _25494_/Q -> _25310_/D : -4.974218
[setup reg-reg] _25494_/Q -> _27107_/D : -4.973700
[setup reg-reg] _25494_/Q -> _27249_/D : -4.972410
[setup reg-reg] _25494_/Q -> _27075_/D : -4.972271
[setup reg-reg] _25494_/Q -> _25282_/D : -4.968127
[setup reg-reg] _25494_/Q -> _26609_/D : -4.968037
[setup reg-reg] _25494_/Q -> _26723_/D : -4.967147
[setup reg-reg] _25494_/Q -> _27057_/D : -4.966691
[setup reg-reg] _25494_/Q -> _25467_/D : -4.965056
[setup reg-reg] _25494_/Q -> _25301_/D : -4.965033
[setup reg-reg] _25494_/Q -> _26961_/D : -4.962290
[setup reg-reg] _25494_/Q -> _27345_/D : -4.959867
[setup reg-reg] _25494_/Q -> _26851_/D : -4.959613
[setup reg-reg] _25494_/Q -> _26069_/D : -4.958935
[setup reg-reg] _25494_/Q -> _27395_/D : -4.958819
[setup reg-reg] _25494_/Q -> _26577_/D : -4.956885
[setup reg-reg] _25494_/Q -> _26750_/D : -4.956311
[setup reg-reg] _25494_/Q -> _26641_/D : -4.954126
[setup reg-reg] _25494_/Q -> _26097_/D : -4.953050
[setup reg-reg] _25494_/Q -> _26434_/D : -4.952998
[setup reg-reg] _25494_/Q -> _26754_/D : -4.952094
[setup reg-reg] _25494_/Q -> _27266_/D : -4.951975
[setup reg-reg] _25494_/Q -> _26658_/D : -4.950991
[setup reg-reg] _25494_/Q -> _25647_/D : -4.947010
[setup reg-reg] _25494_/Q -> _25685_/D : -4.946973
[setup reg-reg] _25494_/Q -> _27153_/D : -4.946929
[setup reg-reg] _25494_/Q -> _25690_/D : -4.946070
[setup reg-reg] _25494_/Q -> _27025_/D : -4.946037
[setup reg-reg] _25494_/Q -> _26549_/D : -4.943677
[setup reg-reg] _25494_/Q -> _25338_/D : -4.943118
[setup reg-reg] _25494_/Q -> _26274_/D : -4.942915
[setup reg-reg] _25494_/Q -> _26897_/D : -4.941894
[setup reg-reg] _25494_/Q -> _26906_/D : -4.941193
[setup reg-reg] _25494_/Q -> _27170_/D : -4.941038
[setup reg-reg] _25494_/Q -> _26417_/D : -4.940579
[setup reg-reg] _25494_/Q -> _27685_/D : -4.938340
[setup reg-reg] _25494_/Q -> _26997_/D : -4.936135
[setup reg-reg] _25494_/Q -> _26321_/D : -4.935483
[setup reg-reg] _25494_/Q -> _26703_/D : -4.934933
[setup reg-reg] _25494_/Q -> _26481_/D : -4.934611
[setup reg-reg] _25494_/Q -> _25269_/D : -4.930767
[setup reg-reg] _25494_/Q -> _26193_/D : -4.929156
[setup reg-reg] _25494_/Q -> _25407_/D : -4.924749
[setup reg-reg] _25494_/Q -> _27157_/D : -4.923926
[setup reg-reg] _25494_/Q -> _27490_/D : -4.923891
[setup reg-reg] _25494_/Q -> _27217_/D : -4.923109
[setup reg-reg] _25494_/Q -> _26865_/D : -4.922969
[setup reg-reg] _25494_/Q -> _26353_/D : -4.921683
[setup reg-reg] _25494_/Q -> _26018_/D : -4.919288
[setup reg-reg] _25494_/Q -> _26458_/D : -4.912687
[setup reg-reg] _25494_/Q -> _24986_/D : -4.911570
[setup reg-reg] _25494_/Q -> _26010_/D : -4.910828
[setup reg-reg] _25494_/Q -> _25698_/D : -4.910618
[setup reg-reg] _25494_/Q -> _26101_/D : -4.909158
[setup reg-reg] _25494_/Q -> _25978_/D : -4.906001
[setup reg-reg] _25494_/Q -> _26581_/D : -4.902464
[setup reg-reg] _25494_/Q -> _25818_/D : -4.901326
[setup reg-reg] _25494_/Q -> _24994_/D : -4.896350
[setup reg-reg] _25494_/Q -> _26447_/D : -4.894407
[setup reg-reg] _25494_/Q -> _26914_/D : -4.892682
[setup reg-reg] _25494_/Q -> _27087_/D : -4.892570
[setup reg-reg] _25494_/Q -> _26449_/D : -4.891252
[setup reg-reg] _25494_/Q -> _27631_/D : -4.889580
[setup reg-reg] _25494_/Q -> _26448_/D : -4.887182
[setup reg-reg] _25494_/Q -> _25427_/D : -4.886573
[setup reg-reg] _25494_/Q -> _26613_/D : -4.885033
[setup reg-reg] _25494_/Q -> _26106_/D : -4.884617
[setup reg-reg] _25494_/Q -> _26357_/D : -4.883121
[setup reg-reg] _25494_/Q -> _27536_/D : -4.878414
[setup reg-reg] _25494_/Q -> _27066_/D : -4.878056
[setup reg-reg] _25494_/Q -> _24977_/D : -4.877089
[setup reg-reg] _25494_/Q -> _26485_/D : -4.876187
[setup reg-reg] _25494_/Q -> _26342_/D : -4.872360
[setup reg-reg] _25494_/Q -> _26298_/D : -4.872257
[setup reg-reg] _25494_/Q -> _27462_/D : -4.872066
[setup reg-reg] _25494_/Q -> _24979_/D : -4.869411
[setup reg-reg] _25494_/Q -> _25337_/D : -4.866410
[setup reg-reg] _25494_/Q -> _25300_/D : -4.863438
[setup reg-reg] _25494_/Q -> _27237_/D : -4.860953
[setup reg-reg] _25494_/Q -> _26741_/D : -4.858896
[setup reg-reg] _25494_/Q -> _26086_/D : -4.856679
[setup reg-reg] _25494_/Q -> _27494_/D : -4.854941
[setup reg-reg] _25494_/Q -> _26544_/D : -4.853714
[setup reg-reg] _25494_/Q -> _27238_/D : -4.847298
[setup reg-reg] _25494_/Q -> _26160_/D : -4.846863
[setup reg-reg] _25494_/Q -> _26978_/D : -4.845193
[setup reg-reg] _25494_/Q -> _26165_/D : -4.839370
[setup reg-reg] _25494_/Q -> _26054_/D : -4.838580
[setup reg-reg] _25494_/Q -> _26114_/D : -4.837146
[setup reg-reg] _25494_/Q -> _25656_/D : -4.832240
[setup reg-reg] _25494_/Q -> _27582_/D : -4.830904
[setup reg-reg] _25494_/Q -> _26554_/D : -4.829785
[setup reg-reg] _25494_/Q -> _27162_/D : -4.825722
[setup reg-reg] _25494_/Q -> _27600_/D : -4.822232
[setup reg-reg] _25494_/Q -> _26882_/D : -4.814323
[setup reg-reg] _25494_/Q -> _26842_/D : -4.813847
[setup reg-reg] _25494_/Q -> _26918_/D : -4.812735
[setup reg-reg] _25494_/Q -> _25722_/D : -4.811110
[setup reg-reg] _25494_/Q -> _26597_/D : -4.806980
[setup reg-reg] _25494_/Q -> _27472_/D : -4.803372
[setup reg-reg] _25494_/Q -> _26618_/D : -4.802498
[setup reg-reg] _25494_/Q -> _26384_/D : -4.801903
[setup reg-reg] _25494_/Q -> _25327_/D : -4.801884
[setup reg-reg] _25494_/Q -> _27522_/D : -4.799766
[setup reg-reg] _25494_/Q -> _26118_/D : -4.798446
[setup reg-reg] _25494_/Q -> _26682_/D : -4.797135
[setup reg-reg] _25494_/Q -> _25642_/D : -4.796325
[setup reg-reg] _25494_/Q -> _26462_/D : -4.795279
[setup reg-reg] _25494_/Q -> _27493_/D : -4.794567
[setup reg-reg] _25494_/Q -> _26790_/D : -4.794202
[setup reg-reg] _25494_/Q -> _25862_/D : -4.793859
[setup reg-reg] _25494_/Q -> _25766_/D : -4.793707
[setup reg-reg] _25494_/Q -> _26672_/D : -4.793142
[setup reg-reg] _25494_/Q -> _27088_/D : -4.792204
[setup reg-reg] _25494_/Q -> _26846_/D : -4.790543
[setup reg-reg] _25494_/Q -> _26526_/D : -4.790106
[setup reg-reg] _25494_/Q -> _26437_/D : -4.785505
[setup reg-reg] _25494_/Q -> _27290_/D : -4.783413
[setup reg-reg] _25494_/Q -> _25332_/D : -4.783299
[setup reg-reg] _25494_/Q -> _27525_/D : -4.782596
[setup reg-reg] _25494_/Q -> _25754_/D : -4.779029
[setup reg-reg] _25494_/Q -> _27698_/D : -4.778562
[setup reg-reg] _25494_/Q -> _27142_/D : -4.777963
[setup reg-reg] _25494_/Q -> _26938_/D : -4.776308
[setup reg-reg] _25494_/Q -> _27422_/D : -4.776194
[setup reg-reg] _25494_/Q -> _26242_/D : -4.775071
[setup reg-reg] _25494_/Q -> _26082_/D : -4.773300
[setup reg-reg] _25494_/Q -> _26182_/D : -4.769876
[setup reg-reg] _25494_/Q -> _27518_/D : -4.769438
[setup reg-reg] _25494_/Q -> _27694_/D : -4.768975
[setup reg-reg] _25494_/Q -> _26814_/D : -4.766479
[setup reg-reg] _25494_/Q -> _26366_/D : -4.766312
[setup reg-reg] _25494_/Q -> _25138_/D : -4.765898
[setup reg-reg] _25494_/Q -> _27134_/D : -4.764832
[setup reg-reg] _25494_/Q -> _26398_/D : -4.764552
[setup reg-reg] _25494_/Q -> _27558_/D : -4.763109
[setup reg-reg] _25494_/Q -> _26778_/D : -4.762608
[setup reg-reg] _25494_/Q -> _26782_/D : -4.762519
[setup reg-reg] _25494_/Q -> _27038_/D : -4.760921
[setup reg-reg] _25494_/Q -> _27294_/D : -4.758814
[setup reg-reg] _25494_/Q -> _27301_/D : -4.756558
[setup reg-reg] _25494_/Q -> _26309_/D : -4.755664
[setup reg-reg] _25494_/Q -> _26341_/D : -4.754444
[setup reg-reg] _25494_/Q -> _25982_/D : -4.748899
[setup reg-reg] _25494_/Q -> _26590_/D : -4.748790
[setup reg-reg] _25494_/Q -> _26942_/D : -4.748559
[setup reg-reg] _25494_/Q -> _26150_/D : -4.747747
[setup reg-reg] _25494_/Q -> _26323_/D : -4.746557
[setup reg-reg] _25494_/Q -> _26238_/D : -4.744816
[setup reg-reg] _25494_/Q -> _25141_/D : -4.744640
[setup reg-reg] _25494_/Q -> _27326_/D : -4.744431
[setup reg-reg] _25494_/Q -> _27557_/D : -4.743036
[setup reg-reg] _25494_/Q -> _27486_/D : -4.742193
[setup reg-reg] _25494_/Q -> _26831_/D : -4.739453
[setup reg-reg] _25494_/Q -> _25425_/D : -4.739212
[setup reg-reg] _25494_/Q -> _27230_/D : -4.738496
[setup reg-reg] _25494_/Q -> _26334_/D : -4.736658
[setup reg-reg] _25494_/Q -> _25711_/D : -4.735830
[setup reg-reg] _25494_/Q -> _25726_/D : -4.734174
[setup reg-reg] _25494_/Q -> _25453_/D : -4.733153
[setup reg-reg] _25494_/Q -> _26863_/D : -4.729612
[setup reg-reg] _25494_/Q -> _27184_/D : -4.729172
[setup reg-reg] _25494_/Q -> _26206_/D : -4.728522
[setup reg-reg] _25494_/Q -> _25797_/D : -4.725926
[setup reg-reg] _25494_/Q -> _25903_/D : -4.721819
[setup reg-reg] _25494_/Q -> _27045_/D : -4.721109
[setup reg-reg] _25494_/Q -> _27397_/D : -4.718855
[setup reg-reg] _25494_/Q -> _26469_/D : -4.717931
[setup reg-reg] _25494_/Q -> _27450_/D : -4.717052
[setup reg-reg] _25494_/Q -> _26991_/D : -4.716922
[setup reg-reg] _25494_/Q -> _26725_/D : -4.715096
[setup reg-reg] _25494_/Q -> _26853_/D : -4.713948
[setup reg-reg] _25494_/Q -> _24991_/D : -4.711010
[setup reg-reg] _25494_/Q -> _26256_/D : -4.710348
[setup reg-reg] _25494_/Q -> _26693_/D : -4.709440
[setup reg-reg] _25494_/Q -> _27440_/D : -4.708612
[setup reg-reg] _25494_/Q -> _25712_/D : -4.707989
[setup reg-reg] _25494_/Q -> _25145_/D : -4.707817
[setup reg-reg] _25494_/Q -> _25701_/D : -4.706440
[setup reg-reg] _25494_/Q -> _26078_/D : -4.705360
[setup reg-reg] _25494_/Q -> _27198_/D : -4.703804
[setup reg-reg] _25494_/Q -> _25786_/D : -4.701939
[setup reg-reg] _25494_/Q -> _27197_/D : -4.700951
[setup reg-reg] _25494_/Q -> _26053_/D : -4.698080
[setup reg-reg] _25494_/Q -> _27109_/D : -4.697330
[setup reg-reg] _25494_/Q -> _27461_/D : -4.696668
[setup reg-reg] _25494_/Q -> _25854_/D : -4.693890
[setup reg-reg] _25494_/Q -> _25360_/D : -4.693607
[setup reg-reg] _25494_/Q -> _25950_/D : -4.692925
[setup reg-reg] _25494_/Q -> _26288_/D : -4.692410
[setup reg-reg] _25494_/Q -> _27429_/D : -4.690747
[setup reg-reg] _25494_/Q -> _25893_/D : -4.689754
[setup reg-reg] _25494_/Q -> _26970_/D : -4.688241
[setup reg-reg] _25494_/Q -> _26931_/D : -4.686424
[setup reg-reg] _25494_/Q -> _25968_/D : -4.681106
[setup reg-reg] _25494_/Q -> _26149_/D : -4.680009
[setup reg-reg] _25494_/Q -> _25364_/D : -4.679441
[setup reg-reg] _25494_/Q -> _27005_/D : -4.676385
[setup reg-reg] _25494_/Q -> _25351_/D : -4.675664
[setup reg-reg] _25494_/Q -> _27280_/D : -4.675041
[setup reg-reg] _25494_/Q -> _26330_/D : -4.670801
[setup reg-reg] _25494_/Q -> _26885_/D : -4.670486
[setup reg-reg] _25494_/Q -> _26896_/D : -4.669021
[setup reg-reg] _25494_/Q -> _26096_/D : -4.668294
[setup reg-reg] _25494_/Q -> _25725_/D : -4.665917
[setup reg-reg] _25494_/Q -> _27514_/D : -4.662890
[setup reg-reg] _25494_/Q -> _26085_/D : -4.661022
[setup reg-reg] _25494_/Q -> _27152_/D : -4.655149
[setup reg-reg] _25494_/Q -> _26534_/D : -4.652668
[setup reg-reg] _25494_/Q -> _26205_/D : -4.648051
[setup reg-reg] _25494_/Q -> _25875_/D : -4.645289
[setup reg-reg] _25494_/Q -> _27546_/D : -4.638446
[setup reg-reg] _25494_/Q -> _25894_/D : -4.638233
[setup reg-reg] _25494_/Q -> _27455_/D : -4.632650
[setup reg-reg] _25494_/Q -> _27379_/D : -4.631689
[setup reg-reg] _25494_/Q -> _26694_/D : -4.627308
[setup reg-reg] _25494_/Q -> _25436_/D : -4.623510
[setup reg-reg] _25494_/Q -> _26301_/D : -4.620103
[setup reg-reg] _25494_/Q -> _26973_/D : -4.615501
[setup reg-reg] _25494_/Q -> _26401_/D : -4.610518
[setup reg-reg] _25494_/Q -> _27386_/D : -4.610374
[setup reg-reg] _25494_/Q -> _25946_/D : -4.608625
[setup reg-reg] _25494_/Q -> _27226_/D : -4.606664
[setup reg-reg] _25494_/Q -> _25314_/D : -4.604281
[setup reg-reg] _25494_/Q -> _27613_/D : -4.603141
[setup reg-reg] _25494_/Q -> _26365_/D : -4.597814
[setup reg-reg] _25494_/Q -> _27390_/D : -4.596327
[setup reg-reg] _25494_/Q -> _27610_/D : -4.594336
[setup reg-reg] _25494_/Q -> _26707_/D : -4.590655
[setup reg-reg] _25494_/Q -> _26974_/D : -4.590193
[setup reg-reg] _25494_/Q -> _25917_/D : -4.588218
[setup reg-reg] _25494_/Q -> _26886_/D : -4.582184
[setup reg-reg] _25494_/Q -> _27567_/D : -4.568898
[setup reg-reg] _25494_/Q -> _25693_/D : -4.563804
[setup reg-reg] _25494_/Q -> _25140_/D : -4.560631
[setup reg-reg] _25494_/Q -> _26718_/D : -4.560523
[setup reg-reg] _25494_/Q -> _26686_/D : -4.557631
[setup reg-reg] _25494_/Q -> _26461_/D : -4.556206
[setup reg-reg] _25494_/Q -> _25263_/D : -4.551298
[setup reg-reg] _25494_/Q -> _26367_/D : -4.549401
[setup reg-reg] _25494_/Q -> _26433_/D : -4.543576
[setup reg-reg] _25494_/Q -> _24995_/D : -4.540402
[setup reg-reg] _25494_/Q -> _25747_/D : -4.539430
[setup reg-reg] _25494_/Q -> _26495_/D : -4.538452
[setup reg-reg] _25494_/Q -> _26173_/D : -4.535959
[setup reg-reg] _25494_/Q -> _25811_/D : -4.531636
[setup reg-reg] _25494_/Q -> _27101_/D : -4.528948
[setup reg-reg] _25494_/Q -> _26497_/D : -4.527653
[setup reg-reg] _25494_/Q -> _26337_/D : -4.525248
[setup reg-reg] _25494_/Q -> _25279_/D : -4.524901
[setup reg-reg] _25494_/Q -> _26977_/D : -4.523985
[setup reg-reg] _25494_/Q -> _27100_/D : -4.523345
[setup reg-reg] _25494_/Q -> _27133_/D : -4.523115
[setup reg-reg] _25494_/Q -> _26113_/D : -4.522145
[setup reg-reg] _25494_/Q -> _27069_/D : -4.516821
[setup reg-reg] _25494_/Q -> _26593_/D : -4.516410
[setup reg-reg] _25494_/Q -> _27201_/D : -4.515863
[setup reg-reg] _25494_/Q -> _25146_/D : -4.513767
[setup reg-reg] _25494_/Q -> _25326_/D : -4.511724
[setup reg-reg] _25494_/Q -> _25242_/D : -4.511715
[setup reg-reg] _25494_/Q -> _26996_/D : -4.511108
[setup reg-reg] _25494_/Q -> _26870_/D : -4.507818
[setup reg-reg] _25209_/Q -> _25262_/D : -4.507492
[setup reg-reg] _25494_/Q -> _26751_/D : -4.506397
[setup reg-reg] _25494_/Q -> _25236_/D : -4.506122
[setup reg-reg] _25494_/Q -> _24936_/D : -4.505500
[setup reg-reg] _25494_/Q -> _26396_/D : -4.505239
[setup reg-reg] _25494_/Q -> _25697_/D : -4.504237
[setup reg-reg] _25494_/Q -> _26271_/D : -4.502986
[setup reg-reg] _25494_/Q -> _26109_/D : -4.502868
[setup reg-reg] _25494_/Q -> _25793_/D : -4.501667
[setup reg-reg] _25494_/Q -> _26625_/D : -4.501446
[setup reg-reg] _25494_/Q -> _27388_/D : -4.499908
[setup reg-reg] _25494_/Q -> _26881_/D : -4.494927
[setup reg-reg] _25494_/Q -> _27169_/D : -4.494385
[setup reg-reg] _25494_/Q -> _26255_/D : -4.494288
[setup reg-reg] _25494_/Q -> _25887_/D : -4.491582
[setup reg-reg] _25494_/Q -> _26908_/D : -4.491294
[setup reg-reg] _25494_/Q -> _25919_/D : -4.489978
[setup reg-reg] _25494_/Q -> _27423_/D : -4.489072
[setup reg-reg] _25494_/Q -> _26911_/D : -4.488572
[setup reg-reg] _25494_/Q -> _25237_/D : -4.488385
[setup reg-reg] _25494_/Q -> _26844_/D : -4.486197
[setup reg-reg] _25494_/Q -> _24976_/D : -4.485335
[setup reg-reg] _25494_/Q -> _26305_/D : -4.484978
[setup reg-reg] _25494_/Q -> _27553_/D : -4.484937
[setup reg-reg] _25494_/Q -> _27612_/D : -4.484816
[setup reg-reg] _25494_/Q -> _26239_/D : -4.484235
[setup reg-reg] _25494_/Q -> _25852_/D : -4.481622
[setup reg-reg] _25494_/Q -> _25823_/D : -4.478594
[setup reg-reg] _25494_/Q -> _26047_/D : -4.477343
[setup reg-reg] _25494_/Q -> _26451_/D : -4.476723
[setup reg-reg] _25494_/Q -> _26079_/D : -4.474451
[setup reg-reg] _25494_/Q -> _27231_/D : -4.473535
[setup reg-reg] _25494_/Q -> _25857_/D : -4.473174
[setup reg-reg] _25494_/Q -> _26527_/D : -4.472957
[setup reg-reg] _25494_/Q -> _26665_/D : -4.472929
[setup reg-reg] _25494_/Q -> _27551_/D : -4.471539
[setup reg-reg] _25494_/Q -> _25415_/D : -4.470985
[setup reg-reg] _25494_/Q -> _25422_/D : -4.470785
[setup reg-reg] _25494_/Q -> _26716_/D : -4.468729
[setup reg-reg] _25494_/Q -> _26141_/D : -4.467777
[setup reg-reg] _25494_/Q -> _27196_/D : -4.467447
[setup reg-reg] _25494_/Q -> _25816_/D : -4.465770
[setup reg-reg] _25494_/Q -> _27071_/D : -4.464971
[setup reg-reg] _25494_/Q -> _25655_/D : -4.463248
[setup reg-reg] _25494_/Q -> _25983_/D : -4.462887
[setup reg-reg] _25494_/Q -> _27181_/D : -4.462734
[setup reg-reg] _25494_/Q -> _27324_/D : -4.462631
[setup reg-reg] _25494_/Q -> _27293_/D : -4.459754
[setup reg-reg] _25494_/Q -> _26975_/D : -4.458581
[setup reg-reg] _25494_/Q -> _25888_/D : -4.453682
[setup reg-reg] _25494_/Q -> _27261_/D : -4.451188
[setup reg-reg] _25494_/Q -> _27096_/D : -4.448941
[setup reg-reg] _25494_/Q -> _27517_/D : -4.446468
[setup reg-reg] _25494_/Q -> _26687_/D : -4.445616
[setup reg-reg] _25494_/Q -> _24958_/D : -4.444683
[setup reg-reg] _25494_/Q -> _27320_/D : -4.441633
[setup reg-reg] _25494_/Q -> _25135_/D : -4.441144
[setup reg-reg] _25494_/Q -> _25365_/D : -4.440473
[setup reg-reg] _25494_/Q -> _26236_/D : -4.438958
[setup reg-reg] _25494_/Q -> _26770_/D : -4.438189
[setup reg-reg] _25494_/Q -> _26378_/D : -4.436274
[setup reg-reg] _25494_/Q -> _26268_/D : -4.435581
[setup reg-reg] _25494_/Q -> _27068_/D : -4.433874
[setup reg-reg] _25494_/Q -> _27452_/D : -4.433082
[setup reg-reg] _25494_/Q -> _26269_/D : -4.432195
[setup reg-reg] _25494_/Q -> _27416_/D : -4.431019
[setup reg-reg] _25494_/Q -> _26392_/D : -4.429106
[setup reg-reg] _25494_/Q -> _25784_/D : -4.428813
[setup reg-reg] _25494_/Q -> _26140_/D : -4.428531
[setup reg-reg] _25494_/Q -> _26966_/D : -4.428413
[setup reg-reg] _25494_/Q -> _27228_/D : -4.428316
[setup reg-reg] _25494_/Q -> _27581_/D : -4.426941
[setup reg-reg] _25494_/Q -> _25294_/D : -4.425054
[setup reg-reg] _25494_/Q -> _27288_/D : -4.424390
[setup reg-reg] _25494_/Q -> _25916_/D : -4.420523
[setup reg-reg] _25494_/Q -> _27692_/D : -4.419888
[setup reg-reg] _25494_/Q -> _24999_/D : -4.419693
[setup reg-reg] _25494_/Q -> _24938_/D : -4.419283
[setup reg-reg] _25494_/Q -> _26492_/D : -4.417169
[setup reg-reg] _25494_/Q -> _25848_/D : -4.412425
[setup reg-reg] _25494_/Q -> _26486_/D : -4.409751
[setup reg-reg] _25494_/Q -> _26657_/D : -4.405980
[setup reg-reg] _25494_/Q -> _26557_/D : -4.405930
[setup reg-reg] _25494_/Q -> _26209_/D : -4.405866
[setup reg-reg] _25494_/Q -> _26588_/D : -4.405512
[setup reg-reg] _25494_/Q -> _27421_/D : -4.404873
[setup reg-reg] _25494_/Q -> _26333_/D : -4.404353
[setup reg-reg] _25494_/Q -> _25981_/D : -4.403926
[setup reg-reg] _25494_/Q -> _27633_/D : -4.403498
[setup reg-reg] _25494_/Q -> _27453_/D : -4.402141
[setup reg-reg] _25494_/Q -> _26044_/D : -4.402049
[setup reg-reg] _25494_/Q -> _25432_/D : -4.401233
[setup reg-reg] _25494_/Q -> _26464_/D : -4.400059
[setup reg-reg] _25494_/Q -> _27149_/D : -4.400057
[setup reg-reg] _25494_/Q -> _26529_/D : -4.398352
[setup reg-reg] _25494_/Q -> _27410_/D : -4.398205
[setup reg-reg] _25494_/Q -> _26016_/D : -4.398045
[setup reg-reg] _25494_/Q -> _26589_/D : -4.396792
[setup reg-reg] _25494_/Q -> _27393_/D : -4.396060
[setup reg-reg] _25494_/Q -> _25976_/D : -4.394902
[setup reg-reg] _25494_/Q -> _26633_/D : -4.394064
[setup reg-reg] _25494_/Q -> _26012_/D : -4.393266
[setup reg-reg] _25494_/Q -> _26136_/D : -4.392485
[setup reg-reg] _25494_/Q -> _27480_/D : -4.391613
[setup reg-reg] _25494_/Q -> _27544_/D : -4.390295
[setup reg-reg] _25494_/Q -> _26336_/D : -4.389200
[setup reg-reg] _25494_/Q -> _27004_/D : -4.387884
[setup reg-reg] _25494_/Q -> _25821_/D : -4.385161
[setup reg-reg] _25494_/Q -> _26040_/D : -4.384756
[setup reg-reg] _25494_/Q -> _26112_/D : -4.383745
[setup reg-reg] _25494_/Q -> _26652_/D : -4.383050
[setup reg-reg] _25494_/Q -> _25789_/D : -4.382768
[setup reg-reg] _25494_/Q -> _25984_/D : -4.379741
[setup reg-reg] _25494_/Q -> _27414_/D : -4.379105
[setup reg-reg] _25494_/Q -> _26647_/D : -4.379039
[setup reg-reg] _25494_/Q -> _26817_/D : -4.377942
[setup reg-reg] _25494_/Q -> _27357_/D : -4.377157
[setup reg-reg] _25494_/Q -> _26877_/D : -4.376323
[setup reg-reg] _25494_/Q -> _27552_/D : -4.373664
[setup reg-reg] _25494_/Q -> _25752_/D : -4.372294
[setup reg-reg] _25494_/Q -> _26525_/D : -4.371575
[setup reg-reg] _25494_/Q -> _27442_/D : -4.366489
[setup reg-reg] _25494_/Q -> _27132_/D : -4.365942
[setup reg-reg] _25494_/Q -> _27168_/D : -4.363386
[setup reg-reg] _25494_/Q -> _26488_/D : -4.362850
[setup reg-reg] _25494_/Q -> _25924_/D : -4.361981
[setup reg-reg] _25494_/Q -> _25426_/D : -4.361969
[setup reg-reg] _25494_/Q -> _26808_/D : -4.360498
[setup reg-reg] _25494_/Q -> _27485_/D : -4.357894
[setup reg-reg] _25494_/Q -> _26894_/D : -4.357769
[setup reg-reg] _25494_/Q -> _26775_/D : -4.357608
[setup reg-reg] _25494_/Q -> _27352_/D : -4.352708
[setup reg-reg] _25494_/Q -> _26520_/D : -4.349877
[setup reg-reg] _25494_/Q -> _26560_/D : -4.349797
[setup reg-reg] _25494_/Q -> _26013_/D : -4.347239
[setup reg-reg] _25494_/Q -> _26976_/D : -4.347214
[setup reg-reg] _25494_/Q -> _25390_/D : -4.344793
[setup reg-reg] _25494_/Q -> _26235_/D : -4.344114
[setup reg-reg] _25494_/Q -> _26715_/D : -4.342399
[setup reg-reg] _25494_/Q -> _27549_/D : -4.342221
[setup reg-reg] _25494_/Q -> _26752_/D : -4.342038
[setup reg-reg] _25494_/Q -> _25723_/D : -4.341670
[setup reg-reg] _25494_/Q -> _27569_/D : -4.338068
[setup reg-reg] _25494_/Q -> _26400_/D : -4.337039
[setup reg-reg] _25494_/Q -> _25275_/D : -4.336594
[setup reg-reg] _25494_/Q -> _27362_/D : -4.336311
[setup reg-reg] _25494_/Q -> _26493_/D : -4.335172
[setup reg-reg] _25494_/Q -> _25885_/D : -4.334666
[setup reg-reg] _25494_/Q -> _25343_/D : -4.333817
[setup reg-reg] _25494_/Q -> _26397_/D : -4.333611
[setup reg-reg] _25494_/Q -> _26646_/D : -4.333591
[setup reg-reg] _25494_/Q -> _25949_/D : -4.332774
[setup reg-reg] _25494_/Q -> _26304_/D : -4.331362
[setup reg-reg] _25494_/Q -> _26528_/D : -4.331257
[setup reg-reg] _25494_/Q -> _26077_/D : -4.330355
[setup reg-reg] _25494_/Q -> _26717_/D : -4.328431
[setup reg-reg] _25494_/Q -> _27693_/D : -4.328410
[setup reg-reg] _25494_/Q -> _26845_/D : -4.327302
[setup reg-reg] _25494_/Q -> _27325_/D : -4.323427
[setup reg-reg] _25494_/Q -> _27616_/D : -4.323114
[setup reg-reg] _25494_/Q -> _27300_/D : -4.322553
[setup reg-reg] _25494_/Q -> _26491_/D : -4.320052
[setup reg-reg] _25494_/Q -> _25311_/D : -4.319569
[setup reg-reg] _25494_/Q -> _27136_/D : -4.319530
[setup reg-reg] _25494_/Q -> _26651_/D : -4.317595
[setup reg-reg] _25494_/Q -> _26621_/D : -4.316407
[setup reg-reg] _25494_/Q -> _26200_/D : -4.309662
[setup reg-reg] _25494_/Q -> _27696_/D : -4.309357
[setup reg-reg] _25494_/Q -> _26229_/D : -4.308355
[setup reg-reg] _25494_/Q -> _25846_/D : -4.307756
[setup reg-reg] _25494_/Q -> _26749_/D : -4.306713
[setup reg-reg] _25494_/Q -> _26308_/D : -4.305982
[setup reg-reg] _25494_/Q -> _26781_/D : -4.304317
[setup reg-reg] _25494_/Q -> _26286_/D : -4.304056
[setup reg-reg] _25494_/Q -> _25920_/D : -4.303972
[setup reg-reg] _25494_/Q -> _26848_/D : -4.303729
[setup reg-reg] _25494_/Q -> _26779_/D : -4.301175
[setup reg-reg] _25494_/Q -> _27165_/D : -4.300590
[setup reg-reg] _25494_/Q -> _26929_/D : -4.300372
[setup reg-reg] _25494_/Q -> _25406_/D : -4.298906
[setup reg-reg] _25494_/Q -> _26941_/D : -4.298782
[setup reg-reg] _25494_/Q -> _26129_/D : -4.298311
[setup reg-reg] _25494_/Q -> _26171_/D : -4.297040
[setup reg-reg] _25494_/Q -> _26318_/D : -4.295115
[setup reg-reg] _25494_/Q -> _26811_/D : -4.294329
[setup reg-reg] _25494_/Q -> _26642_/D : -4.294110
[setup reg-reg] _25494_/Q -> _27227_/D : -4.291687
[setup reg-reg] _25494_/Q -> _27389_/D : -4.288710
[setup reg-reg] _25494_/Q -> _26523_/D : -4.287754
[setup reg-reg] _25494_/Q -> _26532_/D : -4.286960
[setup reg-reg] _25494_/Q -> _27044_/D : -4.284791
[setup reg-reg] _25494_/Q -> _26043_/D : -4.284614
[setup reg-reg] _25494_/Q -> _26264_/D : -4.283129
[setup reg-reg] _25494_/Q -> _25346_/D : -4.282452
[setup reg-reg] _25494_/Q -> _26912_/D : -4.282162
[setup reg-reg] _25494_/Q -> _27691_/D : -4.281844
[setup reg-reg] _25494_/Q -> _26436_/D : -4.281187
[setup reg-reg] _25494_/Q -> _27129_/D : -4.280457
[setup reg-reg] _25494_/Q -> _26011_/D : -4.279037
[setup reg-reg] _25494_/Q -> _25441_/D : -4.278787
[setup reg-reg] _25494_/Q -> _26432_/D : -4.278302
[setup reg-reg] _25494_/Q -> _26648_/D : -4.277420
[setup reg-reg] _25494_/Q -> _27360_/D : -4.272879
[setup reg-reg] _25494_/Q -> _26909_/D : -4.272836
[setup reg-reg] _25494_/Q -> _26653_/D : -4.272519
[setup reg-reg] _25494_/Q -> _24950_/D : -4.271113
[setup reg-reg] _25494_/Q -> _27620_/D : -4.269010
[setup reg-reg] _25494_/Q -> _26587_/D : -4.268852
[setup reg-reg] _25494_/Q -> _27394_/D : -4.267126
[setup reg-reg] _25494_/Q -> _26592_/D : -4.267044
[setup reg-reg] _25494_/Q -> _26800_/D : -4.266871
[setup reg-reg] _25494_/Q -> _26968_/D : -4.264052
[setup reg-reg] _25494_/Q -> _25446_/D : -4.264038
[setup reg-reg] _25494_/Q -> _24945_/D : -4.263923
[setup reg-reg] _25494_/Q -> _27259_/D : -4.263225
[setup reg-reg] _25494_/Q -> _27456_/D : -4.262345
[setup reg-reg] _25494_/Q -> _27492_/D : -4.261013
[setup reg-reg] _25494_/Q -> _26427_/D : -4.260379
[setup reg-reg] _25494_/Q -> _25158_/D : -4.259977
[setup reg-reg] _25494_/Q -> _26045_/D : -4.258375
[setup reg-reg] _25494_/Q -> _27686_/D : -4.256837
[setup reg-reg] _25494_/Q -> _26998_/D : -4.256460
[setup reg-reg] _25494_/Q -> _24993_/D : -4.255274
[setup reg-reg] _25494_/Q -> _26361_/D : -4.254837
[setup reg-reg] _25494_/Q -> _27040_/D : -4.253547
[setup reg-reg] _25494_/Q -> _25745_/D : -4.253389
[setup reg-reg] _25494_/Q -> _25892_/D : -4.252907
[setup reg-reg] _25494_/Q -> _26466_/D : -4.252868
[setup reg-reg] _25494_/Q -> _25792_/D : -4.252847
[setup reg-reg] _25494_/Q -> _26820_/D : -4.251344
[setup reg-reg] _25494_/Q -> _25718_/D : -4.250303
[setup reg-reg] _25494_/Q -> _25785_/D : -4.250197
[setup reg-reg] _25494_/Q -> _27611_/D : -4.249014
[setup reg-reg] _25494_/Q -> _25764_/D : -4.248919
[setup reg-reg] _25494_/Q -> _25880_/D : -4.248706
[setup reg-reg] _25494_/Q -> _25923_/D : -4.248701
[setup reg-reg] _25494_/Q -> _25339_/D : -4.248303
[setup reg-reg] _25494_/Q -> _26673_/D : -4.247962
[setup reg-reg] _25494_/Q -> _25796_/D : -4.247946
[setup reg-reg] _25494_/Q -> _25858_/D : -4.245887
[setup reg-reg] _25494_/Q -> _26838_/D : -4.245417
[setup reg-reg] _25494_/Q -> _26052_/D : -4.241596
[setup reg-reg] _25494_/Q -> _27588_/D : -4.241283
[setup reg-reg] _25494_/Q -> _26540_/D : -4.241114
[setup reg-reg] _25494_/Q -> _26289_/D : -4.240782
[setup reg-reg] _25494_/Q -> _26706_/D : -4.240764
[setup reg-reg] _25494_/Q -> _26459_/D : -4.237956
[setup reg-reg] _25494_/Q -> _26422_/D : -4.237947
[setup reg-reg] _25494_/Q -> _26656_/D : -4.237658
[setup reg-reg] _25494_/Q -> _25809_/D : -4.235228
[setup reg-reg] _25494_/Q -> _27190_/D : -4.234726
[setup reg-reg] _25494_/Q -> _27650_/D : -4.232016
[setup reg-reg] _25494_/Q -> _27609_/D : -4.231760
[setup reg-reg] _25494_/Q -> _27478_/D : -4.231557
[setup reg-reg] _25494_/Q -> _24974_/D : -4.228406
[setup reg-reg] _25494_/Q -> _26769_/D : -4.226003
[setup reg-reg] _25494_/Q -> _26813_/D : -4.225752
[setup reg-reg] _25494_/Q -> _26006_/D : -4.222988
[setup reg-reg] _25494_/Q -> _25756_/D : -4.221677
[setup reg-reg] _25494_/Q -> _26617_/D : -4.219375
[setup reg-reg] _25494_/Q -> _24988_/D : -4.217937
[setup reg-reg] _25494_/Q -> _27340_/D : -4.217499
[setup reg-reg] _25494_/Q -> _27428_/D : -4.216533
[setup reg-reg] _25494_/Q -> _24983_/D : -4.212298
[setup reg-reg] _25494_/Q -> _27232_/D : -4.211957
[setup reg-reg] _25494_/Q -> _26710_/D : -4.210099
[setup reg-reg] _25494_/Q -> _27690_/D : -4.209621
[setup reg-reg] _25494_/Q -> _26364_/D : -4.208307
[setup reg-reg] _25494_/Q -> _25826_/D : -4.208158
[setup reg-reg] _25494_/Q -> _26816_/D : -4.206756
[setup reg-reg] _25494_/Q -> _27122_/D : -4.205781
[setup reg-reg] _25494_/Q -> _26916_/D : -4.202184
[setup reg-reg] _25494_/Q -> _27356_/D : -4.199841
[setup reg-reg] _25494_/Q -> _26828_/D : -4.199089
[setup reg-reg] _25494_/Q -> _25403_/D : -4.197173
[setup reg-reg] _25494_/Q -> _26796_/D : -4.194749
[setup reg-reg] _25494_/Q -> _25828_/D : -4.193023
[setup reg-reg] _25494_/Q -> _26688_/D : -4.191028
[setup reg-reg] _25494_/Q -> _26265_/D : -4.190868
[setup reg-reg] _25494_/Q -> _27708_/D : -4.190520
[setup reg-reg] _25494_/Q -> _27645_/D : -4.190504
[setup reg-reg] _25494_/Q -> _26178_/D : -4.188128
[setup reg-reg] _25494_/Q -> _26518_/D : -4.185599
[setup reg-reg] _25494_/Q -> _25938_/D : -4.184687
[setup reg-reg] _25494_/Q -> _27030_/D : -4.179542
[setup reg-reg] _25494_/Q -> _27548_/D : -4.176853
[setup reg-reg] _25494_/Q -> _26223_/D : -4.176531
[setup reg-reg] _25494_/Q -> _26724_/D : -4.173760
[setup reg-reg] _25494_/Q -> _26614_/D : -4.173165
[setup reg-reg] _25494_/Q -> _25246_/D : -4.172312
[setup reg-reg] _25494_/Q -> _26812_/D : -4.171886
[setup reg-reg] _25494_/Q -> _26596_/D : -4.169603
[setup reg-reg] _25494_/Q -> _27580_/D : -4.166713
[setup reg-reg] _25494_/Q -> _25658_/D : -4.165882
[setup reg-reg] _25494_/Q -> _25713_/D : -4.164891
[setup reg-reg] _25494_/Q -> _27292_/D : -4.164683
[setup reg-reg] _25494_/Q -> _25440_/D : -4.164505
[setup reg-reg] _25494_/Q -> _27221_/D : -4.164507
[setup reg-reg] _25494_/Q -> _26272_/D : -4.164440
[setup reg-reg] _25494_/Q -> _25732_/D : -4.164423
[setup reg-reg] _25494_/Q -> _27248_/D : -4.163001
[setup reg-reg] _25494_/Q -> _26252_/D : -4.162699
[setup reg-reg] _25494_/Q -> _26390_/D : -4.162177
[setup reg-reg] _25494_/Q -> _25881_/D : -4.162143
[setup reg-reg] _25494_/Q -> _26988_/D : -4.161407
[setup reg-reg] _25494_/Q -> _27573_/D : -4.161386
[setup reg-reg] _25494_/Q -> _27253_/D : -4.160448
[setup reg-reg] _25494_/Q -> _25161_/D : -4.158025
[setup reg-reg] _25494_/Q -> _26553_/D : -4.155972
[setup reg-reg] _25494_/Q -> _27484_/D : -4.153963
[setup reg-reg] _25494_/Q -> _25692_/D : -4.150639
[setup reg-reg] _25494_/Q -> _26108_/D : -4.148765
[setup reg-reg] _25494_/Q -> _27072_/D : -4.148408
[setup reg-reg] _25494_/Q -> _27648_/D : -4.147267
[setup reg-reg] _25494_/Q -> _27641_/D : -4.146884
[setup reg-reg] _25494_/Q -> _26821_/D : -4.146191
[setup reg-reg] _25494_/Q -> _25259_/D : -4.145356
[setup reg-reg] _25494_/Q -> _25860_/D : -4.145264
[setup reg-reg] _25494_/Q -> _26476_/D : -4.144580
[setup reg-reg] _25494_/Q -> _26028_/D : -4.144369
[setup reg-reg] _25494_/Q -> _27260_/D : -4.143363
[setup reg-reg] _25494_/Q -> _25884_/D : -4.142237
[setup reg-reg] _25494_/Q -> _26937_/D : -4.142191
[setup reg-reg] _25494_/Q -> _27396_/D : -4.141647
[setup reg-reg] _25494_/Q -> _27033_/D : -4.140348
[setup reg-reg] _25494_/Q -> _27020_/D : -4.138725
[setup reg-reg] _25494_/Q -> _27012_/D : -4.137448
[setup reg-reg] _25494_/Q -> _26684_/D : -4.132762
[setup reg-reg] _25494_/Q -> _26806_/D : -4.130460
[setup reg-reg] _25494_/Q -> _25986_/D : -4.130188
[setup reg-reg] _25494_/Q -> _26208_/D : -4.129678
[setup reg-reg] _25494_/Q -> _26338_/D : -4.129356
[setup reg-reg] _25494_/Q -> _26784_/D : -4.128212
[setup reg-reg] _25494_/Q -> _26076_/D : -4.127113
[setup reg-reg] _25494_/Q -> _25905_/D : -4.126479
[setup reg-reg] _25494_/Q -> _26880_/D : -4.126415
[setup reg-reg] _25494_/Q -> _25643_/D : -4.125567
[setup reg-reg] _25494_/Q -> _26582_/D : -4.124631
[setup reg-reg] _25494_/Q -> _27164_/D : -4.123471
[setup reg-reg] _25494_/Q -> _25358_/D : -4.121022
[setup reg-reg] _25494_/Q -> _26204_/D : -4.116236
[setup reg-reg] _25494_/Q -> _25760_/D : -4.114266
[setup reg-reg] _25494_/Q -> _26368_/D : -4.111403
[setup reg-reg] _25494_/Q -> _25437_/D : -4.111275
[setup reg-reg] _25494_/Q -> _26530_/D : -4.111227
[setup reg-reg] _25494_/Q -> _26620_/D : -4.108287
[setup reg-reg] _25494_/Q -> _27206_/D : -4.105765
[setup reg-reg] _25494_/Q -> _25782_/D : -4.104653
[setup reg-reg] _25494_/Q -> _27537_/D : -4.103640
[setup reg-reg] _25494_/Q -> _26801_/D : -4.103468
[setup reg-reg] _25494_/Q -> _26460_/D : -4.103308
[setup reg-reg] _25494_/Q -> _25948_/D : -4.099468
[setup reg-reg] _25494_/Q -> _27296_/D : -4.098391
[setup reg-reg] _25494_/Q -> _25878_/D : -4.094800
[setup reg-reg] _25494_/Q -> _24953_/D : -4.094792
[setup reg-reg] _25494_/Q -> _26257_/D : -4.092472
[setup reg-reg] _25494_/Q -> _26722_/D : -4.090650
[setup reg-reg] _25494_/Q -> _26210_/D : -4.088463
[setup reg-reg] _25494_/Q -> _25922_/D : -4.083997
[setup reg-reg] _25494_/Q -> _25980_/D : -4.082589
[setup reg-reg] _25494_/Q -> _24980_/D : -4.082205
[setup reg-reg] _25494_/Q -> _25914_/D : -4.082143
[setup reg-reg] _25494_/Q -> _27473_/D : -4.074517
[setup reg-reg] _25494_/Q -> _25840_/D : -4.069550
[setup reg-reg] _25494_/Q -> _27634_/D : -4.066976
[setup reg-reg] _25494_/Q -> _26307_/D : -4.062285
[setup reg-reg] _25494_/Q -> _27505_/D : -4.060819
[setup reg-reg] _25494_/Q -> _26962_/D : -4.060706
[setup reg-reg] _25494_/Q -> _27058_/D : -4.056016
[setup reg-reg] _25494_/Q -> _27314_/D : -4.054844
[setup reg-reg] _25494_/Q -> _25319_/D : -4.054407
[setup reg-reg] _25494_/Q -> _26979_/D : -4.054154
[setup reg-reg] _25494_/Q -> _24942_/D : -4.052391
[setup reg-reg] _25494_/Q -> _26550_/D : -4.051788
[setup reg-reg] _25494_/Q -> _27587_/D : -4.049016
[setup reg-reg] _25494_/Q -> _27601_/D : -4.048147
[setup reg-reg] _25494_/Q -> _26358_/D : -4.047975
[setup reg-reg] _25494_/Q -> _26562_/D : -4.045704
[setup reg-reg] _25494_/Q -> _26083_/D : -4.041981
[setup reg-reg] _25494_/Q -> _25730_/D : -4.037301
[setup reg-reg] _25494_/Q -> _26371_/D : -4.035309
[setup reg-reg] _25494_/Q -> _25359_/D : -4.026424
[setup reg-reg] _25494_/Q -> _27642_/D : -4.025063
[setup reg-reg] _25494_/Q -> _27046_/D : -4.019620
[setup reg-reg] _25494_/Q -> _27130_/D : -4.018135
[setup reg-reg] _25494_/Q -> _26038_/D : -4.015224
[setup reg-reg] _25494_/Q -> _26915_/D : -4.014055
[setup reg-reg] _25494_/Q -> _26902_/D : -4.012005
[setup reg-reg] _25494_/Q -> _27299_/D : -4.010873
[setup reg-reg] _25494_/Q -> _26883_/D : -4.010056
[setup reg-reg] _25494_/Q -> _25004_/D : -4.008436
[setup reg-reg] _25494_/Q -> _27605_/D : -4.006031
[setup reg-reg] _25494_/Q -> _24935_/D : -4.005188
[setup reg-reg] _25494_/Q -> _27703_/D : -4.002658
[setup reg-reg] _25494_/Q -> _25443_/D : -3.997750
[setup reg-reg] _25494_/Q -> _27555_/D : -3.996984
[setup reg-reg] _25494_/Q -> _26074_/D : -3.994918
[setup reg-reg] _25494_/Q -> _27254_/D : -3.994904
[setup reg-reg] _25494_/Q -> _25987_/D : -3.994355
[setup reg-reg] _25494_/Q -> _26454_/D : -3.991424
[setup reg-reg] _25494_/Q -> _26691_/D : -3.990808
[setup reg-reg] _25494_/Q -> _26627_/D : -3.989692
[setup reg-reg] _25494_/Q -> _26982_/D : -3.989676
[setup reg-reg] _25494_/Q -> _25777_/D : -3.989415
[setup reg-reg] _25494_/Q -> _26435_/D : -3.989046
[setup reg-reg] _25494_/Q -> _26947_/D : -3.988099
[setup reg-reg] _25494_/Q -> _25955_/D : -3.987088
[setup reg-reg] _25494_/Q -> _25307_/D : -3.986353
[setup reg-reg] _25494_/Q -> _26855_/D : -3.979969
[setup reg-reg] _25494_/Q -> _26467_/D : -3.973467
[setup reg-reg] _25494_/Q -> _26261_/D : -3.971707
[setup reg-reg] _25494_/Q -> _26499_/D : -3.970906
[setup reg-reg] _25494_/Q -> _25154_/D : -3.968769
[setup reg-reg] _25494_/Q -> _27482_/D : -3.964432
[setup reg-reg] _25494_/Q -> _27002_/D : -3.964404
[setup reg-reg] _25494_/Q -> _26023_/D : -3.964088
[setup reg-reg] _25494_/Q -> _26215_/D : -3.960061
[setup reg-reg] _25494_/Q -> _27523_/D : -3.957897
[setup reg-reg] _25494_/Q -> _27139_/D : -3.957107
[setup reg-reg] _25494_/Q -> _25910_/D : -3.956172
[setup reg-reg] _25494_/Q -> _26119_/D : -3.953529
[setup reg-reg] _25494_/Q -> _25424_/D : -3.952764
[setup reg-reg] _25494_/Q -> _27363_/D : -3.952646
[setup reg-reg] _25494_/Q -> _26563_/D : -3.949770
[setup reg-reg] _25494_/Q -> _26631_/D : -3.949760
[setup reg-reg] _25494_/Q -> _26819_/D : -3.946408
[setup reg-reg] _25494_/Q -> _26343_/D : -3.946273
[setup reg-reg] _25494_/Q -> _25872_/D : -3.945891
[setup reg-reg] _25494_/Q -> _26983_/D : -3.944741
[setup reg-reg] _25494_/Q -> _26183_/D : -3.941457
[setup reg-reg] _25494_/Q -> _25255_/D : -3.937167
[setup reg-reg] _25494_/Q -> _26211_/D : -3.935188
[setup reg-reg] _25494_/Q -> _25445_/D : -3.935128
[setup reg-reg] _25494_/Q -> _24954_/D : -3.933563
[setup reg-reg] _25494_/Q -> _27431_/D : -3.932588
[setup reg-reg] _25494_/Q -> _27619_/D : -3.931756
[setup reg-reg] _25494_/Q -> _24963_/D : -3.931701
[setup reg-reg] _25494_/Q -> _27043_/D : -3.930072
[setup reg-reg] _25494_/Q -> _27367_/D : -3.929948
[setup reg-reg] _25494_/Q -> _27079_/D : -3.928781
[setup reg-reg] _25494_/Q -> _26598_/D : -3.928312
[setup reg-reg] _25494_/Q -> _27590_/D : -3.927879
[setup reg-reg] _25494_/Q -> _25699_/D : -3.927619
[setup reg-reg] _25494_/Q -> _26471_/D : -3.926569
[setup reg-reg] _25494_/Q -> _25827_/D : -3.926038
[setup reg-reg] _25494_/Q -> _26854_/D : -3.924805
[setup reg-reg] _25494_/Q -> _27487_/D : -3.923992
[setup reg-reg] _25494_/Q -> _26746_/D : -3.923830
[setup reg-reg] _25494_/Q -> _25989_/D : -3.923363
[setup reg-reg] _25494_/Q -> _26791_/D : -3.922534
[setup reg-reg] _25494_/Q -> _27527_/D : -3.919146
[setup reg-reg] _25494_/Q -> _27239_/D : -3.919089
[setup reg-reg] _25494_/Q -> _26115_/D : -3.919050
[setup reg-reg] _25494_/Q -> _26051_/D : -3.918455
[setup reg-reg] _25494_/Q -> _25958_/D : -3.916505
[setup reg-reg] _25494_/Q -> _25927_/D : -3.914622
[setup reg-reg] _25494_/Q -> _27430_/D : -3.912684
[setup reg-reg] _25494_/Q -> _25230_/D : -3.911682
[setup reg-reg] _25494_/Q -> _25247_/D : -3.903321
[setup reg-reg] _25494_/Q -> _26463_/D : -3.902484
[setup reg-reg] _25494_/Q -> _27024_/D : -3.901572
[setup reg-reg] _25494_/Q -> _25798_/D : -3.896169
[setup reg-reg] _25494_/Q -> _26279_/D : -3.896165
[setup reg-reg] _25494_/Q -> _27015_/D : -3.892916
[setup reg-reg] _25494_/Q -> _26847_/D : -3.891991
[setup reg-reg] _25494_/Q -> _27205_/D : -3.891822
[setup reg-reg] _25494_/Q -> _26919_/D : -3.891593
[setup reg-reg] _25494_/Q -> _25695_/D : -3.890142
[setup reg-reg] _25494_/Q -> _25444_/D : -3.888222
[setup reg-reg] _25494_/Q -> _26032_/D : -3.886452
[setup reg-reg] _25494_/Q -> _27120_/D : -3.881823
[setup reg-reg] _25494_/Q -> _27459_/D : -3.880229
[setup reg-reg] _25494_/Q -> _25703_/D : -3.877293
[setup reg-reg] _25494_/Q -> _27207_/D : -3.875826
[setup reg-reg] _25494_/Q -> _27591_/D : -3.873561
[setup reg-reg] _25494_/Q -> _27203_/D : -3.872595
[setup reg-reg] _25494_/Q -> _27271_/D : -3.871716
[setup reg-reg] _25494_/Q -> _27589_/D : -3.870710
[setup reg-reg] _25494_/Q -> _26320_/D : -3.870120
[setup reg-reg] _25494_/Q -> _26727_/D : -3.869802
[setup reg-reg] _25494_/Q -> _26576_/D : -3.867921
[setup reg-reg] _25494_/Q -> _26917_/D : -3.866410
[setup reg-reg] _25494_/Q -> _24933_/D : -3.864164
[setup reg-reg] _25494_/Q -> _26470_/D : -3.863487
[setup reg-reg] _25494_/Q -> _26179_/D : -3.862587
[setup reg-reg] _25494_/Q -> _27047_/D : -3.861120
[setup reg-reg] _25494_/Q -> _26531_/D : -3.861102
[setup reg-reg] _25494_/Q -> _26128_/D : -3.858862
[setup reg-reg] _25494_/Q -> _26599_/D : -3.858205
[setup reg-reg] _25494_/Q -> _26887_/D : -3.856243
[setup reg-reg] _25494_/Q -> _26224_/D : -3.856149
[setup reg-reg] _25494_/Q -> _27699_/D : -3.849993
[setup reg-reg] _25494_/Q -> _26726_/D : -3.848507
[setup reg-reg] _25494_/Q -> _27302_/D : -3.845868
[setup reg-reg] _25494_/Q -> _26949_/D : -3.843201
[setup reg-reg] _25494_/Q -> _26247_/D : -3.842777
[setup reg-reg] _25494_/Q -> _26758_/D : -3.842743
[setup reg-reg] _25494_/Q -> _26757_/D : -3.842674
[setup reg-reg] _25494_/Q -> _25959_/D : -3.842443
[setup reg-reg] _25494_/Q -> _24947_/D : -3.842397
[setup reg-reg] _25494_/Q -> _27654_/D : -3.841851
[setup reg-reg] _25494_/Q -> _26608_/D : -3.838844
[setup reg-reg] _25494_/Q -> _25250_/D : -3.837881
[setup reg-reg] _25494_/Q -> _26246_/D : -3.837315
[setup reg-reg] _25494_/Q -> _27702_/D : -3.837181
[setup reg-reg] _25494_/Q -> _27559_/D : -3.835709
[setup reg-reg] _25494_/Q -> _25904_/D : -3.835002
[setup reg-reg] _25494_/Q -> _25990_/D : -3.834197
[setup reg-reg] _25494_/Q -> _26951_/D : -3.833405
[setup reg-reg] _25494_/Q -> _27391_/D : -3.832971
[setup reg-reg] _25494_/Q -> _25702_/D : -3.832709
[setup reg-reg] _25494_/Q -> _27495_/D : -3.832291
[setup reg-reg] _25494_/Q -> _27143_/D : -3.831870
[setup reg-reg] _25494_/Q -> _27366_/D : -3.830653
[setup reg-reg] _25494_/Q -> _27263_/D : -3.829262
[setup reg-reg] _25494_/Q -> _25799_/D : -3.829106
[setup reg-reg] _25494_/Q -> _26864_/D : -3.827278
[setup reg-reg] _25494_/Q -> _27474_/D : -3.825777
[setup reg-reg] _25494_/Q -> _26213_/D : -3.824042
[setup reg-reg] _25494_/Q -> _27623_/D : -3.822866
[setup reg-reg] _25494_/Q -> _27098_/D : -3.820107
[setup reg-reg] _25494_/Q -> _26480_/D : -3.819993
[setup reg-reg] _25494_/Q -> _26639_/D : -3.818451
[setup reg-reg] _25494_/Q -> _26759_/D : -3.816487
[setup reg-reg] _25494_/Q -> _26277_/D : -3.815737
[setup reg-reg] _25494_/Q -> _25665_/D : -3.815705
[setup reg-reg] _25494_/Q -> _26832_/D : -3.815353
[setup reg-reg] _25494_/Q -> _26181_/D : -3.813833
[setup reg-reg] _25494_/Q -> _25735_/D : -3.811055
[setup reg-reg] _25494_/Q -> _27635_/D : -3.808586
[setup reg-reg] _25494_/Q -> _26373_/D : -3.805555
[setup reg-reg] _25494_/Q -> _24952_/D : -3.800466
[setup reg-reg] _25494_/Q -> _26407_/D : -3.799365
[setup reg-reg] _25494_/Q -> _26439_/D : -3.798718
[setup reg-reg] _25494_/Q -> _26055_/D : -3.798604
[setup reg-reg] _25494_/Q -> _26192_/D : -3.797235
[setup reg-reg] _25494_/Q -> _26000_/D : -3.795844
[setup reg-reg] _25494_/Q -> _25744_/D : -3.791548
[setup reg-reg] _25494_/Q -> _27111_/D : -3.790745
[setup reg-reg] _25494_/Q -> _27399_/D : -3.790662
[setup reg-reg] _25494_/Q -> _26640_/D : -3.786065
[setup reg-reg] _25494_/Q -> _27568_/D : -3.780171
[setup reg-reg] _25494_/Q -> _26535_/D : -3.778133
[setup reg-reg] _25494_/Q -> _26879_/D : -3.777231
[setup reg-reg] _25494_/Q -> _25891_/D : -3.776929
[setup reg-reg] _25494_/Q -> _25795_/D : -3.776419
[setup reg-reg] _25494_/Q -> _27175_/D : -3.775090
[setup reg-reg] _25494_/Q -> _26823_/D : -3.774915
[setup reg-reg] _25494_/Q -> _27655_/D : -3.774138
[setup reg-reg] _25494_/Q -> _27014_/D : -3.772948
[setup reg-reg] _25494_/Q -> _25663_/D : -3.772890
[setup reg-reg] _25494_/Q -> _26087_/D : -3.772675
[setup reg-reg] _25494_/Q -> _27322_/D : -3.772165
[setup reg-reg] _25494_/Q -> _25142_/D : -3.770026
[setup reg-reg] _25494_/Q -> _25776_/D : -3.768905
[setup reg-reg] _25494_/Q -> _25680_/D : -3.768257
[setup reg-reg] _25494_/Q -> _26787_/D : -3.768131
[setup reg-reg] _25494_/Q -> _25661_/D : -3.767813
[setup reg-reg] _25494_/Q -> _26629_/D : -3.766976
[setup reg-reg] _25494_/Q -> _26783_/D : -3.766413
[setup reg-reg] _25494_/Q -> _26503_/D : -3.763724
[setup reg-reg] _25494_/Q -> _26586_/D : -3.760535
[setup reg-reg] _25494_/Q -> _26243_/D : -3.759986
[setup reg-reg] _25494_/Q -> _25831_/D : -3.758773
[setup reg-reg] _25494_/Q -> _27621_/D : -3.758206
[setup reg-reg] _25494_/Q -> _27331_/D : -3.757350
[setup reg-reg] _25494_/Q -> _27376_/D : -3.756776
[setup reg-reg] _25494_/Q -> _26695_/D : -3.756052
[setup reg-reg] _25494_/Q -> _26522_/D : -3.751707
[setup reg-reg] _25494_/Q -> _25991_/D : -3.748264
[setup reg-reg] _25494_/Q -> _26355_/D : -3.746317
[setup reg-reg] _25494_/Q -> _27090_/D : -3.739443
[setup reg-reg] _25494_/Q -> _26567_/D : -3.735103
[setup reg-reg] _25494_/Q -> _26501_/D : -3.734144
[setup reg-reg] _25494_/Q -> _27701_/D : -3.733570
[setup reg-reg] _25494_/Q -> _27173_/D : -3.733351
[setup reg-reg] _25494_/Q -> _26714_/D : -3.731938
[setup reg-reg] _25494_/Q -> _25863_/D : -3.731151
[setup reg-reg] _25494_/Q -> _26335_/D : -3.729538
[setup reg-reg] _25494_/Q -> _24989_/D : -3.725678
[setup reg-reg] _25494_/Q -> _26874_/D : -3.725313
[setup reg-reg] _25494_/Q -> _26659_/D : -3.724253
[setup reg-reg] _25494_/Q -> _24939_/D : -3.724027
[setup reg-reg] _25494_/Q -> _26406_/D : -3.722958
[setup reg-reg] _25494_/Q -> _27039_/D : -3.722514
[setup reg-reg] _25494_/Q -> _26117_/D : -3.722255
[setup reg-reg] _25494_/Q -> _24996_/D : -3.722098
[setup reg-reg] _25494_/Q -> _27614_/D : -3.721235
[setup reg-reg] _25494_/Q -> _26202_/D : -3.720597
[setup reg-reg] _25494_/Q -> _26736_/D : -3.716393
[setup reg-reg] _25494_/Q -> _26704_/D : -3.712183
[setup reg-reg] _25494_/Q -> _26768_/D : -3.710005
[setup reg-reg] _25494_/Q -> _27418_/D : -3.709913
[setup reg-reg] _25494_/Q -> _26234_/D : -3.708795
[setup reg-reg] _25494_/Q -> _26138_/D : -3.708220
[setup reg-reg] _25494_/Q -> _26661_/D : -3.707548
[setup reg-reg] _25494_/Q -> _27013_/D : -3.707207
[setup reg-reg] _25494_/Q -> _27365_/D : -3.707068
[setup reg-reg] _25494_/Q -> _26490_/D : -3.706241
[setup reg-reg] _25494_/Q -> _25731_/D : -3.706099
[setup reg-reg] _25494_/Q -> _27270_/D : -3.703439
[setup reg-reg] _25494_/Q -> _27141_/D : -3.702919
[setup reg-reg] _25494_/Q -> _25970_/D : -3.702320
[setup reg-reg] _25494_/Q -> _26021_/D : -3.700571
[setup reg-reg] _25494_/Q -> _25454_/D : -3.695119
[setup reg-reg] _25494_/Q -> _26963_/D : -3.693749
[setup reg-reg] _25494_/Q -> _27680_/D : -3.693272
[setup reg-reg] _25494_/Q -> _25733_/D : -3.691268
[setup reg-reg] _25494_/Q -> _27269_/D : -3.690934
[setup reg-reg] _25494_/Q -> _27578_/D : -3.690207
[setup reg-reg] _25494_/Q -> _27077_/D : -3.689460
[setup reg-reg] _25494_/Q -> _26789_/D : -3.683688
[setup reg-reg] _25494_/Q -> _26426_/D : -3.678377
[setup reg-reg] _25494_/Q -> _25957_/D : -3.678309
[setup reg-reg] _25494_/Q -> _26981_/D : -3.677860
[setup reg-reg] _25494_/Q -> _25765_/D : -3.672959
[setup reg-reg] _25494_/Q -> _26533_/D : -3.665724
[setup reg-reg] _25494_/Q -> _27475_/D : -3.659988
[setup reg-reg] _25494_/Q -> _26565_/D : -3.656787
[setup reg-reg] _25494_/Q -> _27526_/D : -3.656698
[setup reg-reg] _25494_/Q -> _25231_/D : -3.654527
[setup reg-reg] _25494_/Q -> _25861_/D : -3.652716
[setup reg-reg] _25494_/Q -> _26995_/D : -3.648779
[setup reg-reg] _25494_/Q -> _26431_/D : -3.647989
[setup reg-reg] _25494_/Q -> _27333_/D : -3.647943
[setup reg-reg] _25494_/Q -> _27034_/D : -3.644008
[setup reg-reg] _25494_/Q -> _26245_/D : -3.643155
[setup reg-reg] _25494_/Q -> _25419_/D : -3.631991
[setup reg-reg] _25494_/Q -> _25829_/D : -3.629085
[setup reg-reg] _25494_/Q -> _27219_/D : -3.628815
[setup reg-reg] _25494_/Q -> _26655_/D : -3.616883
[setup reg-reg] _25494_/Q -> _25727_/D : -3.607228
[setup reg-reg] _25494_/Q -> _25149_/D : -3.600771
[setup reg-reg] _25494_/Q -> _25431_/D : -3.600505
[setup reg-reg] _25494_/Q -> _25855_/D : -3.594968
[setup reg-reg] _25494_/Q -> _26943_/D : -3.585315
[setup reg-reg] _25494_/Q -> _26081_/D : -3.583152
[setup reg-reg] _25494_/Q -> _24987_/D : -3.582226
[setup reg-reg] _25494_/Q -> _27583_/D : -3.581445
[setup reg-reg] _25494_/Q -> _25746_/D : -3.570422
[setup reg-reg] _25494_/Q -> _26207_/D : -3.563592
[setup reg-reg] _25494_/Q -> _25724_/D : -3.557917
[setup reg-reg] _25494_/Q -> _27199_/D : -3.555558
[setup reg-reg] _25494_/Q -> _27135_/D : -3.552644
[setup reg-reg] _25494_/Q -> _27483_/D : -3.547880
[setup reg-reg] _25494_/Q -> _27640_/D : -3.547688
[setup reg-reg] _25494_/Q -> _26399_/D : -3.547228
[setup reg-reg] _25494_/Q -> _26303_/D : -3.546504
[setup reg-reg] _25494_/Q -> _26719_/D : -3.545989
[setup reg-reg] _25494_/Q -> _27355_/D : -3.545880
[setup reg-reg] _25494_/Q -> _26623_/D : -3.543068
[setup reg-reg] _25494_/Q -> _26143_/D : -3.541100
[setup reg-reg] _25494_/Q -> _24941_/D : -3.535236
[setup reg-reg] _25494_/Q -> _27327_/D : -3.534655
[setup reg-reg] _25494_/Q -> _27103_/D : -3.534444
[setup reg-reg] _25494_/Q -> _25434_/D : -3.530165
[setup reg-reg] _25494_/Q -> _26198_/D : -3.528625
[setup reg-reg] _25494_/Q -> _26907_/D : -3.528298
[setup reg-reg] _25494_/Q -> _27131_/D : -3.525111
[setup reg-reg] _25494_/Q -> _27195_/D : -3.523439
[setup reg-reg] _25494_/Q -> _26815_/D : -3.521633
[setup reg-reg] _25494_/Q -> _27295_/D : -3.521526
[setup reg-reg] _25494_/Q -> _26175_/D : -3.517043
[setup reg-reg] _25494_/Q -> _27167_/D : -3.514028
[setup reg-reg] _25494_/Q -> _25791_/D : -3.513529
[setup reg-reg] _25494_/Q -> _25654_/D : -3.509220
[setup reg-reg] _25494_/Q -> _25788_/D : -3.503370
[setup reg-reg] _25494_/Q -> _27507_/D : -3.499155
[setup reg-reg] _25494_/Q -> _27067_/D : -3.487569
[setup reg-reg] _25494_/Q -> _26945_/D : -3.482183
[setup reg-reg] _25209_/Q -> _25435_/D : -3.480910
[setup reg-reg] _25494_/Q -> _27359_/D : -3.477773
[setup reg-reg] _25494_/Q -> _25410_/D : -3.465459
[setup reg-reg] _25494_/Q -> _24982_/D : -3.460903
[setup reg-reg] _25494_/Q -> _27649_/D : -3.445525
[setup reg-reg] _25494_/Q -> _27515_/D : -3.442322
[setup reg-reg] _25494_/Q -> _25759_/D : -3.442247
[setup reg-reg] _25494_/Q -> _25438_/D : -3.439375
[setup reg-reg] _25494_/Q -> _25653_/D : -3.438448
[setup reg-reg] _25202_/Q -> _25495_/D : -3.437119
[setup reg-reg] _25494_/Q -> _27229_/D : -3.431653
[setup reg-reg] _25494_/Q -> _26395_/D : -3.428525
[setup reg-reg] _25494_/Q -> _26331_/D : -3.427054
[setup reg-reg] _25494_/Q -> _27519_/D : -3.425253
[setup reg-reg] _25202_/Q -> _25497_/D : -3.424629
[setup reg-reg] _25494_/Q -> _26326_/D : -3.424146
[setup reg-reg] _25202_/Q -> _25494_/D : -3.423311
[setup reg-reg] _25494_/Q -> _24964_/D : -3.420469
[setup reg-reg] _25494_/Q -> _26429_/D : -3.417284
[setup reg-reg] _25494_/Q -> _26685_/D : -3.416657
[setup reg-reg] _25494_/Q -> _26176_/D : -3.416366
[setup reg-reg] _25494_/Q -> _27579_/D : -3.410385
[setup reg-reg] _25494_/Q -> _25648_/D : -3.407838
[setup reg-reg] _25494_/Q -> _25853_/D : -3.405932
[setup reg-reg] _25494_/Q -> _26139_/D : -3.405807
[setup reg-reg] _25494_/Q -> _26496_/D : -3.404690
[setup reg-reg] _25494_/Q -> _25755_/D : -3.404065
[setup reg-reg] _25494_/Q -> _26203_/D : -3.403576
[setup reg-reg] _25494_/Q -> _26555_/D : -3.400681
[setup reg-reg] _25494_/Q -> _25851_/D : -3.397688
[setup reg-reg] _25494_/Q -> _27036_/D : -3.396984
[setup reg-reg] _25494_/Q -> _27163_/D : -3.391518
[setup reg-reg] _25494_/Q -> _25005_/D : -3.390902
[setup reg-reg] _25494_/Q -> _27108_/D : -3.390472
[setup reg-reg] _25494_/Q -> _25787_/D : -3.386143
[setup reg-reg] _25494_/Q -> _26116_/D : -3.381299
[setup reg-reg] _25494_/Q -> _26363_/D : -3.378517
[setup reg-reg] _25494_/Q -> _26619_/D : -3.378396
[setup reg-reg] _25494_/Q -> _24984_/D : -3.376300
[setup reg-reg] _25494_/Q -> _26780_/D : -3.375101
[setup reg-reg] _25494_/Q -> _27099_/D : -3.374369
[setup reg-reg] _25494_/Q -> _27037_/D : -3.373508
[setup reg-reg] _25494_/Q -> _25819_/D : -3.369534
[setup reg-reg] _25494_/Q -> _25915_/D : -3.365298
[setup reg-reg] _25494_/Q -> _26747_/D : -3.364900
[setup reg-reg] _25494_/Q -> _25947_/D : -3.361526
[setup reg-reg] _25494_/Q -> _26107_/D : -3.361164
[setup reg-reg] _25494_/Q -> _26876_/D : -3.358629
[setup reg-reg] _25494_/Q -> _26683_/D : -3.357581
[setup reg-reg] _25494_/Q -> _27576_/D : -3.355590
[setup reg-reg] _25494_/Q -> _26300_/D : -3.354749
[setup reg-reg] _25494_/Q -> _26748_/D : -3.353700
[setup reg-reg] _25494_/Q -> _24992_/D : -3.352735
[setup reg-reg] _25494_/Q -> _26980_/D : -3.352216
[setup reg-reg] _25494_/Q -> _25820_/D : -3.351792
[setup reg-reg] _25494_/Q -> _24951_/D : -3.349326
[setup reg-reg] _25494_/Q -> _25429_/D : -3.347983
[setup reg-reg] _25494_/Q -> _26994_/D : -3.347221
[setup reg-reg] _25494_/Q -> _24997_/D : -3.346763
[setup reg-reg] _25494_/Q -> _27387_/D : -3.344326
[setup reg-reg] _25494_/Q -> _26332_/D : -3.343347
[setup reg-reg] _25494_/Q -> _24955_/D : -3.343209
[setup reg-reg] _25494_/Q -> _26428_/D : -3.332076
[setup reg-reg] _25494_/Q -> _26972_/D : -3.330099
[setup reg-reg] _25494_/Q -> _27330_/D : -3.327827
[setup reg-reg] _25494_/Q -> _26212_/D : -3.327500
[setup reg-reg] _25494_/Q -> _26222_/D : -3.326735
[setup reg-reg] _25494_/Q -> _26940_/D : -3.324969
[setup reg-reg] _25494_/Q -> _26939_/D : -3.319352
[setup reg-reg] _25494_/Q -> _26299_/D : -3.317277
[setup reg-reg] _25494_/Q -> _26786_/D : -3.312565
[setup reg-reg] _25494_/Q -> _25757_/D : -3.310824
[setup reg-reg] _25494_/Q -> _27323_/D : -3.310302
[setup reg-reg] _25494_/Q -> _27328_/D : -3.310156
[setup reg-reg] _25494_/Q -> _27346_/D : -3.305463
[setup reg-reg] _25494_/Q -> _25691_/D : -3.291501
[setup reg-reg] _25494_/Q -> _27180_/D : -3.288147
[setup reg-reg] _25494_/Q -> _26875_/D : -3.287255
[setup reg-reg] _25494_/Q -> _25988_/D : -3.286859
[setup reg-reg] _25494_/Q -> _26075_/D : -3.285116
[setup reg-reg] _25494_/Q -> _25979_/D : -3.282613
[setup reg-reg] _25494_/Q -> _27598_/D : -3.278657
[setup reg-reg] _25494_/Q -> _26860_/D : -3.271849
[setup reg-reg] _25494_/Q -> _25428_/D : -3.267246
[setup reg-reg] _25494_/Q -> _27460_/D : -3.264381
[setup reg-reg] _25494_/Q -> _24948_/D : -3.258299
[setup reg-reg] _25494_/Q -> _26948_/D : -3.252730
[setup reg-reg] _25494_/Q -> _26930_/D : -3.249927
[setup reg-reg] _25494_/Q -> _26237_/D : -3.248672
[setup reg-reg] _25494_/Q -> _26284_/D : -3.246658
[setup reg-reg] _25494_/Q -> _27104_/D : -3.242585
[setup reg-reg] _25494_/Q -> _27661_/D : -3.241503
[setup reg-reg] _25494_/Q -> _27076_/D : -3.241480
[setup reg-reg] _25494_/Q -> _26556_/D : -3.240420
[setup reg-reg] _25494_/Q -> _25900_/D : -3.238260
[setup reg-reg] _25494_/Q -> _25804_/D : -3.237657
[setup reg-reg] _25494_/Q -> _26946_/D : -3.237553
[setup reg-reg] _25494_/Q -> _26372_/D : -3.231396
[setup reg-reg] _25494_/Q -> _27172_/D : -3.231275
[setup reg-reg] _25494_/Q -> _25430_/D : -3.231195
[setup reg-reg] _25494_/Q -> _24985_/D : -3.228354
[setup reg-reg] _25494_/Q -> _25996_/D : -3.227873
[setup reg-reg] _25494_/Q -> _27364_/D : -3.227143
[setup reg-reg] _25494_/Q -> _26924_/D : -3.225255
[setup reg-reg] _25494_/Q -> _26700_/D : -3.218908
[setup reg-reg] _25494_/Q -> _27516_/D : -3.217503
[setup reg-reg] _25494_/Q -> _25932_/D : -3.216698
[setup reg-reg] _25494_/Q -> _27200_/D : -3.215387
[setup reg-reg] _25494_/Q -> _26124_/D : -3.214691
[setup reg-reg] _25494_/Q -> _27404_/D : -3.206180
[setup reg-reg] _25494_/Q -> _27116_/D : -3.199302
[setup reg-reg] _25494_/Q -> _27628_/D : -3.197078
[setup reg-reg] _25494_/Q -> _25856_/D : -3.195421
[setup reg-reg] _25494_/Q -> _24946_/D : -3.195236
[setup reg-reg] _25494_/Q -> _26172_/D : -3.190063
[setup reg-reg] _25494_/Q -> _25824_/D : -3.190056
[setup reg-reg] _25494_/Q -> _27212_/D : -3.189079
[setup reg-reg] _25494_/Q -> _27084_/D : -3.184644
[setup reg-reg] _25494_/Q -> _25964_/D : -3.183427
[setup reg-reg] _25494_/Q -> _26348_/D : -3.175631
[setup reg-reg] _25494_/Q -> _27420_/D : -3.175140
[setup reg-reg] _25494_/Q -> _25952_/D : -3.171872
[setup reg-reg] _25494_/Q -> _27584_/D : -3.170987
[setup reg-reg] _25494_/Q -> _27500_/D : -3.169404
[setup reg-reg] _25202_/Q -> _25496_/D : -3.166843
[setup reg-reg] _25494_/Q -> _27264_/D : -3.165438
[setup reg-reg] _25494_/Q -> _26188_/D : -3.164594
[setup reg-reg] _25494_/Q -> _27008_/D : -3.160666
[setup reg-reg] _25494_/Q -> _25868_/D : -3.159423
[setup reg-reg] _25494_/Q -> _26412_/D : -3.156106
[setup reg-reg] _25494_/Q -> _26636_/D : -3.150385
[setup reg-reg] _25494_/Q -> _25836_/D : -3.148863
[setup reg-reg] _25494_/Q -> _26080_/D : -3.133549
[setup reg-reg] _25494_/Q -> _27564_/D : -3.125676
[setup reg-reg] _25494_/Q -> _27488_/D : -3.123258
[setup reg-reg] _25494_/Q -> _26421_/D : -3.115559
[setup reg-reg] _25494_/Q -> _25728_/D : -3.113611
[setup reg-reg] _25494_/Q -> _27424_/D : -3.111556
[setup reg-reg] _25494_/Q -> _26316_/D : -3.100691
[setup reg-reg] _25494_/Q -> _26944_/D : -3.096815
[setup reg-reg] _25494_/Q -> _26720_/D : -3.096126
[setup reg-reg] _25494_/Q -> _26892_/D : -3.095126
[setup reg-reg] _25494_/Q -> _26380_/D : -3.094671
[setup reg-reg] _25494_/Q -> _26048_/D : -3.092751
[setup reg-reg] _25209_/Q -> _25433_/D : -3.092392
[setup reg-reg] _25494_/Q -> _27637_/D : -3.089403
[setup reg-reg] _25494_/Q -> _27392_/D : -3.085202
[setup reg-reg] _25494_/Q -> _27276_/D : -3.083990
[setup reg-reg] _25494_/Q -> _26604_/D : -3.083503
[setup reg-reg] _25494_/Q -> _26508_/D : -3.082054
[setup reg-reg] _25494_/Q -> _25960_/D : -3.065605
[setup reg-reg] _25494_/Q -> _26624_/D : -3.061972
[setup reg-reg] _25494_/Q -> _25708_/D : -3.060190
[setup reg-reg] _25494_/Q -> _27520_/D : -3.053399
[setup reg-reg] _25494_/Q -> _26536_/D : -3.043663
[setup reg-reg] _25494_/Q -> _26220_/D : -3.034398
[setup reg-reg] _25494_/Q -> _27308_/D : -3.029843
[setup reg-reg] _25494_/Q -> _27335_/D : -3.024304
[setup reg-reg] _25494_/Q -> _26024_/D : -3.022974
[setup reg-reg] _25494_/Q -> _27216_/D : -3.014764
[setup reg-reg] _25494_/Q -> _26632_/D : -3.014167
[setup reg-reg] _25494_/Q -> _25800_/D : -3.013993
[setup reg-reg] _25494_/Q -> _27592_/D : -3.006680
[setup reg-reg] _25494_/Q -> _26216_/D : -3.005289
[setup reg-reg] _25494_/Q -> _26952_/D : -3.004365
[setup reg-reg] _25494_/Q -> _27303_/D : -3.001814
[setup reg-reg] _25494_/Q -> _27704_/D : -2.997766
[setup reg-reg] _25494_/Q -> _27496_/D : -2.995199
[setup reg-reg] _25494_/Q -> _26376_/D : -2.991545
[setup reg-reg] _25494_/Q -> _26984_/D : -2.987610
[setup reg-reg] _25494_/Q -> _26352_/D : -2.986244
[setup reg-reg] _25494_/Q -> _27208_/D : -2.980555
[setup reg-reg] _25494_/Q -> _27336_/D : -2.980508
[setup reg-reg] _25494_/Q -> _27463_/D : -2.979052
[setup reg-reg] _25494_/Q -> _26663_/D : -2.976663
[setup reg-reg] _25494_/Q -> _27312_/D : -2.976618
[setup reg-reg] _25494_/Q -> _24956_/D : -2.974904
[setup reg-reg] _25494_/Q -> _26311_/D : -2.973797
[setup reg-reg] _25494_/Q -> _25666_/D : -2.969310
[setup reg-reg] _25494_/Q -> _27368_/D : -2.966521
[setup reg-reg] _25494_/Q -> _26408_/D : -2.958762
[setup reg-reg] _25494_/Q -> _25767_/D : -2.950344
[setup reg-reg] _25494_/Q -> _26856_/D : -2.943386
[setup reg-reg] _25494_/Q -> _26920_/D : -2.943077
[setup reg-reg] _25494_/Q -> _26151_/D : -2.937796
[setup reg-reg] _25494_/Q -> _26056_/D : -2.937469
[setup reg-reg] _25494_/Q -> _25704_/D : -2.936977
[setup reg-reg] _25494_/Q -> _26928_/D : -2.932948
[setup reg-reg] _25494_/Q -> _27632_/D : -2.932044
[setup reg-reg] _25494_/Q -> _26568_/D : -2.923057
[setup reg-reg] _25494_/Q -> _26760_/D : -2.919061
[setup reg-reg] _25494_/Q -> _26960_/D : -2.910836
[setup reg-reg] _25494_/Q -> _27144_/D : -2.909562
[setup reg-reg] _25494_/Q -> _27056_/D : -2.909147
[setup reg-reg] _25494_/Q -> _26344_/D : -2.906855
[setup reg-reg] _25494_/Q -> _25928_/D : -2.905335
[setup reg-reg] _25494_/Q -> _26416_/D : -2.903887
[setup reg-reg] _25494_/Q -> _27080_/D : -2.900619
[setup reg-reg] _25494_/Q -> _26312_/D : -2.899917
[setup reg-reg] _25494_/Q -> _25895_/D : -2.897183
[setup reg-reg] _25494_/Q -> _24944_/D : -2.896815
[setup reg-reg] _25494_/Q -> _25936_/D : -2.894952
[setup reg-reg] _25494_/Q -> _26339_/D : -2.892648
[setup reg-reg] _25494_/Q -> _26064_/D : -2.880940
[setup reg-reg] _25494_/Q -> _26375_/D : -2.880372
[setup reg-reg] _25494_/Q -> _27528_/D : -2.875522
[setup reg-reg] _25494_/Q -> _26755_/D : -2.867829
[setup reg-reg] _25494_/Q -> _27656_/D : -2.867198
[setup reg-reg] _25494_/Q -> _27624_/D : -2.865958
[setup reg-reg] _25494_/Q -> _27646_/D : -2.862905
[setup reg-reg] _25494_/Q -> _27653_/D : -2.848754
[setup reg-reg] _25494_/Q -> _27560_/D : -2.845594
[setup reg-reg] _25494_/Q -> _27272_/D : -2.845367
[setup reg-reg] _25494_/Q -> _27432_/D : -2.842839
[setup reg-reg] _25494_/Q -> _25451_/D : -2.838686
[setup reg-reg] _25494_/Q -> _26248_/D : -2.834708
[setup reg-reg] _25494_/Q -> _26824_/D : -2.833590
[setup reg-reg] _25494_/Q -> _26992_/D : -2.830177
[setup reg-reg] _25494_/Q -> _25736_/D : -2.826624
[setup reg-reg] _25494_/Q -> _27048_/D : -2.825393
[setup reg-reg] _25494_/Q -> _26184_/D : -2.823697
[setup reg-reg] _25494_/Q -> _27007_/D : -2.822292
[setup reg-reg] _25494_/Q -> _27078_/D : -2.813632
[setup reg-reg] _25494_/Q -> _24990_/D : -2.810172
[setup reg-reg] _25494_/Q -> _27408_/D : -2.809941
[setup reg-reg] _25494_/Q -> _25864_/D : -2.807360
[setup reg-reg] _25494_/Q -> _27240_/D : -2.805180
[setup reg-reg] _25494_/Q -> _27344_/D : -2.801253
[setup reg-reg] _25494_/Q -> _26015_/D : -2.800967
[setup reg-reg] _25494_/Q -> _27016_/D : -2.782924
[setup reg-reg] _25494_/Q -> _26696_/D : -2.781817
[setup reg-reg] _25494_/Q -> _25657_/D : -2.781439
[setup reg-reg] _25494_/Q -> _26280_/D : -2.781000
[setup reg-reg] _25494_/Q -> _26559_/D : -2.778979
[setup reg-reg] _25494_/Q -> _26630_/D : -2.778290
[setup reg-reg] _25494_/Q -> _27304_/D : -2.772604
[setup reg-reg] _25494_/Q -> _27400_/D : -2.770820
[setup reg-reg] _25494_/Q -> _24943_/D : -2.770108
[setup reg-reg] _25494_/Q -> _25992_/D : -2.768285
[setup reg-reg] _25494_/Q -> _25002_/D : -2.754851
[setup reg-reg] _25494_/Q -> _25808_/D : -2.748328
[setup reg-reg] _25494_/Q -> _26088_/D : -2.743153
[setup reg-reg] _25494_/Q -> _25925_/D : -2.719720
[setup reg-reg] _25494_/Q -> _26405_/D : -2.718517
[setup reg-reg] _25494_/Q -> _26512_/D : -2.717705
[setup reg-reg] _25494_/Q -> _27504_/D : -2.715018
[setup reg-reg] _25494_/Q -> _25439_/D : -2.710486
[setup reg-reg] _25494_/Q -> _26664_/D : -2.707285
[setup reg-reg] _25494_/Q -> _26888_/D : -2.701249
[setup reg-reg] _25494_/Q -> _25832_/D : -2.690607
[setup reg-reg] _25494_/Q -> _26111_/D : -2.688891
[setup reg-reg] _25494_/Q -> _26600_/D : -2.686916
[setup reg-reg] _25494_/Q -> _26152_/D : -2.680034
[setup reg-reg] _25494_/Q -> _25768_/D : -2.679185
[setup reg-reg] _25494_/Q -> _27615_/D : -2.666781
[setup reg-reg] _25494_/Q -> _27638_/D : -2.641286
[setup reg-reg] _25494_/Q -> _26266_/D : -2.621539
[setup reg-reg] _25494_/Q -> _27695_/D : -2.620409
[setup reg-reg] _25494_/Q -> _26591_/D : -2.614184
[setup reg-reg] _25494_/Q -> _26650_/D : -2.611159
[setup reg-reg] _25494_/Q -> _24949_/D : -2.597725
[setup reg-reg] _25494_/Q -> _26543_/D : -2.594749
[setup reg-reg] _25494_/Q -> _26607_/D : -2.593295
[setup reg-reg] _25494_/Q -> _25951_/D : -2.583120
[setup reg-reg] _25494_/Q -> _24961_/D : -2.577433
[setup reg-reg] _25494_/Q -> _27651_/D : -2.559172
[setup reg-reg] _25494_/Q -> _27171_/D : -2.548028
[setup reg-reg] _25494_/Q -> _27427_/D : -2.538149
[setup reg-reg] _25494_/Q -> _25967_/D : -2.536730
[setup reg-reg] _25494_/Q -> _26403_/D : -2.535250
[setup reg-reg] _25494_/Q -> _27652_/D : -2.533767
[setup reg-reg] _25494_/Q -> _27491_/D : -2.527598
[setup reg-reg] _25494_/Q -> _26595_/D : -2.522503
[setup reg-reg] _25494_/Q -> _26843_/D : -2.491776
[setup reg-reg] _25494_/Q -> _26524_/D : -2.480126
[setup reg-reg] _25494_/Q -> _25859_/D : -2.468312
[setup reg-reg] _25494_/Q -> _27267_/D : -2.448980
[setup reg-reg] _25494_/Q -> _25763_/D : -2.432172
[setup reg-reg] _25494_/Q -> _26095_/D : -2.421832
[setup reg-reg] _25494_/Q -> _26692_/D : -2.396462
[setup reg-reg] _25494_/Q -> _27644_/D : -2.379537
[setup reg-reg] _25494_/Q -> _27023_/D : -2.362308
[setup reg-reg] _25494_/Q -> _25447_/D : -2.314442
[setup reg-reg] _25494_/Q -> _26383_/D : -2.272584
[setup reg-reg] _25494_/Q -> _25740_/D : -2.240011
[setup reg-reg] _25494_/Q -> _27244_/D : -2.238178
[setup reg-reg] _25494_/Q -> _26240_/D : -2.234980
[setup reg-reg] _25494_/Q -> _26575_/D : -2.229756
[setup reg-reg] _25494_/Q -> _26444_/D : -2.213367
[setup reg-reg] _25494_/Q -> _27436_/D : -2.194852
[setup reg-reg] _25202_/Q -> _25674_/D : -2.184999
[setup reg-reg] _25494_/Q -> _25677_/D : -2.180478
[setup reg-reg] _25494_/Q -> _26764_/D : -2.177037
[setup reg-reg] _25494_/Q -> _27372_/D : -2.176078
[setup reg-reg] _25494_/Q -> _27468_/D : -2.162992
[setup reg-reg] _25494_/Q -> _27596_/D : -2.156968
[setup reg-reg] _25494_/Q -> _26956_/D : -2.150651
[setup reg-reg] _25494_/Q -> _25772_/D : -2.135962
[setup reg-reg] _25494_/Q -> _27532_/D : -2.129506
[setup reg-reg] _25494_/Q -> _26144_/D : -2.127878
[setup reg-reg] _25494_/Q -> _25696_/D : -2.126440
[setup reg-reg] _25494_/Q -> _26732_/D : -2.119767
[setup reg-reg] _25494_/Q -> _27660_/D : -2.114684
[setup reg-reg] _25494_/Q -> _26092_/D : -2.111714
[setup reg-reg] _25494_/Q -> _26668_/D : -2.109196
[setup reg-reg] _25494_/Q -> _26060_/D : -2.099387
[setup reg-reg] _25494_/Q -> _27052_/D : -2.089344
[setup reg-reg] _25494_/Q -> _27148_/D : -2.087834
[setup reg-reg] _25494_/Q -> _27647_/D : -2.079364
[setup reg-reg] _25494_/Q -> _26572_/D : -2.065766
[setup reg-reg] _25494_/Q -> _26156_/D : -2.057970
[setup reg-reg] _25494_/Q -> _26792_/D : -2.015597
[setup reg-reg] _25494_/Q -> _27112_/D : -2.011667
[setup reg-reg] _25494_/Q -> _25442_/D : -2.009092
[setup reg-reg] _25494_/Q -> _26728_/D : -2.006894
[setup reg-reg] _25494_/Q -> _27464_/D : -2.000167
[setup reg-reg] _25494_/Q -> _26120_/D : -1.985319
[setup reg-reg] _25494_/Q -> _27176_/D : -1.978442
[setup reg-reg] _25494_/Q -> _25675_/D : -1.852929
[setup reg-reg] _25494_/Q -> _26440_/D : -1.828621
[setup reg-reg] _25494_/Q -> _25896_/D : -1.825431
[setup reg-reg] _25494_/Q -> _26472_/D : -1.803107
[setup reg-reg] _25494_/Q -> _26504_/D : -1.795085
[setup reg-reg] _25494_/Q -> _24998_/D : -1.628276
[setup reg-reg] _25494_/Q -> _24957_/D : -1.531262
[setup reg-reg] _25202_/Q -> _25676_/D : -1.380124
[setup reg-reg] _25494_/Q -> _25670_/D : -1.118600
